var,rel.inf
Elevation,40.45221987210638
rough_Elevation,17.502103798691603
CEC,8.446739323900063
Clay,7.937293866436543
rough_MAP,6.927361069318747
rough_Soil.C,3.837845049741323
rough_CEC,3.669712498561148
pH,2.677434193722705
PDQ,2.240357177176871
rough_Clay,2.1863386596311316
MAP,2.169106929767233
rough_Surface.T,1.9534875609462514
