var,rel.inf
rough_Elevation,44.415090784362356
Clay,14.65395952022116
rough_Clay,11.977853509971583
rough_CEC,5.522400074251232
rough_MAP,5.17606751487136
rough_Soil.C,4.919372074658613
Elevation,4.544705967069371
rough_Surface.T,2.4786868762767247
MAP,2.2011859857477467
PDQ,1.7889363257539128
pH,1.4119134175014636
CEC,0.9098279493144795
