var,rel.inf
CEC,17.938870361447872
rough_MAP,14.665372066248333
MAP,13.349446938095664
rough_Soil.C,11.301496809881108
Clay,10.68190776649073
pH,8.764719842083606
rough_Clay,6.087361756004888
Elevation,4.999894370041598
rough_Surface.T,4.426234497864468
PDQ,3.4242461093273393
rough_Elevation,2.6820355870594756
rough_CEC,1.6784138954549184
