var,rel.inf
rough_Soil.C,41.99311312269675
pH,23.699113230066732
rough_MAP,5.760234002432849
Elevation,4.59189722067159
Clay,4.399381336257729
MAP,4.087488205778248
rough_Elevation,4.030873777688343
PDQ,3.3322065602368114
rough_Surface.T,3.175860268033019
CEC,2.4645187321127797
rough_Clay,1.3462151604538688
rough_CEC,1.1190983835712767
