nt,pseudo_r2,pred_obs_r2,pred_obs_r2_exp
300,-0.008053668550464188,0.3850203009648431,0.38271845274649957
