var,rel.inf
rough_Soil.C,25.18204349853794
Elevation,24.416061068138372
rough_Elevation,10.278728642550522
pH,7.13151971959958
MAP,6.487462529480695
rough_Clay,5.554728132058655
CEC,4.849530872719034
rough_MAP,4.400311986046684
PDQ,3.7070481493213667
Clay,3.239808351199461
rough_CEC,2.455581968899856
rough_Surface.T,2.2971750814478464
