nt,pseudo_r2,pred_obs_r2,pred_obs_r2_exp
900,0.028204816099139607,0.489264327901941,0.48742780704510874
