nt,pseudo_r2,pred_obs_r2,pred_obs_r2_exp
650,0.008314026302720934,0.4610435988740147,0.4673953272379628
