nt,pseudo_r2,pred_obs_r2,pred_obs_r2_exp
550,0.004649122933047423,0.45335475653884255,0.4554499829108346
