nt,pseudo_r2,pred_obs_r2,pred_obs_r2_exp
300,-0.011938809494596692,0.44689909140966483,0.43886468037162724
