nt,pseudo_r2,pred_obs_r2,pred_obs_r2_exp
250,-0.0023078188939174016,0.3859080115616728,0.38593256510356083
