nt,pseudo_r2,pred_obs_r2,pred_obs_r2_exp
1250,-0.002739992799889235,0.5575182416551814,0.5663734170486577
