nt,pseudo_r2,pred_obs_r2,pred_obs_r2_exp
650,-0.0115195402445476,0.48603119719360854,0.4857888360917156
