var,rel.inf
Clay,30.451621508890092
Elevation,12.28058637433148
rough_Surface.T,11.679208906709311
rough_MAP,9.103263061308292
CEC,8.169090901660036
PDQ,7.242951866783992
rough_Elevation,6.063019778340554
rough_Clay,4.4794626859161575
rough_Soil.C,4.339496546831775
rough_CEC,3.395720332506824
pH,1.5253544586621681
MAP,1.270223578059314
