nt,pseudo_r2,pred_obs_r2,pred_obs_r2_exp
300,-0.012212404773321861,0.44943698054227893,0.4482077382674005
