nt,pseudo_r2,pred_obs_r2,pred_obs_r2_exp
600,0.015715960459347977,0.404749944275274,0.41191353164472
