var,rel.inf
rough_Surface.T,39.95261873749549
rough_CEC,11.443600342590607
rough_Clay,10.977182454724835
pH,9.332116794431593
MAP,9.107357935259671
Clay,5.403165135507809
CEC,4.4022115538882485
rough_MAP,3.0819125418336104
Elevation,2.981912226387587
PDQ,2.104675339788705
rough_Soil.C,0.6154341539238831
rough_Elevation,0.597812784167966
