var,rel.inf
rough_Elevation,40.11184258180306
PDQ,13.660569471525742
rough_Surface.T,9.666209574774031
rough_CEC,8.846106673675882
Clay,5.138378370667543
rough_Clay,4.858278262983721
rough_Soil.C,4.800626506635772
MAP,3.2613474587743734
CEC,3.146357734039298
rough_MAP,2.9040168460400513
Elevation,2.14619622030458
pH,1.4600702987759557
