nt,pseudo_r2,pred_obs_r2,pred_obs_r2_exp
450,-0.012010077433025401,0.4809288818427914,0.4855145212622072
