var,rel.inf
rough_Clay,30.612042260446785
rough_Elevation,20.608480970625163
rough_Surface.T,8.7399012856849
PDQ,8.549884198961713
Clay,6.645735381925791
pH,5.064450822583157
rough_Soil.C,4.115285340664896
rough_MAP,4.043772229622358
Elevation,3.7522129187018924
CEC,3.747809631413936
rough_CEC,2.6855956191753454
MAP,1.4348293401940726
