nt,pseudo_r2,pred_obs_r2,pred_obs_r2_exp
350,0.0033547770993914705,0.3536244287847615,0.3597709614810241
