nt,pseudo_r2,pred_obs_r2,pred_obs_r2_exp
600,-0.006174353458287429,0.42760839680008367,0.4291506213153897
