var,rel.inf
CEC,42.410700717711855
rough_CEC,14.544530306046209
rough_Clay,9.12324085127761
pH,5.96905523653469
rough_MAP,5.433214428979836
PDQ,4.82265715973855
Clay,4.494884614032932
rough_Soil.C,3.9413633326997437
MAP,3.7761280153832213
rough_Elevation,2.0355766852910464
rough_Surface.T,1.810922781995129
Elevation,1.637725870309175
