nt,pseudo_r2,pred_obs_r2,pred_obs_r2_exp
550,0.005032627480790586,0.43807845634308024,0.4439089780217218
