var,rel.inf
pH,29.36024821355439
rough_CEC,14.483673811402808
Elevation,11.813119486704194
CEC,11.105085595018945
rough_Soil.C,7.77282754300793
rough_Clay,5.719143435364662
rough_Elevation,5.652951126339365
Clay,4.473764908017577
rough_MAP,3.1443767016740396
MAP,2.9557756703545994
rough_Surface.T,2.828817727788486
PDQ,0.6902157807730025
