nt,pseudo_r2,pred_obs_r2,pred_obs_r2_exp
550,0.017831890842387677,0.40881030683714104,0.4119792073808139
