var,rel.inf
MAP,24.766943510747318
rough_Surface.T,21.663772322397083
CEC,11.757047637585869
rough_MAP,11.390233456110936
Elevation,7.215465735364606
rough_Elevation,6.623238273801853
rough_CEC,4.867167821856265
PDQ,3.8710574620046088
Clay,2.403318629990538
rough_Soil.C,2.1215465529954587
rough_Clay,1.967041886913729
pH,1.3531667102317242
