nt,pseudo_r2,pred_obs_r2,pred_obs_r2_exp
550,0.02183271422377242,0.44083069441967265,0.44689504394297414
