var,rel.inf
PDQ,25.25473543344417
rough_MAP,18.970953778779542
Elevation,17.736344092374615
rough_Clay,8.56074453775222
pH,7.656042315601553
MAP,4.728050485709027
rough_Soil.C,3.848321972096822
rough_Elevation,3.738407761462903
CEC,3.227202857759683
Clay,2.862305843522567
rough_Surface.T,2.065199714969614
rough_CEC,1.3516912065272877
