var,rel.inf
rough_CEC,19.723979395334577
rough_MAP,18.04171362399318
rough_Elevation,17.109509673508803
rough_Surface.T,9.176595449779054
CEC,8.568527555464028
rough_Soil.C,8.085626597793933
rough_Clay,6.160386594979345
Elevation,6.078436736225348
PDQ,3.5843057383406816
Clay,2.2137210844190034
pH,0.7472561715231113
MAP,0.5099413786389341
