nt,pseudo_r2,pred_obs_r2,pred_obs_r2_exp
950,0.007193322679390213,0.4983841615699631,0.4880588105271763
