var,rel.inf
rough_Elevation,52.02028705129684
rough_Surface.T,9.614110825467273
rough_Soil.C,9.608429210588412
rough_Clay,6.3809500062745705
pH,4.965816033406028
rough_CEC,3.274152978507775
Elevation,3.1958274518793144
PDQ,3.1640794295392163
rough_MAP,2.6662485862485226
Clay,2.171587763447494
MAP,1.612241374009653
CEC,1.3262692893349062
