nt,pseudo_r2,pred_obs_r2,pred_obs_r2_exp
850,0.015736101297577187,0.5236427111964526,0.5246585630695672
