nt,pseudo_r2,pred_obs_r2,pred_obs_r2_exp
600,2.817413283929815e-4,0.420807835490881,0.4246292262645178
