var,rel.inf
Elevation,43.722112698774595
rough_CEC,13.709955541439088
rough_Soil.C,12.853743337717235
pH,7.817279400351839
rough_Clay,5.829056047798094
rough_Elevation,3.7458789529220584
PDQ,3.4503892039288253
rough_MAP,3.171778481246844
CEC,2.378739515208343
rough_Surface.T,1.6039600694378926
Clay,1.1235937618097112
MAP,0.593512989365486
