nt,pseudo_r2,pred_obs_r2,pred_obs_r2_exp
300,-0.012506648374804641,0.39013401851871443,0.40243397492547645
