var,rel.inf
PDQ,22.650501981091434
CEC,19.204466512339085
rough_Elevation,17.111549937156948
MAP,10.661695438405525
rough_Soil.C,10.396502673640907
rough_Surface.T,5.99469310147131
Elevation,4.264533283869789
rough_CEC,2.8667629555380145
Clay,2.1604658859402504
pH,2.084854404884616
rough_MAP,1.531425079457548
rough_Clay,1.0725487462045682
