nt,pseudo_r2,pred_obs_r2,pred_obs_r2_exp
400,0.004443608383495445,0.4386799817268638,0.4539331448776322
