nt,pseudo_r2,pred_obs_r2,pred_obs_r2_exp
200,-0.015535496894518275,0.4250242994953443,0.42634146989994026
