var,rel.inf
MAP,32.83050567445342
Clay,20.541924730621357
rough_Soil.C,9.735088652847095
pH,8.213591677628703
CEC,7.28687594184523
rough_MAP,5.654426495325651
rough_CEC,4.6571005634780445
rough_Surface.T,2.978601575466363
rough_Clay,2.788549301183125
rough_Elevation,2.3599526692404154
PDQ,1.6139688158927892
Elevation,1.3394139020178142
