var,rel.inf
rough_Elevation,33.244211010929725
rough_CEC,14.63315655973941
PDQ,13.53252685507077
CEC,7.262651650937189
pH,7.232234875276069
rough_Soil.C,5.848828374877452
rough_Clay,4.509771191355569
Clay,3.5894352522424646
Elevation,3.521526995204618
rough_MAP,2.931337316717532
MAP,1.9613758610934633
rough_Surface.T,1.7329440565557406
