nt,pseudo_r2,pred_obs_r2,pred_obs_r2_exp
400,-0.006948321577428418,0.3916649195802251,0.3958766533723897
