nt,pseudo_r2,pred_obs_r2,pred_obs_r2_exp
1e3,0.0017882965192567157,0.47837102956977506,0.4854487151184877
