nt,pseudo_r2,pred_obs_r2,pred_obs_r2_exp
550,0.04145447898729093,0.3830402515563858,0.38603026566966897
