nt,pseudo_r2,pred_obs_r2,pred_obs_r2_exp
3100,0.1374431357652406,0.7229263405205333,0.7099159150751936
