nt,pseudo_r2,pred_obs_r2,pred_obs_r2_exp
250,-0.007970771290470413,0.4092365320546701,0.3991232982472544
