var,rel.inf
rough_Elevation,20.967463494726722
CEC,20.674026071196323
MAP,17.541969823652853
pH,13.563322267888577
PDQ,7.609285674780854
Clay,6.557279276469762
rough_MAP,2.7239952651267156
Elevation,2.5356060088214583
rough_Surface.T,2.3300731666307004
rough_CEC,2.2011590437764634
rough_Clay,1.8706444740646737
rough_Soil.C,1.425175432864895
