var,rel.inf
rough_Soil.C,27.37535557291016
rough_CEC,16.481125134187508
rough_MAP,14.80111306529484
rough_Clay,10.289836276895846
rough_Elevation,8.030310639061705
rough_Surface.T,6.043604251649078
pH,4.681497500701616
CEC,4.352323305834959
Elevation,2.956281707464468
PDQ,1.966177973529479
MAP,1.6126756433121
Clay,1.409698929158252
