nt,pseudo_r2,pred_obs_r2,pred_obs_r2_exp
800,0.007781573820862531,0.5158692736031891,0.512050864739392
