nt,pseudo_r2,pred_obs_r2,pred_obs_r2_exp
1450,0.015315518218839697,0.5992531382980173,0.6028422740655581
