nt,pseudo_r2,pred_obs_r2,pred_obs_r2_exp
250,-0.01665966541986097,0.3977587839287489,0.3916408374893563
