nt,pseudo_r2,pred_obs_r2,pred_obs_r2_exp
1350,-0.023466977066877392,0.6159154411771748,0.6233943268506796
