nt,pseudo_r2,pred_obs_r2,pred_obs_r2_exp
1200,-4.300997920938521e-4,0.628244972264384,0.6174365831553167
