nt,pseudo_r2,pred_obs_r2,pred_obs_r2_exp
200,0.0011645075828851104,0.4226076991093466,0.4277545088845972
