nt,pseudo_r2,pred_obs_r2,pred_obs_r2_exp
900,0.029854198094691475,0.4907740510772658,0.49942328275795544
