var,rel.inf
rough_Surface.T,35.98870909163472
PDQ,15.44257536016135
CEC,13.035293254566087
MAP,10.473533242765962
rough_Soil.C,6.807042625285792
pH,5.005630722318008
rough_MAP,4.610796454894713
rough_CEC,2.3914329567596204
rough_Elevation,2.288940114884131
Elevation,1.395266831111839
rough_Clay,1.3296146285237072
Clay,1.2311647170940716
