var,rel.inf
rough_Elevation,23.850834901466595
PDQ,22.454248313039372
rough_Soil.C,14.994574124312447
rough_Surface.T,8.627960522942107
pH,5.829111957750884
rough_CEC,5.309226368531458
Elevation,4.4376214344131135
MAP,4.152012006588541
rough_Clay,3.297599880425799
rough_MAP,2.6122031990034404
CEC,2.48571846178586
Clay,1.9488888297403846
