var,rel.inf
CEC,18.321466668200788
rough_Elevation,14.762661429927752
Clay,11.395983197380366
PDQ,11.243785189814462
Elevation,11.207565695603108
rough_Clay,10.890718237649265
rough_Soil.C,8.845086763669528
rough_Surface.T,6.464271245782724
rough_CEC,2.4806052906232847
MAP,2.029818315782772
pH,1.6330756589850899
rough_MAP,0.7249623065808599
