nt,pseudo_r2,pred_obs_r2,pred_obs_r2_exp
400,-0.015346119529864088,0.4777553341953197,0.4698780577827416
