nt,pseudo_r2,pred_obs_r2,pred_obs_r2_exp
550,-0.0015926699062316363,0.47077657964097325,0.47693424434184545
