nt,pseudo_r2,pred_obs_r2,pred_obs_r2_exp
300,-0.027765545416680082,0.4293660703472302,0.4330611651048947
