nt,pseudo_r2,pred_obs_r2,pred_obs_r2_exp
1100,0.05411979678659873,0.5002086387893908,0.5093447662652244
