var,rel.inf
rough_Surface.T,35.02544823801303
rough_MAP,20.27226733048592
CEC,10.044521338920228
rough_Elevation,6.53346611197635
rough_Clay,6.2037886396508615
Elevation,3.9159648142788304
rough_Soil.C,3.615311850971513
Clay,3.452981576771206
rough_CEC,3.3168756939623143
pH,3.15154762577547
PDQ,2.4768497563532157
MAP,1.990977022841064
