nt,pseudo_r2,pred_obs_r2,pred_obs_r2_exp
900,0.04110693587720682,0.4581346654122784,0.4605825048045303
