nt,pseudo_r2,pred_obs_r2,pred_obs_r2_exp
250,-0.02626435111420311,0.43341107728854544,0.4318394261711199
