nt,pseudo_r2,pred_obs_r2,pred_obs_r2_exp
250,-0.01815576819865483,0.40225796171326184,0.40027370177362964
