nt,pseudo_r2,pred_obs_r2,pred_obs_r2_exp
600,0.010163540461405995,0.3798893777162628,0.3829403792220157
