nt,pseudo_r2,pred_obs_r2,pred_obs_r2_exp
350,-0.012013236386985593,0.4385072074214822,0.43512182657846826
