var,rel.inf
rough_MAP,31.967930097989058
CEC,18.078087577067283
rough_Elevation,10.597352362952433
Clay,9.276065333041746
rough_Surface.T,6.774286871916648
MAP,5.2106215744600375
rough_Clay,4.056349517441182
PDQ,3.5879020207302514
pH,3.4125315016523774
rough_CEC,3.0132788273453746
Elevation,2.3829494070891415
rough_Soil.C,1.6426449083144692
