nt,pseudo_r2,pred_obs_r2,pred_obs_r2_exp
450,0.006560523338577595,0.45451231997361263,0.45227785344215465
