nt,pseudo_r2,pred_obs_r2,pred_obs_r2_exp
350,0.004462617413785841,0.38389922860828496,0.3916769689028405
