nt,pseudo_r2,pred_obs_r2,pred_obs_r2_exp
500,0.005299429917156928,0.4368425311680069,0.43757592203953355
