var,rel.inf
Elevation,20.990914932411734
pH,18.135330356845287
rough_Elevation,11.840480236779422
Clay,11.160164501714977
rough_Soil.C,8.444678137333637
MAP,7.726937789566427
rough_MAP,5.602807736329426
rough_Clay,5.554219557966062
rough_Surface.T,4.158055112146379
rough_CEC,3.3326293250419754
PDQ,2.2394888689954278
CEC,0.8142934448692514
