var,rel.inf
rough_MAP,26.238099168926507
MAP,21.642709293298036
Clay,16.26388587458379
rough_Elevation,8.040721157370902
CEC,6.394894074301024
rough_Soil.C,5.002913247136323
rough_Clay,4.216495336417405
PDQ,3.5365533022530147
rough_Surface.T,2.6699275100236544
pH,2.449602146609612
rough_CEC,1.818639200038525
Elevation,1.7255596890412122
