var,rel.inf
rough_Soil.C,21.979385880255528
Elevation,20.99635353199119
rough_Surface.T,11.422457467305163
MAP,10.549372637806643
rough_Clay,6.974890609411557
rough_Elevation,5.546312436569727
rough_MAP,5.5186192430352925
PDQ,3.9071910065771247
CEC,3.857743247464153
pH,3.670745204131287
Clay,3.2017605726178036
rough_CEC,2.3751681628345227
