nt,pseudo_r2,pred_obs_r2,pred_obs_r2_exp
800,0.031325210212633015,0.4766035770983918,0.4675661095665692
