nt,pseudo_r2,pred_obs_r2,pred_obs_r2_exp
350,-0.010674995581476665,0.40846675675666494,0.4126503940875574
