nt,pseudo_r2,pred_obs_r2,pred_obs_r2_exp
400,2.5146698171485404e-4,0.37489832123734973,0.37660231391649374
