nt,pseudo_r2,pred_obs_r2,pred_obs_r2_exp
300,-0.017461170471467558,0.4034647254902938,0.4117184354466003
