var,rel.inf
PDQ,37.67985139543326
rough_Elevation,14.525698036303806
rough_Soil.C,10.108228734906836
rough_MAP,8.297373515973241
rough_Surface.T,7.009115713433748
Clay,4.825351166236317
rough_Clay,4.555199687730176
rough_CEC,4.16142080056888
CEC,2.8085302337778977
pH,2.5561862037104164
Elevation,2.220135389333208
MAP,1.252909122592208
