nt,pseudo_r2,pred_obs_r2,pred_obs_r2_exp
200,-0.013971613753160028,0.3331183875756225,0.32742335492279256
