var,rel.inf
rough_CEC,29.965475718994146
PDQ,16.192796337124584
rough_Soil.C,12.42132042902843
rough_Surface.T,8.491118281105427
pH,7.9475892999133455
Clay,6.575637654060147
rough_Elevation,6.4847502211535115
Elevation,3.8561105149943344
CEC,2.7215231422801964
MAP,2.176928117072702
rough_Clay,1.7138298342129328
rough_MAP,1.4529204500602388
