var,rel.inf
rough_MAP,18.70430861024364
CEC,15.216450363795646
Clay,14.073705245010592
rough_Soil.C,11.970145082055042
rough_Clay,10.906729208266075
rough_CEC,8.741687246081387
rough_Surface.T,7.159453248910617
Elevation,4.792737693725063
MAP,2.6169944175706865
PDQ,2.3742354260459853
pH,1.761191166097755
rough_Elevation,1.6823622921975132
