nt,pseudo_r2,pred_obs_r2,pred_obs_r2_exp
200,-0.002957708432879347,0.36150013463941455,0.3600967034382475
