nt,pseudo_r2,pred_obs_r2,pred_obs_r2_exp
350,-0.0062906464643910365,0.37610811450606574,0.3807231873890128
