var,rel.inf
rough_CEC,16.684097464286157
MAP,15.594700193422273
Clay,14.728379536202127
rough_Clay,10.430826692914378
rough_Soil.C,10.302240292032694
rough_MAP,7.819189823513662
Elevation,4.855037219560934
rough_Elevation,4.776752003732496
pH,4.552449237035117
rough_Surface.T,3.9549736290810054
PDQ,3.7661864988125986
CEC,2.5351674094065584
