nt,pseudo_r2,pred_obs_r2,pred_obs_r2_exp
300,-0.016582216638296954,0.3822830460556272,0.38676233285904815
