var,rel.inf
PDQ,20.853010561283384
rough_Elevation,18.09591796770228
MAP,13.161864846937751
Clay,12.521423271859637
rough_Soil.C,6.935624903448344
rough_Surface.T,6.162148103401166
rough_CEC,5.8054890542317645
rough_Clay,4.531645997266449
rough_MAP,4.115593719159624
pH,2.944787143213461
Elevation,2.80244851113932
CEC,2.0700459203568142
