nt,pseudo_r2,pred_obs_r2,pred_obs_r2_exp
400,0.008250612306943905,0.4275880242095764,0.42791822239081145
