nt,pseudo_r2,pred_obs_r2,pred_obs_r2_exp
250,-0.0014702825935102304,0.41356538961685785,0.4197471864184759
