var,rel.inf
rough_MAP,25.06392230186519
rough_Elevation,11.56793161749983
PDQ,11.552471074998246
Clay,11.178812834792181
rough_Surface.T,7.073808130397531
rough_CEC,6.059269047756084
rough_Soil.C,6.034974538358656
CEC,5.833880118341197
rough_Clay,5.81642280351505
Elevation,4.174500767685162
pH,2.9861758038545108
MAP,2.657830960936367
