nt,pseudo_r2,pred_obs_r2,pred_obs_r2_exp
650,0.013056372684589146,0.4205851534470152,0.4169986401707888
