nt,pseudo_r2,pred_obs_r2,pred_obs_r2_exp
200,-0.026155846302676977,0.32835675074230125,0.3279606446328824
