nt,pseudo_r2,pred_obs_r2,pred_obs_r2_exp
300,-0.012463568614500264,0.37209412677120224,0.37755247514767115
