var,rel.inf
Elevation,28.593783832529468
rough_Elevation,16.56050949848077
CEC,12.131275420623783
rough_Soil.C,10.993982648052922
rough_Clay,8.679435402716736
rough_MAP,7.8750189487090765
Clay,4.2104301523720755
rough_Surface.T,3.9089036123520273
PDQ,1.9341093453690132
MAP,1.916232349127421
rough_CEC,1.7617517896110189
pH,1.4345670000556887
