var,rel.inf
pH,39.33958258694499
MAP,15.525286607358113
rough_Surface.T,10.37176553539651
rough_Soil.C,7.019945754707644
rough_Elevation,6.108973202228254
PDQ,5.26952958263755
rough_Clay,4.449389976098163
rough_MAP,3.953167298512537
rough_CEC,2.7108158111703426
CEC,2.0851559533988766
Elevation,1.6675084027148646
Clay,1.498879288832147
