var,rel.inf
PDQ,31.027163981439646
rough_Soil.C,14.647629924873895
CEC,13.031232224709454
MAP,11.69414192361503
Clay,10.288944112680554
rough_CEC,5.889004256315847
Elevation,3.1510352487988427
rough_MAP,3.1366863436245866
rough_Elevation,2.530246474516027
rough_Surface.T,2.3009151099068306
pH,1.2130680803944949
rough_Clay,1.0899323191247914
