var,rel.inf
Elevation,26.593545139975458
rough_Surface.T,16.18375653157155
pH,15.967492734828092
rough_MAP,8.883156411093758
rough_CEC,7.5049428208097515
CEC,4.7471949926629335
rough_Elevation,4.363796501487866
PDQ,4.171020542039959
rough_Clay,4.068728272775718
Clay,3.386467690014518
MAP,2.566626137650549
rough_Soil.C,1.5632722250898554
