var,rel.inf
CEC,30.283761891524165
rough_Soil.C,18.455574221098868
rough_Clay,12.46260390823361
MAP,7.075304189860863
pH,6.8881197840617086
Clay,5.366736427205825
Elevation,5.195245765089379
rough_MAP,3.8950707903075377
rough_Surface.T,2.887688074763298
PDQ,2.8510166519655282
rough_Elevation,2.848625433020027
rough_CEC,1.790252862869189
