nt,pseudo_r2,pred_obs_r2,pred_obs_r2_exp
700,-0.002839948010064264,0.5108271389092378,0.5114344863723618
