nt,pseudo_r2,pred_obs_r2,pred_obs_r2_exp
400,0.003470450744222142,0.4578387005406508,0.4524342440686267
