nt,pseudo_r2,pred_obs_r2,pred_obs_r2_exp
800,0.02854284756466785,0.4882186671474536,0.501012790002572
