nt,pseudo_r2,pred_obs_r2,pred_obs_r2_exp
300,-0.012539951332449784,0.36404301563506125,0.36330456555429225
