var,rel.inf
rough_Clay,27.20332152781319
rough_CEC,14.076311412141848
rough_Surface.T,12.666276079932656
rough_Soil.C,10.3595764710747
rough_Elevation,8.317840093104195
pH,6.784260563422288
CEC,5.294116749794932
rough_MAP,4.649053978618799
PDQ,3.6073789724095104
Elevation,2.7366057804953643
Clay,2.199072775667359
MAP,2.10618559552516
