var,rel.inf
Elevation,32.554933771461755
rough_Elevation,23.41468473007414
pH,8.115833231036103
rough_Clay,5.786441747733483
PDQ,5.751980899996454
rough_CEC,5.455863538412799
rough_Surface.T,4.384820792484947
MAP,4.06612437249646
CEC,4.062928314474066
Clay,3.4447263226294873
rough_Soil.C,1.7046345100899534
rough_MAP,1.2570277691103406
