nt,pseudo_r2,pred_obs_r2,pred_obs_r2_exp
1800,0.07077032978672748,0.6226729546655402,0.6256670666032268
