nt,pseudo_r2,pred_obs_r2,pred_obs_r2_exp
650,0.06283661694162923,0.455869965583014,0.45472115251599415
