var,rel.inf
rough_Elevation,22.23540324717592
rough_Surface.T,18.761381973684305
PDQ,16.648119995913984
Elevation,10.515700218950762
pH,8.824885799474202
MAP,8.69417569517224
rough_Clay,3.9272183586683895
rough_CEC,3.0926541609892824
CEC,2.35526450421748
rough_MAP,1.7491024299201263
Clay,1.708247367150444
rough_Soil.C,1.487846248682861
