nt,pseudo_r2,pred_obs_r2,pred_obs_r2_exp
1250,0.003997481718269746,0.5567671821198082,0.5616463735050802
