nt,pseudo_r2,pred_obs_r2,pred_obs_r2_exp
450,-0.014421978215007014,0.5062211980037962,0.5089176723271174
