nt,pseudo_r2,pred_obs_r2,pred_obs_r2_exp
300,-0.01155142260328712,0.40087500653509067,0.40681971830722674
