nt,pseudo_r2,pred_obs_r2,pred_obs_r2_exp
800,0.018190944481471294,0.4420113208262276,0.44250400105127397
