nt,pseudo_r2,pred_obs_r2,pred_obs_r2_exp
950,0.022012472349865808,0.49200755332184726,0.48175784179671083
