nt,pseudo_r2,pred_obs_r2,pred_obs_r2_exp
1250,0.05414191288408221,0.5431591566067839,0.5419358067736423
