nt,pseudo_r2,pred_obs_r2,pred_obs_r2_exp
250,-0.027221127143223667,0.38789012119059824,0.3930801575096462
