nt,pseudo_r2,pred_obs_r2,pred_obs_r2_exp
350,-0.017887236985854038,0.3849629292569237,0.37679154363766154
