var,rel.inf
PDQ,24.567721412385165
Clay,18.733517780346723
rough_Clay,18.558567354357972
rough_Soil.C,7.707126060363072
rough_MAP,6.016816427711915
rough_Elevation,6.007716904150517
pH,4.331219856065542
CEC,4.031342331310684
rough_Surface.T,3.9752854492281458
rough_CEC,3.2308127187290774
Elevation,1.5584107069871518
MAP,1.2814629983640322
