var,rel.inf
CEC,22.284944195952523
rough_Soil.C,13.394753411081643
PDQ,12.407939930576235
rough_CEC,10.703766337581875
rough_Elevation,9.559406346271937
Elevation,7.667591094514072
rough_MAP,6.862345760688823
pH,6.510343444048781
rough_Surface.T,4.218555619803474
Clay,3.7496303912481967
rough_Clay,1.3406009226681328
MAP,1.3001225455643086
