var,rel.inf
rough_Soil.C,14.024461593211253
rough_MAP,13.606095946403462
rough_Surface.T,12.419224891847856
Clay,10.65464790392701
PDQ,9.336917835412356
rough_Elevation,8.64108463108044
rough_Clay,7.714954944356363
MAP,7.579857590131792
CEC,5.826848284021392
pH,5.249256269650204
rough_CEC,3.8734600475158394
Elevation,1.0731900624420327
