nt,pseudo_r2,pred_obs_r2,pred_obs_r2_exp
450,-0.010104629077752891,0.38409911763225885,0.377379562275581
