nt,pseudo_r2,pred_obs_r2,pred_obs_r2_exp
400,-0.007472238721412783,0.3631148957839321,0.3626590495788236
