nt,pseudo_r2,pred_obs_r2,pred_obs_r2_exp
350,-0.0027484477952122166,0.30786838027920316,0.3026818712127343
