var,rel.inf
rough_PDQ,14.409496438722204
Elevation,14.19910821985738
rough_Surface.T,11.845298687491779
rough_CEC,10.475319296691788
rough_Elevation,9.973444544704698
Clay,7.280609858441011
CEC,5.387831222970074
Surface.T,5.317104850039125
rough_Soil.C,4.757689609838358
MAP,4.3802225026145285
rough_NDVI,4.016530738484507
PDQ,3.213604363179126
pH,2.794801936319513
rough_MAP,1.948937730645918
