var,rel.inf
rough_Elevation,16.161543755330577
rough_Soil.C,14.408397034560418
rough_MAP,13.606376627933122
pH,9.66545852854423
CEC,6.445521122140358
rough_PDQ,6.040977778853411
Elevation,5.744448924651113
rough_CEC,5.555787404131649
MAP,5.537703580055659
rough_NDVI,5.5248240140265255
PDQ,4.624770825948733
rough_Surface.T,2.8383717132719637
Clay,2.338453864379203
Surface.T,1.5073648261730368
