nt,pseudo_r2,pred_obs_r2,pred_obs_r2_exp
2550,0.03832497067402274,0.6190817297400888,0.6157419347819388
