nt,pseudo_r2,pred_obs_r2,pred_obs_r2_exp
200,-0.014164278201755698,0.3250845677695197,0.3195352964908435
