var,rel.inf
rough_Surface.T,24.878530045969665
rough_CEC,23.712877837135625
rough_NDVI,15.7479005254291
rough_MAP,8.036167428065243
rough_PDQ,6.754843982547832
Clay,3.9963560289844913
rough_Soil.C,3.226249877801799
pH,3.2235956760431077
rough_Elevation,3.1049486870465643
Elevation,2.4745376842844853
MAP,2.1982857689927786
CEC,0.9360605012540026
PDQ,0.9170193290365933
Surface.T,0.7926266274087066
