nt,pseudo_r2,pred_obs_r2,pred_obs_r2_exp
400,-0.0033191199263054028,0.3507161877632928,0.35659478751212026
