var,rel.inf
rough_Elevation,21.94843225575435
rough_MAP,15.18348571685778
rough_NDVI,14.272265923679484
CEC,8.512301931967432
Clay,7.821104029608051
rough_CEC,7.166212700864095
rough_Surface.T,6.032946001866698
rough_PDQ,5.681095445782766
PDQ,4.263193814753158
Elevation,3.327135081013096
Surface.T,2.035140034727249
rough_Soil.C,1.889191824993874
MAP,1.0268142030601821
pH,0.8406810350717809
