nt,pseudo_r2,pred_obs_r2,pred_obs_r2_exp
800,0.0034800665011590626,0.3813515305479785,0.37717301541391457
