nt,pseudo_r2,pred_obs_r2,pred_obs_r2_exp
2100,0.01797391933687975,0.5830071999146291,0.5826290840991397
