nt,pseudo_r2,pred_obs_r2,pred_obs_r2_exp
550,0.013317890905183538,0.37182706165688617,0.36890105790794686
