nt,pseudo_r2,pred_obs_r2,pred_obs_r2_exp
400,-2.901239575896497e-4,0.3741200759554499,0.3740507762839756
