var,rel.inf
rough_NDVI,30.591328113485766
Clay,9.614533628378835
rough_Soil.C,9.188327384806056
rough_Elevation,9.15421275229769
Surface.T,9.112516764104571
rough_Surface.T,8.119712358611274
MAP,7.388865361684783
pH,6.09843163690473
Elevation,3.1780088056593265
rough_CEC,2.2791236477975088
rough_PDQ,1.4597801938817625
CEC,1.3750892105467387
PDQ,1.25902646321625
rough_MAP,1.1810436786247085
