nt,pseudo_r2,pred_obs_r2,pred_obs_r2_exp
2400,0.019377388972933285,0.5841720615581113,0.5774952868336395
