var,rel.inf
rough_PDQ,24.63344137559334
Clay,12.431969578061562
MAP,10.985985035404227
Elevation,9.757728460842372
PDQ,8.709562589258127
pH,7.316587256674916
rough_Soil.C,6.952305396113888
rough_Elevation,4.191236628793547
rough_Surface.T,3.754509340253907
CEC,3.042271466204272
rough_NDVI,2.7870947962982635
Surface.T,2.560526541097154
rough_CEC,2.261610142727581
rough_MAP,0.6151713926768553
