nt,pseudo_r2,pred_obs_r2,pred_obs_r2_exp
200,-0.00706469503943552,0.26456908754713454,0.26774405841867016
