var,rel.inf
Clay,21.433304023463066
rough_NDVI,15.052404750950549
rough_Surface.T,14.828728130385718
Elevation,10.273579504626934
rough_Soil.C,9.34749486124067
PDQ,6.799552613669938
rough_CEC,4.24132354495761
rough_Elevation,3.3262277613276248
CEC,3.318530381424397
rough_PDQ,3.2136373281413566
Surface.T,2.5067857400609186
rough_MAP,2.4605663762894814
pH,1.793652863884772
MAP,1.4042121195769635
