nt,pseudo_r2,pred_obs_r2,pred_obs_r2_exp
450,-0.004528741793853319,0.36359567973395923,0.3620615049561334
