var,rel.inf
rough_Surface.T,22.148995420057616
rough_MAP,17.81108981673928
Clay,13.429621054081823
rough_CEC,11.93189073219185
rough_Soil.C,6.255814012832245
rough_Elevation,5.718051117589987
CEC,4.150720474400578
rough_NDVI,4.106865379383227
PDQ,4.0822479641257665
MAP,3.9264142901850896
rough_PDQ,2.508234408647425
pH,2.490555176244694
Elevation,1.0283699915618585
Surface.T,0.41113016195856755
