var,rel.inf
PDQ,18.412400928296112
MAP,15.80778388118938
Elevation,14.213895356165096
rough_CEC,9.161597942019668
rough_Surface.T,9.024243020525367
Surface.T,7.408857136756862
rough_Elevation,6.89453114306072
rough_NDVI,4.725052574469824
rough_MAP,3.909598340512039
Clay,3.4718153756715413
pH,2.3850106539576235
rough_PDQ,2.0372659479900457
CEC,1.5667738522866603
rough_Soil.C,0.9811738470990654
