nt,pseudo_r2,pred_obs_r2,pred_obs_r2_exp
800,0.032488664592761896,0.34448987527396535,0.3408924480946358
