nt,pseudo_r2,pred_obs_r2,pred_obs_r2_exp
950,0.02959685226788722,0.39408048516155836,0.39631734797184276
