var,rel.inf
CEC,40.843305698482105
rough_CEC,16.25443207821274
Surface.T,13.947438479274643
pH,4.671310182540273
Clay,4.439657552575289
rough_PDQ,3.52798905924653
rough_MAP,3.2438454256759126
rough_Soil.C,3.1586959542055206
PDQ,2.668964123846335
rough_Elevation,2.376729142207082
Elevation,2.0320640155719776
MAP,1.2567805437934358
rough_Surface.T,0.81912118240254
rough_NDVI,0.7596665619656087
