var,rel.inf
Clay,22.76479649984082
rough_Soil.C,15.174473416360104
rough_NDVI,11.642641244124732
Elevation,9.819029666399098
rough_Elevation,7.12151384958139
rough_Surface.T,5.390787065297723
CEC,5.352812172259111
rough_CEC,5.3223779374683655
rough_MAP,4.605824852082944
PDQ,4.154733471666563
MAP,3.090650007842863
rough_PDQ,2.6928082162347042
Surface.T,1.786738050394462
pH,1.0808135504471197
