nt,pseudo_r2,pred_obs_r2,pred_obs_r2_exp
300,-0.001501199242830209,0.30706852463696227,0.3103417939324371
