nt,pseudo_r2,pred_obs_r2,pred_obs_r2_exp
450,-0.014686010367666036,0.34747898574762387,0.3451957413334363
