nt,pseudo_r2,pred_obs_r2,pred_obs_r2_exp
900,-0.0034085801384060588,0.4080705487306532,0.407070028732117
