var,rel.inf
pH,28.4915173866883
CEC,21.468284151052476
rough_MAP,18.332881010417324
PDQ,4.3802577875250694
rough_Surface.T,3.8805028242590254
MAP,3.817483094994448
rough_CEC,3.769954650391655
rough_NDVI,3.3956218362684267
rough_Elevation,3.1781621013205865
Clay,2.779276853678351
rough_Soil.C,2.6441086245187635
rough_PDQ,1.5994750150416974
Surface.T,1.3658676943034422
Elevation,0.8966069695404331
