nt,pseudo_r2,pred_obs_r2,pred_obs_r2_exp
600,0.003939363664555495,0.37585748564329124,0.36938340938840236
