nt,pseudo_r2,pred_obs_r2,pred_obs_r2_exp
950,0.014307662432982093,0.41186406608717163,0.41513011374625713
