var,rel.inf
Elevation,42.82971563354067
rough_NDVI,20.456516512648214
rough_PDQ,6.408649201296785
rough_MAP,5.395174116999766
rough_Soil.C,4.924247113246545
rough_CEC,4.363246647627095
Clay,3.8794635275683382
CEC,3.7604382896792674
rough_Surface.T,3.40942392210318
rough_Elevation,2.074021215268203
MAP,0.9290204100757824
PDQ,0.7012310561793323
Surface.T,0.5861731714423237
pH,0.28267918232448364
