var,rel.inf
Surface.T,28.305021927859855
rough_Surface.T,19.496870852991403
CEC,13.846010284925537
rough_CEC,5.837780068475476
Clay,5.110027583688868
MAP,5.067213194560969
Elevation,4.889080930950649
rough_Soil.C,4.4766011648675255
pH,4.19433185668943
rough_PDQ,3.9398303802313777
rough_Elevation,1.6727857241926198
rough_NDVI,1.423227281708375
PDQ,1.3264289168608678
rough_MAP,0.4147898319970403
