nt,pseudo_r2,pred_obs_r2,pred_obs_r2_exp
900,-7.145477184311577e-4,0.4440829601372215,0.44650152162905077
