nt,pseudo_r2,pred_obs_r2,pred_obs_r2_exp
400,-0.0037596437891331824,0.3588237880454036,0.3637672158909251
