nt,pseudo_r2,pred_obs_r2,pred_obs_r2_exp
1100,0.009858461004722985,0.4097841396143682,0.40577614639483556
