nt,pseudo_r2,pred_obs_r2,pred_obs_r2_exp
250,-0.015308746251430527,0.2943398029933122,0.29025572068112643
