var,rel.inf
rough_PDQ,28.910415940425995
rough_MAP,12.948596337960918
rough_Surface.T,11.812256444034363
rough_CEC,11.224334238605032
rough_NDVI,8.256597249132687
rough_Elevation,6.569641232912799
MAP,5.2591679049869695
Clay,4.379424013340578
PDQ,2.548976849211768
pH,1.9589433357337973
Surface.T,1.8885796317765753
CEC,1.8235293999011943
rough_Soil.C,1.7860553654524407
Elevation,0.6334820565248833
