var,rel.inf
rough_NDVI,22.42142983263684
Elevation,13.869435515833784
rough_CEC,12.29067030669636
rough_Elevation,10.148505425516557
PDQ,9.483999703807106
rough_PDQ,7.147151182867297
Clay,5.816753869525611
Surface.T,5.576233541284682
CEC,3.9482781909585296
rough_MAP,3.0369062456048233
rough_Soil.C,2.274550733784549
rough_Surface.T,1.6469558965018096
pH,1.4435405895030895
MAP,0.8955889654789679
