nt,pseudo_r2,pred_obs_r2,pred_obs_r2_exp
200,-0.011557377147099812,0.2745980219941955,0.26446896921544105
