nt,pseudo_r2,pred_obs_r2,pred_obs_r2_exp
250,-0.011570783175764321,0.30084871272595903,0.30163518378341053
