nt,pseudo_r2,pred_obs_r2,pred_obs_r2_exp
450,-7.907512455029853e-4,0.3454325834804294,0.3516281212801043
