nt,pseudo_r2,pred_obs_r2,pred_obs_r2_exp
400,-9.763662022748143e-4,0.3075912112525922,0.3072322690359437
