nt,pseudo_r2,pred_obs_r2,pred_obs_r2_exp
1150,0.025156984877722444,0.42832954925492595,0.42034166474690254
