nt,pseudo_r2,pred_obs_r2,pred_obs_r2_exp
200,-7.502674179231672e-4,0.30992281076223244,0.310959866267931
