nt,pseudo_r2,pred_obs_r2,pred_obs_r2_exp
200,-0.010614198448169798,0.33346035775519345,0.33498577402109914
