nt,pseudo_r2,pred_obs_r2,pred_obs_r2_exp
350,-0.009212205160659792,0.2895199949875893,0.2795749298526288
