nt,pseudo_r2,pred_obs_r2,pred_obs_r2_exp
300,-0.011655390706664326,0.28396709034027173,0.28793887447325966
