var,rel.inf
rough_NDVI,17.554404487529073
rough_CEC,12.440066378101813
rough_PDQ,10.067208036407283
MAP,9.726888356397533
rough_Surface.T,8.982918278476319
Clay,8.961221209731374
rough_MAP,8.866786995341544
rough_Elevation,6.872836840900107
Surface.T,3.5340873241449304
CEC,3.4301609893358433
Elevation,3.354961092077676
rough_Soil.C,2.205742272730367
pH,2.1870087801735383
PDQ,1.8157089586525865
