nt,pseudo_r2,pred_obs_r2,pred_obs_r2_exp
250,-0.004953375664995763,0.3251873004037738,0.31744250334716506
