var,rel.inf
rough_MAP,18.8852702453083
PDQ,16.32190409237824
Surface.T,11.803201722187168
CEC,8.974571230335073
Clay,8.413787325656392
rough_NDVI,7.697087163319505
rough_CEC,5.42925295852615
Elevation,5.057818365327062
MAP,4.958092951720673
rough_PDQ,3.709524463275629
rough_Surface.T,3.1914131727542197
pH,2.330800267970918
rough_Elevation,1.6562553024690778
rough_Soil.C,1.57102073877159
