nt,pseudo_r2,pred_obs_r2,pred_obs_r2_exp
200,-0.014096879932641748,0.3040674117076654,0.3154254273020453
