var,rel.inf
rough_CEC,14.417835664946208
Elevation,14.280633431003096
Clay,11.388126731856747
rough_Surface.T,10.66835000961292
MAP,10.257909068135877
pH,7.340086674132738
rough_Soil.C,7.0734515505575235
rough_PDQ,5.277698870597836
rough_MAP,4.109934272522311
CEC,4.102628524335903
rough_NDVI,3.71004523757036
Surface.T,3.240471783400802
PDQ,2.4181025282931334
rough_Elevation,1.7147256530345405
