nt,pseudo_r2,pred_obs_r2,pred_obs_r2_exp
800,0.017683198198326755,0.3803243706707978,0.38343989668875594
