var,rel.inf
Elevation,17.211150090029452
MAP,13.607705279875283
rough_CEC,10.943255382101762
pH,8.575536708561085
rough_Surface.T,7.466630438996217
rough_PDQ,7.16606358591909
Clay,6.669891407856681
CEC,6.35817716055553
rough_Elevation,5.990468873098466
rough_MAP,5.493805292599379
PDQ,3.455580610417886
rough_NDVI,2.8896623445867626
Surface.T,2.803208568219008
rough_Soil.C,1.368864257183392
