var,rel.inf
rough_CEC,43.364988276879124
rough_PDQ,10.38151036423259
rough_NDVI,7.717456651216167
Elevation,7.258352436309867
CEC,7.0854277547879345
Surface.T,4.869082729099528
MAP,4.785871648312106
Clay,3.8252891551226105
rough_Surface.T,3.0323654076717084
pH,2.5569642036391644
PDQ,2.1957199433917296
rough_Soil.C,1.7682781956971676
rough_Elevation,0.6517819698065992
rough_MAP,0.5069112638337138
