nt,pseudo_r2,pred_obs_r2,pred_obs_r2_exp
600,-0.002648467828509693,0.345305876668367,0.3484694694530365
