nt,pseudo_r2,pred_obs_r2,pred_obs_r2_exp
850,-0.005042245137913293,0.41145080914563187,0.40943595197907356
