var,rel.inf
rough_Elevation,23.367029906290618
rough_PDQ,19.71103094569126
rough_CEC,10.914044766894088
MAP,9.588637324042393
rough_NDVI,8.018928239216686
rough_Surface.T,7.113206894197713
PDQ,7.073439553351114
Elevation,4.000216013924387
CEC,3.2846498324550133
Surface.T,2.6496326395846372
pH,1.6282846498530528
Clay,1.3076746835790622
rough_Soil.C,0.8301397148990287
rough_MAP,0.5130848360209465
