nt,pseudo_r2,pred_obs_r2,pred_obs_r2_exp
550,4.238753468835954e-4,0.3893263544487192,0.3952255159108475
