var,rel.inf
rough_PDQ,25.528865746313038
pH,15.36564059000284
rough_Soil.C,10.556986226199646
rough_NDVI,10.250242002668479
rough_MAP,10.115773888742709
MAP,6.701941324265977
CEC,4.635984015584251
Elevation,3.606513656942222
Surface.T,2.8886834308322533
rough_CEC,2.69992262675352
rough_Elevation,2.5794214830103375
rough_Surface.T,2.07954804716555
Clay,1.8363976073730546
PDQ,1.154079354146121
