nt,pseudo_r2,pred_obs_r2,pred_obs_r2_exp
300,-0.006026349413670085,0.33894169216465675,0.34373148734186615
