var,rel.inf
rough_PDQ,15.196727503072712
rough_NDVI,14.184904078164896
rough_Soil.C,11.40849139604375
pH,10.19774882314397
MAP,8.35802544352062
rough_CEC,8.146729312874548
rough_MAP,7.657035666398732
Elevation,6.942378370716787
rough_Surface.T,5.778001817178767
rough_Elevation,3.590086421628876
CEC,3.5278689791868953
PDQ,2.18838209171105
Clay,1.8713705082961356
Surface.T,0.9522495880622657
