var,rel.inf
rough_PDQ,17.699571798875994
rough_Soil.C,17.670834755858284
rough_MAP,14.932003033162147
rough_Surface.T,11.759999250212912
pH,6.768430158120333
rough_CEC,6.763259944066796
Surface.T,6.246552913823729
Clay,3.922905806915459
rough_NDVI,3.0199157174652504
MAP,2.8453539847169775
PDQ,2.644995398646865
CEC,2.2975351269774382
Elevation,1.9519192887264984
rough_Elevation,1.476722822431323
