nt,pseudo_r2,pred_obs_r2,pred_obs_r2_exp
200,-0.004984285855270221,0.3157018814957775,0.32027670382057
