var,rel.inf
PDQ,21.893469754692852
rough_Elevation,9.992105484373027
rough_NDVI,9.217795152264953
CEC,8.230181650304855
Surface.T,7.974669492216489
rough_CEC,7.570783149173745
pH,6.157560997740806
rough_MAP,5.96746037656902
rough_PDQ,5.875090926811132
Elevation,5.458312402304935
Clay,3.490731926208292
MAP,3.406764078230468
rough_Surface.T,2.4131735948535433
rough_Soil.C,2.351901014255888
