nt,pseudo_r2,pred_obs_r2,pred_obs_r2_exp
900,0.007260063304118325,0.46784045494034887,0.46170714941888186
