nt,pseudo_r2,pred_obs_r2,pred_obs_r2_exp
500,0.009911861365254127,0.3662731661597643,0.3639499040120404
