nt,pseudo_r2,pred_obs_r2,pred_obs_r2_exp
300,-6.297760737425939e-4,0.2955147581996542,0.29595815571632017
