var,rel.inf
rough_Soil.C,25.938335853517646
CEC,9.552751666095343
pH,8.596541124048233
rough_CEC,8.492392444599025
Clay,8.46422840074635
rough_PDQ,8.126173117111813
Surface.T,6.646087122268655
rough_NDVI,6.171634390939454
Elevation,4.354356563524081
rough_Surface.T,4.1255633674996925
rough_Elevation,3.965682635875274
PDQ,2.8562650098332383
MAP,1.5712144771729617
rough_MAP,1.138773826768238
