var,rel.inf
PDQ,27.54679883810104
CEC,22.291604968401586
Surface.T,8.573058156022995
rough_PDQ,8.262042932133735
Clay,7.433026446491574
rough_CEC,5.016593227440975
rough_Surface.T,3.973284172356632
rough_Elevation,3.6684755644364695
pH,2.888267295059009
rough_MAP,2.6080891850898285
rough_NDVI,2.4882083148544654
rough_Soil.C,2.354979759193193
MAP,2.1450333260829044
Elevation,0.7505378143355852
