nt,pseudo_r2,pred_obs_r2,pred_obs_r2_exp
500,-0.009332012999261563,0.39457734950102624,0.38580497940717756
