var,rel.inf
rough_Elevation,20.281028157195166
rough_NDVI,17.27373060163056
PDQ,16.271645649030035
rough_MAP,9.02609192805938
Clay,7.3704358073613845
Elevation,6.128302554804303
rough_CEC,5.480722179976418
Surface.T,4.468605513471839
rough_Soil.C,4.068223861428494
MAP,3.711828065265161
rough_PDQ,2.649557854958649
CEC,1.2811859411689697
pH,1.0202587603910755
rough_Surface.T,0.9683831252585656
