var,rel.inf
rough_PDQ,24.06568548860693
PDQ,19.62696834269853
Elevation,12.23455451559255
rough_Surface.T,11.79179004531022
rough_NDVI,10.916187592787823
CEC,6.5433244981693
pH,3.5713159024904013
rough_CEC,3.293305322863852
rough_MAP,1.8324108450986836
Surface.T,1.7821545143107875
MAP,1.5303133550945092
rough_Soil.C,1.0207839761934605
rough_Elevation,0.9467540732509371
Clay,0.8444515275320179
