var,rel.inf
rough_CEC,44.7567342505298
Surface.T,11.231469425420029
MAP,7.1712356746533015
rough_MAP,5.97999966556491
rough_Surface.T,5.571930901517533
Clay,5.315015342192234
pH,4.107779136606248
CEC,3.5252779464421873
rough_Soil.C,3.082489996399932
Elevation,2.7343117525315175
rough_NDVI,2.0996850874436412
PDQ,1.6361006920280399
rough_PDQ,1.441562148602824
rough_Elevation,1.3464079800678028
