nt,pseudo_r2,pred_obs_r2,pred_obs_r2_exp
250,-0.012561624201777422,0.32932719508828767,0.3360015056014926
