nt,pseudo_r2,pred_obs_r2,pred_obs_r2_exp
750,2.1255109693951724e-4,0.37534220204272456,0.3825498817922698
