nt,pseudo_r2,pred_obs_r2,pred_obs_r2_exp
1e3,0.004994844070866367,0.4673651274430368,0.44800888798451455
