var,rel.inf
PDQ,25.613377980724486
rough_Surface.T,13.970073718023341
rough_CEC,13.500767847670861
rough_MAP,12.178462668714076
Elevation,9.431393657273548
Surface.T,4.50926033277926
rough_NDVI,3.814577056754081
Clay,3.459870309579555
rough_Elevation,3.3073436208720324
MAP,3.1436788107642832
pH,2.7427798693408416
rough_PDQ,1.5650235086242834
CEC,1.4620507651357384
rough_Soil.C,1.3013398537436098
