var,rel.inf
rough_Elevation,25.046032655201596
Clay,24.96728723375622
rough_MAP,8.490245822375217
rough_CEC,7.338011173078926
rough_NDVI,5.879437731373485
PDQ,5.633493163587324
MAP,4.835991893937261
CEC,3.368558707637742
Elevation,2.970542822816987
rough_PDQ,2.793540592908434
rough_Soil.C,2.7169886121506623
Surface.T,2.2971206615626243
pH,1.9105052353933902
rough_Surface.T,1.7522436942201294
