nt,pseudo_r2,pred_obs_r2,pred_obs_r2_exp
450,-0.003910297706750221,0.33641831556441004,0.3400763811365989
