nt,pseudo_r2,pred_obs_r2,pred_obs_r2_exp
400,7.484252351551701e-4,0.2808196905843858,0.26964495105307706
