var,rel.inf
rough_NDVI,27.723087736605542
rough_CEC,12.563710200344424
rough_Surface.T,9.946435359875457
PDQ,9.781431675012275
rough_PDQ,8.199196103974305
CEC,5.944165639673466
Elevation,5.58914515430817
Surface.T,5.059890170556482
pH,3.313953459764248
rough_MAP,3.0621491456577634
MAP,2.836955598438875
rough_Elevation,2.406898886223289
Clay,1.9479969306791909
rough_Soil.C,1.6249839388865082
