nt,pseudo_r2,pred_obs_r2,pred_obs_r2_exp
400,-0.010005822928092822,0.3718771775377916,0.376398748526092
