nt,pseudo_r2,pred_obs_r2,pred_obs_r2_exp
550,0.013988832675492557,0.3242803265245871,0.31647142300516073
