nt,pseudo_r2,pred_obs_r2,pred_obs_r2_exp
600,-0.0038247481315765164,0.38944840959773097,0.3842661665520648
