var,rel.inf
Elevation,26.008930732071885
rough_Surface.T,11.609064937098907
Surface.T,11.50780511387099
rough_Elevation,10.817798070833657
rough_Soil.C,9.986904707204507
rough_MAP,6.540922853506646
rough_CEC,4.495146910713137
rough_NDVI,4.290266045027571
pH,3.960793045186814
MAP,2.6381776299842574
rough_PDQ,2.1716572780020478
Clay,2.110410091194519
PDQ,1.9563524264565615
CEC,1.9057701588484943
