var,rel.inf
rough_Soil.C,43.308828454763976
rough_Elevation,16.934530487488427
pH,7.320502898684739
rough_PDQ,5.923740041770214
Elevation,4.932166314057356
Clay,4.043879374543592
rough_Surface.T,3.2371748572775636
rough_NDVI,3.0200138120359368
rough_CEC,2.9213500985500906
CEC,2.084531084200106
MAP,1.9891080747363015
Surface.T,1.9681940493400134
rough_MAP,1.680368322589457
PDQ,0.6356121299622259
