nt,pseudo_r2,pred_obs_r2,pred_obs_r2_exp
300,-0.0055469939876358065,0.2649911211972118,0.26861787866586545
