nt,pseudo_r2,pred_obs_r2,pred_obs_r2_exp
500,0.0013671348595950539,0.3891425420080845,0.38440925864723074
