nt,pseudo_r2,pred_obs_r2,pred_obs_r2_exp
950,-0.007144044113854164,0.46745918226270916,0.46425506936779276
