nt,pseudo_r2,pred_obs_r2,pred_obs_r2_exp
600,0.012102626569669872,0.37373940037419195,0.3828301026550595
