nt,pseudo_r2,pred_obs_r2,pred_obs_r2_exp
600,0.001456093123981872,0.4065195162942666,0.40320976762256683
