nt,pseudo_r2,pred_obs_r2,pred_obs_r2_exp
350,0.006978252676087204,0.3195478236627694,0.31741839737265565
