nt,pseudo_r2,pred_obs_r2,pred_obs_r2_exp
200,-0.0010043060855382535,0.3421835536454529,0.3449940640354459
