var,rel.inf
rough_Elevation,27.913122675290897
rough_Soil.C,17.39072436164764
Elevation,14.24585777108992
PDQ,8.023223127065696
rough_PDQ,5.501638124789259
rough_Surface.T,4.960556043820906
MAP,4.306684924473798
Clay,4.059529977800524
CEC,3.9833730097299345
rough_CEC,3.2277917416040194
Surface.T,1.8728214606342348
rough_NDVI,1.7882339355215704
pH,1.4003975111617704
rough_MAP,1.3260453353698367
