nt,pseudo_r2,pred_obs_r2,pred_obs_r2_exp
600,0.002072881851584163,0.39683633950495273,0.39569999856705523
