nt,pseudo_r2,pred_obs_r2,pred_obs_r2_exp
500,0.009331909864667365,0.30842871550625084,0.3051023358688376
