nt,pseudo_r2,pred_obs_r2,pred_obs_r2_exp
300,-0.009371732123715892,0.31610273872484135,0.3138015691110499
