var,rel.inf
MAP,20.399793187364967
rough_Elevation,17.730051142094972
PDQ,8.191460947102376
rough_Soil.C,7.876247274517448
Surface.T,7.854010131438918
CEC,7.752668559342109
rough_CEC,7.081510484999767
rough_NDVI,5.804053497168718
rough_PDQ,3.877087309412899
pH,3.744691421560501
rough_Surface.T,2.873399056332083
rough_MAP,2.414924641481766
Elevation,2.3960838294441635
Clay,2.0040185177393077
