var,rel.inf
rough_Elevation,16.263593001122018
CEC,12.004932517133076
rough_MAP,11.996003895751342
MAP,11.52466127274441
rough_Surface.T,9.706238329874692
Elevation,8.056815820295327
PDQ,6.306591513999281
pH,6.093250142812368
rough_NDVI,5.775784727947064
Surface.T,3.5463751423632703
rough_CEC,3.1089647031192897
rough_PDQ,2.319453465012614
rough_Soil.C,1.9621430758589342
Clay,1.3351923919663125
