var,rel.inf
MAP,22.79877166713723
rough_PDQ,18.70287177797686
rough_Soil.C,10.707053983131873
rough_Surface.T,9.95607336295435
rough_MAP,7.501242154300357
pH,6.295335697949261
CEC,4.494932230070201
Surface.T,4.0939331874235645
rough_NDVI,3.379460938445581
rough_CEC,3.1455579314151523
PDQ,2.892922979166574
Elevation,2.465194518315002
Clay,1.799193446017741
rough_Elevation,1.767456125696261
