nt,pseudo_r2,pred_obs_r2,pred_obs_r2_exp
750,-0.004531374957399414,0.4187066584376711,0.4052876228666241
