var,rel.inf
rough_Soil.C,18.08834164406399
rough_Elevation,11.460596510613598
rough_PDQ,10.293694274959462
Clay,10.047622490957933
rough_Surface.T,9.517889942705882
rough_MAP,8.886072564420202
rough_CEC,5.75218261335779
Elevation,5.704536889088988
rough_NDVI,5.628503283846743
MAP,5.138039385028954
CEC,4.8450400275777845
Surface.T,2.2148898126068084
pH,1.5333376345500038
PDQ,0.889252926221856
