var,rel.inf
rough_MAP,26.705765595925385
CEC,17.889109879629963
pH,13.396840791229527
rough_PDQ,9.20894888976597
rough_CEC,6.024218423561398
Elevation,5.39447686713644
rough_Elevation,4.511235239803418
Surface.T,3.1936355007161428
rough_Surface.T,2.9858203200183056
rough_Soil.C,2.7336597641204303
rough_NDVI,2.3775904114294515
PDQ,2.297969855427396
MAP,1.73270132309884
Clay,1.5480271381373307
