nt,pseudo_r2,pred_obs_r2,pred_obs_r2_exp
300,-0.020715883194803775,0.35085795313733364,0.3507293134054152
