var,rel.inf
rough_NDVI,23.75186339265524
PDQ,19.115273952596855
Surface.T,11.058870003183744
rough_Elevation,10.509141129753512
rough_CEC,9.58630423048391
CEC,8.046189549712109
rough_Surface.T,4.24754403729574
rough_PDQ,3.4787707543165873
Elevation,2.4511519224966274
pH,2.3716754415393306
MAP,1.5778306882558168
rough_Soil.C,1.4853847860087284
rough_MAP,1.2232558283120472
Clay,1.0967442833897496
