var,rel.inf
Elevation,22.819785249957793
rough_PDQ,14.60620043259036
CEC,12.309597532951196
rough_CEC,10.846263375727824
MAP,10.581621389463391
rough_Soil.C,4.7468895843934416
pH,4.6035440777509224
rough_NDVI,3.7251030631101893
Surface.T,3.206334848558348
rough_Elevation,2.8374292943410673
PDQ,2.8220278032721335
rough_Surface.T,2.4535172401027388
Clay,2.260046412556335
rough_MAP,2.1816396952242614
