nt,pseudo_r2,pred_obs_r2,pred_obs_r2_exp
650,-0.012600166574363802,0.3643337740520853,0.37154240282959716
