var,rel.inf
rough_Surface.T,18.55191890189134
rough_PDQ,16.55630958731777
rough_Elevation,14.071413647984635
PDQ,11.59820727748216
rough_Soil.C,10.18287928487224
rough_MAP,7.128514158714433
Clay,5.720262025638679
rough_NDVI,4.436553956255436
Elevation,3.1495751585710345
Surface.T,2.8840578382144697
CEC,2.037920627153143
rough_CEC,1.937261286726795
MAP,1.2705997889397997
pH,0.4745264602380696
