nt,pseudo_r2,pred_obs_r2,pred_obs_r2_exp
800,0.013923160726624362,0.3782454947347196,0.3802836348470244
