var,rel.inf
rough_CEC,39.063863577762405
Elevation,12.916837573137084
Surface.T,9.901459210905896
rough_Soil.C,6.2924669067976655
rough_NDVI,6.12150540183553
PDQ,4.8233393630038135
CEC,3.926690204739947
rough_Surface.T,3.9105023202510956
MAP,3.3828873213165624
rough_PDQ,3.2204943660907954
rough_MAP,2.54397312153927
Clay,1.7121967723251628
rough_Elevation,1.3574318044714677
pH,0.8263520558233148
