var,rel.inf
rough_Surface.T,29.356057793655754
rough_NDVI,24.01089690416605
Elevation,10.469241659468787
rough_PDQ,7.685358854538742
rough_CEC,6.670969762687453
Surface.T,5.532121703744871
CEC,5.076972311332319
rough_MAP,3.566313482915056
rough_Elevation,2.0789096010629704
rough_Soil.C,1.5899179669984094
pH,1.4552761490707968
MAP,1.12985199541628
PDQ,0.8807457760232402
Clay,0.4973660389192791
