nt,pseudo_r2,pred_obs_r2,pred_obs_r2_exp
1650,-0.01948694423934416,0.5006401068868255,0.49560238780796084
