nt,pseudo_r2,pred_obs_r2,pred_obs_r2_exp
1300,0.0560870412198341,0.42748633559242033,0.41988816811152013
