var,rel.inf
rough_PDQ,24.871146489835503
rough_MAP,22.809335547172765
CEC,16.790898778286845
rough_Elevation,7.632818759119952
rough_NDVI,6.447535999253383
MAP,5.747960907795271
Surface.T,5.222210102384743
rough_Soil.C,3.0349648212090603
rough_CEC,2.815716350573135
Elevation,1.894322269402005
pH,1.5869655698076945
PDQ,0.5813362167271163
rough_Surface.T,0.3520219650201055
Clay,0.21276622341241364
