nt,pseudo_r2,pred_obs_r2,pred_obs_r2_exp
650,0.00392125324725312,0.34846182785387775,0.3452500620580658
