nt,pseudo_r2,pred_obs_r2,pred_obs_r2_exp
200,-5.2227306963748e-4,0.3099208264856719,0.3076601983686255
