nt,pseudo_r2,pred_obs_r2,pred_obs_r2_exp
200,-0.01179784243755111,0.2766828451621912,0.2703726023010158
