nt,pseudo_r2,pred_obs_r2,pred_obs_r2_exp
200,-0.012792923108340792,0.31064897106441014,0.30823783693706885
