var,rel.inf
rough_CEC,22.69422241161872
rough_Soil.C,13.921068470517387
rough_NDVI,11.731315326056443
CEC,10.551176140225609
rough_PDQ,7.1306108827486
rough_Surface.T,6.871141086140131
pH,6.152935583279381
Clay,4.957621071899754
Elevation,4.420863485784396
PDQ,4.224330533682022
MAP,3.5342970267242455
rough_Elevation,1.6217409354270074
rough_MAP,1.1177319124786176
Surface.T,1.070945133417689
