nt,pseudo_r2,pred_obs_r2,pred_obs_r2_exp
250,-9.305877234984106e-4,0.3755331235508091,0.37999149529626436
