nt,pseudo_r2,pred_obs_r2,pred_obs_r2_exp
800,0.007391811342996379,0.3879893886879288,0.3896477358145418
