nt,pseudo_r2,pred_obs_r2,pred_obs_r2_exp
600,-0.0019503474375179852,0.3690003003976783,0.36410736612161493
