nt,pseudo_r2,pred_obs_r2,pred_obs_r2_exp
250,-0.015898071928769353,0.2668234384839593,0.2677277384644303
