var,rel.inf
rough_CEC,28.79015853231163
rough_PDQ,19.391955629523586
rough_Soil.C,9.609770561806737
rough_Elevation,8.845219169214305
rough_NDVI,8.507799929831053
rough_Surface.T,5.804717403181936
CEC,5.17172949906016
PDQ,3.395146821146019
rough_MAP,2.613169589406139
MAP,2.3493981561830948
pH,1.625475802153979
Surface.T,1.5792417777364292
Elevation,1.2203504866419153
Clay,1.095866641803018
