nt,pseudo_r2,pred_obs_r2,pred_obs_r2_exp
500,-8.668979924151277e-4,0.36137765542730055,0.36673459752006904
