nt,pseudo_r2,pred_obs_r2,pred_obs_r2_exp
1950,0.023275699755177293,0.5171096515942167,0.5057313025833441
