nt,pseudo_r2,pred_obs_r2,pred_obs_r2_exp
1050,0.042650759647687275,0.39254384151225347,0.3986535721780017
