var,rel.inf
PDQ,55.584786803965116
rough_Elevation,18.82866812491414
rough_Soil.C,4.564801204144295
Surface.T,3.606236306066894
rough_PDQ,3.2870070419974993
rough_CEC,2.688904963120916
rough_Surface.T,2.587892671493112
rough_MAP,2.2707106496062184
CEC,1.9208421880504414
Clay,1.8066028871360074
pH,1.1215404861232317
rough_NDVI,0.7299022242828073
MAP,0.5783854075097059
Elevation,0.42371904158961704
