var,rel.inf
pH,20.606809295131935
Clay,18.106042165119483
Elevation,16.046595376017198
rough_NDVI,13.432273477305783
rough_Surface.T,6.626508743428206
rough_PDQ,5.743615697659568
rough_Soil.C,5.035134518999089
rough_Elevation,3.9459129399157473
CEC,2.310677082984907
MAP,2.3055323928327978
rough_CEC,1.8299424989713824
Surface.T,1.755227682209641
PDQ,1.3273710150417404
rough_MAP,0.9283571143825207
