var,rel.inf
CEC,25.42663582795712
pH,16.091832152029227
Elevation,10.474912569791087
rough_Elevation,9.525145582986704
rough_CEC,8.878603010985207
rough_PDQ,8.039214473497474
rough_MAP,5.553116366458538
PDQ,4.560645881615546
rough_Surface.T,4.287912048628769
rough_NDVI,2.509158092938544
rough_Soil.C,1.490609857010496
MAP,1.396665070688699
Clay,1.2818371816525935
Surface.T,0.48371188376000285
