model,AICc,delta_AICc,akaike_weights
abs,1286.2744584245029,0,0.9999999999945888
rough,1338.1595849576893,51.885126533186394,5.411129490401197e-12
non_elev,1364.2579477282118,77.9834893037089,1.164395337925913e-17
elev,1371.2971050385615,85.02264661405866,3.4479969211121227e-19
soil,1371.4687234468665,85.19426502236365,3.1644657934158266e-19
non_soil,1380.3839932640496,94.10953483954677,3.667534115467992e-21
full,1390.7789055249118,104.50444710040892,2.0283721780771982e-23
null,1404.05014544703,117.77568702252711,2.662775251603954e-26
