df,AIC
7,1738.180790654521
4,1771.506214640508
