nt,pseudo_r2,pred_obs_r2,pred_obs_r2_exp
8400,0.4721089128698337,0.8117731391936438,0.7009444827208168
