var,rel.inf
pH,15.060664811442626
MAP,12.247424649505486
rough_Surface.T,12.239117235635225
rough_Clay,10.8127878030414
rough_Elevation,10.070457860981525
Clay,8.514328013474092
rough_Soil.C,6.5529936784594405
rough_MAP,5.974181414710592
rough_CEC,5.539485367781416
Elevation,4.021109825035765
PDQ,3.5460691738524486
rough_NDVI,3.1319646161832373
CEC,2.2894155498967437
