nt,pseudo_r2,pred_obs_r2,pred_obs_r2_exp
7350,0.4770320489870511,0.7961095169818218,0.683682738998157
