nt,pseudo_r2,pred_obs_r2,pred_obs_r2_exp
8500,0.4942900330936423,0.8134892914330114,0.6995022481733585
