nt,pseudo_r2,pred_obs_r2,pred_obs_r2_exp
8100,0.4768985721568797,0.8079368577354863,0.6967091892295812
