nt,pseudo_r2,pred_obs_r2,pred_obs_r2_exp
7800,0.48738715615916417,0.8035323931909841,0.6921547795518579
