var,rel.inf
pH,15.868384360845031
rough_Surface.T,12.200808039222686
MAP,12.016614353974514
rough_Clay,10.638493690219054
rough_Elevation,10.211322189883964
Clay,8.44614719695731
rough_Soil.C,6.413476436139917
rough_MAP,6.221192472457586
rough_CEC,5.468294254549402
Elevation,4.113784307205285
PDQ,3.2779133703086
rough_NDVI,2.9314582838971317
CEC,2.1921110443395198
