var,rel.inf
pH,15.662738319540228
rough_Surface.T,12.475289199364994
MAP,12.35754363525834
rough_Clay,10.59253576157746
rough_Elevation,10.100392059004337
Clay,8.357264455727398
rough_Soil.C,6.604165592678538
rough_MAP,5.926732804137403
rough_CEC,5.1836151796440495
Elevation,3.997813809219349
PDQ,3.5722653543013143
rough_NDVI,2.9500586233873007
CEC,2.219585206159293
