nt,pseudo_r2,pred_obs_r2,pred_obs_r2_exp
7650,0.48624504541924785,0.801294787680556,0.6864443543529752
