nt,pseudo_r2,pred_obs_r2,pred_obs_r2_exp
7800,0.48191119126347903,0.8041315623737917,0.6921949710838385
