var,rel.inf
pH,15.66232892772484
rough_Surface.T,12.666160424869183
MAP,12.286466978669804
rough_Clay,10.715634957929353
rough_Elevation,10.216884345372799
Clay,8.319131405200599
rough_Soil.C,6.489661953856378
rough_MAP,5.901304382108689
rough_CEC,5.400590497316517
Elevation,3.8917436852181653
PDQ,3.4383518464975347
rough_NDVI,2.9281028026653306
CEC,2.0836377925708005
