var,rel.inf
pH,15.578300309925465
MAP,12.248574606581736
rough_Surface.T,12.239893753514462
rough_Clay,10.73699400002661
rough_Elevation,10.175441232633325
Clay,8.517540570690745
rough_Soil.C,6.479125252769719
rough_MAP,6.06832488215625
rough_CEC,5.340759905702696
Elevation,4.067573016404843
PDQ,3.3967267311236577
rough_NDVI,3.086385099912636
CEC,2.0643606385578592
