var,rel.inf
pH,15.666540256161325
rough_Surface.T,12.380508559459802
MAP,12.061350883634226
rough_Clay,10.531633763517647
rough_Elevation,10.077577901285995
Clay,8.451947988160917
rough_Soil.C,6.368497732374834
rough_MAP,6.138837830279732
rough_CEC,5.336359631784678
Elevation,4.060133701462982
PDQ,3.5489336178348125
rough_NDVI,3.119145015741165
CEC,2.2585331183018806
