nt,pseudo_r2,pred_obs_r2,pred_obs_r2_exp
9e3,0.5204145185187695,0.8197151585054159,0.709635387529819
