nt,pseudo_r2,pred_obs_r2,pred_obs_r2_exp
8300,0.5131817293229872,0.8108288840435663,0.696161018743096
