nt,pseudo_r2,pred_obs_r2,pred_obs_r2_exp
6850,0.48703938119829415,0.7886003950708068,0.6740969131943167
