nt,pseudo_r2,pred_obs_r2,pred_obs_r2_exp
7500,0.5018244390450013,0.7990357977013921,0.689490525023372
