var,rel.inf
pH,15.382183363122927
rough_Surface.T,12.527155146280787
MAP,12.351783244137966
rough_Clay,10.876415416580544
rough_Elevation,10.330039385059779
Clay,8.277969891567551
rough_Soil.C,6.326975678147263
rough_MAP,5.8975240480767885
rough_CEC,5.465049953482848
Elevation,4.007891767402507
PDQ,3.4166843764296466
rough_NDVI,3.014832011329082
CEC,2.125495718382317
