var,rel.inf
pH,15.011533211043826
rough_Surface.T,12.692908431747599
MAP,12.22908574276293
rough_Clay,10.796116090483396
rough_Elevation,10.225399509174148
Clay,8.606502840278173
rough_Soil.C,6.295736582367614
rough_MAP,5.806272437949518
rough_CEC,5.482294336166175
Elevation,4.019974851786082
PDQ,3.515166797894911
rough_NDVI,3.1117839646751575
CEC,2.2072252036704683
