nt,pseudo_r2,pred_obs_r2,pred_obs_r2_exp
8250,0.48447770450584304,0.8092572389419601,0.6979356002667778
