var,rel.inf
pH,15.298076498803896
rough_Surface.T,12.27770773737266
MAP,12.243376058609085
rough_Clay,10.695817984828567
rough_Elevation,10.05628731893968
Clay,8.614272381186513
rough_Soil.C,6.295455861735266
rough_MAP,6.026159891452632
rough_CEC,5.435069169915476
Elevation,4.137452731642152
PDQ,3.524189891934135
rough_NDVI,3.0707588478023218
CEC,2.3253756257776197
