nt,pseudo_r2,pred_obs_r2,pred_obs_r2_exp
8550,0.49832862087872476,0.8140549895331898,0.700803724931716
