var,rel.inf
pH,15.325886341646923
MAP,12.388883735260293
rough_Surface.T,12.344089017229376
rough_Clay,10.759415514047918
rough_Elevation,10.307781345313845
Clay,8.486530931533661
rough_Soil.C,6.471119164342921
rough_MAP,5.944828447271898
rough_CEC,5.323153109861431
Elevation,3.7915573247020142
PDQ,3.498330097030871
rough_NDVI,3.1605216340856073
CEC,2.197903337673242
