var,rel.inf
pH,15.529005013929329
rough_Surface.T,12.127232208348973
MAP,11.996961935236522
rough_Clay,10.62427049024486
rough_Elevation,10.180194718522056
Clay,8.702543645458775
rough_Soil.C,6.500764691201615
rough_MAP,6.02097518004412
rough_CEC,5.458951094481553
Elevation,4.002733331434812
PDQ,3.6832336380683444
rough_NDVI,2.9138715592128848
CEC,2.2592624938161596
