var,rel.inf
pH,15.490500778121802
rough_Surface.T,12.368165169977196
MAP,12.232125355629433
rough_Clay,10.825165377846178
rough_Elevation,10.191791813940998
Clay,8.562356625520726
rough_Soil.C,6.365571106498858
rough_MAP,6.069717803925816
rough_CEC,5.378695008321052
Elevation,4.074741391297278
PDQ,3.3362845843731277
rough_NDVI,3.052697310897781
CEC,2.0521876736497577
