nt,pseudo_r2,pred_obs_r2,pred_obs_r2_exp
8100,0.482835418539557,0.8071306213539412,0.6934722615983336
