nt,pseudo_r2,pred_obs_r2,pred_obs_r2_exp
7350,0.48784538334907446,0.7975285729437659,0.6860328075719735
