var,rel.inf
pH,15.926920689643365
rough_Surface.T,12.306309795681601
MAP,12.23885365250274
rough_Clay,10.633312628654632
rough_Elevation,10.058788310488431
Clay,8.343561686263282
rough_Soil.C,6.457492084878714
rough_MAP,6.044192742426158
rough_CEC,5.468280607030159
Elevation,3.9568660686705486
PDQ,3.451263486144567
rough_NDVI,3.0384298873621494
CEC,2.075728360253647
