nt,pseudo_r2,pred_obs_r2,pred_obs_r2_exp
7950,0.5017518361485929,0.805834820199538,0.6939841273388428
