nt,pseudo_r2,pred_obs_r2,pred_obs_r2_exp
8150,0.5042700486664551,0.8077251167265518,0.6965630419655373
