var,rel.inf
pH,15.605814693687568
rough_Surface.T,12.373350889872894
MAP,12.284359337553823
rough_Clay,10.53969430394896
rough_Elevation,10.165961150622316
Clay,8.516461833427167
rough_Soil.C,6.588790584960398
rough_MAP,5.824563767695426
rough_CEC,5.416828774022504
Elevation,3.9206921558750967
PDQ,3.651326949648735
rough_NDVI,3.06402210881936
CEC,2.048133449865759
