var,rel.inf
pH,15.611974775780164
rough_Surface.T,12.646951116576913
MAP,12.216776543184007
rough_Clay,10.673059836465061
rough_Elevation,10.31793773710626
Clay,8.661282913481505
rough_Soil.C,6.2755613769124015
rough_MAP,5.903766955557725
rough_CEC,5.463944406223618
Elevation,3.957469295476855
PDQ,3.314881824218195
rough_NDVI,2.8773287918925234
CEC,2.0790644271247682
