nt,pseudo_r2,pred_obs_r2,pred_obs_r2_exp
8250,0.5004307295291917,0.8101358299119897,0.6990416065123127
