nt,pseudo_r2,pred_obs_r2,pred_obs_r2_exp
6950,0.4587914435260244,0.7903708093196049,0.6757478229866958
