var,rel.inf
pH,15.351007328029555
rough_Surface.T,12.54483139034996
MAP,12.329432672770448
rough_Clay,10.900079800878768
rough_Elevation,10.074537268791456
Clay,8.332091657522625
rough_Soil.C,6.27721425497175
rough_MAP,6.064303457464453
rough_CEC,5.306992934658824
Elevation,4.0838272132003475
PDQ,3.5059717947558
rough_NDVI,2.9637212221018707
CEC,2.2659890045041413
