var,rel.inf
pH,15.865034986203181
rough_Surface.T,12.38193135447221
MAP,12.258581912750788
rough_Clay,10.534396744693218
rough_Elevation,10.063166562359728
Clay,8.473453597272773
rough_Soil.C,6.585408000960593
rough_MAP,5.952450630751136
rough_CEC,5.366354220567737
Elevation,4.019770030089633
PDQ,3.412234787345412
rough_NDVI,3.016054981452444
CEC,2.071162191081148
