var,rel.inf
pH,15.60407509356388
rough_Surface.T,12.445468010658601
MAP,12.195036487736186
rough_Clay,10.826916734668728
rough_Elevation,10.308079681276773
Clay,8.400459597806078
rough_Soil.C,6.522466929520943
rough_MAP,6.030259287584666
rough_CEC,5.237621301569373
Elevation,3.903063202418895
PDQ,3.3421833208539065
rough_NDVI,2.9926151718513485
CEC,2.1917551804906132
