nt,pseudo_r2,pred_obs_r2,pred_obs_r2_exp
8200,0.506755918380924,0.8089075377985583,0.6965457196005346
