nt,pseudo_r2,pred_obs_r2,pred_obs_r2_exp
8300,0.4962264362052464,0.811274502935534,0.6972625137647477
