nt,pseudo_r2,pred_obs_r2,pred_obs_r2_exp
8800,0.4986232286496868,0.8172478149024103,0.7050173066232404
