nt,pseudo_r2,pred_obs_r2,pred_obs_r2_exp
9e3,0.49103200160345317,0.8201757280459419,0.7080057191574575
