nt,pseudo_r2,pred_obs_r2,pred_obs_r2_exp
7950,0.4995876780198548,0.805934619875717,0.6927533929050219
