nt,pseudo_r2,pred_obs_r2,pred_obs_r2_exp
7600,0.48543108655024736,0.8014040769959074,0.687066819642833
