nt,pseudo_r2,pred_obs_r2,pred_obs_r2_exp
7350,0.49035210653684613,0.7969209016963554,0.6830827700751002
