var,rel.inf
pH,15.729612575859003
rough_Surface.T,12.502628357691705
MAP,12.13581798940368
rough_Clay,10.627595376415933
rough_Elevation,10.329409151109504
Clay,8.376953563038432
rough_Soil.C,6.49524950415046
rough_MAP,6.069529773763562
rough_CEC,5.504369466401641
Elevation,3.922017883104748
PDQ,3.389594383763791
rough_NDVI,2.8471463389287712
CEC,2.07007563636877
