var,rel.inf
pH,15.813734110399357
rough_Surface.T,12.54592690009686
MAP,12.114060573056287
rough_Clay,10.562050270408001
rough_Elevation,10.410420665742743
Clay,8.317582236214845
rough_Soil.C,6.395457852391625
rough_MAP,6.185123638501439
rough_CEC,5.564765083742054
Elevation,4.008015554451032
PDQ,3.1664661263150946
rough_NDVI,2.873238720151395
CEC,2.0431582685292655
