var,rel.inf
pH,15.88643961378604
rough_Surface.T,12.595052522868418
MAP,12.10338018743911
rough_Clay,10.56513168810887
rough_Elevation,10.207985644976372
Clay,8.505802159407073
rough_Soil.C,6.382436676769804
rough_MAP,6.03429470155842
rough_CEC,5.292405486915219
Elevation,4.027856734807291
PDQ,3.383019031084189
rough_NDVI,2.9622627781965027
CEC,2.0539327740826905
