nt,pseudo_r2,pred_obs_r2,pred_obs_r2_exp
8250,0.47998730676212986,0.8096587235543227,0.6966928486150434
