nt,pseudo_r2,pred_obs_r2,pred_obs_r2_exp
8500,0.49078325019558044,0.8131384877372113,0.703078190507965
