nt,pseudo_r2,pred_obs_r2,pred_obs_r2_exp
7250,0.47867585828883186,0.7942499253338804,0.682231374719786
