nt,pseudo_r2,pred_obs_r2,pred_obs_r2_exp
8600,0.5020281274877916,0.8141442818573009,0.701698359288954
