nt,pseudo_r2,pred_obs_r2,pred_obs_r2_exp
8900,0.4987324526004422,0.8189405972941802,0.7071939197917808
