nt,pseudo_r2,pred_obs_r2,pred_obs_r2_exp
7450,0.4837951624859811,0.7983689816151257,0.6869718435192456
