nt,pseudo_r2,pred_obs_r2,pred_obs_r2_exp
8300,0.4930180548794323,0.8107106475795042,0.6982692913175335
