nt,pseudo_r2,pred_obs_r2,pred_obs_r2_exp
9050,0.48695967820088404,0.8204888556157439,0.7077402490850138
