nt,pseudo_r2,pred_obs_r2,pred_obs_r2_exp
7550,0.4947074933495751,0.7996491482916158,0.6887869004904056
