nt,pseudo_r2,pred_obs_r2,pred_obs_r2_exp
8550,0.4798804272181759,0.8129832922999858,0.7019252807378203
