var,rel.inf
pH,15.765177575722955
rough_Surface.T,12.413353791267193
MAP,12.02437656633639
rough_Clay,10.65414202081948
rough_Elevation,10.060345689632115
Clay,8.405070673890291
rough_Soil.C,6.476510025145096
rough_MAP,5.979681116755658
rough_CEC,5.390983837365044
Elevation,4.0219569272764835
PDQ,3.4963865314732
rough_NDVI,3.028485153339744
CEC,2.2835300909763494
