nt,pseudo_r2,pred_obs_r2,pred_obs_r2_exp
8150,0.49159390423178584,0.8088504690357338,0.6967427569233849
