nt,pseudo_r2,pred_obs_r2,pred_obs_r2_exp
9700,0.49259854577442375,0.8282559445512641,0.7152871551368852
