var,rel.inf
pH,15.98024107580768
rough_Surface.T,12.648988766261969
MAP,12.100226836612713
rough_Clay,10.72357476068129
rough_Elevation,10.283735637041191
Clay,8.275258153066037
rough_Soil.C,6.299289010092565
rough_MAP,5.905514975172942
rough_CEC,5.392884745288543
Elevation,3.9643013152749464
PDQ,3.301717008043482
rough_NDVI,3.072219343426319
CEC,2.0520483732303263
