nt,pseudo_r2,pred_obs_r2,pred_obs_r2_exp
7950,0.49798277976269656,0.8055072377888511,0.6929858073640882
