var,rel.inf
pH,15.254631971271074
rough_Surface.T,12.483758269475848
MAP,12.308946409612446
rough_Clay,10.735176222287695
rough_Elevation,10.265931790088034
Clay,8.802546771339081
rough_Soil.C,6.360907137859065
rough_MAP,5.8579054155025325
rough_CEC,5.5140584244480415
Elevation,3.961765296987272
PDQ,3.4237354578810386
rough_NDVI,2.9777606259060985
CEC,2.0528762073417752
