nt,pseudo_r2,pred_obs_r2,pred_obs_r2_exp
7550,0.4766122802595064,0.7992432212878888,0.686339252752292
