nt,pseudo_r2,pred_obs_r2,pred_obs_r2_exp
8600,0.4933952309147771,0.81386144330164,0.7023074958999872
