var,rel.inf
pH,15.626585026654885
rough_Surface.T,12.42553364522368
MAP,12.23840597420436
rough_Clay,10.80883629111351
rough_Elevation,10.20785046930535
Clay,8.4259845135478
rough_Soil.C,6.570518365269844
rough_MAP,5.91108035819729
rough_CEC,5.4848519865758
Elevation,3.9965110014147505
PDQ,3.4265711493173416
rough_NDVI,2.9208229713546263
CEC,1.9564482478207597
