nt,pseudo_r2,pred_obs_r2,pred_obs_r2_exp
7700,0.49321988282057905,0.8017570704533858,0.6898120856242774
