var,rel.inf
pH,15.517272526984598
MAP,12.369392306657879
rough_Surface.T,12.252189875496402
rough_Clay,11.005027142869226
rough_Elevation,10.187169867107885
Clay,8.421375054731055
rough_Soil.C,6.3697672354801895
rough_MAP,5.985766165911079
rough_CEC,5.3970097894792985
Elevation,3.9255339605235795
PDQ,3.3852779254072503
rough_NDVI,3.0954171006695352
CEC,2.088801048682023
