var,rel.inf
pH,15.72883050681154
rough_Surface.T,12.492015117926499
MAP,12.137256389364184
rough_Clay,10.555464615905782
rough_Elevation,10.323995805321179
Clay,8.632732392356305
rough_Soil.C,6.25468168463477
rough_MAP,6.109306578474519
rough_CEC,5.384877445260104
Elevation,3.9678601052025297
PDQ,3.3751129264244124
rough_NDVI,3.013279070923554
CEC,2.0245873613946284
