nt,pseudo_r2,pred_obs_r2,pred_obs_r2_exp
8450,0.4889330967466141,0.8122575639451526,0.6999143079569319
