var,rel.inf
pH,15.355921142500025
rough_Surface.T,12.224321757798089
MAP,12.137429474176646
rough_Clay,10.751266010653724
rough_Elevation,10.030864687865819
Clay,8.333241570521368
rough_Soil.C,6.533113070846081
rough_MAP,6.052953531837593
rough_CEC,5.425880538351214
Elevation,4.045472450165981
PDQ,3.647609641529534
rough_NDVI,3.056705346604734
CEC,2.405220777149185
