var,rel.inf
pH,15.104328366761496
rough_Surface.T,12.324623226034543
MAP,12.00941716884066
rough_Clay,10.876332287218531
rough_Elevation,10.186522058748842
Clay,8.572885012323443
rough_Soil.C,6.471622633894121
rough_MAP,6.065074500224549
rough_CEC,5.429766827914806
Elevation,4.043357796332762
PDQ,3.5313957481748686
rough_NDVI,3.13844257331503
CEC,2.2462318002163526
