var,rel.inf
pH,15.281259292100561
rough_Surface.T,12.371246070711685
MAP,12.346660401805895
rough_Clay,10.861958298109315
rough_Elevation,10.078306938156787
Clay,8.596991923930082
rough_Soil.C,6.512339287454091
rough_MAP,5.893329567901882
rough_CEC,5.422379667456666
Elevation,3.9718924622983214
PDQ,3.539220644045131
rough_NDVI,2.935310579219202
CEC,2.18910486681039
