var,rel.inf
pH,15.855486967138342
rough_Surface.T,12.289772201262027
MAP,12.163135606880687
rough_Clay,10.690494922183673
rough_Elevation,10.259953990862465
Clay,8.196860188185283
rough_Soil.C,6.400482541356698
rough_MAP,5.958687067079539
rough_CEC,5.353911140794571
Elevation,4.02924369991955
PDQ,3.4076948026834004
rough_NDVI,3.0885440330213347
CEC,2.3057328386324296
