var,rel.inf
pH,15.520495243207437
rough_Surface.T,12.536851821289108
MAP,12.370231615628398
rough_Clay,10.708122324318392
rough_Elevation,10.302689062096391
Clay,8.360193750354076
rough_Soil.C,6.434785332374521
rough_MAP,5.86858553295216
rough_CEC,5.2620372818673165
Elevation,4.0642691530735675
PDQ,3.4812822499669935
rough_NDVI,2.94771752926225
CEC,2.1427391036093866
