var,rel.inf
pH,15.428393470064405
rough_Surface.T,12.377559872807177
MAP,12.312063250806814
rough_Clay,10.861034085409603
rough_Elevation,10.368911278876547
Clay,8.428781432064937
rough_Soil.C,6.269295590793062
rough_MAP,6.109704441474147
rough_CEC,5.492913616106433
Elevation,4.01847409839287
PDQ,3.3248979779057084
rough_NDVI,2.93949224754422
CEC,2.0684786377540796
