nt,pseudo_r2,pred_obs_r2,pred_obs_r2_exp
8700,0.506044081190856,0.81554525311401,0.7031420696250361
