var,rel.inf
pH,15.713519508255748
rough_Surface.T,12.61823756156889
MAP,12.293079256635997
rough_Clay,10.70179759206859
rough_Elevation,10.180773347684259
Clay,8.29349079066564
rough_Soil.C,6.428818208885124
rough_MAP,5.912743028773215
rough_CEC,5.372721638754754
Elevation,3.972160085170884
PDQ,3.370125658413489
rough_NDVI,2.949714559200476
CEC,2.192818763922936
