var,rel.inf
pH,15.907467183718312
MAP,12.425197691078303
rough_Surface.T,12.407016941211948
rough_Clay,10.629046524863973
rough_Elevation,10.273524173392335
Clay,8.361395378393537
rough_Soil.C,6.304594065309748
rough_MAP,5.916746372168334
rough_CEC,5.525553756577641
Elevation,3.9491071213829154
PDQ,3.429535529752934
rough_NDVI,2.9166393006103934
CEC,1.9541759615396257
