nt,pseudo_r2,pred_obs_r2,pred_obs_r2_exp
8250,0.50619448955491,0.8099772320878477,0.698638421879765
