var,rel.inf
pH,15.16211008622694
rough_Surface.T,12.357854319339312
MAP,12.132270840102263
rough_Clay,10.931366741097298
rough_Elevation,10.05161612736258
Clay,8.69649615684585
rough_Soil.C,6.3871428502086465
rough_MAP,6.078613011427967
rough_CEC,5.28705252884581
Elevation,4.063829731537485
PDQ,3.6213579769396516
rough_NDVI,3.0716007792744984
CEC,2.1586888507917013
