var,rel.inf
pH,15.86293523801043
rough_Surface.T,12.489664295862273
MAP,12.211547311298458
rough_Clay,10.570354067475598
rough_Elevation,10.337026572996947
Clay,8.304699337026513
rough_Soil.C,6.495066454885356
rough_MAP,6.134933111014834
rough_CEC,5.480309531593368
Elevation,4.0297469152559815
PDQ,3.1404369878864786
rough_NDVI,2.9533620560644094
CEC,1.9899181206293548
