nt,pseudo_r2,pred_obs_r2,pred_obs_r2_exp
8600,0.5060938907881656,0.8145611361344776,0.7047046453677753
