nt,pseudo_r2,pred_obs_r2,pred_obs_r2_exp
9200,0.510704058145395,0.8217075689011845,0.7089201603092549
