nt,pseudo_r2,pred_obs_r2,pred_obs_r2_exp
7850,0.4844200823988809,0.803839622850332,0.6936728262269954
