nt,pseudo_r2,pred_obs_r2,pred_obs_r2_exp
7600,0.4903755503481715,0.8000010444569416,0.6890624767572688
