var,rel.inf
pH,15.064213984491829
rough_Surface.T,12.100333797294361
MAP,12.048231659979292
rough_Clay,10.816751652351547
rough_Elevation,9.961809271328937
Clay,8.75365222890687
rough_Soil.C,6.5911908381116655
rough_MAP,6.173060772984101
rough_CEC,5.39095297294701
Elevation,4.008367569907584
PDQ,3.64082706142417
rough_NDVI,3.029120022797216
CEC,2.421488167475414
