var,rel.inf
pH,15.332257541486426
rough_Surface.T,12.519803411174625
MAP,12.175845531940713
rough_Clay,10.874884129780307
rough_Elevation,10.233882192747668
Clay,8.44005540246679
rough_Soil.C,6.326977375139044
rough_MAP,6.10759527714199
rough_CEC,5.365036069712247
Elevation,3.9097679041386675
PDQ,3.457605711666344
rough_NDVI,2.9921658134320372
CEC,2.264123639173139
