var,rel.inf
pH,15.50825495075941
rough_Surface.T,12.367458286676186
MAP,12.25855909733635
rough_Clay,10.872856803984309
rough_Elevation,9.9715769118572
Clay,8.34823862554317
rough_Soil.C,6.180961903432294
rough_MAP,6.147833856649125
rough_CEC,5.29264050574402
Elevation,4.046959240060999
PDQ,3.6426940752363013
rough_NDVI,3.023549469805812
CEC,2.3384162729148255
