nt,pseudo_r2,pred_obs_r2,pred_obs_r2_exp
8450,0.5010557026386572,0.8122782631833189,0.6994114127721074
