nt,pseudo_r2,pred_obs_r2,pred_obs_r2_exp
9350,0.5158710322628703,0.8240756428439341,0.7127423706045105
