nt,pseudo_r2,pred_obs_r2,pred_obs_r2_exp
8850,0.5100402016246508,0.8173222493390756,0.7044950480606484
