var,rel.inf
pH,15.79524715606492
rough_Surface.T,12.307595677375454
MAP,12.144928786268654
rough_Clay,10.530989970319133
rough_Elevation,10.385632606788018
Clay,8.327052793350168
rough_Soil.C,6.474328641313312
rough_MAP,6.00603211069197
rough_CEC,5.507994195746858
Elevation,4.085252465736593
PDQ,3.453370384503815
rough_NDVI,2.957086854443679
CEC,2.0244883573974266
