nt,pseudo_r2,pred_obs_r2,pred_obs_r2_exp
8950,0.4968596322955542,0.8188846159555673,0.7063314215068441
