nt,pseudo_r2,pred_obs_r2,pred_obs_r2_exp
8800,0.49342008706773055,0.816676192773275,0.7020987142025464
