nt,pseudo_r2,pred_obs_r2,pred_obs_r2_exp
8400,0.4987265563456227,0.8121952840987349,0.7003229260281341
