var,rel.inf
pH,15.550590775394339
rough_Surface.T,12.410062172054918
MAP,12.105322464973732
rough_Clay,10.676082276288522
rough_Elevation,10.156619231768524
Clay,8.443550629413531
rough_Soil.C,6.352025439063834
rough_MAP,6.256478926573932
rough_CEC,5.4190287340829
Elevation,3.9945776429446522
PDQ,3.450853149722971
rough_NDVI,2.9524821990873247
CEC,2.232326358630817
