nt,pseudo_r2,pred_obs_r2,pred_obs_r2_exp
9250,0.5038392365300034,0.8233021458706479,0.7100801220843052
