nt,pseudo_r2,pred_obs_r2,pred_obs_r2_exp
7750,0.48775870742435623,0.8022527823520009,0.6902980088270305
