var,rel.inf
pH,16.100117518896422
rough_Surface.T,12.656346768489474
MAP,12.132917367634581
rough_Clay,10.634538613066617
rough_Elevation,10.276652765515779
Clay,8.235532736408258
rough_Soil.C,6.386892809209035
rough_MAP,6.155663428560531
rough_CEC,5.328355366247253
Elevation,3.8066569623965454
PDQ,3.3456786599760027
rough_NDVI,2.9297772065529135
CEC,2.010869797046592
