var,rel.inf
pH,15.650696360461996
rough_Surface.T,12.392201359399694
MAP,11.998796076495108
rough_Clay,10.728450853737536
rough_Elevation,10.15142260882646
Clay,8.389139930114009
rough_Soil.C,6.351499462792557
rough_MAP,6.103388402969294
rough_CEC,5.524847874912201
Elevation,4.03625897787768
PDQ,3.4467233242984228
rough_NDVI,2.9643119539553213
CEC,2.262262814159723
