nt,pseudo_r2,pred_obs_r2,pred_obs_r2_exp
8550,0.49545033713581055,0.8144838284471979,0.7029606961509917
