nt,pseudo_r2,pred_obs_r2,pred_obs_r2_exp
8750,0.4629848974824945,0.8167344537093216,0.7041732860155503
