nt,pseudo_r2,pred_obs_r2,pred_obs_r2_exp
8250,0.4924761241393293,0.8097681355010291,0.6970992872567677
