var,rel.inf
pH,15.207125966261609
rough_Surface.T,12.45299754439532
MAP,12.364409576203
rough_Clay,10.581302111855448
rough_Elevation,10.028752378332737
Clay,8.52426802371488
rough_Soil.C,6.528457694589905
rough_MAP,5.88714767918919
rough_CEC,5.2803154451313805
Elevation,4.174815505475797
PDQ,3.485343465349769
rough_NDVI,3.199712291936652
CEC,2.285352317564318
