var,rel.inf
pH,15.874130462715083
rough_Surface.T,12.399618046787813
MAP,12.252394122928477
rough_Clay,10.606507595463768
rough_Elevation,10.454671326147315
Clay,8.36169507463244
rough_Soil.C,6.432961845758024
rough_MAP,6.09320035111409
rough_CEC,5.363273055634816
Elevation,3.939443185343138
PDQ,3.5028121397184524
rough_NDVI,2.8506862903342194
CEC,1.8686065034223582
