nt,pseudo_r2,pred_obs_r2,pred_obs_r2_exp
7800,0.4764342410922474,0.803940893596528,0.6916050106175574
