var,rel.inf
pH,15.507544904763602
rough_Surface.T,12.562134972580708
MAP,12.257891401179197
rough_Clay,10.789546469495926
rough_Elevation,9.999777479994561
Clay,8.311942263903575
rough_Soil.C,6.3528263966539065
rough_MAP,5.915580537590718
rough_CEC,5.312463486810959
Elevation,4.030140030238097
PDQ,3.6022061219708172
rough_NDVI,2.996316789273664
CEC,2.3616291455442635
