var,rel.inf
pH,15.790401637875426
rough_Surface.T,12.631369122689781
MAP,12.440296804230655
rough_Elevation,10.549538066557123
rough_Clay,10.523708461608779
Clay,8.479948054540621
rough_Soil.C,6.427688195793951
rough_MAP,5.7958325978749805
rough_CEC,5.348154384229113
Elevation,4.053707748928305
PDQ,3.286939433790895
rough_NDVI,2.834494463240946
CEC,1.837921028639426
