nt,pseudo_r2,pred_obs_r2,pred_obs_r2_exp
8250,0.4932844537427369,0.8096950575468076,0.6977981919599616
