nt,pseudo_r2,pred_obs_r2,pred_obs_r2_exp
8150,0.5132528032516432,0.8084479299136987,0.69676531112268
