nt,pseudo_r2,pred_obs_r2,pred_obs_r2_exp
8050,0.5105029755973112,0.8073110540135102,0.6938809268870811
