nt,pseudo_r2,pred_obs_r2,pred_obs_r2_exp
8050,0.499224554800496,0.8076974783312832,0.6944146861200607
