var,rel.inf
pH,15.322210475058514
MAP,12.621006119320676
rough_Surface.T,12.257026753902082
rough_Clay,10.671644783415344
rough_Elevation,10.305144771668255
Clay,8.369014782392954
rough_Soil.C,6.457891403257108
rough_MAP,5.78873797001687
rough_CEC,5.500037070980384
Elevation,4.037718577247374
PDQ,3.5862281611349154
rough_NDVI,2.9775645606357304
CEC,2.105774570969792
