nt,pseudo_r2,pred_obs_r2,pred_obs_r2_exp
7150,0.4835687652350501,0.7936315363882418,0.6799418729353044
