nt,pseudo_r2,pred_obs_r2,pred_obs_r2_exp
8350,0.5091150826769835,0.8118653959506473,0.7010290326291918
