nt,pseudo_r2,pred_obs_r2,pred_obs_r2_exp
8400,0.48845103937230827,0.8117944659016174,0.7012200978195994
