var,rel.inf
pH,15.957515867686157
rough_Surface.T,12.562665883120708
MAP,12.288450793051823
rough_Clay,10.406649366164771
rough_Elevation,10.351936344531556
Clay,8.601582403133655
rough_Soil.C,6.379372550780024
rough_MAP,5.992111599680524
rough_CEC,5.433481874756186
Elevation,4.0584764982803385
PDQ,3.2996378692896884
rough_NDVI,2.8730515777839356
CEC,1.7950673717406282
