var,rel.inf
pH,15.642784634971164
rough_Surface.T,12.373226071889547
MAP,12.350672774745178
rough_Clay,10.535315675468672
rough_Elevation,10.133292054909413
Clay,8.39073252549602
rough_Soil.C,6.469580033069545
rough_MAP,5.847548915183037
rough_CEC,5.488027423789189
Elevation,4.001796780545168
PDQ,3.541277802552832
rough_NDVI,2.952318252685999
CEC,2.273427054694241
