var,rel.inf
pH,15.634571058515727
rough_Surface.T,12.300059307245094
MAP,12.20182275080408
rough_Clay,10.59549532801818
rough_Elevation,10.269741676275839
Clay,8.419643512044864
rough_Soil.C,6.444032067025227
rough_MAP,6.015243788090607
rough_CEC,5.352652542927853
Elevation,4.020558214027287
PDQ,3.5909355616662815
rough_NDVI,3.085657307557527
CEC,2.0695868858014315
