nt,pseudo_r2,pred_obs_r2,pred_obs_r2_exp
8200,0.49049815712916833,0.809313836405943,0.6957557575716835
