var,rel.inf
pH,15.557316613632672
rough_Surface.T,12.827724108066048
MAP,12.047076700907494
rough_Clay,10.42544698162637
rough_Elevation,10.39460475171972
Clay,8.724598882510909
rough_Soil.C,6.340425194480409
rough_MAP,6.043904761738
rough_CEC,5.475885075084912
Elevation,4.096798654211006
PDQ,3.1902776345302537
rough_NDVI,2.9672860348510617
CEC,1.908654606641133
