var,rel.inf
pH,15.628373894388409
rough_Surface.T,12.386410341731068
MAP,12.255341435611014
rough_Clay,10.599302545689719
rough_Elevation,10.27551194713544
Clay,8.430145266485411
rough_Soil.C,6.506812871499275
rough_MAP,6.012885444134065
rough_CEC,5.437070519270423
Elevation,4.033473832226298
PDQ,3.402424732217226
rough_NDVI,3.006627288611408
CEC,2.025619881000239
