nt,pseudo_r2,pred_obs_r2,pred_obs_r2_exp
8300,0.5019177078509959,0.8097773942339361,0.6976350428319811
