nt,pseudo_r2,pred_obs_r2,pred_obs_r2_exp
7750,0.475763156707912,0.8020166312498033,0.6903089579325005
