nt,pseudo_r2,pred_obs_r2,pred_obs_r2_exp
7600,0.49809851410228034,0.8008386613214192,0.6885556087968131
