nt,pseudo_r2,pred_obs_r2,pred_obs_r2_exp
7650,0.49804291241103504,0.800963523690723,0.6888579855025518
