var,rel.inf
pH,15.599368441799951
rough_Surface.T,12.2286310116224
MAP,12.13913125309399
rough_Clay,10.650647386529485
rough_Elevation,10.37789410389907
Clay,8.2971095469069
rough_Soil.C,6.525109977451977
rough_MAP,5.977899043259937
rough_CEC,5.3871669452205255
Elevation,4.071513201656301
PDQ,3.413509779352213
rough_NDVI,3.0813715307002814
CEC,2.250647778506969
