var,rel.inf
pH,15.62436918861435
rough_Surface.T,12.396163281271871
MAP,12.104606133347032
rough_Clay,10.725520714399787
rough_Elevation,10.24404671236015
Clay,8.433247101886884
rough_Soil.C,6.5274132240352785
rough_MAP,6.0913005983731985
rough_CEC,5.360549885199151
Elevation,4.1031569948988444
PDQ,3.3557505979937257
rough_NDVI,2.8643547454868252
CEC,2.1695208221329003
