nt,pseudo_r2,pred_obs_r2,pred_obs_r2_exp
8100,0.48302566319532036,0.8071040517239619,0.6923326974749244
