nt,pseudo_r2,pred_obs_r2,pred_obs_r2_exp
7750,0.49582914068721107,0.8032495570794839,0.6896457884296616
