var,rel.inf
pH,15.140361517462972
rough_Surface.T,12.521048303749138
MAP,12.344540106293909
rough_Clay,10.760037838437686
rough_Elevation,10.147607560948634
Clay,8.486110327200473
rough_Soil.C,6.343601346144531
rough_MAP,5.969977741650961
rough_CEC,5.3298948307552365
Elevation,3.994665149751072
PDQ,3.5262156949531684
rough_NDVI,3.2142183463877467
CEC,2.221721236264464
