nt,pseudo_r2,pred_obs_r2,pred_obs_r2_exp
7800,0.49192444304198446,0.8032410222507151,0.6913340066784612
