nt,pseudo_r2,pred_obs_r2,pred_obs_r2_exp
7800,0.5033153348552944,0.8031024222856306,0.6916327472498545
