var,rel.inf
pH,15.497426372338824
MAP,12.351295785920447
rough_Surface.T,12.183719285259373
rough_Clay,10.761991868882845
rough_Elevation,10.093626364690364
Clay,8.436655940628523
rough_Soil.C,6.605999213840789
rough_MAP,5.745759534824319
rough_CEC,5.4124330882731275
Elevation,3.92294169528693
PDQ,3.6370703401535214
rough_NDVI,3.136943173564184
CEC,2.2141373363367456
