var,rel.inf
pH,15.965139715487954
rough_Surface.T,12.378192014026448
MAP,12.314222945413833
rough_Clay,10.610254968152208
rough_Elevation,10.223721831962198
Clay,8.516862638801996
rough_Soil.C,6.483576575127231
rough_MAP,6.061435532373414
rough_CEC,5.367840866867032
Elevation,3.863077140310899
PDQ,3.2650492382179777
rough_NDVI,2.943932856684681
CEC,2.006693676574127
