var,rel.inf
pH,15.650055134040592
rough_Surface.T,12.57231134591904
MAP,12.119900992680384
rough_Clay,10.622835184948627
rough_Elevation,10.192080910100854
Clay,8.478322276835364
rough_Soil.C,6.522428671848689
rough_MAP,5.987818313539754
rough_CEC,5.427013831274784
Elevation,3.9355278226023556
PDQ,3.4815733306181897
rough_NDVI,2.894361086569669
CEC,2.1157710990217007
