var,rel.inf
pH,15.347918299358895
rough_Surface.T,12.349252636206014
MAP,12.168788172478072
rough_Clay,10.85649345153952
rough_Elevation,9.988046967901324
Clay,8.378498758460879
rough_Soil.C,6.353580798976628
rough_MAP,6.035601151838991
rough_CEC,5.4096377677044
Elevation,4.03780140578578
PDQ,3.516418724843868
rough_NDVI,3.2129448575521873
CEC,2.3450170073534498
