var,rel.inf
pH,15.415635887147571
rough_Surface.T,12.385639010536167
MAP,12.20241393238583
rough_Clay,10.733421207616136
rough_Elevation,10.076607859095667
Clay,8.54565105910277
rough_Soil.C,6.449546971786888
rough_MAP,5.9176583574703034
rough_CEC,5.364114559258844
Elevation,3.9615831206749887
PDQ,3.616919163241857
rough_NDVI,3.041881694505928
CEC,2.288927177177044
