nt,pseudo_r2,pred_obs_r2,pred_obs_r2_exp
9150,0.5027719290564115,0.8211717805567131,0.7095851778066308
