nt,pseudo_r2,pred_obs_r2,pred_obs_r2_exp
8150,0.5052080696812553,0.8089352321095228,0.696657662035793
