var,rel.inf
pH,15.61509679921552
rough_Surface.T,12.497839004455264
MAP,12.165117122233848
rough_Clay,10.884122115729538
rough_Elevation,10.069138561289176
Clay,8.310468698985602
rough_Soil.C,6.12041271747343
rough_MAP,6.079792878973903
rough_CEC,5.520176866766127
Elevation,4.030465170891957
PDQ,3.519921060039568
rough_NDVI,2.980276142254622
CEC,2.2071728616914403
