nt,pseudo_r2,pred_obs_r2,pred_obs_r2_exp
8550,0.5089982445789709,0.8128768611347437,0.702725582426282
