nt,pseudo_r2,pred_obs_r2,pred_obs_r2_exp
7700,0.47951705054659244,0.8019166991746347,0.6876755084740346
