nt,pseudo_r2,pred_obs_r2,pred_obs_r2_exp
7950,0.4937637644460232,0.8058114806065051,0.6942593682569311
