nt,pseudo_r2,pred_obs_r2,pred_obs_r2_exp
8750,0.4954724267940045,0.8159844302185906,0.7038699304526876
