var,rel.inf
pH,15.155796185752704
MAP,12.228012210590698
rough_Surface.T,12.099743360163057
rough_Clay,10.669707085053275
rough_Elevation,10.06878473336269
Clay,8.306897221215992
rough_Soil.C,6.563041747035198
rough_MAP,6.096123704221946
rough_CEC,5.459240141825061
Elevation,3.9508564378968347
PDQ,3.797277778540946
rough_NDVI,3.223250738822833
CEC,2.381268655518772
