nt,pseudo_r2,pred_obs_r2,pred_obs_r2_exp
8650,0.5061519170776605,0.8150808795827803,0.7050427350625108
