var,rel.inf
pH,15.821733181588103
rough_Surface.T,12.666402400271576
MAP,12.33959619931099
rough_Clay,10.571731677604717
rough_Elevation,10.26000558120436
Clay,8.33427286712603
rough_Soil.C,6.242664229287831
rough_MAP,5.9027007701820065
rough_CEC,5.341634778975778
Elevation,4.059137468265361
PDQ,3.3401791414897133
rough_NDVI,3.0191182690399945
CEC,2.1008234356535413
