var,rel.inf
pH,15.503315893932486
rough_Surface.T,12.374982981188275
MAP,12.21230785071559
rough_Clay,10.664255854408328
rough_Elevation,10.064420620712028
Clay,8.468053891995778
rough_Soil.C,6.433599570562418
rough_MAP,6.143103492123216
rough_CEC,5.379959640146399
Elevation,4.009554114791699
PDQ,3.4295994385520956
rough_NDVI,3.1648976129941193
CEC,2.151949037877576
