var,rel.inf
pH,15.889928707056137
rough_Surface.T,12.559599787973683
MAP,12.10673283181572
rough_Clay,10.691538312447516
rough_Elevation,10.35955454085527
Clay,8.427088842378051
rough_Soil.C,6.335171056225804
rough_MAP,6.079787216613107
rough_CEC,5.339799750124952
Elevation,3.970633643837677
PDQ,3.301211528852085
rough_NDVI,2.990604169037857
CEC,1.9483496127821385
