nt,pseudo_r2,pred_obs_r2,pred_obs_r2_exp
8900,0.5011011671393243,0.8183580023797262,0.7068563409285781
