nt,pseudo_r2,pred_obs_r2,pred_obs_r2_exp
8200,0.48262682634085174,0.8095181164448563,0.699430631193327
