var,rel.inf
pH,15.090810932702798
rough_Surface.T,12.426736080165979
MAP,12.209384837533868
rough_Clay,10.690086165773286
rough_Elevation,10.262770071512858
Clay,8.494744120509457
rough_Soil.C,6.4715316247383985
rough_MAP,6.079517824695642
rough_CEC,5.373676148982771
Elevation,4.072725412101888
PDQ,3.520642316434467
rough_NDVI,3.070984146733801
CEC,2.2363903181147906
