nt,pseudo_r2,pred_obs_r2,pred_obs_r2_exp
9200,0.4971756509999192,0.8224732059477341,0.7097545310764332
