nt,pseudo_r2,pred_obs_r2,pred_obs_r2_exp
8400,0.495484753961817,0.811581533294437,0.7002442760710276
