var,rel.inf
pH,15.61282517127653
MAP,12.541742555845063
rough_Surface.T,12.432102768556156
rough_Clay,10.6890216536529
rough_Elevation,10.153274901742625
Clay,8.294780737586507
rough_Soil.C,6.5508846895409585
rough_MAP,5.8661730759721795
rough_CEC,5.228030471015507
Elevation,4.094543438945667
PDQ,3.441619561279608
rough_NDVI,2.9121140353294854
CEC,2.1828869392568175
