var,rel.inf
pH,15.4742858906332
rough_Surface.T,12.426994852811351
MAP,12.117359914306673
rough_Clay,10.600131326839252
rough_Elevation,10.095734070669373
Clay,8.816175420189898
rough_Soil.C,6.381231817815542
rough_MAP,6.0571870997661685
rough_CEC,5.392306923290472
Elevation,4.005808222286584
PDQ,3.5829218183431393
rough_NDVI,2.9910190117619337
CEC,2.05884363128642
