nt,pseudo_r2,pred_obs_r2,pred_obs_r2_exp
8350,0.48931645042027083,0.8116449477500667,0.6996931761851198
