var,rel.inf
pH,15.435884568375663
rough_Surface.T,12.583116616178513
MAP,12.055195875006651
rough_Clay,10.907392595799953
rough_Elevation,10.028461448625766
Clay,8.599607065028922
rough_Soil.C,6.354084849906561
rough_MAP,6.055072133871712
rough_CEC,5.3372352736427064
Elevation,4.034924629993508
PDQ,3.3864390464345386
rough_NDVI,3.070207667919717
CEC,2.1523782292157927
