nt,pseudo_r2,pred_obs_r2,pred_obs_r2_exp
8150,0.4816606848097942,0.808789921224477,0.695712808285965
