var,rel.inf
pH,15.230614410854308
rough_Surface.T,12.25187345452787
MAP,12.20747640272721
rough_Clay,10.786872036248749
rough_Elevation,10.09231127529474
Clay,8.461528509851396
rough_Soil.C,6.510645690547189
rough_MAP,6.1500095310526035
rough_CEC,5.43922235854053
Elevation,4.206593871305232
PDQ,3.4344326122469075
rough_NDVI,3.0378638722169615
CEC,2.190555974586309
