nt,pseudo_r2,pred_obs_r2,pred_obs_r2_exp
7450,0.4805391483495248,0.7978325132952735,0.6846022201138618
