var,rel.inf
pH,15.294912231826492
MAP,12.352330808062309
rough_Surface.T,12.19021989184214
rough_Clay,10.692789375726822
rough_Elevation,10.192889522805878
Clay,8.331576049898574
rough_Soil.C,6.463550994201618
rough_MAP,5.897703669974682
rough_CEC,5.354916026935434
Elevation,4.155797587442097
PDQ,3.531541329979711
rough_NDVI,3.1496280429011088
CEC,2.3921444684031283
