nt,pseudo_r2,pred_obs_r2,pred_obs_r2_exp
7850,0.5055871039729662,0.8042471816050425,0.6933033234346436
