var,rel.inf
pH,15.72802670217574
rough_Surface.T,12.48996706051455
MAP,12.270749885059944
rough_Clay,10.697765807031056
rough_Elevation,10.353127715880257
Clay,8.2402371130468
rough_Soil.C,6.475067799771072
rough_MAP,5.999290209911912
rough_CEC,5.460423257561496
Elevation,3.9248063352431055
PDQ,3.3737582420797074
rough_NDVI,2.866799283711383
CEC,2.1199805880129707
