nt,pseudo_r2,pred_obs_r2,pred_obs_r2_exp
7800,0.48244309661163187,0.8037224351007412,0.6917335676349268
