nt,pseudo_r2,pred_obs_r2,pred_obs_r2_exp
8300,0.4892762343728434,0.8108980530796064,0.6994569678268784
