nt,pseudo_r2,pred_obs_r2,pred_obs_r2_exp
7350,0.4929168113211462,0.7955158771509188,0.6823242231241068
