nt,pseudo_r2,pred_obs_r2,pred_obs_r2_exp
8600,0.49752377004766457,0.8149493348634972,0.704090086060495
