nt,pseudo_r2,pred_obs_r2,pred_obs_r2_exp
8950,0.5127635398570417,0.8191043091886411,0.7078465586020853
