var,rel.inf
pH,15.487911873297596
rough_Surface.T,12.36393299464385
MAP,11.853592639799
rough_Clay,10.987747650348929
rough_Elevation,10.212529553102947
Clay,8.46853382003646
rough_Soil.C,6.581612481649095
rough_MAP,6.1734085858537675
rough_CEC,5.469895127822086
Elevation,4.087253840700434
PDQ,3.3140292169752104
rough_NDVI,2.885567554248722
CEC,2.1139846615218953
