nt,pseudo_r2,pred_obs_r2,pred_obs_r2_exp
8100,0.4910286034914879,0.8083847724231236,0.6967249440493855
