var,rel.inf
pH,15.425747909767876
rough_Surface.T,12.326425722203648
MAP,12.183803089621223
rough_Clay,10.950465866660107
rough_Elevation,10.336297596965926
Clay,8.455361522927882
rough_Soil.C,6.275110064652562
rough_MAP,5.981322259549829
rough_CEC,5.16714108537741
Elevation,3.918916098574902
PDQ,3.6094972355703856
rough_NDVI,3.1641240981269827
CEC,2.205787450001263
