nt,pseudo_r2,pred_obs_r2,pred_obs_r2_exp
8100,0.4999081274783205,0.8076202112689489,0.6950487632058662
