var,rel.inf
pH,15.948171281251899
MAP,12.326781818196618
rough_Surface.T,12.262539517158963
rough_Clay,10.544136876028517
rough_Elevation,10.360730842020141
Clay,8.223398689326153
rough_Soil.C,6.386754863044964
rough_MAP,5.838364990888796
rough_CEC,5.354276237992207
Elevation,4.069907429851487
PDQ,3.4470862941046057
rough_NDVI,3.0803631137456553
CEC,2.1574880463899917
