var,rel.inf
pH,15.456396673638379
MAP,12.573786252824686
rough_Surface.T,12.279629121880701
rough_Clay,10.658709313857772
rough_Elevation,10.112105252196333
Clay,8.549235963681772
rough_Soil.C,6.289762901572738
rough_MAP,5.7908695687658565
rough_CEC,5.3955672568746635
Elevation,3.935759353002469
PDQ,3.667434523896859
rough_NDVI,3.109945814457386
CEC,2.180798003350383
