nt,pseudo_r2,pred_obs_r2,pred_obs_r2_exp
7650,0.5008341092760029,0.800067945161623,0.689037567644208
