var,rel.inf
pH,15.81252673967949
rough_Surface.T,12.454449308083266
MAP,12.297535838678801
rough_Clay,10.737930303503644
rough_Elevation,10.167400290245396
Clay,8.374906822633474
rough_Soil.C,6.536569976757288
rough_MAP,5.991729305579125
rough_CEC,5.430011048735404
Elevation,3.9046615412478842
PDQ,3.33418286665995
rough_NDVI,2.976950661324894
CEC,1.981145296871389
