nt,pseudo_r2,pred_obs_r2,pred_obs_r2_exp
7800,0.4858675120008543,0.8040396967347029,0.6916543313374962
