var,rel.inf
pH,15.7120757990264
rough_Surface.T,12.466044153442471
MAP,12.13213971297597
rough_Clay,10.805912966813429
rough_Elevation,10.213845478876319
Clay,8.480156052146123
rough_Soil.C,6.327617384443319
rough_MAP,5.980941399583233
rough_CEC,5.479490884625786
Elevation,3.9547378892058975
PDQ,3.389614739550941
rough_NDVI,2.9532277004543785
CEC,2.1041958388557336
