var,rel.inf
pH,15.668414300609715
rough_Surface.T,12.74017337856858
MAP,12.383188809482347
rough_Clay,10.774182320349643
rough_Elevation,10.322498270805996
Clay,8.383890884149286
rough_Soil.C,6.105637809696758
rough_MAP,6.030511633349333
rough_CEC,5.425165898473679
Elevation,3.9457086911437678
PDQ,3.300427839833994
rough_NDVI,2.9701241941583127
CEC,1.9500759693785872
