nt,pseudo_r2,pred_obs_r2,pred_obs_r2_exp
7700,0.48809241708486173,0.8024212765727025,0.6928969532333216
