var,rel.inf
pH,15.179805382229985
rough_Surface.T,12.515520508366366
MAP,12.455388007425189
rough_Clay,10.729891552272619
rough_Elevation,10.314451588742848
Clay,8.557436869547098
rough_Soil.C,6.366688486880473
rough_MAP,5.895679853604258
rough_CEC,5.345767459838006
Elevation,3.9902915162310766
PDQ,3.4832529016687284
rough_NDVI,3.0326610221982593
CEC,2.1331648509950933
