var,rel.inf
pH,15.788289956294223
rough_Surface.T,12.314876913467982
MAP,12.209962284916093
rough_Clay,10.776825534621615
rough_Elevation,10.093612735838404
Clay,8.447030794679225
rough_Soil.C,6.437921711504049
rough_MAP,5.9705855819588205
rough_CEC,5.438708272360089
Elevation,3.945582529825416
PDQ,3.421871374694958
rough_NDVI,3.0076644561790085
CEC,2.1470678536601215
