var,rel.inf
pH,15.52267469880701
rough_Surface.T,12.368205292991306
MAP,12.13502613715083
rough_Clay,10.675272281209274
rough_Elevation,10.087992227937717
Clay,8.445216866666371
rough_Soil.C,6.42672869176407
rough_MAP,6.149349181343781
rough_CEC,5.588369029672155
Elevation,3.8928575654671422
PDQ,3.4058379096330307
rough_NDVI,3.0390081424168773
CEC,2.2634619749404266
