nt,pseudo_r2,pred_obs_r2,pred_obs_r2_exp
8050,0.502025852735487,0.8074499039383741,0.6955190980362731
