nt,pseudo_r2,pred_obs_r2,pred_obs_r2_exp
9300,0.5066010318198217,0.8230978873855153,0.7110523971493428
