var,rel.inf
pH,15.772579509909006
rough_Surface.T,12.504798711825945
MAP,12.226943031771675
rough_Clay,10.700579811734139
rough_Elevation,10.32259501540484
Clay,8.171655181788049
rough_Soil.C,6.454052885681067
rough_MAP,5.973109236171373
rough_CEC,5.354338841916159
Elevation,4.093424922728167
PDQ,3.4663551243554362
rough_NDVI,2.944539175469909
CEC,2.0150285512442303
