var,rel.inf
pH,15.533701815772321
rough_Surface.T,12.376198913085522
MAP,12.319234893678237
rough_Clay,10.860341649885445
rough_Elevation,10.451997563419946
Clay,8.426888090618087
rough_Soil.C,6.193884699939864
rough_MAP,6.129138131246052
rough_CEC,5.33336084682653
Elevation,4.066524273440881
PDQ,3.295260921950842
rough_NDVI,2.920146134819363
CEC,2.0933220653169125
