var,rel.inf
pH,15.722473408987048
rough_Surface.T,12.43577305866563
MAP,12.277186512214165
rough_Clay,10.672904100810031
rough_Elevation,10.465474375739547
Clay,8.520115562284571
rough_Soil.C,6.416859721801298
rough_MAP,5.892723699475631
rough_CEC,5.388531675799184
Elevation,3.9561031056862195
PDQ,3.418956869933916
rough_NDVI,2.9594035013906157
CEC,1.8734944072121371
