nt,pseudo_r2,pred_obs_r2,pred_obs_r2_exp
9150,0.4971918070001772,0.821608735023933,0.7088314316639374
