nt,pseudo_r2,pred_obs_r2,pred_obs_r2_exp
7350,0.4729626603368394,0.7972194664911706,0.6825884361039425
