var,rel.inf
pH,15.621932863273162
rough_Surface.T,12.416157306076018
MAP,12.313695502293957
rough_Clay,10.626458467153428
rough_Elevation,10.310461189922897
Clay,8.189023024811181
rough_Soil.C,6.489077491679299
rough_MAP,6.10059089240214
rough_CEC,5.450588781147848
Elevation,3.971578722114331
PDQ,3.4618381524294053
rough_NDVI,3.017046017394958
CEC,2.0315515893013774
