var,rel.inf
pH,15.274270731284025
rough_Surface.T,12.508049411323723
MAP,12.269174182669913
rough_Clay,10.7318353429409
rough_Elevation,10.073756825599544
Clay,8.536182980080273
rough_Soil.C,6.357690346370788
rough_MAP,5.980472493085475
rough_CEC,5.47860480844581
Elevation,4.1769919877708475
PDQ,3.316054462732647
rough_NDVI,3.1114857442431902
CEC,2.1854306834528585
