var,rel.inf
pH,15.889886409536206
rough_Surface.T,12.367065120684652
MAP,12.239965442351838
rough_Clay,10.68459074166651
rough_Elevation,10.241792817419729
Clay,8.562903429878752
rough_Soil.C,6.138092525266052
rough_MAP,6.0790971014932005
rough_CEC,5.325291373822573
Elevation,3.8859603151104345
PDQ,3.45623534526633
rough_NDVI,2.9766599698606235
CEC,2.1524594076430947
