nt,pseudo_r2,pred_obs_r2,pred_obs_r2_exp
7650,0.48896252550657504,0.8015240264609118,0.6878446288277342
