var,rel.inf
pH,15.092573707738099
MAP,12.409830224308463
rough_Surface.T,12.351323987229954
rough_Clay,10.893223087293437
rough_Elevation,10.145421521025558
Clay,8.693894798013238
rough_Soil.C,6.427405771056084
rough_MAP,5.932045269131791
rough_CEC,5.386220552698486
Elevation,3.969954840446256
PDQ,3.543079540320742
rough_NDVI,2.960964547990651
CEC,2.19406215274724
