var,rel.inf
pH,15.988916242674865
rough_Surface.T,12.74063185723574
MAP,12.33076150708432
rough_Clay,10.556378206476857
rough_Elevation,10.432802349825234
Clay,8.346981276734748
rough_Soil.C,6.231779265539357
rough_MAP,5.898966528843189
rough_CEC,5.346204519144419
Elevation,3.9174141355666565
PDQ,3.377032269389083
rough_NDVI,2.9100429904201097
CEC,1.9220888510654264
