var,rel.inf
pH,14.844642637425228
rough_Surface.T,12.206882323427733
MAP,12.023317432639455
rough_Clay,10.809008157936816
rough_Elevation,10.017447131153963
Clay,8.647540485475037
rough_Soil.C,6.560151454742301
rough_MAP,6.126660969653773
rough_CEC,5.418684878507272
Elevation,4.029821910089269
PDQ,3.6877524836833775
rough_NDVI,3.142270481850008
CEC,2.4858196534157733
