nt,pseudo_r2,pred_obs_r2,pred_obs_r2_exp
7800,0.4773853785313169,0.8033015291093756,0.6900084728248527
