nt,pseudo_r2,pred_obs_r2,pred_obs_r2_exp
7500,0.500200767217809,0.7982869476379321,0.6850933508167635
