var,rel.inf
pH,15.497599994814763
rough_Surface.T,12.460393731064968
MAP,12.265214574925924
rough_Clay,10.884340185482156
rough_Elevation,10.399477052160183
Clay,8.435326153015842
rough_Soil.C,6.365837019524927
rough_MAP,5.844646314329148
rough_CEC,5.353723728139052
Elevation,3.998223264043389
PDQ,3.294361007291652
rough_NDVI,3.0865675866314146
CEC,2.114289388576577
