nt,pseudo_r2,pred_obs_r2,pred_obs_r2_exp
8550,0.4897533462985071,0.8134599052828797,0.7014676685877453
