nt,pseudo_r2,pred_obs_r2,pred_obs_r2_exp
8800,0.5060527153498856,0.8174883782851323,0.7046968083089356
