nt,pseudo_r2,pred_obs_r2,pred_obs_r2_exp
8350,0.49722522171444805,0.8111086780431631,0.7006512895767063
