nt,pseudo_r2,pred_obs_r2,pred_obs_r2_exp
7550,0.48107376795475665,0.7997723091513061,0.6895071186696936
