nt,pseudo_r2,pred_obs_r2,pred_obs_r2_exp
7300,0.48874273823587944,0.795200311298445,0.6808847554423451
