nt,pseudo_r2,pred_obs_r2,pred_obs_r2_exp
7550,0.5045426303425962,0.7993189156678461,0.6874618858138344
