nt,pseudo_r2,pred_obs_r2,pred_obs_r2_exp
8600,0.5014948217196062,0.8142469845414152,0.7025513327972984
