var,rel.inf
pH,15.44647621343387
rough_Surface.T,12.56327778238531
MAP,12.248668350865538
rough_Clay,10.884301229106134
rough_Elevation,10.143826098472285
Clay,8.527507309329174
rough_Soil.C,6.422717543244388
rough_MAP,6.005033926359684
rough_CEC,5.420483911037091
Elevation,3.948275901071155
PDQ,3.312917920393692
rough_NDVI,2.9767953037603667
CEC,2.099718510541313
