var,rel.inf
pH,15.50374319110656
rough_Surface.T,12.480085940577306
MAP,12.303912035043588
rough_Clay,10.656309202223214
rough_Elevation,10.138111837541352
Clay,8.535988982742955
rough_Soil.C,6.440198106976671
rough_MAP,5.860185063498417
rough_CEC,5.372115771889446
Elevation,4.125428311305197
PDQ,3.4618946017417587
rough_NDVI,2.9875755560754893
CEC,2.134451399278049
