nt,pseudo_r2,pred_obs_r2,pred_obs_r2_exp
7900,0.49122420231160147,0.80538324485919,0.6919987235931263
