var,rel.inf
pH,15.349188480960485
rough_Surface.T,12.438152306165161
MAP,12.252568209116173
rough_Clay,10.643787695127966
rough_Elevation,9.850388556214893
Clay,8.385588931551442
rough_Soil.C,6.6323020388926235
rough_MAP,5.905416422611715
rough_CEC,5.315543064174201
Elevation,4.134250235947293
PDQ,3.5519392878066607
rough_NDVI,3.1493338508775204
CEC,2.3915409205538696
