nt,pseudo_r2,pred_obs_r2,pred_obs_r2_exp
8600,0.48991559577680377,0.8149038145922589,0.7024202843449843
