var,rel.inf
pH,15.106094013400718
rough_Surface.T,12.27723720149542
MAP,12.055500107400979
rough_Clay,10.977812589572379
rough_Elevation,10.081477993916545
Clay,8.564984597544237
rough_Soil.C,6.405516416440863
rough_MAP,6.052572719890553
rough_CEC,5.4374988864152956
Elevation,4.013944745821246
PDQ,3.5574766166694625
rough_NDVI,3.1393934403231536
CEC,2.330490671109153
