nt,pseudo_r2,pred_obs_r2,pred_obs_r2_exp
7550,0.4603365380419333,0.7996343489655856,0.6877676183516155
