var,rel.inf
pH,15.69090926403996
rough_Surface.T,12.55960335679259
MAP,12.240918870326079
rough_Clay,10.719474865460022
rough_Elevation,10.283276550371339
Clay,8.347819628886326
rough_Soil.C,6.228746206111513
rough_MAP,6.040101114410383
rough_CEC,5.3647663254355775
Elevation,3.985160024969142
PDQ,3.3833837634159694
rough_NDVI,3.1000359150847623
CEC,2.055804114696336
