nt,pseudo_r2,pred_obs_r2,pred_obs_r2_exp
7900,0.46939372961436376,0.8052158422646247,0.6932699821477297
