nt,pseudo_r2,pred_obs_r2,pred_obs_r2_exp
7150,0.48844489782363265,0.7934584614875533,0.6799298295451133
