nt,pseudo_r2,pred_obs_r2,pred_obs_r2_exp
8950,0.4848521684935633,0.81906571822018,0.7062216835092275
