var,rel.inf
pH,15.282833806913494
rough_Surface.T,12.545628951092944
MAP,12.356232664878693
rough_Clay,10.805090703279324
rough_Elevation,10.192458734278896
Clay,8.435799252431615
rough_Soil.C,6.245586931904329
rough_MAP,6.035319068293955
rough_CEC,5.3767937623678135
Elevation,4.003160657755303
PDQ,3.5091359395984285
rough_NDVI,3.0657401380655553
CEC,2.1462193891396586
