nt,pseudo_r2,pred_obs_r2,pred_obs_r2_exp
6600,0.4619148385854305,0.7833953935977372,0.6712481783896868
