nt,pseudo_r2,pred_obs_r2,pred_obs_r2_exp
7600,0.5051367816167434,0.8006305193457793,0.6895322653715865
