nt,pseudo_r2,pred_obs_r2,pred_obs_r2_exp
7300,0.481160388192329,0.7954382765121848,0.6815555549430736
