nt,pseudo_r2,pred_obs_r2,pred_obs_r2_exp
7750,0.49878561749808104,0.8027456126629194,0.6910169192620279
