var,rel.inf
pH,15.54162097856243
rough_Surface.T,12.470410590943445
MAP,12.334796715774937
rough_Clay,10.684987175501
rough_Elevation,10.07740804805466
Clay,8.316862760144971
rough_Soil.C,6.472429505534172
rough_MAP,5.86491171035928
rough_CEC,5.362064290951869
Elevation,3.9885417822466844
PDQ,3.641435712118489
rough_NDVI,3.019964527518017
CEC,2.224566202290044
