nt,pseudo_r2,pred_obs_r2,pred_obs_r2_exp
7800,0.4948895064450669,0.8037429119336104,0.6915695116080749
