var,rel.inf
pH,15.420554426337004
rough_Surface.T,12.358978338778305
MAP,12.313130056720032
rough_Clay,10.65322257260209
rough_Elevation,10.10893892615609
Clay,8.297711675341938
rough_Soil.C,6.447933433078401
rough_MAP,6.072242331285589
rough_CEC,5.474011375152712
Elevation,4.068863208207462
PDQ,3.609109632416026
rough_NDVI,3.013238521493301
CEC,2.162065502431052
