nt,pseudo_r2,pred_obs_r2,pred_obs_r2_exp
8150,0.4877457339253005,0.8082469276878093,0.6984914627112291
