var,rel.inf
pH,15.62169732154746
rough_Surface.T,12.644552405910153
MAP,12.030906461546243
rough_Clay,10.639403880180009
rough_Elevation,10.125111870124853
Clay,8.378059962498963
rough_Soil.C,6.477723708402822
rough_MAP,5.862766698905181
rough_CEC,5.4361808983753175
Elevation,4.092299773229164
PDQ,3.4729110610769434
rough_NDVI,3.1207071723053783
CEC,2.0976787858975094
