var,rel.inf
pH,15.036143674042757
rough_Surface.T,12.454732338092539
MAP,12.17793529603373
rough_Clay,10.670300621325975
rough_Elevation,10.150310172931743
Clay,8.48639468412052
rough_Soil.C,6.2889366257964925
rough_MAP,6.153295774667373
rough_CEC,5.533942969650498
Elevation,4.073171956448452
PDQ,3.5113557642093682
rough_NDVI,3.1309850540409347
CEC,2.332495068639627
