nt,pseudo_r2,pred_obs_r2,pred_obs_r2_exp
8150,0.49612000585534055,0.8088209053693338,0.6965541648121832
