var,rel.inf
pH,15.378037280900877
rough_Surface.T,12.619774211533882
MAP,12.443405806804654
rough_Clay,10.633155205380952
rough_Elevation,10.38704907181746
Clay,8.75317037828964
rough_Soil.C,6.410075477806804
rough_MAP,5.588429640526963
rough_CEC,5.528367263240945
Elevation,4.049139646425638
PDQ,3.3692511239026994
rough_NDVI,2.994440316360763
CEC,1.84570457700873
