var,rel.inf
pH,15.695032462469563
rough_Surface.T,12.481522909852144
MAP,12.117882313173004
rough_Clay,10.588387414234372
rough_Elevation,10.189790795649898
Clay,8.37096379231577
rough_Soil.C,6.4336946042850265
rough_MAP,5.9261283025598654
rough_CEC,5.318743215306965
Elevation,4.051641181767998
PDQ,3.5615561334228962
rough_NDVI,2.9958358322883742
CEC,2.268821042674119
