nt,pseudo_r2,pred_obs_r2,pred_obs_r2_exp
8700,0.5240874288548449,0.8163858698078271,0.7061316449735149
