nt,pseudo_r2,pred_obs_r2,pred_obs_r2_exp
8250,0.49557986257416176,0.8100121976231384,0.6978438323640147
