nt,pseudo_r2,pred_obs_r2,pred_obs_r2_exp
7950,0.4788052770380653,0.8057466984584707,0.6948324310788901
