nt,pseudo_r2,pred_obs_r2,pred_obs_r2_exp
8900,0.49763917913957834,0.8179970927490864,0.7097789095244202
