var,rel.inf
pH,15.609272526429974
rough_Surface.T,12.302680163706686
MAP,12.146047156739192
rough_Clay,10.735758587378825
rough_Elevation,10.280594784844215
Clay,8.465727050322426
rough_Soil.C,6.373659525963272
rough_MAP,6.018243316105659
rough_CEC,5.402730429323786
Elevation,4.068815885699791
PDQ,3.488947001298265
rough_NDVI,2.966529649778181
CEC,2.140993922409721
