var,rel.inf
pH,15.666492412515973
rough_Surface.T,12.534345600752527
MAP,12.416371974022965
rough_Clay,10.474793464829503
rough_Elevation,10.18759112700773
Clay,8.46069069446085
rough_Soil.C,6.484068325170546
rough_MAP,5.8672355627955435
rough_CEC,5.424865558408853
Elevation,3.979151295359991
PDQ,3.492765193541472
rough_NDVI,2.9140450323544966
CEC,2.097583758779541
