nt,pseudo_r2,pred_obs_r2,pred_obs_r2_exp
7150,0.48648189361254124,0.7940595312097264,0.6801533059796528
