nt,pseudo_r2,pred_obs_r2,pred_obs_r2_exp
8150,0.4808189142779018,0.8076528922380545,0.693636819987032
