nt,pseudo_r2,pred_obs_r2,pred_obs_r2_exp
7650,0.4977832436206189,0.8017206611028085,0.6884467714368113
