nt,pseudo_r2,pred_obs_r2,pred_obs_r2_exp
6700,0.4790835622532036,0.7862253339924551,0.6704375418855295
