nt,pseudo_r2,pred_obs_r2,pred_obs_r2_exp
8700,0.5026294909252509,0.8149173090736878,0.7030451713154515
