nt,pseudo_r2,pred_obs_r2,pred_obs_r2_exp
8900,0.5215105925869539,0.8181082713487117,0.7046005577972088
