nt,pseudo_r2,pred_obs_r2,pred_obs_r2_exp
8100,0.4986222670892173,0.8080319776123046,0.6952365438025937
