var,rel.inf
pH,15.481656545458026
rough_Surface.T,12.254295686253796
MAP,12.064823616862233
rough_Clay,10.976186015978294
rough_Elevation,10.079911876382731
Clay,8.581909716933055
rough_Soil.C,6.3342223182254616
rough_MAP,6.016512815676088
rough_CEC,5.556739768874845
Elevation,3.8944378752624758
PDQ,3.5251077054709135
rough_NDVI,3.1165077689393086
CEC,2.1176882896827727
