nt,pseudo_r2,pred_obs_r2,pred_obs_r2_exp
9250,0.4935835286978423,0.8226614741590109,0.7119828854013154
