nt,pseudo_r2,pred_obs_r2,pred_obs_r2_exp
8800,0.4832550121116893,0.8178517622180477,0.7053216393088035
