var,rel.inf
pH,15.67116614080022
rough_Surface.T,12.330199821743582
MAP,12.195163285540017
rough_Clay,10.699582661368998
rough_Elevation,10.14909459329651
Clay,8.475017723513606
rough_Soil.C,6.301221450278477
rough_MAP,6.087456786599563
rough_CEC,5.378215965636142
Elevation,3.9883512837927233
PDQ,3.512074503457
rough_NDVI,2.991769217152863
CEC,2.220686566820296
