var,rel.inf
pH,15.44230258530974
rough_Surface.T,12.557098673539127
MAP,12.02965258842317
rough_Clay,10.73287053683172
rough_Elevation,10.269525347317357
Clay,8.493918346451643
rough_Soil.C,6.364873366405677
rough_MAP,6.015422366131266
rough_CEC,5.547759422256407
Elevation,3.8882018313079514
PDQ,3.494672529295558
rough_NDVI,2.967965855401302
CEC,2.195736551329088
