nt,pseudo_r2,pred_obs_r2,pred_obs_r2_exp
7450,0.5026738849315298,0.7983549875135156,0.6827908531226056
