nt,pseudo_r2,pred_obs_r2,pred_obs_r2_exp
7700,0.4968692105584348,0.8024386705271062,0.6874806721589474
