nt,pseudo_r2,pred_obs_r2,pred_obs_r2_exp
7700,0.4785887973506734,0.8019120354845083,0.6886532709193472
