nt,pseudo_r2,pred_obs_r2,pred_obs_r2_exp
9100,0.5028479645462146,0.8215406587072924,0.7081150913809527
