var,rel.inf
pH,15.510159243347859
rough_Surface.T,12.610680129194206
MAP,12.101845743241114
rough_Clay,10.450111713605299
rough_Elevation,10.255360155503773
Clay,8.63748562158244
rough_Soil.C,6.466343726097429
rough_MAP,6.101684951785589
rough_CEC,5.322207539442772
Elevation,3.865146878885698
PDQ,3.560009283561441
rough_NDVI,3.126178445819968
CEC,1.9927865679324126
