var,rel.inf
pH,15.412634518077596
MAP,12.229981225061682
rough_Surface.T,12.223320918507726
rough_Clay,10.76492384365213
rough_Elevation,10.057485633207234
Clay,8.377359665385963
rough_Soil.C,6.373977844448656
rough_MAP,6.140182292084958
rough_CEC,5.537158924340598
Elevation,4.077807098960168
PDQ,3.550874083751455
rough_NDVI,2.92464590415103
CEC,2.329648048370808
