nt,pseudo_r2,pred_obs_r2,pred_obs_r2_exp
8900,0.503710362448446,0.8179732373774079,0.7043051193139627
