nt,pseudo_r2,pred_obs_r2,pred_obs_r2_exp
8600,0.4905596116849267,0.8140812579778085,0.7027345933772683
