nt,pseudo_r2,pred_obs_r2,pred_obs_r2_exp
7550,0.48081911788514975,0.7994814234169958,0.6887715418000441
