nt,pseudo_r2,pred_obs_r2,pred_obs_r2_exp
8800,0.5112415506354631,0.8172150004129793,0.7042086483280853
