nt,pseudo_r2,pred_obs_r2,pred_obs_r2_exp
8e3,0.49083940400492787,0.8060080408889709,0.692341573306519
