nt,pseudo_r2,pred_obs_r2,pred_obs_r2_exp
8150,0.48078805004080993,0.80793314018346,0.6964535463045748
