var,rel.inf
pH,15.74762673364156
rough_Surface.T,12.729591245838222
MAP,12.345858327073138
rough_Clay,10.628031583362597
rough_Elevation,10.244549303689606
Clay,8.34959405051415
rough_MAP,6.198753913818678
rough_Soil.C,6.1245077443753875
rough_CEC,5.473388420591913
Elevation,4.009967425609384
PDQ,3.373377980975469
rough_NDVI,2.892471481077232
CEC,1.8822817894326627
