nt,pseudo_r2,pred_obs_r2,pred_obs_r2_exp
8950,0.497139467481998,0.8189938081619397,0.7073394295106069
