nt,pseudo_r2,pred_obs_r2,pred_obs_r2_exp
7500,0.4976555254419952,0.7999032993332927,0.685964672122014
