nt,pseudo_r2,pred_obs_r2,pred_obs_r2_exp
7400,0.47560947208650495,0.797231055460261,0.6822025375984765
