var,rel.inf
pH,15.676619757947082
rough_Surface.T,12.45040730627732
MAP,12.060249905286746
rough_Clay,10.637292699683941
rough_Elevation,10.24642521867909
Clay,8.322634120109006
rough_Soil.C,6.5160198450175875
rough_MAP,6.076131688479124
rough_CEC,5.418374265186053
Elevation,3.964249005370248
PDQ,3.487718978933433
rough_NDVI,2.9199818877101196
CEC,2.2238953213202497
