nt,pseudo_r2,pred_obs_r2,pred_obs_r2_exp
7850,0.49879435092460156,0.8041138100291068,0.6919144277949785
