nt,pseudo_r2,pred_obs_r2,pred_obs_r2_exp
7850,0.5174083042265338,0.8038045642984992,0.6903160497634091
