var,rel.inf
pH,15.389205811179657
MAP,12.547352122418157
rough_Surface.T,12.48327921411507
rough_Clay,10.727106092441172
rough_Elevation,10.108182950530285
Clay,8.102525445288418
rough_Soil.C,6.567757327347869
rough_MAP,5.834581770569754
rough_CEC,5.42790612565514
Elevation,4.038306081033428
PDQ,3.3947448166854484
rough_NDVI,3.1022011833790635
CEC,2.2768510593565443
