var,rel.inf
pH,15.226101548971354
MAP,12.362304277559344
rough_Surface.T,12.233978786075342
rough_Clay,10.823912880499455
rough_Elevation,9.980077142337501
Clay,8.49078233715769
rough_Soil.C,6.239404298505687
rough_MAP,6.019725430934111
rough_CEC,5.367225080917564
Elevation,4.022366119614873
PDQ,3.692681916495733
rough_NDVI,3.0912722710078024
CEC,2.450167909923551
