nt,pseudo_r2,pred_obs_r2,pred_obs_r2_exp
8650,0.4942929259966369,0.8149717416578459,0.7028825082570852
