nt,pseudo_r2,pred_obs_r2,pred_obs_r2_exp
6900,0.488699649224858,0.7894095399605586,0.6741115248295992
