nt,pseudo_r2,pred_obs_r2,pred_obs_r2_exp
8200,0.47695183040168243,0.8094532363489153,0.6959428580996484
