var,rel.inf
pH,15.195435759016018
rough_Surface.T,12.352314304007486
MAP,12.303950897843904
rough_Clay,10.808534242633117
rough_Elevation,10.119700110541412
Clay,8.383956177140465
rough_Soil.C,6.340957164408344
rough_MAP,6.180776630779571
rough_CEC,5.464612721166195
Elevation,4.105597361331809
PDQ,3.5044013881397813
rough_NDVI,3.0033724077709065
CEC,2.236390835220996
