var,rel.inf
pH,14.965537048108974
MAP,12.475394579710166
rough_Surface.T,12.175619292341436
rough_Clay,10.94090579750636
rough_Elevation,9.904468736480432
Clay,8.436024794563387
rough_Soil.C,6.537300824127793
rough_MAP,5.948412584110458
rough_CEC,5.372128689181561
Elevation,4.057835723026792
PDQ,3.7108595235310933
rough_NDVI,3.1074732278959365
CEC,2.3680391794156077
