nt,pseudo_r2,pred_obs_r2,pred_obs_r2_exp
7600,0.4896516770256889,0.8004724910277121,0.6869305044785232
