nt,pseudo_r2,pred_obs_r2,pred_obs_r2_exp
7950,0.4753750054550563,0.8053757795741642,0.6929819018479427
