var,rel.inf
pH,15.555504689554486
rough_Surface.T,12.387947558057883
MAP,12.20424505737122
rough_Clay,10.581604566012864
rough_Elevation,10.263704110578185
Clay,8.434259645630956
rough_Soil.C,6.504922811459233
rough_MAP,5.779045548097574
rough_CEC,5.471024242882679
Elevation,4.0751228838180635
PDQ,3.536366843818547
rough_NDVI,3.065085759400289
CEC,2.1411662833180296
