var,rel.inf
pH,15.505694813309585
rough_Surface.T,12.342733173154736
MAP,12.21393624556225
rough_Clay,10.736632244055851
rough_Elevation,10.235786921478562
Clay,8.389368245216572
rough_Soil.C,6.3448060260050365
rough_MAP,5.821810802970078
rough_CEC,5.3791950306395275
Elevation,4.161108458856246
PDQ,3.55980182600169
rough_NDVI,3.0632836399371537
CEC,2.245842572812715
