var,rel.inf
pH,15.096731504589327
MAP,12.259728708953304
rough_Surface.T,12.253637134881377
rough_Clay,10.932173845819568
rough_Elevation,9.957880572044976
Clay,8.675684937347059
rough_Soil.C,6.473932414441876
rough_MAP,5.921895152760903
rough_CEC,5.5503657505297435
Elevation,3.977691342239497
PDQ,3.550132183372924
rough_NDVI,2.968190514532771
CEC,2.3819559384866738
