var,rel.inf
pH,15.0438792899237
MAP,12.286169259789133
rough_Surface.T,12.00612368418207
rough_Clay,10.857351656410334
rough_Elevation,9.89535530669803
Clay,8.390533050966798
rough_Soil.C,6.449056043855076
rough_MAP,6.269621374017295
rough_CEC,5.3884397079430215
Elevation,4.201706308487684
PDQ,3.66027070847112
rough_NDVI,3.146681659266245
CEC,2.404811949989499
