var,rel.inf
pH,15.39145001924752
rough_Surface.T,12.31528454654751
MAP,12.246704864381924
rough_Clay,10.74266161038386
rough_Elevation,10.086257608607138
Clay,8.414155576725724
rough_Soil.C,6.415342743131281
rough_MAP,6.046840591636364
rough_CEC,5.261291632223573
Elevation,4.158981948820159
PDQ,3.5953009918472083
rough_NDVI,3.1433788946708376
CEC,2.1823489717768974
