nt,pseudo_r2,pred_obs_r2,pred_obs_r2_exp
8350,0.4980896021000605,0.8111999246339203,0.6990338715401682
