nt,pseudo_r2,pred_obs_r2,pred_obs_r2_exp
6700,0.48537532082362655,0.7856194904064637,0.6692377979696572
