var,rel.inf
pH,15.663874283316266
rough_Surface.T,12.331059277321435
MAP,12.140300902221059
rough_Clay,10.546022670395345
rough_Elevation,10.250454911642953
Clay,8.413674737411016
rough_Soil.C,6.386295772513596
rough_MAP,6.044348201858663
rough_CEC,5.604717950384406
Elevation,4.0394081557075365
PDQ,3.469151984017279
rough_NDVI,2.914555657025876
CEC,2.1961354961845734
