nt,pseudo_r2,pred_obs_r2,pred_obs_r2_exp
7600,0.5051378975699086,0.8002617243698712,0.688018436654123
