var,rel.inf
pH,15.633634488924098
rough_Surface.T,12.693996399914917
MAP,12.216628946281656
rough_Clay,10.56607064267706
rough_Elevation,10.293268323367574
Clay,8.673177883780122
rough_Soil.C,6.329727208854404
rough_MAP,5.917376301343191
rough_CEC,5.3763272254039345
Elevation,4.020654693074268
PDQ,3.3642765458620514
rough_NDVI,2.9286121895753436
CEC,1.9862491509413815
