var,rel.inf
pH,15.606359854521012
rough_Surface.T,12.464872985345018
MAP,12.272328266535494
rough_Clay,10.821546089592516
rough_Elevation,10.433362352032697
Clay,8.320677504106927
rough_Soil.C,6.434168177390604
rough_MAP,5.967902289943721
rough_CEC,5.421131187568946
Elevation,3.8916843568570814
PDQ,3.333417859186621
rough_NDVI,2.9337016543894165
CEC,2.098847422529951
