var,rel.inf
pH,15.441604778371634
rough_Surface.T,12.288537413174344
MAP,12.087001469144127
rough_Clay,10.932455894195176
rough_Elevation,9.996021983876613
Clay,8.277119261041241
rough_Soil.C,6.271990005910009
rough_MAP,6.106657718366627
rough_CEC,5.265115039569216
Elevation,4.018651933517321
PDQ,3.7307978363520147
rough_NDVI,3.167816734719672
CEC,2.4162299317620084
