nt,pseudo_r2,pred_obs_r2,pred_obs_r2_exp
8650,0.4809914184858878,0.8154252444527725,0.7016561112476892
