var,rel.inf
pH,15.236393609898078
MAP,12.411046284161964
rough_Surface.T,12.315232529709485
rough_Clay,10.65777892142965
rough_Elevation,10.154599547204826
Clay,8.410019733807028
rough_Soil.C,6.437643042595287
rough_MAP,5.975233539713401
rough_CEC,5.445674157364699
Elevation,4.026572202160334
PDQ,3.580898375398937
rough_NDVI,3.1233961026487926
CEC,2.2255119539075223
