nt,pseudo_r2,pred_obs_r2,pred_obs_r2_exp
9150,0.5064701112958286,0.8226676090785126,0.7091692222138107
