var,rel.inf
pH,15.62512528958437
rough_Surface.T,12.49742972888034
MAP,12.189813957300885
rough_Clay,10.839692936759556
rough_Elevation,10.35292112543401
Clay,8.410817345519739
rough_Soil.C,6.335412742642503
rough_MAP,6.074499469074371
rough_CEC,5.416996708339769
Elevation,4.080935085242837
PDQ,3.26202233914713
rough_NDVI,2.8619926806960794
CEC,2.0523405913784054
