var,rel.inf
pH,15.488909519524777
rough_Surface.T,12.756102028119969
MAP,12.337669237759647
rough_Clay,10.67917598024513
rough_Elevation,10.296598031681015
Clay,8.563972455095339
rough_Soil.C,6.310154805307421
rough_MAP,5.790718110681654
rough_CEC,5.453547544626941
Elevation,3.923952526811675
PDQ,3.4252742631556647
rough_NDVI,3.0033874352824137
CEC,1.9705380617083574
