var,rel.inf
pH,15.27638753971929
rough_Surface.T,12.402594450736673
MAP,12.041856840068789
rough_Clay,10.743404714072092
rough_Elevation,10.214064757337164
Clay,8.5797238913707
rough_Soil.C,6.428491238324138
rough_MAP,6.125201940120587
rough_CEC,5.269665543088207
Elevation,3.930169482844521
PDQ,3.5839995221642393
rough_NDVI,3.0488895431340652
CEC,2.3555505370195315
