nt,pseudo_r2,pred_obs_r2,pred_obs_r2_exp
7800,0.48968121299149403,0.8039967166781716,0.6909279197013176
