nt,pseudo_r2,pred_obs_r2,pred_obs_r2_exp
9700,0.5133244958748102,0.8275904988756572,0.7158785339986801
