var,rel.inf
pH,15.35399736283009
MAP,12.42285097185686
rough_Surface.T,12.346816568657955
rough_Clay,10.762915508204168
rough_Elevation,10.19107866282531
Clay,8.50641555217636
rough_Soil.C,6.410295536608727
rough_MAP,6.026608785950624
rough_CEC,5.551974651379292
Elevation,3.8730028050924536
PDQ,3.5436555608675024
rough_NDVI,2.969402465917815
CEC,2.040985567632847
