var,rel.inf
pH,15.297126391489897
MAP,12.242643881248128
rough_Surface.T,11.999422473472906
rough_Clay,10.84931974233668
rough_Elevation,10.132332100714303
Clay,8.427712440373988
rough_Soil.C,6.338479057001163
rough_MAP,6.178862069086272
rough_CEC,5.353176438635183
Elevation,4.140334472991037
PDQ,3.588964783375673
rough_NDVI,3.1282125023964915
CEC,2.3234136468782745
