nt,pseudo_r2,pred_obs_r2,pred_obs_r2_exp
8200,0.48226495303108396,0.8090845375531783,0.696439594613315
