var,rel.inf
pH,15.438872871001372
rough_Surface.T,12.506914433451174
MAP,12.3789815950334
rough_Clay,10.764830047670154
rough_Elevation,10.163370044111078
Clay,8.40569432379781
rough_Soil.C,6.469491517700023
rough_MAP,5.9077713823874864
rough_CEC,5.326070288184759
Elevation,4.100577205332306
PDQ,3.3463175405577994
rough_NDVI,3.0418615907525544
CEC,2.1492471600200846
