var,rel.inf
pH,15.95679760144446
rough_Surface.T,12.4149384658954
MAP,12.169465792670225
rough_Clay,10.714919768083488
rough_Elevation,9.980115463481408
Clay,8.60931139247221
rough_Soil.C,6.220671723119888
rough_MAP,5.9879719306148536
rough_CEC,5.278513179336025
Elevation,4.033266065211976
PDQ,3.470973721249184
rough_NDVI,2.9565753105721297
CEC,2.2064795858487543
