nt,pseudo_r2,pred_obs_r2,pred_obs_r2_exp
7150,0.5015798897480854,0.7934789000912663,0.6818981961366327
