var,rel.inf
pH,15.492634759913306
rough_Surface.T,12.46485014213716
MAP,12.116452208815884
rough_Clay,10.67915180301187
rough_Elevation,10.025857307636349
Clay,8.557182679253625
rough_Soil.C,6.286659950848628
rough_MAP,6.105603321137881
rough_CEC,5.408291545810363
Elevation,4.101590666802734
PDQ,3.4889005350097024
rough_NDVI,3.051944203871254
CEC,2.2208808757512366
