nt,pseudo_r2,pred_obs_r2,pred_obs_r2_exp
7450,0.4809810006925457,0.7985107107185917,0.6858576109093776
