nt,pseudo_r2,pred_obs_r2,pred_obs_r2_exp
9500,0.5144595726465326,0.8254504968474109,0.7154748518107311
