var,rel.inf
pH,15.16769885642772
rough_Surface.T,12.253749793518969
MAP,12.244522519462642
rough_Clay,10.747531724732465
rough_Elevation,9.928161828453685
Clay,8.376066920847407
rough_Soil.C,6.525305324135911
rough_MAP,5.97199568034632
rough_CEC,5.485580259596971
Elevation,4.085961100973438
PDQ,3.537343740126839
rough_NDVI,3.1725373323938215
CEC,2.503544918983815
