var,rel.inf
pH,15.358099659971444
rough_Surface.T,12.479987152101309
MAP,12.174949768024074
rough_Clay,10.69663077709623
rough_Elevation,10.341652728537559
Clay,8.557655876765295
rough_Soil.C,6.4888623416651265
rough_MAP,6.03215081454367
rough_CEC,5.314167722337195
Elevation,4.044537378334181
PDQ,3.339706514182761
rough_NDVI,3.0264993998858025
CEC,2.1450998665553453
