var,rel.inf
pH,15.62075823400959
rough_Surface.T,12.326969807235736
MAP,12.232856002942949
rough_Clay,10.679490829540773
rough_Elevation,10.22250679433123
Clay,8.426455937250802
rough_Soil.C,6.347401898976832
rough_MAP,6.15106862335036
rough_CEC,5.5337004716885465
Elevation,3.9522864316044632
PDQ,3.433605187576656
rough_NDVI,2.9692755950265157
CEC,2.1036241864655523
