nt,pseudo_r2,pred_obs_r2,pred_obs_r2_exp
7650,0.49172590946266725,0.8018805798253769,0.6913364945306555
