nt,pseudo_r2,pred_obs_r2,pred_obs_r2_exp
8100,0.4760380958568037,0.8079317105870969,0.6934945991473129
