nt,pseudo_r2,pred_obs_r2,pred_obs_r2_exp
7700,0.5018806457353906,0.8014142511487689,0.6884578843814798
