var,rel.inf
pH,14.998163374520162
rough_Surface.T,12.503380405360966
MAP,12.224987448192303
rough_Clay,10.886961836674306
rough_Elevation,10.06492694619432
Clay,8.28791152778265
rough_Soil.C,6.298484685772227
rough_MAP,6.051366913124431
rough_CEC,5.423997085266491
Elevation,4.1079444816255535
PDQ,3.7702016553767836
rough_NDVI,3.0981282702815944
CEC,2.283545369828213
