var,rel.inf
pH,15.168438925458663
rough_Surface.T,12.608051731061314
MAP,12.196970767926498
rough_Clay,10.840109060512388
rough_Elevation,10.13743670974282
Clay,8.397844116198664
rough_Soil.C,6.286603246883259
rough_MAP,5.894808082681006
rough_CEC,5.377087544791213
Elevation,4.034243071134464
PDQ,3.6061471655303836
rough_NDVI,3.1351700022621696
CEC,2.31708957581716
