var,rel.inf
pH,14.98601561177687
rough_Surface.T,12.455328069652085
MAP,12.207304050250883
rough_Clay,10.987604695999126
rough_Elevation,10.230502341395248
Clay,8.613451100210256
rough_Soil.C,6.366508928193619
rough_MAP,5.934103322839762
rough_CEC,5.495914468021272
Elevation,4.0121370550505375
PDQ,3.5039657910564923
rough_NDVI,3.1016305553489474
CEC,2.105534010204908
