var,rel.inf
pH,15.441767046535505
MAP,12.713124224878904
rough_Surface.T,12.45959043506589
rough_Clay,10.715564800463026
rough_Elevation,10.17783853713635
Clay,8.275320456614258
rough_Soil.C,6.338878654581081
rough_MAP,5.7540279107573
rough_CEC,5.354845977085488
Elevation,3.9887585750535814
PDQ,3.536765599388296
rough_NDVI,3.0333754050225368
CEC,2.210142377417789
