nt,pseudo_r2,pred_obs_r2,pred_obs_r2_exp
8100,0.4989917378480694,0.8080923469446986,0.6959706650047868
