var,rel.inf
pH,15.60709283007486
rough_Surface.T,12.461708446668933
MAP,12.238252763278746
rough_Clay,10.608754027063176
rough_Elevation,10.517623245181387
Clay,8.445388906911022
rough_Soil.C,6.378256797238095
rough_MAP,6.112597862844831
rough_CEC,5.430233173473082
Elevation,4.022835594940483
PDQ,3.150161904096916
rough_NDVI,3.025332673166574
CEC,2.001761775061898
