nt,pseudo_r2,pred_obs_r2,pred_obs_r2_exp
8850,0.4988875821068124,0.8180222071062335,0.7047889713605027
