nt,pseudo_r2,pred_obs_r2,pred_obs_r2_exp
8250,0.4959759302663411,0.8100216069061661,0.6970448881939559
