var,rel.inf
pH,15.388903042398743
rough_Surface.T,12.47321411095565
MAP,12.438354803267684
rough_Clay,10.75754294465356
rough_Elevation,10.134764311393047
Clay,8.427468895588454
rough_Soil.C,6.469289600630776
rough_MAP,6.0213108095072965
rough_CEC,5.302481681726301
Elevation,3.897730052642369
PDQ,3.4660516736581646
rough_NDVI,3.055581570931292
CEC,2.16730650264667
