nt,pseudo_r2,pred_obs_r2,pred_obs_r2_exp
7200,0.49090153984930973,0.7942444989550949,0.6812274278533627
