var,rel.inf
pH,15.610031962303216
rough_Surface.T,12.334875258947042
MAP,12.276819889988777
rough_Clay,10.76780072426167
rough_Elevation,10.179845233860483
Clay,8.231899424911152
rough_Soil.C,6.482603939766153
rough_MAP,5.9400751620820165
rough_CEC,5.451153243835538
Elevation,3.9278025096735156
PDQ,3.50527356839182
rough_NDVI,3.0771508738376583
CEC,2.2146682081409566
