nt,pseudo_r2,pred_obs_r2,pred_obs_r2_exp
7250,0.4591081160977678,0.7959283998854729,0.6842708830269547
