var,rel.inf
pH,15.883975083913299
rough_Surface.T,12.198662738587197
MAP,12.070351823630537
rough_Clay,10.533832534906836
rough_Elevation,9.975969368903748
Clay,8.366908658478723
rough_Soil.C,6.598534347904976
rough_MAP,5.987981056891449
rough_CEC,5.419531898426547
Elevation,4.013454012202147
PDQ,3.6563635723087446
rough_NDVI,3.0482806000990252
CEC,2.246154303746773
