var,rel.inf
pH,15.460812062790646
rough_Surface.T,12.558013745814844
MAP,12.47755748457832
rough_Clay,10.825915557212149
rough_Elevation,10.477536083219919
Clay,8.369699264938593
rough_Soil.C,6.324548944719911
rough_MAP,5.899243758309536
rough_CEC,5.2793593101282035
Elevation,3.992064399752115
PDQ,3.3578217636912098
rough_NDVI,2.9745793656839483
CEC,2.0028482591606087
