var,rel.inf
pH,15.936955190689853
rough_Surface.T,12.52406511291775
MAP,12.418781430251814
rough_Clay,10.671042372057938
rough_Elevation,10.138957600861062
Clay,8.362336009246018
rough_Soil.C,6.437339145600928
rough_MAP,5.878847867248235
rough_CEC,5.365071760946664
Elevation,3.9456461624050445
PDQ,3.3163874606958315
rough_NDVI,2.93124379546477
CEC,2.073326091614093
