nt,pseudo_r2,pred_obs_r2,pred_obs_r2_exp
8150,0.4916397784620068,0.8085379380808476,0.6960664700481427
