nt,pseudo_r2,pred_obs_r2,pred_obs_r2_exp
9050,0.4964892833376313,0.820623591448972,0.7094889223266461
