var,rel.inf
pH,15.892713909830173
rough_Surface.T,12.703050018564507
MAP,12.378019172334337
rough_Clay,10.66998270655048
rough_Elevation,10.234558285819846
Clay,8.385142997647861
rough_Soil.C,6.304965346355047
rough_MAP,5.950415786657799
rough_CEC,5.185633822266376
Elevation,3.9391189554677513
PDQ,3.406957278499754
rough_NDVI,2.9819245682574733
CEC,1.967517151748599
