var,rel.inf
pH,15.522021997195308
rough_Surface.T,12.538637649362819
MAP,12.397824706257856
rough_Clay,10.618897065436588
rough_Elevation,10.175130028286114
Clay,8.322707912796961
rough_Soil.C,6.397586431500677
rough_MAP,5.930949326438078
rough_CEC,5.381734989519102
Elevation,4.018283499941253
PDQ,3.4957980660390153
rough_NDVI,3.0439691171974683
CEC,2.156459210028763
