var,rel.inf
pH,15.37450913070402
rough_Surface.T,12.469133504158751
MAP,12.180221897683195
rough_Clay,10.460679069344526
rough_Elevation,10.323868416596975
Clay,8.415851850018145
rough_Soil.C,6.449403746058331
rough_MAP,6.111232590726817
rough_CEC,5.604449734155265
Elevation,4.049032901732582
PDQ,3.380636228841065
rough_NDVI,3.049537727659999
CEC,2.131443202320326
