var,rel.inf
pH,15.505722760309775
rough_Surface.T,12.516886269467584
MAP,12.238800099225157
rough_Clay,10.67526575196949
rough_Elevation,10.249695331758005
Clay,8.378299569362483
rough_Soil.C,6.292860858889409
rough_MAP,5.884751227923182
rough_CEC,5.513069869876591
Elevation,3.9336651504431743
PDQ,3.6226689283809774
rough_NDVI,3.0553560391284296
CEC,2.132958143265749
