var,rel.inf
pH,15.474888784381994
rough_Surface.T,12.483322375088475
MAP,12.351297848790077
rough_Clay,10.708846963057173
rough_Elevation,10.226307644479299
Clay,8.498579866412161
rough_Soil.C,6.497281406893982
rough_MAP,6.0763066031976
rough_CEC,5.272800286570182
Elevation,3.9076005387394668
PDQ,3.474059273180994
rough_NDVI,2.922549234637445
CEC,2.1061591745711565
