nt,pseudo_r2,pred_obs_r2,pred_obs_r2_exp
7500,0.47292447131328197,0.799054548548747,0.6880365098014006
