nt,pseudo_r2,pred_obs_r2,pred_obs_r2_exp
8100,0.49378971321544096,0.8074238169275965,0.6948290827953675
