var,rel.inf
pH,15.477762725390539
rough_Surface.T,12.485728596740081
MAP,12.462108755746254
rough_Clay,10.479572663626156
rough_Elevation,10.379129140463734
Clay,8.457372844853658
rough_Soil.C,6.34624269245263
rough_MAP,5.80191193069316
rough_CEC,5.491304227688016
Elevation,4.233743735709466
PDQ,3.540964043920363
rough_NDVI,2.890823827646034
CEC,1.9533348150699064
