var,rel.inf
pH,15.41771171013068
rough_Surface.T,12.341576983653582
MAP,11.87006973469681
rough_Clay,10.48717037053053
rough_Elevation,10.34208045742123
Clay,8.487904962543691
rough_Soil.C,6.475267094718588
rough_MAP,6.264980475296525
rough_CEC,5.611395412066499
Elevation,4.111449381206294
PDQ,3.465763825878748
rough_NDVI,2.9866601538855777
CEC,2.1379694379712437
