nt,pseudo_r2,pred_obs_r2,pred_obs_r2_exp
8300,0.4897556224915036,0.8093511668366213,0.6974611209751383
