nt,pseudo_r2,pred_obs_r2,pred_obs_r2_exp
9050,0.49690999706615324,0.8208657403766074,0.7073807272942393
