var,rel.inf
pH,15.267047646210337
rough_Surface.T,12.237163732361507
MAP,12.201607950812704
rough_Clay,10.82436210705144
rough_Elevation,10.169643583610528
Clay,8.634836005571072
rough_Soil.C,6.471772613367097
rough_MAP,6.028439635603484
rough_CEC,5.49246999758025
Elevation,3.952417204406599
PDQ,3.6098088870075022
rough_NDVI,2.9470136292671776
CEC,2.163417007150297
