var,rel.inf
pH,15.075347086214459
MAP,12.378174536216326
rough_Surface.T,12.355502428062366
rough_Clay,10.816855385965983
rough_Elevation,9.900994909950848
Clay,8.344892460720843
rough_Soil.C,6.338243242315927
rough_MAP,6.138813941748784
rough_CEC,5.437570099893458
Elevation,4.052963281090714
PDQ,3.6406541560820838
rough_NDVI,3.148004201643116
CEC,2.3719842700950857
