var,rel.inf
pH,15.553008500468012
rough_Surface.T,12.59399451166804
MAP,12.232571426335577
rough_Clay,10.648094261769796
rough_Elevation,10.390320439247395
Clay,8.451108614990083
rough_Soil.C,6.515640694267422
rough_MAP,5.901085820086247
rough_CEC,5.40299013334833
Elevation,3.981377061415323
PDQ,3.3958416875166075
rough_NDVI,2.9218518503259956
CEC,2.0121149985611737
