nt,pseudo_r2,pred_obs_r2,pred_obs_r2_exp
8350,0.4738074332683354,0.8111974391021737,0.6959578928580112
