nt,pseudo_r2,pred_obs_r2,pred_obs_r2_exp
8150,0.4896009479660429,0.808604509045192,0.6957382856177204
