var,rel.inf
pH,15.138279359472708
rough_Surface.T,12.334564428230708
MAP,12.089851309911568
rough_Clay,10.757075263194336
rough_Elevation,10.160430384021787
Clay,8.630104623798038
rough_Soil.C,6.3967580415231176
rough_MAP,5.97717401908617
rough_CEC,5.411788549088902
Elevation,4.101419261880041
PDQ,3.6581799550397167
rough_NDVI,3.09813054942267
CEC,2.2462442553302355
