var,rel.inf
pH,15.545794220648856
rough_Surface.T,12.441207862542743
MAP,12.181954735963775
rough_Clay,10.6903589439108
rough_Elevation,10.142961075162667
Clay,8.495198810350693
rough_Soil.C,6.3679521540811574
rough_MAP,6.017025228351926
rough_CEC,5.424299463235696
Elevation,3.8571414858367823
PDQ,3.5023673748304764
rough_NDVI,3.0522572286082585
CEC,2.281481416476164
