nt,pseudo_r2,pred_obs_r2,pred_obs_r2_exp
7650,0.5091176672926274,0.801035282367378,0.6894642016037672
