nt,pseudo_r2,pred_obs_r2,pred_obs_r2_exp
8100,0.4923992087122505,0.8085158162154464,0.6975798685295628
