var,rel.inf
pH,15.17740069254403
rough_Surface.T,12.316468556607663
MAP,12.021414534602034
rough_Clay,10.907760429189656
rough_Elevation,10.118397574373027
Clay,8.569430776331933
rough_Soil.C,6.275606307019706
rough_MAP,6.106830803541112
rough_CEC,5.456726443698833
Elevation,4.033354273054648
PDQ,3.6931843066386696
rough_NDVI,3.0126295473989355
CEC,2.310795754999754
