var,rel.inf
pH,15.485191107490445
rough_Surface.T,12.497548319697959
MAP,12.19783570461426
rough_Clay,10.666780760791093
rough_Elevation,10.046076124840333
Clay,8.326460519081566
rough_Soil.C,6.226408061242248
rough_MAP,6.119410922053526
rough_CEC,5.430251577090211
Elevation,3.9416513659634105
PDQ,3.626100234211726
rough_NDVI,3.154975853823774
CEC,2.281309449099447
