var,rel.inf
pH,15.614463481605368
MAP,12.33582886709899
rough_Surface.T,12.32662707836332
rough_Clay,10.765988627782237
rough_Elevation,10.160857397515581
Clay,8.47954327558168
rough_Soil.C,6.462812457618972
rough_MAP,5.905693255304102
rough_CEC,5.258847602315746
Elevation,4.0565963355920385
PDQ,3.3936994631677866
rough_NDVI,3.07380747554765
CEC,2.1652346825065334
