nt,pseudo_r2,pred_obs_r2,pred_obs_r2_exp
7650,0.47240153669255247,0.8008856921070184,0.6863120954845604
