var,rel.inf
pH,15.307592602429589
rough_Surface.T,12.363077868385055
MAP,12.192183583220062
rough_Clay,10.82090495110898
rough_Elevation,10.331045349232713
Clay,8.457080043423947
rough_Soil.C,6.389532553868356
rough_MAP,6.1476747201812465
rough_CEC,5.511219765037724
Elevation,3.962863064434212
PDQ,3.5582741628192114
rough_NDVI,2.8311948029212073
CEC,2.1273565329377018
