nt,pseudo_r2,pred_obs_r2,pred_obs_r2_exp
8450,0.45667562077108137,0.812288519157574,0.7014653364131993
