nt,pseudo_r2,pred_obs_r2,pred_obs_r2_exp
8950,0.48901447313044344,0.818919268005501,0.7056688792506688
