var,rel.inf
pH,15.194226079994303
rough_Surface.T,12.397904288417386
MAP,12.280785466256566
rough_Clay,10.735515082255661
rough_Elevation,9.92207933726101
Clay,8.309872042905408
rough_Soil.C,6.3767198136536765
rough_MAP,6.045669883488178
rough_CEC,5.246964346229181
Elevation,4.073572249251409
PDQ,3.717169856022706
rough_NDVI,3.3026160552634503
CEC,2.3969054990010643
