nt,pseudo_r2,pred_obs_r2,pred_obs_r2_exp
8150,0.481569840618031,0.8080620168451155,0.6958334297796899
