nt,pseudo_r2,pred_obs_r2,pred_obs_r2_exp
7600,0.5038810359121239,0.8007756955466652,0.6865114009132384
