var,rel.inf
pH,15.248090730774637
rough_Surface.T,12.450864703959526
MAP,12.356738492664592
rough_Clay,10.871121890999511
rough_Elevation,10.201264601864697
Clay,8.45489166353283
rough_Soil.C,6.305853757797277
rough_MAP,5.956062897649444
rough_CEC,5.485750692448357
Elevation,4.008669473000514
PDQ,3.518883956105293
rough_NDVI,2.913538395647884
CEC,2.228268743555443
