nt,pseudo_r2,pred_obs_r2,pred_obs_r2_exp
8050,0.48772249907559273,0.8072540896612573,0.6952651300526198
