var,rel.inf
pH,15.485023349919247
rough_Surface.T,12.322330832227474
MAP,12.087142988618966
rough_Clay,10.794753137848565
rough_Elevation,10.175453296929936
Clay,8.549919958472632
rough_Soil.C,6.453142066810911
rough_MAP,6.182002479952333
rough_CEC,5.374690574604719
Elevation,3.941983778184356
PDQ,3.427603319128767
rough_NDVI,3.0452987108306138
CEC,2.1606555064714783
