nt,pseudo_r2,pred_obs_r2,pred_obs_r2_exp
8900,0.5116928979416598,0.8182296028860115,0.70460364410008125
