nt,pseudo_r2,pred_obs_r2,pred_obs_r2_exp
8500,0.4987222251995135,0.8136054356200725,0.7002349609165766
