nt,pseudo_r2,pred_obs_r2,pred_obs_r2_exp
7750,0.49003487708617344,0.8032324824871069,0.6889665675537667
