var,rel.inf
pH,15.378373095322125
rough_Surface.T,12.267477331373254
MAP,12.13731842382767
rough_Clay,10.787909023195384
rough_Elevation,10.260774666667297
Clay,8.429373558331115
rough_Soil.C,6.530497764376778
rough_MAP,6.079468462629646
rough_CEC,5.395578773427157
Elevation,3.9927361017137306
PDQ,3.441107887976586
rough_NDVI,3.053418845217282
CEC,2.245966065941983
