nt,pseudo_r2,pred_obs_r2,pred_obs_r2_exp
8550,0.4832758038689028,0.8140339085007655,0.7012286757871287
