var,rel.inf
pH,16.11546798314328
rough_Surface.T,12.522663261347404
MAP,12.458365276791149
rough_Elevation,10.42619010139912
rough_Clay,10.416244139477778
Clay,8.075846858166589
rough_Soil.C,6.3993642890948985
rough_MAP,5.846824109315057
rough_CEC,5.392452859792998
Elevation,3.955510915152416
PDQ,3.31819560630338
rough_NDVI,3.052011936498826
CEC,2.0208626635171036
