nt,pseudo_r2,pred_obs_r2,pred_obs_r2_exp
8550,0.49293489869475204,0.8133597954108671,0.6999172505047895
