var,rel.inf
pH,15.010816064239547
rough_Surface.T,12.682646640706398
MAP,12.189907471329134
rough_Clay,10.682533235026716
rough_Elevation,10.243786338983393
Clay,8.813462700468122
rough_Soil.C,6.486888968627897
rough_MAP,5.767979834982013
rough_CEC,5.466574177231155
Elevation,4.036206743283569
PDQ,3.5058494078887867
rough_NDVI,2.9408739622042286
CEC,2.172474455029034
