nt,pseudo_r2,pred_obs_r2,pred_obs_r2_exp
8550,0.5090790705413818,0.8142712648286068,0.7015878728565573
