nt,pseudo_r2,pred_obs_r2,pred_obs_r2_exp
8250,0.5023716560698853,0.8095989637492921,0.6989820967743438
