nt,pseudo_r2,pred_obs_r2,pred_obs_r2_exp
7950,0.48748003777688453,0.8055858216890123,0.6930689866435016
