var,rel.inf
pH,15.714017400093303
rough_Surface.T,12.471292327810822
MAP,12.162814919590978
rough_Clay,10.569936547141218
rough_Elevation,10.24921066182469
Clay,8.267523054302744
rough_Soil.C,6.352228688349803
rough_MAP,5.911794696150399
rough_CEC,5.325971414362018
Elevation,3.9850885860421204
PDQ,3.6882218784815537
rough_NDVI,3.1044034837239183
CEC,2.1974963421264273
