nt,pseudo_r2,pred_obs_r2,pred_obs_r2_exp
8700,0.4910765914994115,0.8163742596326871,0.7030507250438666
