var,rel.inf
pH,15.204551155593991
rough_Surface.T,12.207734161857212
MAP,12.06972211278632
rough_Clay,10.752352961072996
rough_Elevation,10.149778282400037
Clay,8.548937391611979
rough_Soil.C,6.562207230463797
rough_MAP,6.2023626169533745
rough_CEC,5.408884044517902
Elevation,4.066290967007476
PDQ,3.511263197389226
rough_NDVI,3.075234637709584
CEC,2.2406812406361034
