nt,pseudo_r2,pred_obs_r2,pred_obs_r2_exp
8200,0.4878525198311645,0.8091814067999161,0.6991455477677659
