nt,pseudo_r2,pred_obs_r2,pred_obs_r2_exp
8150,0.49625523563798446,0.807696959925998,0.6957000279059985
