var,rel.inf
pH,15.637488200660858
rough_Surface.T,12.442311883672966
MAP,12.16978384777197
rough_Clay,10.700422342799317
rough_Elevation,10.262336383824728
Clay,8.399619696105818
rough_Soil.C,6.372442285279307
rough_MAP,6.072074559766742
rough_CEC,5.486936591536988
Elevation,4.169263067478989
PDQ,3.428964387252336
rough_NDVI,2.8488347218501424
CEC,2.009522031999838
