var,rel.inf
pH,15.37454595491283
rough_Surface.T,12.496862834963027
MAP,12.12915735613558
rough_Clay,10.822486351936144
rough_Elevation,10.170359440483793
Clay,8.439873574334685
rough_Soil.C,6.347470880816049
rough_MAP,5.843056619096799
rough_CEC,5.239876456962994
Elevation,4.163908938208621
PDQ,3.6140255138700015
rough_NDVI,3.109519704412682
CEC,2.248856373866792
