nt,pseudo_r2,pred_obs_r2,pred_obs_r2_exp
8150,0.4613587523196485,0.8089393174851142,0.6961787875638688
