nt,pseudo_r2,pred_obs_r2,pred_obs_r2_exp
7200,0.4809880821382949,0.7949682249066582,0.6798200542878171
