nt,pseudo_r2,pred_obs_r2,pred_obs_r2_exp
6850,0.48643422824916505,0.7883789475213708,0.6728973690042277
