nt,pseudo_r2,pred_obs_r2,pred_obs_r2_exp
8150,0.5124194851947605,0.8083544786039836,0.6958404634490624
