nt,pseudo_r2,pred_obs_r2,pred_obs_r2_exp
8300,0.4827584645129174,0.8101445871862174,0.6971005818158633
