var,rel.inf
pH,15.598955570510556
rough_Surface.T,12.4067981561703
MAP,12.292906272168137
rough_Clay,10.466712736250429
rough_Elevation,10.135472793309418
Clay,8.510299305827473
rough_Soil.C,6.625990206463149
rough_MAP,5.973869028175637
rough_CEC,5.266492815070184
Elevation,4.17599342243703
PDQ,3.4560031466682695
rough_NDVI,2.9667158342693014
CEC,2.123790712680112
