nt,pseudo_r2,pred_obs_r2,pred_obs_r2_exp
6900,0.4628592850181349,0.7898311881631094,0.6769550507154848
