nt,pseudo_r2,pred_obs_r2,pred_obs_r2_exp
8e3,0.4950043140221503,0.80601897490457175,0.6930103184732728
