var,rel.inf
pH,15.548641963806231
rough_Surface.T,12.391447034076712
MAP,12.369717562609754
rough_Clay,10.814808302930517
rough_Elevation,10.339208327560263
Clay,8.41256036321616
rough_Soil.C,6.522902244125237
rough_MAP,6.012486805058268
rough_CEC,5.273594619005759
Elevation,3.9279320097977783
PDQ,3.363962421745628
rough_NDVI,2.9344066070646027
CEC,2.0883317390030953
