var,rel.inf
pH,15.335574361221047
rough_Surface.T,12.474349829830553
MAP,12.293883699374218
rough_Clay,10.799135711253633
rough_Elevation,10.22813174563705
Clay,8.350212734101206
rough_Soil.C,6.270238458185003
rough_MAP,6.116878280265779
rough_CEC,5.36386002251641
Elevation,4.001804510699953
PDQ,3.5276931378645746
rough_NDVI,2.9721669412158267
CEC,2.266070567834752
