var,rel.inf
pH,15.775318319202379
rough_Surface.T,12.337387209595168
MAP,12.127031250671768
rough_Clay,10.41948949452788
rough_Elevation,10.226864330899984
Clay,8.319883374141607
rough_Soil.C,6.547704415312839
rough_MAP,6.14235093080283
rough_CEC,5.444479776232667
Elevation,4.062148638620393
PDQ,3.358848643345877
rough_NDVI,2.9856056776849287
CEC,2.25288793896169
