nt,pseudo_r2,pred_obs_r2,pred_obs_r2_exp
7550,0.4939552280602937,0.7992686379060545,0.6867967579426988
