var,rel.inf
pH,15.650887824276621
rough_Surface.T,12.455796318233922
MAP,12.256456981176388
rough_Clay,10.72713202690377
rough_Elevation,10.105439695552766
Clay,8.49135482239248
rough_Soil.C,6.60704739013253
rough_MAP,6.1426530623617115
rough_CEC,5.461379292239374
Elevation,3.9699460663711825
PDQ,3.227473100643954
rough_NDVI,2.8237370239437527
CEC,2.0806963957715445
