nt,pseudo_r2,pred_obs_r2,pred_obs_r2_exp
9200,0.4793046779826785,0.8228503574486237,0.7104024393931738
