nt,pseudo_r2,pred_obs_r2,pred_obs_r2_exp
7500,0.48272390993751735,0.7989287189240044,0.6858386232605626
