var,rel.inf
pH,15.797620442085675
rough_Surface.T,12.595494767489749
MAP,12.25214004907275
rough_Clay,10.83259324851875
rough_Elevation,10.254384857370201
Clay,8.476226395455475
rough_Soil.C,6.23928234551727
rough_MAP,5.953862321885534
rough_CEC,5.393618951606383
Elevation,3.9847353238039553
PDQ,3.3129510085066873
rough_NDVI,2.845402141978203
CEC,2.0616881467093724
