var,rel.inf
pH,15.128593754422745
MAP,12.358524366453427
rough_Surface.T,12.266145163446481
rough_Clay,10.903385254889683
rough_Elevation,10.04484578583077
Clay,8.649222837156938
rough_Soil.C,6.296524291871194
rough_MAP,6.0684959955018885
rough_CEC,5.368669818577404
Elevation,3.9835543663236535
PDQ,3.684473142064624
rough_NDVI,3.004963811441604
CEC,2.242601412019582
