var,rel.inf
pH,15.630243187240943
rough_Surface.T,12.375427490703427
MAP,12.254664606456833
rough_Clay,10.754312053162513
rough_Elevation,10.158487001205659
Clay,8.428493437241436
rough_Soil.C,6.367197159461401
rough_MAP,6.116460912907654
rough_CEC,5.44333279741779
Elevation,3.9908271599113387
PDQ,3.386509903953602
rough_NDVI,2.9782700681846457
CEC,2.115774222152758
