nt,pseudo_r2,pred_obs_r2,pred_obs_r2_exp
9200,0.49919592103877164,0.8218730789892725,0.7099870340253737
