var,rel.inf
pH,15.254378774469641
rough_Surface.T,12.627484686343292
MAP,12.084676853620293
rough_Clay,10.903719151102967
rough_Elevation,10.106200950282785
Clay,8.559894141315192
rough_Soil.C,6.2214114428605045
rough_MAP,6.062644811154364
rough_CEC,5.372529459982605
Elevation,4.152895651059076
PDQ,3.4876726746297337
rough_NDVI,2.983235887052232
CEC,2.1832555161273195
