var,rel.inf
pH,15.8197112845674
rough_Surface.T,12.667567626723047
MAP,12.21793962554242
rough_Clay,10.63578392638304
rough_Elevation,10.40451036001282
Clay,8.39859761364289
rough_Soil.C,6.385780720130422
rough_MAP,5.891851923713759
rough_CEC,5.4971147865168195
Elevation,3.9298918430740475
PDQ,3.332207289961723
rough_NDVI,2.9146051086577964
CEC,1.9044378910738147
