var,rel.inf
pH,15.374500103041527
rough_Surface.T,12.521548701446477
MAP,12.367807790950916
rough_Clay,10.759585225515675
rough_Elevation,10.132792331483408
Clay,8.310878714256628
rough_Soil.C,6.294752649771582
rough_MAP,5.920383340334325
rough_CEC,5.429816450482632
Elevation,4.0191257101830935
PDQ,3.57312506838859
rough_NDVI,3.008272841554623
CEC,2.2874110725905297
