var,rel.inf
pH,15.66313001421183
MAP,12.280590697437926
rough_Surface.T,12.076532244942412
rough_Clay,10.739022783360308
rough_Elevation,10.117265079837788
Clay,8.33912966101444
rough_Soil.C,6.357202098510414
rough_MAP,6.065103179480903
rough_CEC,5.235551220661047
Elevation,3.995645081817601
PDQ,3.609280722157682
rough_NDVI,3.153189124002427
CEC,2.368358092565223
