var,rel.inf
pH,15.418201394987287
rough_Surface.T,12.308409287554108
MAP,12.154135854163163
rough_Clay,10.597020999876138
rough_Elevation,10.05922596999597
Clay,8.341237822843613
rough_Soil.C,6.632082449881132
rough_MAP,5.98444040519991
rough_CEC,5.340520788798351
Elevation,4.116112185938806
PDQ,3.5688112002971057
rough_NDVI,3.2488453620516817
CEC,2.2309562784127324
