var,rel.inf
pH,15.32686716020652
rough_Surface.T,12.747271793776827
MAP,12.178735224481597
rough_Clay,10.823844611890236
rough_Elevation,10.144050716133254
Clay,8.610590864448122
rough_Soil.C,6.347773851176331
rough_MAP,5.86549170205169
rough_CEC,5.417512663966745
Elevation,4.034393929233388
PDQ,3.478623196882217
rough_NDVI,2.9941933092100643
CEC,2.0306509765430167
