nt,pseudo_r2,pred_obs_r2,pred_obs_r2_exp
8600,0.49870825879881275,0.8143858228669554,0.7023567220444202
