var,rel.inf
pH,15.72433811222256
rough_Surface.T,12.426237044580665
MAP,12.225190159471806
rough_Clay,10.792590017779338
rough_Elevation,10.301271423486705
Clay,8.484634642674516
rough_Soil.C,6.4643155681935385
rough_MAP,6.049357829767933
rough_CEC,5.2889742411574945
Elevation,3.9369080606031943
PDQ,3.2898567449748293
rough_NDVI,2.97764118845824
CEC,2.038684966629186
