var,rel.inf
pH,15.624438165260015
rough_Surface.T,12.305086835569575
MAP,12.16968170194206
rough_Clay,10.684495804516315
rough_Elevation,10.252553098050727
Clay,8.563490000627942
rough_Soil.C,6.223898594353205
rough_MAP,5.938423753832115
rough_CEC,5.36659104145301
Elevation,4.010939225493804
PDQ,3.620499300294668
rough_NDVI,3.130012402194872
CEC,2.1098900764116837
