nt,pseudo_r2,pred_obs_r2,pred_obs_r2_exp
8250,0.49752531968382485,0.8099779643182007,0.6979585370999737
