nt,pseudo_r2,pred_obs_r2,pred_obs_r2_exp
8550,0.48277161280572534,0.8139713711043649,0.701267923959349
