nt,pseudo_r2,pred_obs_r2,pred_obs_r2_exp
9e3,0.5230552312722594,0.8201804788847319,0.7098434477188711
