var,rel.inf
pH,15.471132771218727
rough_Surface.T,12.381740347318042
MAP,12.16747935661887
rough_Clay,10.514696504627253
rough_Elevation,10.167520909164715
Clay,8.426382319183173
rough_Soil.C,6.624475719937349
rough_MAP,6.1624679083547935
rough_CEC,5.3067830589358
Elevation,3.973639275914255
PDQ,3.591989089902708
rough_NDVI,2.9772228265686036
CEC,2.234469912255713
