nt,pseudo_r2,pred_obs_r2,pred_obs_r2_exp
8050,0.5064064155124844,0.8070941127577158,0.6943216519539913
