var,rel.inf
pH,15.538457547677877
MAP,12.383938915984839
rough_Surface.T,12.359452858258447
rough_Clay,10.774653141075715
rough_Elevation,10.290863886335323
Clay,8.26678546622234
rough_Soil.C,6.38971422438497
rough_MAP,5.959618021762929
rough_CEC,5.498616850363009
Elevation,3.9139468702580382
PDQ,3.5829968865553443
rough_NDVI,2.975319890073051
CEC,2.0656354410481144
