nt,pseudo_r2,pred_obs_r2,pred_obs_r2_exp
8050,0.4846681361812242,0.806601282985285,0.6938248718629704
