var,rel.inf
pH,15.701805076679785
rough_Surface.T,12.67582941445086
MAP,12.02071046524604
rough_Clay,10.78170968801243
rough_Elevation,10.107322729852475
Clay,8.517665300001351
rough_Soil.C,6.421869151734618
rough_MAP,5.883950818016666
rough_CEC,5.3226452736375975
Elevation,4.060557959389287
PDQ,3.417363317517485
rough_NDVI,2.923262587917862
CEC,2.1653082175435414
