var,rel.inf
pH,15.29931501430831
rough_Surface.T,12.217586251732659
MAP,12.08103066348071
rough_Clay,10.770922966587475
rough_Elevation,9.923225487079728
Clay,8.449474397589233
rough_Soil.C,6.717299509069896
rough_MAP,5.900554156831587
rough_CEC,5.387491802611469
Elevation,4.051583151481807
PDQ,3.604647018518185
rough_NDVI,3.180144377607646
CEC,2.4167252031012993
