var,rel.inf
pH,15.708068762870212
rough_Surface.T,12.520291018517428
MAP,12.333046293863092
rough_Clay,10.818978581674843
rough_Elevation,10.246029620333065
Clay,8.361128950087544
rough_Soil.C,6.228947536572688
rough_MAP,5.9346588323458525
rough_CEC,5.452276090933688
Elevation,4.060440187941109
PDQ,3.314140761343464
rough_NDVI,2.996019262844405
CEC,2.0259741006726064
