nt,pseudo_r2,pred_obs_r2,pred_obs_r2_exp
9250,0.5189495532286049,0.8233601556851795,0.7106534128147145
