var,rel.inf
pH,15.781725574012036
rough_Surface.T,12.64766728216818
MAP,12.098696592271194
rough_Clay,10.7414011201174
rough_Elevation,9.973480833790044
Clay,8.251959776481852
rough_Soil.C,6.186773607167945
rough_MAP,5.9314665235922615
rough_CEC,5.4340248506160425
Elevation,4.063686454782083
PDQ,3.5768217129743243
rough_NDVI,3.0746621752972705
CEC,2.237633496729368
