nt,pseudo_r2,pred_obs_r2,pred_obs_r2_exp
9250,0.5013233460529873,0.8227076523082855,0.7110057530943195
