nt,pseudo_r2,pred_obs_r2,pred_obs_r2_exp
8600,0.48888814339272435,0.8144369143744593,0.7032067843196291
