nt,pseudo_r2,pred_obs_r2,pred_obs_r2_exp
8350,0.5088908057317427,0.8116014745487098,0.6973991005484054
