nt,pseudo_r2,pred_obs_r2,pred_obs_r2_exp
7350,0.4929235429537807,0.7972364830195345,0.6836772433376467
