var,rel.inf
pH,15.605655507882306
rough_Surface.T,12.559800393207684
MAP,12.034850060147447
rough_Clay,10.625680226588344
rough_Elevation,10.33214995583565
Clay,8.538657893837728
rough_Soil.C,6.285667923285257
rough_MAP,5.9654597221856704
rough_CEC,5.538948674783112
Elevation,3.9740634765656973
PDQ,3.368218134510484
rough_NDVI,3.078137684319913
CEC,2.0927103468507053
