nt,pseudo_r2,pred_obs_r2,pred_obs_r2_exp
7500,0.4995783461550751,0.7987678020592245,0.686684690222269
