nt,pseudo_r2,pred_obs_r2,pred_obs_r2_exp
7400,0.4667909275720842,0.7972495617319193,0.6835901825379721
