var,rel.inf
pH,15.241094843288355
rough_Surface.T,12.690795611639436
MAP,12.456393682811163
rough_Clay,10.773156133722633
rough_Elevation,10.44809084184285
Clay,8.581075181178683
rough_Soil.C,6.313081784592785
rough_MAP,5.893235801644802
rough_CEC,5.379272182228999
Elevation,3.9648667026180413
PDQ,3.36209795298525
rough_NDVI,2.8464912268062994
CEC,2.0503480546407054
