var,rel.inf
pH,15.633194783645722
rough_Surface.T,12.642424841610818
MAP,12.22721088576514
rough_Clay,10.661010153472812
rough_Elevation,10.207891520689827
Clay,8.539646019629286
rough_Soil.C,6.518591265832385
rough_MAP,5.741781716613676
rough_CEC,5.405252282558916
Elevation,4.031769396595596
PDQ,3.427771851015367
rough_NDVI,2.900482205614406
CEC,2.0629730769560517
