nt,pseudo_r2,pred_obs_r2,pred_obs_r2_exp
7800,0.48709007322792663,0.8029789055769966,0.6911847259755786
