var,rel.inf
pH,15.521493712180058
rough_Surface.T,12.444037482329433
MAP,12.083751705316201
rough_Clay,10.739286136311689
rough_Elevation,10.352851650654468
Clay,8.497678211753525
rough_Soil.C,6.4522682859461185
rough_MAP,6.112278393846776
rough_CEC,5.414928100654423
Elevation,4.0565179464563075
PDQ,3.324487037863148
rough_NDVI,2.950471908099702
CEC,2.049949428588148
