nt,pseudo_r2,pred_obs_r2,pred_obs_r2_exp
8350,0.5025689242025231,0.8117928843696395,0.6974755515141505
