nt,pseudo_r2,pred_obs_r2,pred_obs_r2_exp
7950,0.4892477865586775,0.8053911500606942,0.6909545852799596
