var,rel.inf
pH,15.4880678570989
rough_Surface.T,12.540034050106161
MAP,12.249702187646752
rough_Clay,10.722094891457724
rough_Elevation,10.309106499156751
Clay,8.439551367148123
rough_Soil.C,6.422076631539524
rough_MAP,5.80487553408065
rough_CEC,5.25033040539593
Elevation,4.053815753808868
PDQ,3.410003388705597
rough_NDVI,3.074832268856455
CEC,2.235509164998565
