var,rel.inf
pH,15.4745488517077
rough_Surface.T,12.448133348196443
MAP,12.173760600243877
rough_Clay,10.644560564659537
rough_Elevation,9.907014064124905
Clay,8.40402427709896
rough_Soil.C,6.647155198059648
rough_MAP,6.0912048859104555
rough_CEC,5.376358306741943
Elevation,3.8851174172767395
PDQ,3.542922564638482
rough_NDVI,2.9844092203855195
CEC,2.4207907009557874
