var,rel.inf
pH,15.284186903638206
rough_Surface.T,12.46105956788248
MAP,12.270863447664588
rough_Clay,10.740233339060941
rough_Elevation,10.171554928006644
Clay,8.595259972830954
rough_Soil.C,6.407581265596018
rough_MAP,5.9951165152717145
rough_CEC,5.43482779891766
Elevation,3.993314400350929
PDQ,3.5438306487020665
rough_NDVI,2.935368110828943
CEC,2.166803101248851
