var,rel.inf
pH,15.537660360608736
rough_Surface.T,12.310771722697952
MAP,12.019286641063097
rough_Clay,10.685289209213
rough_Elevation,10.150841538537726
Clay,8.285233241269578
rough_Soil.C,6.4479220508697654
rough_MAP,5.969025182987019
rough_CEC,5.411751003651991
Elevation,4.145935010060111
PDQ,3.595240291858326
rough_NDVI,3.042482812468982
CEC,2.3985609347137204
