nt,pseudo_r2,pred_obs_r2,pred_obs_r2_exp
9e3,0.4846143593607234,0.8200768117638924,0.709712002869044
