nt,pseudo_r2,pred_obs_r2,pred_obs_r2_exp
8250,0.4818638942095982,0.8099041165380569,0.6981041414535326
