nt,pseudo_r2,pred_obs_r2,pred_obs_r2_exp
7800,0.5186854558767273,0.8040684916428409,0.6905016597548806
