nt,pseudo_r2,pred_obs_r2,pred_obs_r2_exp
8150,0.4788230888731456,0.8078775086458974,0.6972199439449853
