nt,pseudo_r2,pred_obs_r2,pred_obs_r2_exp
7900,0.46935146966813723,0.806149209276679,0.6908449304073558
