var,rel.inf
pH,15.529813548896021
rough_Surface.T,12.45649555084194
MAP,12.097172043085163
rough_Clay,10.728329943722347
rough_Elevation,10.047832028547568
Clay,8.410123476923552
rough_Soil.C,6.484056594039017
rough_MAP,6.040640802092401
rough_CEC,5.353736335267957
Elevation,4.079582696926956
PDQ,3.4930689531204595
rough_NDVI,3.033301471492829
CEC,2.2458465550437814
