var,rel.inf
pH,15.05259000543317
rough_Surface.T,12.359672480596567
MAP,12.058888963903042
rough_Clay,10.872424483854527
rough_Elevation,10.042809221492613
Clay,8.482812375702785
rough_Soil.C,6.350836514190484
rough_MAP,5.983653837764403
rough_CEC,5.378983327853598
Elevation,4.074618301584293
PDQ,3.697120118768414
rough_NDVI,3.252808073864085
CEC,2.3927822949920174
