nt,pseudo_r2,pred_obs_r2,pred_obs_r2_exp
7900,0.47345656792015867,0.8058717858209483,0.693013857861241
