var,rel.inf
pH,15.370817494474828
rough_Surface.T,12.53365493884865
MAP,12.160706504342883
rough_Clay,10.600506068079923
rough_Elevation,10.280938428683177
Clay,8.559921286833015
rough_Soil.C,6.325842363922032
rough_MAP,6.212073113029151
rough_CEC,5.4156790117904325
Elevation,3.94446416707035
PDQ,3.580202684649134
rough_NDVI,2.9406873990465194
CEC,2.0745065392299034
