var,rel.inf
pH,15.260210020805435
rough_Surface.T,12.360515251616237
MAP,12.166687634855675
rough_Clay,10.783020501072734
rough_Elevation,10.032922678020121
Clay,8.500224579896171
rough_Soil.C,6.523145995367273
rough_MAP,5.886270863946823
rough_CEC,5.391817401723031
Elevation,4.051474747305877
PDQ,3.69925096541546
rough_NDVI,3.160345701967018
CEC,2.1841136580081497
