nt,pseudo_r2,pred_obs_r2,pred_obs_r2_exp
8600,0.5235436747618056,0.8152635046746508,0.7042492051886927
