var,rel.inf
pH,15.501974935889491
rough_Surface.T,12.645178366041426
MAP,12.387757231253728
rough_Clay,10.735280801283013
rough_Elevation,10.260070209431207
Clay,8.377349609043614
rough_Soil.C,6.270353945846217
rough_MAP,5.811274976724193
rough_CEC,5.436478397236895
Elevation,4.003269377785433
PDQ,3.4186166674178233
rough_NDVI,3.0406893091366736
CEC,2.111706172910285
