var,rel.inf
pH,15.496737711415598
MAP,12.36719661684133
rough_Surface.T,12.226223789376016
rough_Clay,10.766240218213216
rough_Elevation,10.242201599273683
Clay,8.471930626612027
rough_Soil.C,6.384344814990622
rough_MAP,5.941442196459994
rough_CEC,5.396815141952786
Elevation,3.9024260491335756
PDQ,3.6181409815632697
rough_NDVI,3.0085441666209287
CEC,2.1777560875469577
