var,rel.inf
pH,15.435745402489715
rough_Surface.T,12.378056625645076
MAP,12.365393737770782
rough_Clay,10.776150408337127
rough_Elevation,10.171924630060698
Clay,8.34641403118172
rough_Soil.C,6.544739115375317
rough_MAP,5.9737068270632365
rough_CEC,5.450378472961185
Elevation,3.891183358054271
PDQ,3.516197697726436
rough_NDVI,3.022591179736601
CEC,2.1275185135978325
