var,rel.inf
pH,15.452181855089332
rough_Surface.T,12.294529137982046
MAP,12.226713263121429
rough_Clay,10.829734512790575
rough_Elevation,10.268021063078212
Clay,8.42873219081358
rough_Soil.C,6.411988026887187
rough_MAP,5.9323403996260415
rough_CEC,5.367726256793941
Elevation,4.067208302403192
PDQ,3.5038352183780037
rough_NDVI,3.01059091683002
CEC,2.2063988562064387
