var,rel.inf
pH,15.598150771239531
rough_Surface.T,12.52140849619794
MAP,11.966861254251429
rough_Clay,10.853743815923478
rough_Elevation,10.291087883901138
Clay,8.291552124647541
rough_Soil.C,6.335700181345887
rough_MAP,5.931365074128494
rough_CEC,5.332540062870164
Elevation,4.024348846034642
PDQ,3.5120899405351818
rough_NDVI,3.1227229406402266
CEC,2.2184286082843454
