var,rel.inf
pH,15.233899100445061
rough_Surface.T,12.63123554460609
MAP,12.303491283279534
rough_Clay,10.82788532259855
rough_Elevation,10.328926223647048
Clay,8.483336041955441
rough_Soil.C,6.266343351082028
rough_MAP,5.931612136611608
rough_CEC,5.372527261046306
Elevation,4.0405612194129095
PDQ,3.4996744412558933
rough_NDVI,2.9613427968940216
CEC,2.1191652771655147
