var,rel.inf
pH,15.68667371030188
rough_Surface.T,12.326675991864189
MAP,12.01267674211325
rough_Clay,10.56935445768532
rough_Elevation,10.20092519518535
Clay,8.274647840350742
rough_Soil.C,6.457262516846401
rough_MAP,6.221301487245938
rough_CEC,5.327931248035599
Elevation,3.9335157341123415
PDQ,3.546879722702579
rough_NDVI,3.1224838476421133
CEC,2.3196715059143007
