var,rel.inf
pH,15.497596360898886
rough_Surface.T,12.300734851083572
MAP,12.101196230470343
rough_Clay,10.748200001384301
rough_Elevation,9.908182750168438
Clay,8.435241165763493
rough_Soil.C,6.193507269289714
rough_MAP,6.053491003595796
rough_CEC,5.416117666417954
Elevation,3.9953102429033414
PDQ,3.7922306811090483
rough_NDVI,3.1758310995833794
CEC,2.3823606773317314
