var,rel.inf
pH,15.647085473747282
rough_Surface.T,12.354754036863424
MAP,12.342977523965898
rough_Clay,10.5530048471924
rough_Elevation,10.383336849639518
Clay,8.416204864459706
rough_Soil.C,6.323932288767707
rough_MAP,6.123401997390002
rough_CEC,5.650083427532439
Elevation,3.950063748018328
PDQ,3.462187603079729
rough_NDVI,2.8704283688734855
CEC,1.9225389704700764
