nt,pseudo_r2,pred_obs_r2,pred_obs_r2_exp
8700,0.506515004894349,0.8161702422052689,0.7062924713410198
