var,rel.inf
pH,15.24964150492094
rough_Surface.T,12.58486867974171
MAP,12.318042441891745
rough_Clay,10.872628485513022
rough_Elevation,10.228633464632818
Clay,8.35021799044162
rough_Soil.C,6.32750562309832
rough_MAP,6.153249789269321
rough_CEC,5.479958710634413
Elevation,4.114022827166275
PDQ,3.352998824953184
rough_NDVI,3.0079204446099927
CEC,1.9603112131266454
