nt,pseudo_r2,pred_obs_r2,pred_obs_r2_exp
7800,0.4769017166552938,0.803865949632642,0.6897121258704083
