nt,pseudo_r2,pred_obs_r2,pred_obs_r2_exp
8250,0.4961466486474927,0.8104918032875142,0.6974190087416506
