var,rel.inf
pH,15.90751128933031
rough_Surface.T,12.75728698918757
MAP,12.143787421708108
rough_Clay,10.482359071453509
rough_Elevation,10.389371255101583
Clay,8.441846583253716
rough_Soil.C,6.59454430062863
rough_MAP,5.885487995247319
rough_CEC,5.4014982564091545
Elevation,4.021981026672801
PDQ,3.130345157322398
rough_NDVI,2.8749459928503387
CEC,1.9690346608345572
