nt,pseudo_r2,pred_obs_r2,pred_obs_r2_exp
8550,0.4975567285580529,0.8137668509509801,0.7035219675541055
