nt,pseudo_r2,pred_obs_r2,pred_obs_r2_exp
8800,0.5023251863287042,0.8168156915028824,0.7033778887262111
