var,rel.inf
pH,15.67601386089207
rough_Surface.T,12.511309479344119
MAP,12.44922097478288
rough_Clay,10.551131980401932
rough_Elevation,10.299896587237573
Clay,8.376579279800948
rough_Soil.C,6.344350423065877
rough_MAP,5.973489320102616
rough_CEC,5.488946787885357
Elevation,3.875178519090069
PDQ,3.4125051798858137
rough_NDVI,2.9420137525943555
CEC,2.0993638549163833
