nt,pseudo_r2,pred_obs_r2,pred_obs_r2_exp
8650,0.48768266668969473,0.815116044926596,0.7027305453920633
