var,rel.inf
pH,15.389232201345422
rough_Surface.T,12.420907028503683
MAP,12.169776771637718
rough_Clay,10.858418549115273
rough_Elevation,9.978028966521105
Clay,8.381440551444632
rough_Soil.C,6.608465032361307
rough_MAP,5.848141650076039
rough_CEC,5.364308782595076
Elevation,4.059750368865822
PDQ,3.62340531549564
rough_NDVI,3.132478934805646
CEC,2.1656458472326374
