nt,pseudo_r2,pred_obs_r2,pred_obs_r2_exp
9100,0.5181470406244391,0.8205963667443488,0.7074232561284974
