nt,pseudo_r2,pred_obs_r2,pred_obs_r2_exp
7900,0.4852432960947104,0.8050118275666811,0.691351478447892
