nt,pseudo_r2,pred_obs_r2,pred_obs_r2_exp
6850,0.47165682521216257,0.7883159465384686,0.6733625128150894
