nt,pseudo_r2,pred_obs_r2,pred_obs_r2_exp
8700,0.5103301177956838,0.8154699553891495,0.7043210564687211
