var,rel.inf
pH,16.080077870919528
rough_Surface.T,12.486655121409948
MAP,12.156037451438067
rough_Clay,10.513519698560597
rough_Elevation,10.257587897619068
Clay,8.29799326153258
rough_Soil.C,6.469683574926573
rough_MAP,6.124812249869923
rough_CEC,5.428711530171792
Elevation,3.9599763099190044
PDQ,3.2863793332121074
rough_NDVI,2.8903359177169965
CEC,2.0482297827038107
