var,rel.inf
pH,15.383696637408873
MAP,12.437364508096657
rough_Surface.T,12.116705809513117
rough_Clay,10.836248885154333
rough_Elevation,10.061022931076941
Clay,8.345620610941417
rough_Soil.C,6.6379566674612835
rough_MAP,5.900400464206215
rough_CEC,5.383720183014924
Elevation,3.946113864931785
PDQ,3.5136155033818866
rough_NDVI,3.14004694073117
CEC,2.297486994081404
