nt,pseudo_r2,pred_obs_r2,pred_obs_r2_exp
8550,0.5032876072948375,0.8133145695199051,0.701751250591338
