nt,pseudo_r2,pred_obs_r2,pred_obs_r2_exp
7250,0.4703845609840376,0.7960323398105852,0.6840985865428213
