var,rel.inf
pH,14.983457915832844
rough_Surface.T,12.441187072181986
MAP,12.254316436681814
rough_Clay,11.003198094073815
rough_Elevation,10.082937500377737
Clay,8.492790482135424
rough_Soil.C,6.504611227379189
rough_MAP,5.912779536540392
rough_CEC,5.382889485586794
Elevation,3.925296732392824
PDQ,3.6274380495553107
rough_NDVI,3.0019862306569194
CEC,2.387111236604947
