nt,pseudo_r2,pred_obs_r2,pred_obs_r2_exp
8250,0.502891334730373,0.8102097533088252,0.6966969652278819
