var,rel.inf
pH,15.558016854225032
MAP,12.47786827478603
rough_Surface.T,12.27992213081992
rough_Clay,10.747521641517148
rough_Elevation,10.260004129702669
Clay,8.31929634391245
rough_Soil.C,6.264171081584188
rough_MAP,6.045400356385332
rough_CEC,5.4253317950597015
Elevation,4.066310178155586
PDQ,3.4047673671953818
rough_NDVI,3.075948219074839
CEC,2.075441627581724
