nt,pseudo_r2,pred_obs_r2,pred_obs_r2_exp
7250,0.47825552657689885,0.7953663668205277,0.6831385019655911
