var,rel.inf
pH,15.3760724259374
MAP,12.323214809756657
rough_Surface.T,12.214493109826527
rough_Clay,10.746406255446916
rough_Elevation,10.1833608672287
Clay,8.435608341328825
rough_Soil.C,6.462059579570935
rough_MAP,6.100801741754548
rough_CEC,5.547934064348871
Elevation,3.961686272007513
PDQ,3.488750295576298
rough_NDVI,2.9273977844393255
CEC,2.232214452777482
