nt,pseudo_r2,pred_obs_r2,pred_obs_r2_exp
7950,0.48796542107447216,0.805124060786501,0.6930275046499015
