nt,pseudo_r2,pred_obs_r2,pred_obs_r2_exp
7900,0.4828295559670578,0.8052393521286092,0.6929084772128695
