var,rel.inf
pH,15.445293743660946
rough_Surface.T,12.336452132689908
MAP,12.027667735952367
rough_Clay,10.694532936431292
rough_Elevation,10.340269656727035
Clay,8.649964710241521
rough_Soil.C,6.533171714584588
rough_MAP,6.12201167548164
rough_CEC,5.339823770706346
Elevation,4.0407124362242985
PDQ,3.4377115680389387
rough_NDVI,2.9577192347208108
CEC,2.074668684540313
