nt,pseudo_r2,pred_obs_r2,pred_obs_r2_exp
8600,0.48699310071966895,0.8149758236063486,0.7024989356180982
