var,rel.inf
pH,15.496317532323411
rough_Surface.T,12.452146674777783
MAP,12.12379660407983
rough_Clay,10.740060913181567
rough_Elevation,9.942276279506212
Clay,8.252995584105095
rough_Soil.C,6.525215300006824
rough_MAP,6.10101832416533
rough_CEC,5.3765568249986915
Elevation,4.109800271787635
PDQ,3.5368529349979485
rough_NDVI,3.0948813617597755
CEC,2.248081394309888
