nt,pseudo_r2,pred_obs_r2,pred_obs_r2_exp
7950,0.48096638461418983,0.8058086341444752,0.6935973085333084
