var,rel.inf
pH,15.759827558352326
rough_Surface.T,12.282941451223502
MAP,12.164316540622858
rough_Clay,10.489716507574316
rough_Elevation,10.088831647783417
Clay,8.41414827851026
rough_Soil.C,6.6808212962639
rough_MAP,6.03323806806456
rough_CEC,5.513474314570034
Elevation,4.043153772724484
PDQ,3.463346839645935
rough_NDVI,2.9604271797336894
CEC,2.105756544930721
