nt,pseudo_r2,pred_obs_r2,pred_obs_r2_exp
8100,0.4737515118899689,0.807584818963042,0.6958400943329891
