var,rel.inf
pH,15.542587859765485
rough_Surface.T,12.368349021061507
MAP,12.292478513711808
rough_Clay,10.721077019790137
rough_Elevation,10.00060084176114
Clay,8.491921274193265
rough_Soil.C,6.614695499179162
rough_MAP,5.999055750217056
rough_CEC,5.463863677983512
Elevation,3.9921799475313327
PDQ,3.4914132850406303
rough_NDVI,2.9319977735582117
CEC,2.0897795362067537
