nt,pseudo_r2,pred_obs_r2,pred_obs_r2_exp
7800,0.5104560994769547,0.8042167612719919,0.6912904880145455
