nt,pseudo_r2,pred_obs_r2,pred_obs_r2_exp
7950,0.4581056512242647,0.8056492409005851,0.6927032641294975
