nt,pseudo_r2,pred_obs_r2,pred_obs_r2_exp
8150,0.47941810948009844,0.8087930404903795,0.697633907831377
