nt,pseudo_r2,pred_obs_r2,pred_obs_r2_exp
8700,0.5027769533386413,0.8152222746198471,0.7017166337716342
