var,rel.inf
pH,15.487943935393085
rough_Surface.T,12.634811999670752
MAP,12.1072023745531
rough_Clay,10.68527531831885
rough_Elevation,10.399381939666169
Clay,8.338957747842745
rough_Soil.C,6.39865209326537
rough_MAP,5.941302859799535
rough_CEC,5.2609546154835884
Elevation,4.007369735573481
PDQ,3.545418948714308
rough_NDVI,3.1240905991327423
CEC,2.0686378325862735
