nt,pseudo_r2,pred_obs_r2,pred_obs_r2_exp
8600,0.5097008997577268,0.8137230834369207,0.7019792185832329
