var,rel.inf
pH,15.498642872510928
rough_Surface.T,12.417477611185827
MAP,12.165288831184624
rough_Clay,10.806860080500492
rough_Elevation,10.145550156775705
Clay,8.494224768239238
rough_Soil.C,6.44636994261396
rough_MAP,6.008233014900478
rough_CEC,5.355247447758226
Elevation,4.040968310850384
PDQ,3.3471366570678995
rough_NDVI,3.0633771612500467
CEC,2.210623145162188
