nt,pseudo_r2,pred_obs_r2,pred_obs_r2_exp
7300,0.48478989705506115,0.7964973763828418,0.6818492235238047
