var,rel.inf
pH,15.745139626817457
rough_Surface.T,12.525208128698704
MAP,12.403702751719813
rough_Clay,10.826155061746359
rough_Elevation,10.294552680176208
Clay,8.187211862743826
rough_Soil.C,6.357077563705679
rough_MAP,5.936858924796433
rough_CEC,5.154266122910088
Elevation,3.9984420374021052
PDQ,3.484661313955076
rough_NDVI,2.938155601923934
CEC,2.148568323404326
