var,rel.inf
pH,15.512726880770183
rough_Surface.T,12.29704434042594
MAP,12.181207229893458
rough_Clay,10.770422070772437
rough_Elevation,10.02007235669739
Clay,8.32304678111119
rough_Soil.C,6.333372610235695
rough_MAP,5.9696879054006535
rough_CEC,5.544288578889606
Elevation,4.0608042688519905
PDQ,3.6033386863348054
rough_NDVI,3.1246160699302834
CEC,2.2593722206863647
