nt,pseudo_r2,pred_obs_r2,pred_obs_r2_exp
7200,0.4776968798273099,0.7946791574972875,0.6819288578340444
