nt,pseudo_r2,pred_obs_r2,pred_obs_r2_exp
8800,0.5007225527134317,0.8168550248974826,0.7052708228757241
