nt,pseudo_r2,pred_obs_r2,pred_obs_r2_exp
8150,0.4900435041765172,0.8084031141144437,0.6962918321783288
