nt,pseudo_r2,pred_obs_r2,pred_obs_r2_exp
9350,0.5130421854235627,0.824004935988775,0.710411250083893
