var,rel.inf
pH,15.981677713581414
rough_Surface.T,12.465828076636123
MAP,12.16966973547488
rough_Clay,10.576143913091371
rough_Elevation,10.326345593304895
Clay,8.380080661715136
rough_Soil.C,6.281565795993408
rough_MAP,5.962650790540453
rough_CEC,5.425080073597203
Elevation,4.006238364675623
PDQ,3.453040046440207
rough_NDVI,2.9595739854361205
CEC,2.012105249513174
