var,rel.inf
MAP,38.13616866127396
PDQ,14.294642710060964
rough_MAP,12.239661321566302
Elevation,9.85781579250568
CEC,6.054630440872035
rough_PDQ,3.7254773449369365
pH,2.900251224507875
rough_Elevation,2.470194184388787
Clay,2.4547603221657117
rough_CEC,2.104696169487122
rough_Soil.C,1.894644448922162
rough_NDVI,1.4646421927671265
Surface.T,1.2949948142014909
rough_Surface.T,1.1074203723438336
