var,rel.inf
MAP,38.031003067524146
PDQ,14.321417789785931
rough_MAP,12.46209652520667
Elevation,9.96349486632764
CEC,5.921811800239846
rough_PDQ,3.7819415370977687
pH,2.96278658085822
rough_Elevation,2.4567186457761245
Clay,2.3928307018365538
rough_CEC,1.9921173701230042
rough_Soil.C,1.8491791870888468
rough_NDVI,1.4440919798503287
Surface.T,1.3847739447344056
rough_Surface.T,1.0357360035505063
