var,rel.inf
MAP,37.98059418953869
PDQ,14.224501181602612
rough_MAP,12.170289966827276
Elevation,10.009203888820398
CEC,6.036351999019328
rough_PDQ,3.924765952505296
pH,2.7484017996585473
rough_Elevation,2.4207933818522687
Clay,2.3670955596893655
rough_Soil.C,2.0645230201555584
rough_CEC,2.0103241840533124
rough_NDVI,1.4807728768903619
Surface.T,1.459592614378093
rough_Surface.T,1.1027893850088855
