var,rel.inf
MAP,37.49658555822183
PDQ,14.325035339773283
rough_MAP,12.119633315594703
Elevation,9.632648896233531
CEC,6.036464038144905
rough_PDQ,3.9472780809343195
pH,2.9338405407077195
Clay,2.5986834923594797
rough_Elevation,2.347324706318416
rough_CEC,2.3292979630953976
rough_Soil.C,1.9857068381618905
rough_NDVI,1.6103324370317318
Surface.T,1.4117775744172152
rough_Surface.T,1.2253912190055685
