var,rel.inf
MAP,38.79124520832042
PDQ,14.062491480928482
rough_MAP,12.081391804782069
Elevation,9.862681544191197
CEC,6.088044311925241
rough_PDQ,3.7463472940959557
pH,2.823753339640023
Clay,2.3295590514900795
rough_Elevation,2.3151902418341175
rough_CEC,2.0316365864402597
rough_Soil.C,1.9833249054959323
rough_NDVI,1.3866056102845912
Surface.T,1.3285398193640325
rough_Surface.T,1.1691888012076004
