var,rel.inf
MAP,37.050472145532304
PDQ,14.190681862921737
rough_MAP,12.260342339290814
Elevation,9.878358459787743
CEC,6.072567752190249
rough_PDQ,4.056849103694488
pH,2.8556146674126524
Clay,2.601390358517649
rough_Elevation,2.4179557658516124
rough_CEC,2.3090054274106717
rough_Soil.C,1.9292565446143937
rough_NDVI,1.62735839930256
Surface.T,1.4955890712591047
rough_Surface.T,1.2545581022140226
