var,rel.inf
MAP,37.1407151541874
PDQ,14.082234992246878
rough_MAP,12.323125187788905
Elevation,9.690167993186115
CEC,5.9558407032724165
rough_PDQ,3.9444755501670516
pH,2.952304922234151
Clay,2.6426829902636855
rough_Elevation,2.4816543824208956
rough_CEC,2.261418401945404
rough_Soil.C,2.1494574381149234
rough_NDVI,1.6652645406580413
Surface.T,1.4585390559017055
rough_Surface.T,1.2521186876124313
