var,rel.inf
MAP,37.91763494641304
PDQ,14.148502749659425
rough_MAP,12.37125736695421
Elevation,9.720860087324693
CEC,6.169399943459231
rough_PDQ,3.9738722940523137
pH,2.80012866614602
rough_Elevation,2.437475238092493
Clay,2.407196763907903
rough_CEC,2.08975924473055
rough_Soil.C,1.8453773731458727
rough_NDVI,1.588143197856394
Surface.T,1.4054127899119842
rough_Surface.T,1.1249793383458733
