nt,pseudo_r2,pred_obs_r2,pred_obs_r2_exp
6800,0.4844390700134382,0.7326467684836023,0.5850649301545857
