nt,pseudo_r2,pred_obs_r2,pred_obs_r2_exp
7950,0.4958728486697648,0.7500822745734784,0.6013748859817567
