nt,pseudo_r2,pred_obs_r2,pred_obs_r2_exp
8200,0.5010734657917448,0.7542309216996081,0.6042356546467434
