nt,pseudo_r2,pred_obs_r2,pred_obs_r2_exp
7750,0.5004240397432982,0.7484067663086637,0.5978529123296764
