var,rel.inf
MAP,37.65513120830458
PDQ,14.195446616011084
rough_MAP,12.527948908795327
Elevation,9.761462858100954
CEC,6.057591156167822
rough_PDQ,3.8454387362491183
pH,2.88433188227161
rough_Elevation,2.4173742121580526
Clay,2.3818161926102115
rough_Soil.C,2.138795920105969
rough_CEC,2.0714397940872282
rough_NDVI,1.4593847818778538
Surface.T,1.4265198391377205
rough_Surface.T,1.1773178941224671
