var,rel.inf
MAP,37.63674540682439
PDQ,14.13256702832449
rough_MAP,12.251803733831018
Elevation,9.629593320175813
CEC,5.999225197181053
rough_PDQ,3.823541888732166
pH,2.8192179745421755
Clay,2.565692005268546
rough_Elevation,2.3870844868412098
rough_CEC,2.317045040365959
rough_Soil.C,2.116548894791891
rough_NDVI,1.7015013180670342
Surface.T,1.4074520721279797
rough_Surface.T,1.2119816329262731
