var,rel.inf
MAP,37.58095255110133
PDQ,14.013485826141341
rough_MAP,12.452012728126107
Elevation,9.902300573186826
CEC,6.068799109229077
rough_PDQ,3.9698228368746395
pH,2.6234166328498443
Clay,2.3993991552267313
rough_Elevation,2.3821342428301846
rough_CEC,2.271291439780569
rough_Soil.C,1.9621444100935546
rough_NDVI,1.6028597174915349
Surface.T,1.4795744160823285
rough_Surface.T,1.2918063609859223
