nt,pseudo_r2,pred_obs_r2,pred_obs_r2_exp
7150,0.49784789776146343,0.7376577710022019,0.5891992463113268
