var,rel.inf
MAP,37.608694784120715
PDQ,14.347294765247634
rough_MAP,12.092515147726774
Elevation,9.64040161877326
CEC,6.083607096326249
rough_PDQ,3.900602410307687
pH,2.939848897081806
Clay,2.501254911235164
rough_Elevation,2.4382257419058324
rough_Soil.C,2.103289765722753
rough_CEC,2.102125773178469
rough_NDVI,1.5719703645377354
Surface.T,1.4411025469188583
rough_Surface.T,1.2290661769170534
