var,rel.inf
MAP,38.33280272515654
PDQ,14.205458359688702
rough_MAP,11.949209423723858
Elevation,9.653411357844588
CEC,5.964602074952422
rough_PDQ,3.850322143044631
pH,2.8454277827742254
Clay,2.5655777260654533
rough_Elevation,2.3539292637829745
rough_Soil.C,2.087318899920027
rough_CEC,2.0526462942279338
rough_NDVI,1.5333206781249393
Surface.T,1.4892311017971203
rough_Surface.T,1.1167421688965957
