var,rel.inf
MAP,37.285082736080355
PDQ,14.257254624416332
rough_MAP,12.386081033750497
Elevation,9.784797931133074
CEC,6.0895870348787
rough_PDQ,3.84555152136443
pH,2.8398745152415943
Clay,2.670243760136481
rough_Elevation,2.403891799007993
rough_CEC,2.1392195043863085
rough_Soil.C,1.993081763123678
rough_NDVI,1.6099177959906836
Surface.T,1.441312816438718
rough_Surface.T,1.2541031640511509
