var,rel.inf
MAP,37.1470524911773
PDQ,14.350295004627974
rough_MAP,12.585432757033898
Elevation,9.774333446730864
CEC,5.965625986864349
rough_PDQ,3.839342929544547
pH,2.9792209053604264
Clay,2.491801247011559
rough_Elevation,2.4146635085392796
rough_CEC,2.1363457785546203
rough_Soil.C,2.102596258013479
rough_NDVI,1.6395287065277224
Surface.T,1.3671542956839617
rough_Surface.T,1.2066066843300292
