var,rel.inf
MAP,37.5966049125346
PDQ,14.232471055840126
rough_MAP,12.22436625755536
Elevation,9.833704138568743
CEC,6.093302971390765
rough_PDQ,3.9146293090749267
pH,2.8011059709836603
Clay,2.4360925561407716
rough_Elevation,2.3501919963171916
rough_CEC,2.250314384322791
rough_Soil.C,1.9822816591754984
rough_NDVI,1.6709827661149508
Surface.T,1.4682181441386495
rough_Surface.T,1.1457338778419637
