nt,pseudo_r2,pred_obs_r2,pred_obs_r2_exp
7400,0.49771079473289126,0.7418584456984548,0.5930154754304996
