nt,pseudo_r2,pred_obs_r2,pred_obs_r2_exp
6900,0.49489428372411315,0.7328825165919032,0.5853296613689666
