nt,pseudo_r2,pred_obs_r2,pred_obs_r2_exp
7350,0.4869517748704447,0.7413782843079985,0.5930068447906508
