nt,pseudo_r2,pred_obs_r2,pred_obs_r2_exp
7e3,0.5021597915277042,0.7351465301942334,0.5871199325287405
