nt,pseudo_r2,pred_obs_r2,pred_obs_r2_exp
7750,0.4981121492309877,0.7481300824933936,0.5983730692786347
