var,rel.inf
MAP,37.66259288518539
PDQ,14.154687310945118
rough_MAP,12.140623152373635
Elevation,9.909760510400938
CEC,5.996098468418614
rough_PDQ,3.9042799363257377
pH,2.7142958287155996
Clay,2.5713898058094986
rough_Elevation,2.42710740717448
rough_CEC,2.1830749764706416
rough_Soil.C,2.126629736571803
rough_NDVI,1.5787090137782283
Surface.T,1.4034340677397008
rough_Surface.T,1.227316900090611
