var,rel.inf
MAP,37.5100524964817
PDQ,14.278484446942663
rough_MAP,11.93920327131982
Elevation,9.867055680310937
CEC,6.107501853011391
rough_PDQ,3.9444668479144616
pH,2.9868273844193993
Clay,2.5783578488116157
rough_Elevation,2.3354128050679996
rough_CEC,2.1697876836980536
rough_Soil.C,2.0293564638564616
rough_NDVI,1.5994842427958638
Surface.T,1.4313363010431897
rough_Surface.T,1.2226726743264447
