var,rel.inf
MAP,37.91810937145355
PDQ,14.304197611502621
rough_MAP,12.18751700117951
Elevation,9.924277687123494
CEC,5.964392739863312
rough_PDQ,3.8219333162050493
pH,2.8715905500464007
Clay,2.5313271590150723
rough_Elevation,2.4284402070036024
rough_CEC,2.031559234532407
rough_Soil.C,1.9930663985292862
rough_NDVI,1.4409964449838215
Surface.T,1.377336173936442
rough_Surface.T,1.2052561046254344
