nt,pseudo_r2,pred_obs_r2,pred_obs_r2_exp
7700,0.5160747041833553,0.7475009141206197,0.597146862952464
