nt,pseudo_r2,pred_obs_r2,pred_obs_r2_exp
7e3,0.4838559657464362,0.7360095268194593,0.5864130074542261
