nt,pseudo_r2,pred_obs_r2,pred_obs_r2_exp
6450,0.49208211117197054,0.7252796015365646,0.5800392506762041
