nt,pseudo_r2,pred_obs_r2,pred_obs_r2_exp
8050,0.49568249528637476,0.7520252079155605,0.6019610817651315
