nt,pseudo_r2,pred_obs_r2,pred_obs_r2_exp
7400,0.49945567900133736,0.7414601169880443,0.5921236908963047
