nt,pseudo_r2,pred_obs_r2,pred_obs_r2_exp
7150,0.4831331878534817,0.7377511405454744,0.5907699611548562
