nt,pseudo_r2,pred_obs_r2,pred_obs_r2_exp
7550,0.4984150829683788,0.7443477306373923,0.5947775997605378
