var,rel.inf
MAP,37.45772463168659
PDQ,14.143500782298554
rough_MAP,12.002035837627618
Elevation,9.813121341521187
CEC,6.108428200579797
rough_PDQ,3.932949253994831
pH,2.9677038725255973
Clay,2.500830061688917
rough_Elevation,2.3943788078433355
rough_CEC,2.2776332250686018
rough_Soil.C,2.0825960798526526
rough_NDVI,1.6453854028767192
Surface.T,1.4890248684918632
rough_Surface.T,1.184687633943744
