nt,pseudo_r2,pred_obs_r2,pred_obs_r2_exp
7050,0.4960089938570774,0.7352913691539054,0.5884859792289706
