nt,pseudo_r2,pred_obs_r2,pred_obs_r2_exp
8550,0.5035358056835746,0.7589523086243489,0.6066394622930864
