var,rel.inf
MAP,38.23435967856145
PDQ,14.16937047640588
rough_MAP,12.561883346343526
Elevation,9.998258613210886
CEC,6.102053672649179
rough_PDQ,3.783129349743371
pH,2.636041222920376
rough_Elevation,2.3602720984071976
Clay,2.342915997431475
rough_CEC,2.0350178165579185
rough_Soil.C,1.8306463321805158
rough_NDVI,1.592136146351611
Surface.T,1.2654692135822738
rough_Surface.T,1.088446035654335
