nt,pseudo_r2,pred_obs_r2,pred_obs_r2_exp
7e3,0.4836705974784814,0.7352870354872879,0.587385399210508
