nt,pseudo_r2,pred_obs_r2,pred_obs_r2_exp
6850,0.4861733935843441,0.733492951652669,0.5856926136817263
