var,rel.inf
MAP,37.94668782094654
PDQ,14.299712174238275
rough_MAP,12.164881964287364
Elevation,9.749463550153546
CEC,5.929586304688783
rough_PDQ,3.8924775465723354
pH,2.9859953544173887
Clay,2.4769972764915633
rough_Elevation,2.3354783907494356
rough_Soil.C,2.177265172183627
rough_CEC,1.976378753528568
rough_NDVI,1.548292177350186
Surface.T,1.3878782023292384
rough_Surface.T,1.128905312063149
