var,rel.inf
MAP,37.61553847163279
PDQ,14.089999394820024
rough_MAP,12.287261809322125
Elevation,9.752189679276581
CEC,6.031874884512292
rough_PDQ,3.939756520096865
pH,2.949114681622538
Clay,2.464937480607445
rough_Elevation,2.3861208102146545
rough_CEC,2.1484367643956066
rough_Soil.C,2.0744244582720457
rough_NDVI,1.5939061383022277
Surface.T,1.4306650997599695
rough_Surface.T,1.235773807164838
