var,rel.inf
MAP,36.9161229697853
PDQ,14.260649067878328
rough_MAP,12.174266802390193
Elevation,9.71087180586782
CEC,5.970312814913014
rough_PDQ,4.035203303621555
pH,2.939190606232628
Clay,2.6146830657456763
rough_Elevation,2.4572680840103884
rough_CEC,2.361178064696839
rough_Soil.C,2.1652783394880273
rough_NDVI,1.6696914643778216
Surface.T,1.501897131043666
rough_Surface.T,1.2233864799487544
