nt,pseudo_r2,pred_obs_r2,pred_obs_r2_exp
6200,0.4809990814634695,0.7202729462699483,0.5760943851483443
