var,rel.inf
MAP,37.733090747608195
PDQ,14.370098084364086
rough_MAP,12.360956721544763
Elevation,9.855580186912167
CEC,6.01298799770506
rough_PDQ,3.9305137288599075
pH,2.876920411654671
rough_Elevation,2.4689138908341004
Clay,2.3923639696627004
rough_Soil.C,2.084869594417468
rough_CEC,1.9662373438819596
rough_NDVI,1.4246711022430618
Surface.T,1.4054162666381784
rough_Surface.T,1.1173799536736764
