nt,pseudo_r2,pred_obs_r2,pred_obs_r2_exp
6650,0.4896220215741808,0.7298374155410695,0.5824930520894039
