nt,pseudo_r2,pred_obs_r2,pred_obs_r2_exp
7900,0.49920338231669603,0.750437013326436,0.5996369045935889
