var,rel.inf
MAP,37.22150074047151
PDQ,14.104435663295346
rough_MAP,11.898671528749743
Elevation,9.75131837610937
CEC,6.054558829904506
rough_PDQ,4.048490326611112
pH,3.019343699332747
Clay,2.68603317109791
rough_Elevation,2.4903304212882866
rough_CEC,2.2443619665989636
rough_Soil.C,2.02764095476154
rough_NDVI,1.6060447563183293
Surface.T,1.5365577527243506
rough_Surface.T,1.3107118127362927
