var,rel.inf
MAP,38.22601591365302
PDQ,14.15487021565042
rough_MAP,12.283655791935422
Elevation,9.858787135270912
CEC,5.987669929874205
rough_PDQ,3.854040986100082
pH,2.9482068059317816
Clay,2.379755044341478
rough_Elevation,2.3376120078137776
rough_CEC,2.030973549707897
rough_Soil.C,1.946121497507162
rough_NDVI,1.4761345225382352
Surface.T,1.377575658689487
rough_Surface.T,1.1385809409861305
