var,rel.inf
MAP,38.407419429606186
PDQ,14.27859908202781
rough_MAP,12.285736736259093
Elevation,9.891747441839433
CEC,5.953039581749232
rough_PDQ,3.751130663328312
pH,2.765054489277695
Clay,2.423493796579795
rough_Elevation,2.3895230596782993
rough_Soil.C,2.002086175842816
rough_CEC,1.968439558767715
rough_NDVI,1.4309138055700905
Surface.T,1.3783973246727002
rough_Surface.T,1.0744188548008282
