nt,pseudo_r2,pred_obs_r2,pred_obs_r2_exp
7700,0.5009837695562918,0.7464266545891589,0.5971475827249442
