nt,pseudo_r2,pred_obs_r2,pred_obs_r2_exp
7350,0.4920714933979856,0.7405239611851457,0.5933371928489112
