var,rel.inf
MAP,36.61590884910776
PDQ,14.122989334965737
rough_MAP,12.253102612443438
Elevation,9.66979589424813
CEC,6.201182528462647
rough_PDQ,4.009982131679585
pH,3.0012105509264106
Clay,2.595075620011047
rough_CEC,2.4686991252723436
rough_Elevation,2.4265853173960292
rough_Soil.C,1.9717046970457097
rough_NDVI,1.8177723993331139
Surface.T,1.514128130904495
rough_Surface.T,1.3318628082035415
