var,rel.inf
MAP,37.94071889630298
PDQ,14.136464513296307
rough_MAP,12.10578242631876
Elevation,9.798691382537605
CEC,6.111479938320256
rough_PDQ,3.8798499159027213
pH,2.899812011459064
Clay,2.6250196466021434
rough_Elevation,2.4630795551505713
rough_CEC,2.1546150780600333
rough_Soil.C,1.8046149097006867
rough_NDVI,1.5328127538844756
Surface.T,1.3641606573444425
rough_Surface.T,1.1828983151199417
