nt,pseudo_r2,pred_obs_r2,pred_obs_r2_exp
7700,0.4859268210199651,0.7467249487629826,0.5962523606041763
