var,rel.inf
MAP,37.33931329940361
PDQ,14.347664573109636
rough_MAP,12.195236437416572
Elevation,9.715366034867243
CEC,5.914733255157707
rough_PDQ,3.976933649089861
pH,2.8616125391097755
Clay,2.64279538523063
rough_Elevation,2.40165410569229
rough_CEC,2.3340604930832343
rough_Soil.C,2.029809947994631
rough_NDVI,1.5937923470936304
Surface.T,1.4057877175995885
rough_Surface.T,1.2412402151515916
