nt,pseudo_r2,pred_obs_r2,pred_obs_r2_exp
8100,0.4995743429144651,0.7530942606835038,0.6042903599161301
