nt,pseudo_r2,pred_obs_r2,pred_obs_r2_exp
7200,0.5001580202748743,0.7386343181332938,0.5914629707661596
