nt,pseudo_r2,pred_obs_r2,pred_obs_r2_exp
8e3,0.5125165926559657,0.7516136264231906,0.6012111371044792
