nt,pseudo_r2,pred_obs_r2,pred_obs_r2_exp
6450,0.48762239299047716,0.7251808298683192,0.578565876597365
