var,rel.inf
MAP,38.16055747121508
PDQ,14.249161802506311
rough_MAP,12.189638951215745
Elevation,9.804644822257186
CEC,6.077671516601373
rough_PDQ,3.885809010026372
pH,2.6523253724465903
Clay,2.4278087066919065
rough_Elevation,2.3852961693291506
rough_Soil.C,2.2075782931244614
rough_CEC,1.9610169393820471
rough_NDVI,1.5743564848414997
Surface.T,1.3465680712462142
rough_Surface.T,1.0775663891160672
