nt,pseudo_r2,pred_obs_r2,pred_obs_r2_exp
7400,0.4904889782531946,0.7418032003285671,0.5936032006831966
