nt,pseudo_r2,pred_obs_r2,pred_obs_r2_exp
7250,0.5034149976792107,0.7397447813430867,0.590468397752807
