nt,pseudo_r2,pred_obs_r2,pred_obs_r2_exp
7800,0.49641214729654437,0.7482430546939073,0.5983459084546205
