nt,pseudo_r2,pred_obs_r2,pred_obs_r2_exp
8100,0.4956084236811179,0.7534027963659979,0.6030336834750326
