nt,pseudo_r2,pred_obs_r2,pred_obs_r2_exp
7850,0.4933224240275398,0.7485043287166712,0.5994389405225775
