nt,pseudo_r2,pred_obs_r2,pred_obs_r2_exp
8050,0.47760473912218204,0.7519099191309354,0.6030179375650072
