var,rel.inf
MAP,36.96552026604042
PDQ,13.992331776260933
rough_MAP,12.137609594781317
Elevation,9.601990488899252
CEC,5.9966869692996045
rough_PDQ,3.9402175958119297
pH,3.209414646105189
Clay,2.619687344370655
rough_Elevation,2.37244006983947
rough_CEC,2.354879887848688
rough_Soil.C,2.10873150831466
rough_NDVI,1.8024183155878477
Surface.T,1.6022805867362153
rough_Surface.T,1.295790950103813
