nt,pseudo_r2,pred_obs_r2,pred_obs_r2_exp
7650,0.48542642281976656,0.7468858591130505,0.5968056113089522
