nt,pseudo_r2,pred_obs_r2,pred_obs_r2_exp
7750,0.5066613348515737,0.7481188067248945,0.5991261198272441
