var,rel.inf
MAP,37.55359870473601
PDQ,14.119001260625142
rough_MAP,11.900867799784713
Elevation,9.867862258602507
CEC,6.096913246777699
rough_PDQ,3.9386278895907885
pH,2.8465834688753118
Clay,2.566045437403354
rough_Elevation,2.4192633238665113
rough_CEC,2.3059446891559836
rough_Soil.C,2.1563190625422535
rough_NDVI,1.6065010874501413
Surface.T,1.3898775748574244
rough_Surface.T,1.232594195732169
