nt,pseudo_r2,pred_obs_r2,pred_obs_r2_exp
8100,0.5032595925169567,0.7528518426679334,0.6028545301554779
