var,rel.inf
MAP,38.020944291443676
PDQ,14.276479398761138
rough_MAP,12.047211007608823
Elevation,9.612027086874164
CEC,6.1161590735005715
rough_PDQ,3.830083900444682
pH,2.9238464953221723
Clay,2.4979934057059925
rough_Elevation,2.379165323018429
rough_CEC,2.1093025400485486
rough_Soil.C,1.9889271575500884
rough_NDVI,1.5358620007699888
Surface.T,1.4855509711881016
rough_Surface.T,1.1764473477636213
