var,rel.inf
MAP,37.5986540662083
PDQ,14.24505584796193
rough_MAP,12.348395449567397
Elevation,9.80005581764834
CEC,6.010925608701151
rough_PDQ,3.8677861018206623
pH,2.7804482457129707
Clay,2.5453214045395094
rough_Elevation,2.5147813979731133
rough_CEC,2.165415150563322
rough_Soil.C,2.0854448544895297
rough_NDVI,1.5041826695783012
Surface.T,1.4485703709507842
rough_Surface.T,1.0849630142846871
