var,rel.inf
MAP,37.83331273586339
PDQ,14.237145189324433
rough_MAP,12.40574597390146
Elevation,9.725994639170455
CEC,6.031506826385855
rough_PDQ,3.921202643719742
pH,2.8855936114754424
Clay,2.4293829149729578
rough_Elevation,2.376108028377937
rough_CEC,2.1147833428222014
rough_Soil.C,2.0345434289237625
rough_NDVI,1.5204459825336682
Surface.T,1.3566772884129388
rough_Surface.T,1.1275573941157502
