var,rel.inf
MAP,37.49021763925103
PDQ,14.259401087060414
rough_MAP,12.266979953193964
Elevation,9.696063379907107
CEC,6.035697267483432
rough_PDQ,4.041217758573363
pH,2.858494763170571
Clay,2.520870362532933
rough_Elevation,2.403127788764458
rough_CEC,2.118805994572324
rough_Soil.C,1.9785946129153056
rough_NDVI,1.579994977791287
Surface.T,1.5275362078455015
rough_Surface.T,1.222998206938307
