var,rel.inf
MAP,37.69767866361375
PDQ,14.106007754498199
rough_MAP,12.38329564035036
Elevation,9.714913865434749
CEC,6.073965675675405
rough_PDQ,3.895132491895247
pH,2.7687217948396694
Clay,2.4853669921667896
rough_Elevation,2.468768836960614
rough_CEC,2.2298588981052907
rough_Soil.C,1.9007878263209415
rough_NDVI,1.6467709547752754
Surface.T,1.4031559939449776
rough_Surface.T,1.2255746114187196
