var,rel.inf
MAP,37.87183604088355
PDQ,14.141437840784633
rough_MAP,11.780006230369374
Elevation,9.789137463301286
CEC,6.082432057272467
rough_PDQ,3.875490018773989
pH,2.747194694549921
Clay,2.5684114421037534
rough_Elevation,2.4644896633798403
rough_CEC,2.350811053443894
rough_Soil.C,1.9758717521496838
rough_NDVI,1.5815864673569116
Surface.T,1.4884812623125911
rough_Surface.T,1.2828140133181114
