var,rel.inf
MAP,38.16050392890548
PDQ,14.287471856500144
rough_MAP,12.211893466494535
Elevation,9.875161905053057
CEC,6.053649115090009
rough_PDQ,3.954992929338772
pH,2.6818493757947914
Clay,2.534022052150816
rough_Elevation,2.354575608844579
rough_CEC,1.99592796802657
rough_Soil.C,1.8887182533399172
rough_NDVI,1.509284673833482
Surface.T,1.3487468589650058
rough_Surface.T,1.1432020076628402
