var,rel.inf
MAP,38.26069949823593
PDQ,14.31357586974109
rough_MAP,12.35571686298959
Elevation,9.939198816590679
CEC,5.979848880471831
rough_PDQ,3.801208521394305
pH,2.8129503394130757
rough_Elevation,2.4042087587288083
Clay,2.337172107063128
rough_CEC,2.0668070462207226
rough_Soil.C,1.9656860652492825
rough_NDVI,1.420005326203301
Surface.T,1.2484118240569455
rough_Surface.T,1.0945100836413122
