var,rel.inf
MAP,38.113906278347585
PDQ,14.459142711921418
rough_MAP,12.12616409574084
Elevation,9.868334960319062
CEC,5.9142770549363854
rough_PDQ,3.887730050666249
pH,2.753160789354365
Clay,2.4793886629288613
rough_Elevation,2.3622271157597408
rough_CEC,2.046622702739486
rough_Soil.C,1.966233858721421
rough_NDVI,1.6064567809744503
Surface.T,1.3214401341700706
rough_Surface.T,1.0949148034200582
