nt,pseudo_r2,pred_obs_r2,pred_obs_r2_exp
8350,0.4941690649274961,0.7569832756207989,0.604436091657541
