nt,pseudo_r2,pred_obs_r2,pred_obs_r2_exp
6750,0.4825909774064929,0.7303482504003284,0.5823840416521908
