var,rel.inf
MAP,39.41550236996133
PDQ,14.494871854532137
rough_MAP,12.555133236883512
Elevation,9.979331136073581
CEC,5.910939354314062
rough_PDQ,3.6100981279383815
pH,2.6095322879002127
rough_Elevation,2.252000629693536
Clay,2.129343902362157
rough_Soil.C,1.967179501437404
rough_CEC,1.8562181166399059
rough_NDVI,1.2037749948451393
Surface.T,1.1230319204401675
rough_Surface.T,0.8930425669784746
