nt,pseudo_r2,pred_obs_r2,pred_obs_r2_exp
7200,0.4854061115045655,0.7381746862950673,0.5913426415297405
