nt,pseudo_r2,pred_obs_r2,pred_obs_r2_exp
7250,0.4842272654970845,0.7396816316966781,0.5917434614569685
