nt,pseudo_r2,pred_obs_r2,pred_obs_r2_exp
7800,0.48704083986556435,0.748061281745138,0.5991699118847152
