nt,pseudo_r2,pred_obs_r2,pred_obs_r2_exp
8500,0.49402250679477355,0.7579204864367225,0.6069192542755538
