nt,pseudo_r2,pred_obs_r2,pred_obs_r2_exp
6950,0.487769021107781,0.7345027671261701,0.587085735471864
