nt,pseudo_r2,pred_obs_r2,pred_obs_r2_exp
7200,0.49314083524185814,0.7387046326620068,0.5916464094422129
