nt,pseudo_r2,pred_obs_r2,pred_obs_r2_exp
7400,0.5008296613327128,0.7416125688841027,0.5927340600983838
