var,rel.inf
MAP,37.9073981959784
PDQ,14.073434242009801
rough_MAP,12.224719429174025
Elevation,9.937721267101114
CEC,6.018285360745371
rough_PDQ,3.8908781748793437
pH,2.9199856968450755
Clay,2.4757960637478797
rough_Elevation,2.2562856846274064
rough_CEC,2.209238076516269
rough_Soil.C,1.982886519827298
rough_NDVI,1.4848843031657013
Surface.T,1.4615997410479626
rough_Surface.T,1.1568872443343525
