nt,pseudo_r2,pred_obs_r2,pred_obs_r2_exp
6700,0.4913073346401474,0.7298664135493103,0.5826328242360216
