var,rel.inf
MAP,37.36434052890506
PDQ,14.207705840790846
rough_MAP,12.39756886933722
Elevation,9.747316186108513
CEC,5.879237207609784
rough_PDQ,4.047951637594053
pH,2.8425540041995707
Clay,2.52014961251997
rough_Elevation,2.4161846494502432
rough_CEC,2.223382034228735
rough_Soil.C,2.116213658292393
rough_NDVI,1.6906368768889681
Surface.T,1.3780362635804586
rough_Surface.T,1.1687226304941754
