nt,pseudo_r2,pred_obs_r2,pred_obs_r2_exp
7500,0.5090588011148915,0.7429285048152389,0.593762863491639
