var,rel.inf
MAP,37.519799330720204
PDQ,14.104059053603462
rough_MAP,12.332242629777008
Elevation,9.684943461542828
CEC,5.896081864036402
rough_PDQ,3.9052666673153484
pH,2.8790288794002743
Clay,2.6320000921541298
rough_Elevation,2.4104247718593843
rough_Soil.C,2.253399394418723
rough_CEC,2.2498762358066635
rough_NDVI,1.4985084415833267
Surface.T,1.3828543662765682
rough_Surface.T,1.2515148115056867
