nt,pseudo_r2,pred_obs_r2,pred_obs_r2_exp
7e3,0.4934633794727241,0.7356530598492277,0.5869828295681446
