nt,pseudo_r2,pred_obs_r2,pred_obs_r2_exp
7500,0.5037202247065311,0.7436517222004421,0.5945087833460605
