nt,pseudo_r2,pred_obs_r2,pred_obs_r2_exp
6850,0.49832942498002686,0.7331555871325237,0.5855938951606221
