nt,pseudo_r2,pred_obs_r2,pred_obs_r2_exp
6800,0.47302272021583225,0.7326351952637216,0.5843262977917723
