nt,pseudo_r2,pred_obs_r2,pred_obs_r2_exp
7450,0.49770452989333236,0.7436714013093263,0.5942797732399566
