var,rel.inf
MAP,37.42428002803842
PDQ,14.235361001071208
rough_MAP,12.318275546330883
Elevation,9.77246221198246
CEC,6.118925313511025
rough_PDQ,3.909533534680855
pH,2.8241699718611923
rough_Elevation,2.457428480344128
Clay,2.450526505625872
rough_CEC,2.131067007737755
rough_Soil.C,2.082972030541245
rough_NDVI,1.6201843630769677
Surface.T,1.4791055101631705
rough_Surface.T,1.1757084950348213
