nt,pseudo_r2,pred_obs_r2,pred_obs_r2_exp
7900,0.4967236241737415,0.7494052353886315,0.6011034380665294
