nt,pseudo_r2,pred_obs_r2,pred_obs_r2_exp
7550,0.4933024937984909,0.7447650295713576,0.5948787496008927
