nt,pseudo_r2,pred_obs_r2,pred_obs_r2_exp
7450,0.509528265561876,0.7420535628747941,0.5946209910052163
