var,rel.inf
MAP,38.03838461429432
PDQ,14.385865061161702
rough_MAP,12.295470105021538
Elevation,9.816496307547158
CEC,6.086496028241633
rough_PDQ,3.80330519014648
pH,2.6433734125816866
Clay,2.5059395655299146
rough_Elevation,2.3277217310811733
rough_CEC,2.127433072053978
rough_Soil.C,2.002460808336621
rough_NDVI,1.4009887917778487
Surface.T,1.3795385469842354
rough_Surface.T,1.1865267652417053
