nt,pseudo_r2,pred_obs_r2,pred_obs_r2_exp
7600,0.49867613394631194,0.7456305258027824,0.5955102817570371
