nt,pseudo_r2,pred_obs_r2,pred_obs_r2_exp
6700,0.49467289671489345,0.7294647763181054,0.5828534535095675
