nt,pseudo_r2,pred_obs_r2,pred_obs_r2_exp
7750,0.5065312715070422,0.7476529532045999,0.5978870926684297
