var,rel.inf
MAP,37.50579541439865
PDQ,14.315461815975166
rough_MAP,12.013891124257754
Elevation,9.738046643765363
CEC,5.962237172023936
rough_PDQ,3.938067515499296
pH,2.8656267659402306
Clay,2.627207895159869
rough_Elevation,2.3425690123443066
rough_CEC,2.206865785321152
rough_Soil.C,2.0637268189158844
rough_NDVI,1.7494640624945774
Surface.T,1.4351947156997396
rough_Surface.T,1.2358452582040762
