nt,pseudo_r2,pred_obs_r2,pred_obs_r2_exp
7600,0.5001419739908954,0.7443470516185742,0.5957691174166474
