var,rel.inf
MAP,37.790766997137744
PDQ,14.22021315473077
rough_MAP,12.103964557901376
Elevation,10.027878522775387
CEC,5.934958423497196
rough_PDQ,3.8226465275309787
pH,2.8114593221365243
Clay,2.475023669995672
rough_Elevation,2.3877021395220552
rough_Soil.C,2.1102046097659297
rough_CEC,2.0943934627305496
rough_NDVI,1.5716106909163288
Surface.T,1.493893253939357
rough_Surface.T,1.1552846674201271
