nt,pseudo_r2,pred_obs_r2,pred_obs_r2_exp
8200,0.508229596570418,0.7533760649206912,0.6041150533261583
