nt,pseudo_r2,pred_obs_r2,pred_obs_r2_exp
6700,0.4923565274442373,0.7285440792757657,0.5827001370046533
