var,rel.inf
MAP,38.276593064351815
PDQ,14.429103521187903
rough_MAP,12.222810159959725
Elevation,9.8563521815308075
CEC,6.020218577621745
rough_PDQ,3.732663811938719
pH,2.6229642833423137
Clay,2.4057160245474276
rough_Elevation,2.3525089736279448
rough_CEC,2.0979925485556117
rough_Soil.C,2.0552546542545276
rough_NDVI,1.4482493816578088
Surface.T,1.3869804375007915
rough_Surface.T,1.0925923799228592
