nt,pseudo_r2,pred_obs_r2,pred_obs_r2_exp
8350,0.49466536482910906,0.7560629564602198,0.6050007901609858
