var,rel.inf
MAP,37.61395247198669
PDQ,14.011994702305598
rough_MAP,12.36032314166416
Elevation,9.942866386599048
CEC,6.110757108013084
rough_PDQ,3.915087876774548
pH,2.7240053524500887
Clay,2.498104383641723
rough_Elevation,2.3733247003361146
rough_CEC,2.2035656826442693
rough_Soil.C,1.9648230911783477
rough_NDVI,1.6503901284359401
Surface.T,1.4452702863129154
rough_Surface.T,1.1855346876574695
