var,rel.inf
MAP,37.55193079385967
PDQ,14.132762645802995
rough_MAP,12.022937410572329
Elevation,9.859036952412163
CEC,6.014642375746118
rough_PDQ,3.9461188396211124
pH,3.0507101456406924
Clay,2.4819400659103374
rough_Elevation,2.315263470883438
rough_CEC,2.2219985699152316
rough_Soil.C,2.1082767137835035
rough_NDVI,1.556999903397663
Surface.T,1.494068997366528
rough_Surface.T,1.2433131150882237
