var,rel.inf
MAP,37.8910458300528
PDQ,14.336700078039113
rough_MAP,12.512963781344936
Elevation,9.832592689136824
CEC,6.0342429207462205
rough_PDQ,3.90060138733745
pH,2.6912138449631606
rough_Elevation,2.469080899768934
Clay,2.4198016681016368
rough_CEC,2.137085771577054
rough_Soil.C,1.863724951525402
rough_NDVI,1.4916235209795152
Surface.T,1.3418568781813327
rough_Surface.T,1.077465778245618
