nt,pseudo_r2,pred_obs_r2,pred_obs_r2_exp
6400,0.49373073936111045,0.7245044684935366,0.5784430821664026
