nt,pseudo_r2,pred_obs_r2,pred_obs_r2_exp
7400,0.5103255951992103,0.7429617023893103,0.5948216283785326
