nt,pseudo_r2,pred_obs_r2,pred_obs_r2_exp
7600,0.4871506817528294,0.7456939359693182,0.594078568908419
