var,rel.inf
MAP,37.811393902257265
PDQ,14.147321055618898
rough_MAP,12.178091563290272
Elevation,9.744983842239165
CEC,6.10013094831027
rough_PDQ,3.959512910900375
pH,2.872086292929267
Clay,2.6614730457256415
rough_Elevation,2.3708729165134246
rough_CEC,2.0704382433151833
rough_Soil.C,2.0664204599019604
rough_NDVI,1.618021302256864
Surface.T,1.278329395412873
rough_Surface.T,1.1209241213285435
