nt,pseudo_r2,pred_obs_r2,pred_obs_r2_exp
7700,0.499233612387309,0.7468612935795715,0.5973022300437852
