var,rel.inf
MAP,38.51309555507207
PDQ,14.564908422892236
rough_MAP,12.271983063850627
Elevation,9.926637504102416
CEC,5.87579052464941
rough_PDQ,3.682592094050225
pH,2.6336133229056364
Clay,2.452104120999202
rough_Elevation,2.3860779727958104
rough_CEC,1.976631682979539
rough_Soil.C,1.903985211398507
rough_NDVI,1.452233895014633
Surface.T,1.2800314763766296
rough_Surface.T,1.080315152913063
