nt,pseudo_r2,pred_obs_r2,pred_obs_r2_exp
8e3,0.49771708880700527,0.751341502057369,0.6005651777553476
