var,rel.inf
MAP,37.65788928227853
PDQ,14.350320207182664
rough_MAP,12.367899184160278
Elevation,9.850135933377654
CEC,5.899847369472066
rough_PDQ,3.9234049421525623
pH,2.9229181348746374
Clay,2.3949161135127417
rough_Elevation,2.384748671726527
rough_Soil.C,2.1154832435348663
rough_CEC,2.0620980404748424
rough_NDVI,1.521582615156805
Surface.T,1.4234506656172863
rough_Surface.T,1.1253055964785459
