nt,pseudo_r2,pred_obs_r2,pred_obs_r2_exp
8600,0.5137662380555461,0.7594654074881522,0.6094599709144509
