var,rel.inf
MAP,37.69909892756608
PDQ,13.970157286577557
rough_MAP,12.212356604073138
Elevation,9.764987754982483
CEC,6.112632890886042
rough_PDQ,3.911966662619066
pH,2.824114868532237
rough_Elevation,2.4544411149589007
Clay,2.4253243860207747
rough_CEC,2.2889923725074417
rough_Soil.C,2.1465217277216246
rough_NDVI,1.5384633673301844
Surface.T,1.4304213935181742
rough_Surface.T,1.2205206427063096
