var,rel.inf
MAP,37.80696260096998
PDQ,14.146358717684128
rough_MAP,12.250887507062354
Elevation,9.898515413036419
CEC,6.097286155325733
rough_PDQ,3.9230603745819908
pH,2.6891162562623983
Clay,2.5374323186759753
rough_Elevation,2.3769875065971062
rough_CEC,2.095323470781184
rough_Soil.C,2.020708089778402
rough_NDVI,1.549218431268634
Surface.T,1.421316386505447
rough_Surface.T,1.1868267714702434
