var,rel.inf
MAP,38.05175228998717
PDQ,14.071148076246674
rough_MAP,12.08109355011479
Elevation,9.831065000361855
CEC,6.008511451427201
rough_PDQ,3.969652634620881
pH,2.716521841532747
Clay,2.6919959069498254
rough_Elevation,2.3353124772375624
rough_Soil.C,2.131675196855705
rough_CEC,2.0833036943127703
rough_NDVI,1.5650965195209376
Surface.T,1.3205653956624674
rough_Surface.T,1.1423059651694112
