var,rel.inf
MAP,37.964558674632215
PDQ,14.280816726630608
rough_MAP,12.124157314168757
Elevation,9.882168806575368
CEC,6.046281962382251
rough_PDQ,3.860212634660173
pH,2.9179821750771073
Clay,2.4321052547681714
rough_Elevation,2.338535360708399
rough_CEC,2.17517061489683
rough_Soil.C,1.976688765373424
rough_NDVI,1.4911336225231049
Surface.T,1.4225677841498177
rough_Surface.T,1.0876203034537748
