nt,pseudo_r2,pred_obs_r2,pred_obs_r2_exp
7150,0.48391552195239973,0.7382960798584957,0.5904770184841153
