nt,pseudo_r2,pred_obs_r2,pred_obs_r2_exp
7e3,0.4925699020137486,0.7357586488973172,0.5884341318941892
