nt,pseudo_r2,pred_obs_r2,pred_obs_r2_exp
6700,0.4964759565796739,0.7300531846365341,0.5834234753973555
