var,rel.inf
MAP,38.2551738025783
PDQ,14.080803068586645
rough_MAP,12.40811118004152
Elevation,9.769611711901454
CEC,6.129539293323346
rough_PDQ,3.7478773587379672
pH,2.644532746389741
Clay,2.4550773410994853
rough_Elevation,2.35500235998472
rough_CEC,2.09433175974999
rough_Soil.C,1.9925687727482406
rough_NDVI,1.5303771863278117
Surface.T,1.4192545651835677
rough_Surface.T,1.1177388533472052
