nt,pseudo_r2,pred_obs_r2,pred_obs_r2_exp
7350,0.4984252897843051,0.7420315834532623,0.5928795279622548
