var,rel.inf
MAP,37.745062388270505
PDQ,14.0935436205128
rough_MAP,11.94282432448299
Elevation,9.843495255398217
CEC,6.160515106883156
rough_PDQ,3.8545040413134406
pH,2.958691077217764
Clay,2.511226282910423
rough_Elevation,2.423775716572142
rough_CEC,2.17769753711652
rough_Soil.C,2.0614426856059094
rough_NDVI,1.5959330110766268
Surface.T,1.4199389241398765
rough_Surface.T,1.2113500284996295
