var,rel.inf
MAP,38.17634910620297
PDQ,14.22728483167409
rough_MAP,12.044051589584548
Elevation,9.889381427503858
CEC,5.951325287558871
rough_PDQ,3.8474719872933965
pH,2.864345862152355
Clay,2.4956281925390558
rough_Elevation,2.304525767004536
rough_CEC,2.1460484756809746
rough_Soil.C,1.9515741716617598
rough_NDVI,1.5730813696008887
Surface.T,1.3623116929571932
rough_Surface.T,1.1666202385854998
