var,rel.inf
MAP,37.61706452752714
PDQ,14.236503648534262
rough_MAP,12.409416267998097
Elevation,9.590838179550744
CEC,6.048279685833078
rough_PDQ,3.8899713721057094
pH,2.9899662677035614
Clay,2.421585996378016
rough_Elevation,2.3879625256338537
rough_CEC,2.307940737794477
rough_Soil.C,1.931130452737936
rough_NDVI,1.5403779552248662
Surface.T,1.4507973188606362
rough_Surface.T,1.1781650641176113
