var,rel.inf
MAP,36.863627096567484
PDQ,14.20476539508014
rough_MAP,11.923622325924075
Elevation,9.750115566521297
CEC,6.041810499046182
rough_PDQ,4.107395953043312
pH,2.9091861621646666
Clay,2.6700664699510326
rough_Elevation,2.4394102749893176
rough_CEC,2.3022509552376045
rough_Soil.C,2.263897610671474
rough_NDVI,1.70084906228223
Surface.T,1.5651095218699014
rough_Surface.T,1.2578931066512768
