nt,pseudo_r2,pred_obs_r2,pred_obs_r2_exp
7600,0.5032993327759208,0.7458231000491659,0.5964043252869946
