var,rel.inf
MAP,37.870065476404164
PDQ,14.162107979404249
rough_MAP,12.41515816286448
Elevation,9.9268818803761
CEC,6.00581386873422
rough_PDQ,3.9015788117911554
pH,2.6969070738068943
Clay,2.4816606825228775
rough_Elevation,2.434873972297188
rough_CEC,2.146602103814258
rough_Soil.C,1.9210814822355076
rough_NDVI,1.4879025941833592
Surface.T,1.3918497567587553
rough_Surface.T,1.1575161548067936
