var,rel.inf
MAP,38.47297148863009
PDQ,14.29121183645148
rough_MAP,12.381289917133302
Elevation,9.80878323835553
CEC,6.129194887547303
rough_PDQ,3.765948509764681
pH,2.6745125926473556
rough_Elevation,2.4125103512350217
Clay,2.3893403922590175
rough_CEC,1.9801439534957834
rough_Soil.C,1.9724145279433
rough_NDVI,1.4198183874591987
Surface.T,1.2904256333807698
rough_Surface.T,1.0114342836971737
