var,rel.inf
MAP,37.29544109349571
PDQ,14.18975848285464
rough_MAP,12.032571019785626
Elevation,9.607660074984949
CEC,6.011890817042121
rough_PDQ,3.989848463619081
pH,2.9301963241432545
Clay,2.732042521333935
rough_CEC,2.414190021248158
rough_Elevation,2.3776438436267333
rough_Soil.C,2.045740593548087
rough_NDVI,1.695359830103989
Surface.T,1.476794101411552
rough_Surface.T,1.20086281280216
