nt,pseudo_r2,pred_obs_r2,pred_obs_r2_exp
7050,0.48756310378681234,0.7361513484612111,0.5889929677817357
