var,rel.inf
MAP,37.92435160370012
PDQ,14.320772396578231
rough_MAP,12.39001388897431
Elevation,9.924564412596423
CEC,5.989776974710062
rough_PDQ,3.860487706407338
pH,2.693575089012325
Clay,2.425000772896291
rough_Elevation,2.372092650387348
rough_Soil.C,2.0803253092166663
rough_CEC,2.0675127022118693
rough_NDVI,1.4886943175515164
Surface.T,1.3731485306374218
rough_Surface.T,1.0896836451200744
