nt,pseudo_r2,pred_obs_r2,pred_obs_r2_exp
6900,0.49271114775160574,0.7330021067402225,0.5862840038809968
