nt,pseudo_r2,pred_obs_r2,pred_obs_r2_exp
7450,0.4916123424804556,0.742233640197424,0.5928723300643656
