nt,pseudo_r2,pred_obs_r2,pred_obs_r2_exp
7300,0.49999433746266186,0.7406640854316434,0.5917218769901235
