var,rel.inf
MAP,37.24997625617033
PDQ,14.199199785468434
rough_MAP,11.882823811128201
Elevation,9.866693261311893
CEC,6.138874700670966
rough_PDQ,3.9130457791401527
pH,2.9758162465918403
Clay,2.684577444679683
rough_Elevation,2.3079682919826676
rough_CEC,2.2841034087216223
rough_Soil.C,1.9583063106818095
rough_NDVI,1.814187653646525
Surface.T,1.4717112425820627
rough_Surface.T,1.2527158072238165
