nt,pseudo_r2,pred_obs_r2,pred_obs_r2_exp
7650,0.48794313029903325,0.746264759207519,0.5974246192887089
