nt,pseudo_r2,pred_obs_r2,pred_obs_r2_exp
7500,0.501358003377644,0.7437869838290841,0.5944921477582579
