nt,pseudo_r2,pred_obs_r2,pred_obs_r2_exp
7600,0.5065137543819314,0.746143712357923,0.5960328262832137
