var,rel.inf
MAP,37.951412866415836
PDQ,14.179815156429958
rough_MAP,12.621204403892305
Elevation,9.911294852962099
CEC,5.917198014180179
rough_PDQ,3.9044024797687755
pH,2.6265148756164582
Clay,2.4009098585121675
rough_Elevation,2.3522130669442567
rough_CEC,2.2839080708687955
rough_Soil.C,1.9298797682739346
rough_NDVI,1.4409603144248724
Surface.T,1.4127629744762566
rough_Surface.T,1.0675232972341127
