var,rel.inf
MAP,36.96458359896289
PDQ,14.259811282509258
rough_MAP,12.575401130308883
Elevation,9.983836148096218
CEC,6.009352629780149
rough_PDQ,3.9399508817232696
pH,2.998293397880689
Clay,2.475989408382462
rough_Elevation,2.400674027008338
rough_CEC,2.1508417278526797
rough_Soil.C,1.9030895162512462
rough_NDVI,1.6196360409119626
Surface.T,1.4757598583108054
rough_Surface.T,1.2427803520211411
