nt,pseudo_r2,pred_obs_r2,pred_obs_r2_exp
7200,0.48383901441078214,0.7387413815573207,0.5899515627362795
