nt,pseudo_r2,pred_obs_r2,pred_obs_r2_exp
7700,0.489698457904585,0.7468845601077844,0.5974542887011427
