nt,pseudo_r2,pred_obs_r2,pred_obs_r2_exp
7650,0.4994589529256215,0.746621341071758,0.5975470377109364
