nt,pseudo_r2,pred_obs_r2,pred_obs_r2_exp
7800,0.5074723811535066,0.7488044735647401,0.5982378962604133
