nt,pseudo_r2,pred_obs_r2,pred_obs_r2_exp
7500,0.48715485140168,0.7436492656499645,0.5952143232220827
