var,rel.inf
MAP,37.52686400985762
PDQ,14.194184700650158
rough_MAP,12.162472939556372
Elevation,9.883524040751285
CEC,5.9795332042951586
rough_PDQ,3.919168468885919
pH,2.779761005488058
Clay,2.592801078686977
rough_Elevation,2.432191606415068
rough_CEC,2.2072029543295812
rough_Soil.C,2.010925361259024
rough_NDVI,1.6556812510614614
Surface.T,1.4900544540800504
rough_Surface.T,1.1656349246832731
