nt,pseudo_r2,pred_obs_r2,pred_obs_r2_exp
6500,0.4875987799149232,0.7266782195975776,0.5800863566244534
