nt,pseudo_r2,pred_obs_r2,pred_obs_r2_exp
7600,0.49032279104231824,0.7456776761798235,0.5942963845050618
