var,rel.inf
MAP,38.21801575149282
PDQ,14.093068474069455
rough_MAP,11.827197853630262
Elevation,9.776629976844719
CEC,6.152912303240795
rough_PDQ,3.8749177965982065
pH,2.888722423815964
rough_Elevation,2.3886470417845915
Clay,2.351114788966459
rough_CEC,2.151884406014637
rough_Soil.C,2.001758446042086
rough_NDVI,1.6355002447986566
Surface.T,1.44374626317595
rough_Surface.T,1.195884229525391
