nt,pseudo_r2,pred_obs_r2,pred_obs_r2_exp
7400,0.5061409581062488,0.7425967257033295,0.5931111744747011
