nt,pseudo_r2,pred_obs_r2,pred_obs_r2_exp
6950,0.4801200371605472,0.7342723147082125,0.5877257811704992
