var,rel.inf
MAP,37.68118748436659
PDQ,14.084672782292394
rough_MAP,12.500685299786491
Elevation,9.888595684039343
CEC,6.043389229436811
rough_PDQ,3.856516858767865
pH,2.770999243566829
Clay,2.43720372547078
rough_Elevation,2.3675785001930123
rough_CEC,2.1901877508666034
rough_Soil.C,2.0451859205783642
rough_NDVI,1.6000598398474202
Surface.T,1.3884096067859837
rough_Surface.T,1.1453280740015186
