nt,pseudo_r2,pred_obs_r2,pred_obs_r2_exp
7150,0.4944201163794152,0.7377001309956429,0.5898638155451305
