var,rel.inf
MAP,38.621843859554815
PDQ,14.196855970967611
rough_MAP,12.474085572693918
Elevation,9.968194975078703
CEC,5.97622559035177
rough_PDQ,3.64802778837216
pH,2.732375771695592
Clay,2.3976103818352916
rough_Elevation,2.2529564939824005
rough_Soil.C,2.008158406207852
rough_CEC,1.9266324959472318
rough_NDVI,1.4917444782982103
Surface.T,1.2473736246363434
rough_Surface.T,1.0579145903781015
