nt,pseudo_r2,pred_obs_r2,pred_obs_r2_exp
7750,0.5028743567895682,0.74732062318334,0.5975976249514583
