nt,pseudo_r2,pred_obs_r2,pred_obs_r2_exp
8e3,0.49815084398216913,0.7501177515631438,0.6003320518553177
