nt,pseudo_r2,pred_obs_r2,pred_obs_r2_exp
7900,0.518219608183553,0.7495837300447803,0.6002337702407637
