var,rel.inf
MAP,39.009270364967634
PDQ,14.12244378519053
rough_MAP,12.508885362322724
Elevation,9.79573930236468
CEC,6.036860612575039
rough_PDQ,3.693853863801789
pH,2.5946602615999996
Clay,2.289201907015767
rough_Elevation,2.2881509912263716
rough_Soil.C,2.106013271171902
rough_CEC,1.9177056467843956
rough_NDVI,1.2744618935026304
Surface.T,1.2681711229325106
rough_Surface.T,1.0945816145440195
