nt,pseudo_r2,pred_obs_r2,pred_obs_r2_exp
7100,0.4950645066101954,0.7374125395788335,0.5880436641213533
