nt,pseudo_r2,pred_obs_r2,pred_obs_r2_exp
7150,0.48128408286193247,0.7372853254739776,0.5898300582191667
