var,rel.inf
MAP,37.63697771413194
PDQ,14.36479512813963
rough_MAP,12.211812908064626
Elevation,9.809772184453097
CEC,6.203357519904848
rough_PDQ,3.8302923079007978
pH,2.6767168647819433
Clay,2.3480548117652686
rough_Elevation,2.3083590414882305
rough_CEC,2.2177610975781348
rough_Soil.C,2.0908284344301826
rough_NDVI,1.5865016702989718
Surface.T,1.5202109322041086
rough_Surface.T,1.194559384858224
