nt,pseudo_r2,pred_obs_r2,pred_obs_r2_exp
8300,0.5133817097093419,0.7552810064796387,0.6060281008207857
