var,rel.inf
MAP,38.10152364914578
PDQ,14.477958883876179
rough_MAP,12.076248069838039
Elevation,9.826762945487314
CEC,6.002360254721832
rough_PDQ,3.8769486176847225
pH,3.0091657656591058
rough_Elevation,2.3649893150552423
Clay,2.2896375084336227
rough_CEC,2.1004201552273187
rough_Soil.C,1.9044528394110949
rough_NDVI,1.4741664936039172
Surface.T,1.3193662018989671
rough_Surface.T,1.1759992999568594
