var,rel.inf
MAP,38.63407127325808
PDQ,14.23875940739947
rough_MAP,12.199177944246467
Elevation,9.813222468458372
CEC,6.058181001645971
rough_PDQ,3.86483665381611
pH,2.6767365431895747
rough_Elevation,2.336042591443479
Clay,2.3141491884350565
rough_Soil.C,1.989971517606188
rough_CEC,1.9558220471787748
rough_NDVI,1.4330350513159948
Surface.T,1.374025636425198
rough_Surface.T,1.1119686755812663
