var,rel.inf
MAP,38.376807336975254
PDQ,14.344617059465124
rough_MAP,11.974895388775229
Elevation,9.853585581285818
CEC,5.943667275981669
rough_PDQ,3.8117573013975776
pH,2.719954466988566
Clay,2.4997415541734895
rough_Elevation,2.3536959538641526
rough_Soil.C,2.144742704823091
rough_CEC,1.9973393206986716
rough_NDVI,1.4284022989990695
Surface.T,1.357487657806755
rough_Surface.T,1.193306098765525
