nt,pseudo_r2,pred_obs_r2,pred_obs_r2_exp
8300,0.5002789954373499,0.755909304872684,0.6037265995777061
