nt,pseudo_r2,pred_obs_r2,pred_obs_r2_exp
7400,0.5013097128865056,0.7422439700446649,0.5924454915353772
