var,rel.inf
MAP,37.565315878539074
PDQ,14.247928961903812
rough_MAP,12.127765130878709
Elevation,9.677861461788526
CEC,5.972763088156344
rough_PDQ,3.935415277110851
pH,3.002453563511485
Clay,2.542908999428885
rough_Elevation,2.348768452848739
rough_CEC,2.1968382641655335
rough_Soil.C,2.1254289747932886
rough_NDVI,1.603693453161432
Surface.T,1.3955119993464165
rough_Surface.T,1.2573464943668977
