nt,pseudo_r2,pred_obs_r2,pred_obs_r2_exp
7250,0.4938645933918756,0.739373769551686,0.5907649063272813
