nt,pseudo_r2,pred_obs_r2,pred_obs_r2_exp
7700,0.49938468241770717,0.7461712135957447,0.5978455065566406
