nt,pseudo_r2,pred_obs_r2,pred_obs_r2_exp
7250,0.5005969699680912,0.7414424040637808,0.5931930759405754
