nt,pseudo_r2,pred_obs_r2,pred_obs_r2_exp
7150,0.49648139923057066,0.7375997218780732,0.5894745147460797
