var,rel.inf
MAP,38.93491310090061
PDQ,14.265317902935262
rough_MAP,12.384742699293255
Elevation,9.904358748100108
CEC,6.044146399573553
rough_PDQ,3.697445657447469
pH,2.731759031087635
Clay,2.3067389482798677
rough_Elevation,2.2918614299448556
rough_Soil.C,1.9843368737197484
rough_CEC,1.8010183396775403
rough_NDVI,1.3711920411205034
Surface.T,1.212502664315947
rough_Surface.T,1.0696661636036453
