nt,pseudo_r2,pred_obs_r2,pred_obs_r2_exp
8200,0.4969032596159052,0.7534492340730768,0.6032520975630502
