nt,pseudo_r2,pred_obs_r2,pred_obs_r2_exp
7250,0.4879533325070714,0.7396886188782313,0.5907591329976442
