nt,pseudo_r2,pred_obs_r2,pred_obs_r2_exp
7400,0.4906538761126171,0.7421926504141572,0.594072773552849
