nt,pseudo_r2,pred_obs_r2,pred_obs_r2_exp
7600,0.4901775437432214,0.7442482470509103,0.5948798509218642
