nt,pseudo_r2,pred_obs_r2,pred_obs_r2_exp
7900,0.5039695791200145,0.7497208554067168,0.5993616985462569
