nt,pseudo_r2,pred_obs_r2,pred_obs_r2_exp
7150,0.49893279946479696,0.7380263759661696,0.5893561797069566
