var,rel.inf
MAP,37.83427326945118
PDQ,14.032758095612989
rough_MAP,12.17761249302874
Elevation,10.046000564357426
CEC,5.898588607987602
rough_PDQ,3.84942872119604
pH,2.8302958846945776
Clay,2.450365807993104
rough_Elevation,2.396158677603054
rough_CEC,2.1543752550544073
rough_Soil.C,1.9503274891419073
rough_NDVI,1.6360815033295673
Surface.T,1.535922711863856
rough_Surface.T,1.207810918685543
