var,rel.inf
MAP,37.490900535290365
PDQ,14.243937562971645
rough_MAP,12.30777859243128
Elevation,9.686159708729997
CEC,6.034666737480719
rough_PDQ,3.776811986371718
pH,2.9308877899496713
Clay,2.5810417921875892
rough_Elevation,2.3726743987350725
rough_Soil.C,2.1644715785554443
rough_CEC,2.1411309452865006
rough_NDVI,1.6317627468706621
Surface.T,1.4298344547801276
rough_Surface.T,1.2079411703592102
