nt,pseudo_r2,pred_obs_r2,pred_obs_r2_exp
7450,0.4946465806114341,0.7422910526431745,0.5924189649162163
