var,rel.inf
MAP,37.811646769458825
PDQ,14.309640178282915
rough_MAP,12.11286925279081
Elevation,9.730991179177964
CEC,5.9756792349041525
rough_PDQ,3.9589124740201234
pH,2.758688024580994
Clay,2.515846369606419
rough_Elevation,2.3335507282195556
rough_CEC,2.227747379212338
rough_Soil.C,2.025688965306684
rough_NDVI,1.642154073577745
Surface.T,1.381593469367415
rough_Surface.T,1.2149919014940567
