nt,pseudo_r2,pred_obs_r2,pred_obs_r2_exp
6800,0.4983742953103273,0.7310539785892521,0.5840101556482593
