nt,pseudo_r2,pred_obs_r2,pred_obs_r2_exp
8800,0.5106168216119438,0.7622907556320059,0.6109782792929606
