var,rel.inf
MAP,37.90250292348243
PDQ,14.329889850949497
rough_MAP,12.191635903336328
Elevation,9.733524823210248
CEC,5.981582870750256
rough_PDQ,3.7862176986321363
pH,2.911391699510619
Clay,2.4881571377353593
rough_Elevation,2.372379005957066
rough_Soil.C,2.048000587233562
rough_CEC,2.0376807294547725
rough_NDVI,1.602991208903633
Surface.T,1.402948459250717
rough_Surface.T,1.2110971015933796
