var,rel.inf
MAP,38.3114745980104
PDQ,14.36563795011448
rough_MAP,12.363064177033888
Elevation,9.689791440339272
CEC,5.997836853832728
rough_PDQ,3.776757134926681
pH,2.8391821056026263
Clay,2.3460208734262458
rough_Elevation,2.3060358250536552
rough_CEC,2.0849207262668283
rough_Soil.C,1.9696005148625566
rough_NDVI,1.485389184694509
Surface.T,1.3210916869691924
rough_Surface.T,1.1431969288669417
