var,rel.inf
MAP,37.67261107191471
PDQ,14.369162871105944
rough_MAP,12.237361178980647
Elevation,9.881736721740996
CEC,5.98884866582776
rough_PDQ,3.928338585515788
pH,2.8735717327259116
Clay,2.482338407111532
rough_Elevation,2.381549775514568
rough_CEC,2.174526739801089
rough_Soil.C,2.0383959413434987
rough_NDVI,1.5494699341791156
Surface.T,1.3485054900785922
rough_Surface.T,1.073582884159857
