nt,pseudo_r2,pred_obs_r2,pred_obs_r2_exp
8400,0.5155975469945627,0.7565792455173804,0.606307574069232
