nt,pseudo_r2,pred_obs_r2,pred_obs_r2_exp
7500,0.5011257779584575,0.7444747926750598,0.594666519550844
