var,rel.inf
MAP,37.78059839978511
PDQ,14.157768800155145
rough_MAP,12.245480053675987
Elevation,9.73375009006379
CEC,6.080183251897925
rough_PDQ,3.7942907107130255
pH,2.8819095129531407
Clay,2.4348382301071
rough_Elevation,2.412573558270837
rough_CEC,2.238457558692756
rough_Soil.C,2.044965737490603
rough_NDVI,1.5088360052555099
Surface.T,1.4793823856160349
rough_Surface.T,1.2069657053230294
