nt,pseudo_r2,pred_obs_r2,pred_obs_r2_exp
7150,0.4910312866703097,0.7378055880261486,0.5904146160505508
