nt,pseudo_r2,pred_obs_r2,pred_obs_r2_exp
7650,0.5031053815793403,0.7459549396712112,0.5952283300826878
