var,rel.inf
MAP,37.74917915444379
PDQ,14.215687914621613
rough_MAP,12.417097977095098
Elevation,9.790455551437633
CEC,5.9520110367355725
rough_PDQ,3.899012449567888
pH,2.6769225227619917
Clay,2.520023629827154
rough_Elevation,2.4408256696797044
rough_Soil.C,2.0776181293070444
rough_CEC,2.033356270049729
rough_NDVI,1.6610523809753317
Surface.T,1.418381832251643
rough_Surface.T,1.1483754812458153
