nt,pseudo_r2,pred_obs_r2,pred_obs_r2_exp
7100,0.48616876600399306,0.7380668134947711,0.590989357964207
