var,rel.inf
MAP,38.95855974690096
PDQ,14.252190329024948
rough_MAP,12.339519691487798
Elevation,10.01272990364077
CEC,5.997744070772599
rough_PDQ,3.762204046364379
pH,2.7249831385492795
Clay,2.409968292123597
rough_Elevation,2.2437573934086195
rough_Soil.C,1.898618895818765
rough_CEC,1.8037046214572638
rough_NDVI,1.280474205668531
Surface.T,1.1985407663042629
rough_Surface.T,1.117004898478232
