var,rel.inf
MAP,37.01054368046027
PDQ,14.317219864211996
rough_MAP,12.490728038403727
Elevation,9.619573029733477
CEC,6.1110924232077455
rough_PDQ,3.9865594394813844
pH,2.86742939420584
Clay,2.5369397419666218
rough_Elevation,2.499130750854659
rough_CEC,2.286054183809766
rough_Soil.C,1.9192285158158462
rough_NDVI,1.658998377265816
Surface.T,1.4544912835452057
rough_Surface.T,1.2420112770376444
