var,rel.inf
MAP,37.93530956973385
PDQ,14.306573346130353
rough_MAP,12.477668745346836
Elevation,9.76405137301235
CEC,6.0086871420614845
rough_PDQ,3.706449950396553
pH,2.796903665854303
rough_Elevation,2.391512341165608
Clay,2.3231359025272384
rough_CEC,2.1698395618242676
rough_Soil.C,2.0301650309026456
rough_NDVI,1.594186796225145
Surface.T,1.3121292337198798
rough_Surface.T,1.1833873410994777
