var,rel.inf
MAP,38.010242456526825
PDQ,14.530805671530686
rough_MAP,12.183979839822845
Elevation,9.885373821031214
CEC,5.847594682188643
rough_PDQ,3.9647471763354507
pH,2.596418061076314
Clay,2.54770451054843
rough_Elevation,2.40662736305629
rough_CEC,2.102149993062988
rough_Soil.C,1.9469196872480643
rough_NDVI,1.4615127615299404
Surface.T,1.2826538292929421
rough_Surface.T,1.2332701467493703
