var,rel.inf
MAP,38.584725156615235
PDQ,14.340108924985794
rough_MAP,12.385102825519981
Elevation,9.684701542568524
CEC,5.906603258076744
rough_PDQ,3.7698903332444353
pH,2.792031373182538
Clay,2.4417429094042298
rough_Elevation,2.3426037150513292
rough_Soil.C,2.1486782656229537
rough_CEC,1.9209314788752676
rough_NDVI,1.4562087236442605
Surface.T,1.189258924392387
rough_Surface.T,1.0374125688163203
