var,rel.inf
MAP,37.8637970651371
PDQ,14.264518659992367
rough_MAP,12.027073496098184
Elevation,9.83967098798629
CEC,6.043406824343008
rough_PDQ,3.868256403089136
pH,2.8012176755893505
rough_Elevation,2.4655018381237652
Clay,2.287991503437746
rough_CEC,2.193483105930698
rough_Soil.C,2.1484710381953915
rough_NDVI,1.5499424879961958
Surface.T,1.4479247188326037
rough_Surface.T,1.198744195248161
