var,rel.inf
MAP,37.02002941490901
PDQ,14.286852212251345
rough_MAP,12.030494172235638
Elevation,9.742992912099563
CEC,6.015476281381498
rough_PDQ,3.958545357832491
pH,2.890300989112806
Clay,2.714830169198586
rough_Elevation,2.459573428562182
rough_CEC,2.250460620915087
rough_Soil.C,1.984089730191551
rough_NDVI,1.7767736965741259
Surface.T,1.572072785506854
rough_Surface.T,1.2975082292292557
