nt,pseudo_r2,pred_obs_r2,pred_obs_r2_exp
7950,0.482682636004093,0.7510021373065211,0.6009238347974916
