nt,pseudo_r2,pred_obs_r2,pred_obs_r2_exp
7400,0.4969184214995609,0.7431569538091152,0.592663126467662
