var,rel.inf
MAP,37.70341368133915
PDQ,14.308925064821103
rough_MAP,12.124988268180918
Elevation,9.712034324729695
CEC,6.028807161441222
rough_PDQ,3.8992541246000285
pH,2.8574801041238453
Clay,2.5292025884595772
rough_Elevation,2.404336077640129
rough_CEC,2.174977258549669
rough_Soil.C,2.003487979304003
rough_NDVI,1.6881292192506792
Surface.T,1.4505344724285998
rough_Surface.T,1.1144296751313891
