nt,pseudo_r2,pred_obs_r2,pred_obs_r2_exp
7950,0.4914511692624838,0.7506478370445557,0.6001570069992987
