nt,pseudo_r2,pred_obs_r2,pred_obs_r2_exp
7800,0.496507191322506,0.7488055633838483,0.5981536132463826
