var,rel.inf
MAP,36.86170673197024
PDQ,14.032376290273179
rough_MAP,11.935270297097025
Elevation,9.70107320530949
CEC,6.131675175310057
rough_PDQ,3.968697100265769
pH,2.9419457114925276
Clay,2.7312401170674354
rough_Elevation,2.469444145389837
rough_CEC,2.3864062079285815
rough_Soil.C,2.1444899605090884
rough_NDVI,1.7530698491040138
Surface.T,1.5863471355921084
rough_Surface.T,1.3562580726906577
