nt,pseudo_r2,pred_obs_r2,pred_obs_r2_exp
7550,0.49236829462951837,0.744019896796834,0.5955579623132023
