var,rel.inf
MAP,37.53856472518354
PDQ,14.235145911994975
rough_MAP,12.14372990624241
Elevation,9.769582682281202
CEC,6.087366679306051
rough_PDQ,3.970794260233819
pH,2.9242296268733443
Clay,2.562987480018047
rough_Elevation,2.4077323741609336
rough_CEC,2.1357930296683008
rough_Soil.C,2.030120670849203
rough_NDVI,1.6228059608921812
Surface.T,1.3724384448716254
rough_Surface.T,1.1987082474243704
