var,rel.inf
MAP,38.357580972213256
PDQ,14.46286162068562
rough_MAP,12.331468290355023
Elevation,9.947765913246636
CEC,5.8247949358561755
rough_PDQ,3.7560659476591907
pH,2.785935446502052
rough_Elevation,2.384431065716146
Clay,2.3835783550423275
rough_Soil.C,1.9767297098719283
rough_CEC,1.8901208713956268
rough_NDVI,1.4563861586687028
Surface.T,1.3773918122237365
rough_Surface.T,1.0648889005635795
