var,rel.inf
MAP,37.99784776557934
PDQ,14.060682986745315
rough_MAP,12.27992727364014
Elevation,9.970012824833498
CEC,6.175553165696368
rough_PDQ,3.8299960224894374
pH,2.6531280514279723
rough_Elevation,2.4255834508534155
Clay,2.353188026251879
rough_CEC,2.207743481073987
rough_Soil.C,2.007808658611748
rough_NDVI,1.5270896949630537
Surface.T,1.3591334297687738
rough_Surface.T,1.152305168065076
