nt,pseudo_r2,pred_obs_r2,pred_obs_r2_exp
7250,0.49386384742734646,0.7393156972908532,0.591334674737459
