nt,pseudo_r2,pred_obs_r2,pred_obs_r2_exp
7300,0.4968464457973283,0.7408940857373666,0.5919846805678698
