var,rel.inf
MAP,37.9839977940898
PDQ,14.310468690954297
rough_MAP,12.52776184677596
Elevation,9.949174639277446
CEC,5.874791207888762
rough_PDQ,3.9280038922228377
pH,2.6740332632402524
Clay,2.412635438106809
rough_Elevation,2.3428960829030574
rough_CEC,2.1128907446708154
rough_Soil.C,2.0078864986525247
rough_NDVI,1.504690913556759
Surface.T,1.2421022629044027
rough_Surface.T,1.1286667247562723
