var,rel.inf
MAP,37.43786202660318
PDQ,14.134891848979764
rough_MAP,12.312343045482741
Elevation,9.77148231759512
CEC,6.120780123622248
rough_PDQ,3.851536321945378
pH,2.9675752492077487
Clay,2.473851492509945
rough_Elevation,2.4432614106242925
rough_CEC,2.279313764675217
rough_Soil.C,2.024590386739935
rough_NDVI,1.5862440282738508
Surface.T,1.4405766669686746
rough_Surface.T,1.1556913167719045
