nt,pseudo_r2,pred_obs_r2,pred_obs_r2_exp
8300,0.5075745784165235,0.7553199345291617,0.6058786300113784
