var,rel.inf
MAP,38.28533614792404
PDQ,14.09179668180129
rough_MAP,12.293818529073473
Elevation,9.925844885578655
CEC,5.956080629552912
rough_PDQ,3.855670138131901
pH,2.8706180380056625
rough_Elevation,2.3992559903134625
Clay,2.387774505875767
rough_CEC,2.0350471168713002
rough_Soil.C,1.9582129470942053
rough_NDVI,1.4836206638579383
Surface.T,1.353121175917722
rough_Surface.T,1.1038025500016673
