nt,pseudo_r2,pred_obs_r2,pred_obs_r2_exp
7650,0.48971050803961647,0.7459569139170271,0.5962766481970583
