nt,pseudo_r2,pred_obs_r2,pred_obs_r2_exp
6700,0.48924195300603923,0.7291689436850494,0.5832885852338091
