var,rel.inf
MAP,37.47737335859929
PDQ,14.07398621687707
rough_MAP,12.207671021424169
Elevation,9.899679483512445
CEC,6.102854041458997
rough_PDQ,3.8693689873969093
pH,2.918035944147064
Clay,2.6842932246712232
rough_Elevation,2.409909724605713
rough_CEC,2.078352781227249
rough_Soil.C,1.9309989253735493
rough_NDVI,1.6668132589894382
Surface.T,1.4641105627110433
rough_Surface.T,1.2165524690058573
