var,rel.inf
MAP,37.54023838341696
PDQ,14.242763829311814
rough_MAP,12.253441524607192
Elevation,9.78498865994937
CEC,6.06077831876597
rough_PDQ,3.8635599767954933
pH,2.7384082653713855
Clay,2.5960154584524235
rough_Elevation,2.4364932568508735
rough_CEC,2.3333173130506104
rough_Soil.C,1.9909001164358577
rough_NDVI,1.5378617129721641
Surface.T,1.4165177184523658
rough_Surface.T,1.204715465567513
