var,rel.inf
MAP,38.130003276563365
PDQ,14.24961699471536
rough_MAP,12.258879521141587
Elevation,9.897888091794691
CEC,5.934398636302124
rough_PDQ,3.9452956440043194
pH,2.867248240613669
Clay,2.547810308414038
rough_Elevation,2.367049272636945
rough_CEC,2.13862502038201
rough_Soil.C,1.8474064145819655
rough_NDVI,1.3646733467404513
Surface.T,1.3505279435227278
rough_Surface.T,1.1005772885867462
