var,rel.inf
MAP,37.836912803385474
PDQ,14.115149067578736
rough_MAP,12.127365631466057
Elevation,9.839410688943717
CEC,6.1072383474660965
rough_PDQ,3.891752731155652
pH,2.9108130998954524
Clay,2.5128963197898684
rough_Elevation,2.3953650702331406
rough_CEC,2.076935110544063
rough_Soil.C,2.0257033072618693
rough_NDVI,1.5501109083341345
Surface.T,1.4488448176377653
rough_Surface.T,1.161502096307975
