nt,pseudo_r2,pred_obs_r2,pred_obs_r2_exp
7400,0.49402115030158866,0.7422003180693786,0.5918705035331135
