nt,pseudo_r2,pred_obs_r2,pred_obs_r2_exp
7350,0.4814095120436336,0.7411018902070496,0.5933476654118117
