nt,pseudo_r2,pred_obs_r2,pred_obs_r2_exp
7800,0.49277980447317693,0.7477096746422855,0.5981755862049167
