var,rel.inf
MAP,37.87316560096297
PDQ,14.217247603723985
rough_MAP,12.297250357375113
Elevation,9.896624139780192
CEC,6.117983600841165
rough_PDQ,3.847166989282159
pH,2.8811066178212434
rough_Elevation,2.406572498617858
Clay,2.3335346057553505
rough_CEC,2.082543998660117
rough_Soil.C,2.0091690006376264
rough_NDVI,1.4590026635235989
Surface.T,1.3981078120913402
rough_Surface.T,1.1805245109272837
