var,rel.inf
MAP,38.4323872633759
PDQ,14.189327534301025
rough_MAP,12.23394136681408
Elevation,9.928545376549108
CEC,6.147082670636461
rough_PDQ,3.863095775309198
pH,2.8395830642665723
Clay,2.4246710391516477
rough_Elevation,2.3630562899852547
rough_CEC,2.05667379184083
rough_Soil.C,1.8556922729137946
rough_NDVI,1.477338776885239
Surface.T,1.1782786634811457
rough_Surface.T,1.0103261144897362
