var,rel.inf
MAP,37.562530772180104
PDQ,14.14401273363809
rough_MAP,12.1295198508013
Elevation,9.618756465343395
CEC,6.067880079614161
rough_PDQ,3.9359397099227906
pH,2.9223875142430873
Clay,2.5417779587998224
rough_Elevation,2.380016933835036
rough_CEC,2.3627095634764292
rough_Soil.C,1.9670447936400246
rough_NDVI,1.6819552357842058
Surface.T,1.4630762094191876
rough_Surface.T,1.2223921793023602
