nt,pseudo_r2,pred_obs_r2,pred_obs_r2_exp
8300,0.4998233895648325,0.7561176892163354,0.6062563587453094
