nt,pseudo_r2,pred_obs_r2,pred_obs_r2_exp
7950,0.5101978528078188,0.7503295564965262,0.6005293765719486
