var,rel.inf
MAP,37.761587603482006
PDQ,14.208176246366477
rough_MAP,12.19155388778378
Elevation,10.097884318564889
CEC,5.903567954660552
rough_PDQ,3.8260614358584535
pH,2.8410870241223907
Clay,2.6256834145552763
rough_Elevation,2.32429410371416
rough_Soil.C,2.1155333489718884
rough_CEC,2.0939145936350823
rough_NDVI,1.4734777987030234
Surface.T,1.3727595555167726
rough_Surface.T,1.1644187140652433
