nt,pseudo_r2,pred_obs_r2,pred_obs_r2_exp
8600,0.5080099107163076,0.7597383667072564,0.6081274284570007
