var,rel.inf
MAP,38.345893200491055
PDQ,14.30930485335501
rough_MAP,12.428804726341745
Elevation,9.795198437904647
CEC,6.136028592901211
rough_PDQ,3.791688377888088
pH,2.671210108760777
rough_Elevation,2.4626614485828138
Clay,2.3400239434067243
rough_CEC,2.0485894465576813
rough_Soil.C,2.0023807477892275
Surface.T,1.357460185422382
rough_NDVI,1.336274608719547
rough_Surface.T,0.9744813218790955
