nt,pseudo_r2,pred_obs_r2,pred_obs_r2_exp
6700,0.4988379211513644,0.7308640161258292,0.582621155419576
