nt,pseudo_r2,pred_obs_r2,pred_obs_r2_exp
7950,0.5024462965149802,0.7512212844033012,0.6009740120466047
