var,rel.inf
MAP,38.68240895728897
PDQ,14.099047411848261
rough_MAP,12.343357950874271
Elevation,9.889583562227838
CEC,6.070036743474316
rough_PDQ,3.783585327144933
pH,2.7202258776106367
Clay,2.356134594948231
rough_Elevation,2.3173554091349664
rough_Soil.C,2.1504565770850794
rough_CEC,1.9165108226464063
rough_NDVI,1.3017924082536456
Surface.T,1.2734497522421095
rough_Surface.T,1.0960546052203342
