nt,pseudo_r2,pred_obs_r2,pred_obs_r2_exp
7750,0.5000985310681889,0.7469732673042775,0.5973093876527206
