var,rel.inf
MAP,38.247789912776
PDQ,14.035786734213145
rough_MAP,12.272309491799538
Elevation,9.969415538335705
CEC,6.04919312308933
rough_PDQ,3.8767069512715224
pH,2.755568167312379
rough_Elevation,2.4253658931702193
Clay,2.3808610640366954
rough_CEC,2.0180780804596936
rough_Soil.C,1.9620217652614336
rough_NDVI,1.5419909678366361
Surface.T,1.3665579930152743
rough_Surface.T,1.0983543174224293
