var,rel.inf
MAP,37.68696882841212
PDQ,14.164081821263007
rough_MAP,12.44551425140781
Elevation,9.724786639374003
CEC,5.951348899837045
rough_PDQ,3.9149599947428793
pH,2.980113933581798
Clay,2.489916901200703
rough_Elevation,2.374986648740382
rough_CEC,2.158416163990296
rough_Soil.C,2.0075317073381034
rough_NDVI,1.5091362638052477
Surface.T,1.4057540098412908
rough_Surface.T,1.1864839364653135
