nt,pseudo_r2,pred_obs_r2,pred_obs_r2_exp
7600,0.5040132554018579,0.7457563674260537,0.5958027316262698
