var,rel.inf
MAP,37.02113396024281
PDQ,13.974903341585563
rough_MAP,12.30528213042314
Elevation,9.596440362232222
CEC,6.085242293176928
rough_PDQ,4.020210369225591
pH,3.026308038914142
Clay,2.5518257421201835
rough_Elevation,2.445918856715137
rough_CEC,2.413582243774608
rough_Soil.C,1.996521093368797
rough_NDVI,1.7155497296712163
Surface.T,1.5118260555884855
rough_Surface.T,1.3352557829611784
