var,rel.inf
MAP,37.518574804459156
PDQ,13.843891907534728
rough_MAP,11.969032681609821
Elevation,9.951472957239476
CEC,6.080005785162259
rough_PDQ,3.9270123518956277
pH,2.9564379323863075
Clay,2.542403701340073
rough_Elevation,2.4231451961164794
rough_CEC,2.2873921371874206
rough_Soil.C,2.1481222919058576
rough_NDVI,1.623972835718357
Surface.T,1.5282731058917005
rough_Surface.T,1.2002623115527287
