var,rel.inf
MAP,37.90233800255627
PDQ,14.22300433257889
rough_MAP,12.314123614365048
Elevation,9.970485672120953
CEC,6.094660343161018
rough_PDQ,3.8753072868427663
pH,2.7600431753722328
Clay,2.4691184862852
rough_Elevation,2.442123004091634
rough_CEC,2.155218304050731
rough_Soil.C,1.9090701331910351
rough_NDVI,1.4643693484480604
Surface.T,1.2685953500952454
rough_Surface.T,1.151542946840915
