nt,pseudo_r2,pred_obs_r2,pred_obs_r2_exp
7050,0.4865234690220184,0.735087861295716,0.5882849213791839
