var,rel.inf
MAP,37.690108206260135
PDQ,14.199829663577786
rough_MAP,12.448707574484835
Elevation,9.798480512433233
CEC,6.176252417474205
rough_PDQ,3.7824490866676133
pH,2.84308909969188
Clay,2.4192363190173465
rough_Elevation,2.369330803126519
rough_CEC,2.2061374522431807
rough_Soil.C,2.0323464434976604
rough_NDVI,1.4884680254502596
Surface.T,1.3678937548782883
rough_Surface.T,1.1776706411970541
