nt,pseudo_r2,pred_obs_r2,pred_obs_r2_exp
8750,0.5042968029555005,0.7627110989833326,0.6106920328531142
