nt,pseudo_r2,pred_obs_r2,pred_obs_r2_exp
8050,0.48826654876769204,0.7510027039131704,0.6028887170704107
