nt,pseudo_r2,pred_obs_r2,pred_obs_r2_exp
8750,0.5079142464098413,0.761589716518639,0.6108887647479762
