var,rel.inf
MAP,37.51887016440018
PDQ,14.089188145785595
rough_MAP,12.286587219693757
Elevation,9.928702787572673
CEC,6.0825331863781775
rough_PDQ,3.8859293405864084
pH,2.861481129826609
Clay,2.5838725979177743
rough_Elevation,2.3914837761682395
rough_Soil.C,2.114562726710993
rough_CEC,2.0905191836740977
rough_NDVI,1.575099956195184
Surface.T,1.49104205163848
rough_Surface.T,1.1001277334518345
