nt,pseudo_r2,pred_obs_r2,pred_obs_r2_exp
7200,0.5027331616640964,0.7379387116926237,0.5906747495490715
