var,rel.inf
MAP,37.06730503888834
PDQ,13.981732788973478
rough_MAP,12.216248955054724
Elevation,9.692334117162769
CEC,6.074123686992144
rough_PDQ,4.025848669950282
pH,2.9281019917381674
Clay,2.706230320623215
rough_Elevation,2.531900334111669
rough_CEC,2.2938468904493203
rough_Soil.C,2.086443259727744
rough_NDVI,1.6818340880891547
Surface.T,1.4266075123080808
rough_Surface.T,1.2874423459309037
