var,rel.inf
MAP,39.790943381075685
PDQ,14.353643370325678
rough_MAP,12.388076470341112
Elevation,10.050963942690087
CEC,5.969225831266899
rough_PDQ,3.6856623041343695
pH,2.626598947376189
rough_Elevation,2.3280797297827034
Clay,2.2132872920404725
rough_Soil.C,1.8333005603826682
rough_CEC,1.5896059499351043
rough_NDVI,1.1639295443492745
Surface.T,1.0605413043116054
rough_Surface.T,0.9461413719881482
