var,rel.inf
MAP,37.793596048799266
PDQ,14.193110427007763
rough_MAP,12.225098955658087
Elevation,9.714329653117884
CEC,6.074516161421651
rough_PDQ,3.85672767501476
pH,2.923231166165924
Clay,2.5313568713494687
rough_Elevation,2.4129816406943028
rough_Soil.C,2.0761560279065545
rough_CEC,2.0624728910895547
rough_NDVI,1.5282809324321442
Surface.T,1.371210980368682
rough_Surface.T,1.2369305689739547
