var,rel.inf
MAP,37.86235289280745
PDQ,14.14463172807395
rough_MAP,12.066549666954737
Elevation,9.94085767150461
CEC,6.108574910306264
rough_PDQ,3.8497083234016083
pH,2.8834651346657907
Clay,2.494167473110988
rough_Elevation,2.38837980014832
rough_CEC,2.109929994805937
rough_Soil.C,2.060560600740667
rough_NDVI,1.5113707385955513
Surface.T,1.3982072161555004
rough_Surface.T,1.1812438487286308
