var,rel.inf
MAP,37.0560682120954
PDQ,14.00037507729555
rough_MAP,12.198030508756423
Elevation,9.725985123425728
CEC,6.034687766247325
rough_PDQ,4.01656889510238
pH,2.9229481075218042
Clay,2.6270566551377548
rough_Elevation,2.440071965702717
rough_CEC,2.423621595534306
rough_Soil.C,2.1947626409968697
rough_NDVI,1.6592560478725384
Surface.T,1.4612848643563208
rough_Surface.T,1.2392825399548797
