nt,pseudo_r2,pred_obs_r2,pred_obs_r2_exp
7700,0.49855454555637135,0.746647378983915,0.5977907662105848
