nt,pseudo_r2,pred_obs_r2,pred_obs_r2_exp
6700,0.48498848237141834,0.7295032426249999,0.5825332706995067
