nt,pseudo_r2,pred_obs_r2,pred_obs_r2_exp
7050,0.49309796351856805,0.7366159665822324,0.58907692763586
