var,rel.inf
MAP,38.00496640083085
PDQ,14.228924196481525
rough_MAP,12.254108014900368
Elevation,9.790362317024861
CEC,6.262397459626344
rough_PDQ,3.8515332545053726
pH,2.683414940076771
Clay,2.507432331430187
rough_Elevation,2.390191182133838
rough_CEC,2.046816906393376
rough_Soil.C,2.0215433307920714
rough_NDVI,1.4098002534580485
Surface.T,1.3959916530221428
rough_Surface.T,1.152517759324244
