var,rel.inf
MAP,37.80161312989067
PDQ,14.153601272247927
rough_MAP,12.179229512915644
Elevation,9.821464329422499
CEC,6.111811115700329
rough_PDQ,3.9067807965037074
pH,2.771764391753771
Clay,2.5850817977628715
rough_Elevation,2.3631751153649323
rough_CEC,2.1932552348656067
rough_Soil.C,2.0432801047660396
rough_NDVI,1.5294219629412604
Surface.T,1.3641359075884814
rough_Surface.T,1.1753853282762718
