nt,pseudo_r2,pred_obs_r2,pred_obs_r2_exp
7850,0.4859410829700884,0.7483903712081964,0.59929786183676
