nt,pseudo_r2,pred_obs_r2,pred_obs_r2_exp
7450,0.503401744639684,0.7430246817078534,0.5933325908862888
