nt,pseudo_r2,pred_obs_r2,pred_obs_r2_exp
7400,0.5062713428858201,0.7421859245614154,0.5939181087225549
