var,rel.inf
MAP,39.081711092718585
PDQ,14.3368865937086
rough_MAP,12.076459532096898
Elevation,10.030479923192066
CEC,5.939505377850868
rough_PDQ,3.7665577196306304
pH,2.702429752427624
Clay,2.349053215457839
rough_Elevation,2.308551763388719
rough_Soil.C,1.9474018788238225
rough_CEC,1.9272912327886014
rough_NDVI,1.252447309565289
Surface.T,1.23610914283532
rough_Surface.T,1.045115465515137
