var,rel.inf
MAP,38.08106585635117
PDQ,14.12956595375105
rough_MAP,12.377011689133841
Elevation,9.841724599735882
CEC,6.105777579587338
rough_PDQ,3.895687974367905
pH,2.8759770700896006
Clay,2.3359113578641035
rough_Elevation,2.2770205629751388
rough_CEC,2.1197610340469155
rough_Soil.C,1.9342990974333512
rough_NDVI,1.5304485427788677
Surface.T,1.4019658597852602
rough_Surface.T,1.0937828220995907
