var,rel.inf
MAP,37.543662583959375
PDQ,14.276400505227427
rough_MAP,12.109605067370573
Elevation,9.711668012198546
CEC,6.030831893519277
rough_PDQ,3.9292004284933246
pH,2.9460392636481076
Clay,2.5702960178717302
rough_Elevation,2.4208097825847386
rough_CEC,2.208392973746087
rough_Soil.C,2.044093383880788
rough_NDVI,1.59456651611549
Surface.T,1.4352530529849228
rough_Surface.T,1.1791805183996098
