var,rel.inf
MAP,37.420741672491225
PDQ,14.263367195645358
rough_MAP,11.811906777536937
Elevation,9.674161650982388
CEC,5.96703467858346
rough_PDQ,3.977505997064722
pH,2.9636852659021446
Clay,2.5415552196241316
rough_Elevation,2.4382394300151806
rough_CEC,2.3688789987554437
rough_Soil.C,2.0207858490785786
rough_NDVI,1.7480564367504159
Surface.T,1.6272029054510087
rough_Surface.T,1.1768779221190004
