var,rel.inf
MAP,38.66882084353639
PDQ,14.13276550454751
rough_MAP,11.977151887352221
Elevation,9.841447037798448
CEC,6.186267563103694
rough_PDQ,3.80603590948588
pH,2.644516726307422
Clay,2.450483825796094
rough_Elevation,2.352602025043452
rough_CEC,2.0337058170422835
rough_Soil.C,1.9896100154822205
rough_NDVI,1.485700050090325
Surface.T,1.3287586030644967
rough_Surface.T,1.102134191349565
