var,rel.inf
MAP,38.2415486453576
PDQ,14.257573299931549
rough_MAP,12.353610579328649
Elevation,9.848718590857843
CEC,5.973796022063776
rough_PDQ,3.92353516229855
pH,2.7941813839356224
Clay,2.4709839704516123
rough_Elevation,2.283379565277781
rough_CEC,2.003868969570724
rough_Soil.C,1.9228265895485024
rough_NDVI,1.5195764972052341
Surface.T,1.3074287134635687
rough_Surface.T,1.098972010708999
