var,rel.inf
MAP,37.45328136678497
PDQ,14.37121329606585
rough_MAP,12.211651927405006
Elevation,9.78319854852317
CEC,5.988701292717514
rough_PDQ,3.869595008051658
pH,2.7858324053409094
Clay,2.545812982212047
rough_Elevation,2.329635155690828
rough_CEC,2.2387424924169124
rough_Soil.C,2.1331642960194745
rough_NDVI,1.6484292944265502
Surface.T,1.4568736717296757
rough_Surface.T,1.1838682626154293
