var,rel.inf
MAP,37.54630264846792
PDQ,14.286616820810341
rough_MAP,12.70334586432438
Elevation,9.71364698154171
CEC,5.940191694512954
rough_PDQ,3.9083384767092624
pH,2.8829172463576187
Clay,2.4616168848773063
rough_Elevation,2.295834076617343
rough_Soil.C,2.091927290444309
rough_CEC,2.074560485101305
rough_NDVI,1.4826507033937812
Surface.T,1.4370438396859797
rough_Surface.T,1.1750069871557884
