nt,pseudo_r2,pred_obs_r2,pred_obs_r2_exp
7750,0.49119025135842387,0.748370749668633,0.5980560449306878
