var,rel.inf
MAP,38.569573958656655
PDQ,14.36983303174742
rough_MAP,12.36960934555717
Elevation,9.772714543544438
CEC,5.809491905812469
rough_PDQ,3.8429180414092663
pH,2.83681406483914
rough_Elevation,2.4132878205943338
Clay,2.2826731653243337
rough_Soil.C,1.999277496759183
rough_CEC,1.9277016043352997
rough_NDVI,1.3963925878177463
Surface.T,1.3248878066985015
rough_Surface.T,1.0848246269040398
