nt,pseudo_r2,pred_obs_r2,pred_obs_r2_exp
7e3,0.49851189824607756,0.7347007130378226,0.5871301716282481
