var,rel.inf
MAP,37.925412327828596
PDQ,14.1692427493725
rough_MAP,11.84409675228223
Elevation,9.672989061754294
CEC,6.080341645842439
rough_PDQ,3.9723252862483944
pH,2.8427284383275695
Clay,2.537523934889408
rough_Elevation,2.358450065045466
rough_CEC,2.151648513720117
rough_Soil.C,2.147180985197105
Surface.T,1.525783083258136
rough_NDVI,1.49156354307489
rough_Surface.T,1.2807136131588592
