nt,pseudo_r2,pred_obs_r2,pred_obs_r2_exp
7350,0.5037535308874819,0.7411262334613291,0.5927539690433057
