nt,pseudo_r2,pred_obs_r2,pred_obs_r2_exp
7900,0.4891283485371102,0.7493783719999528,0.5995523131635803
