var,rel.inf
MAP,37.93208544244626
PDQ,14.136649596985274
rough_MAP,12.201887179195534
Elevation,9.854437984485784
CEC,5.967967043215545
rough_PDQ,3.8545281496483117
pH,2.9548680576844952
Clay,2.4695184326842687
rough_Elevation,2.320142003229461
rough_CEC,2.1014470441087783
rough_Soil.C,2.04179906098017
rough_NDVI,1.5949078279606874
Surface.T,1.3916517517570541
rough_Surface.T,1.178110425618377
