var,rel.inf
MAP,38.75257152639996
PDQ,14.28320576056696
rough_MAP,12.379020979897103
Elevation,9.919569630083505
CEC,6.0549446030505125
rough_PDQ,3.747885110313204
pH,2.7108073194722113
Clay,2.421862395769405
rough_Elevation,2.2395962403137064
rough_Soil.C,2.075832688790663
rough_CEC,1.8646746859120897
rough_NDVI,1.3281921678487651
Surface.T,1.2230780164389519
rough_Surface.T,0.9987588751429514
