nt,pseudo_r2,pred_obs_r2,pred_obs_r2_exp
7550,0.487255263049849,0.7438008101886231,0.5942494947985467
