var,rel.inf
MAP,39.01153482760083
PDQ,14.150559781433685
rough_MAP,12.151215167532836
Elevation,9.89612716509995
CEC,5.974255430428655
rough_PDQ,3.805967607589801
pH,2.694742884645689
rough_Elevation,2.3369641348155117
Clay,2.2471349474895526
rough_CEC,1.9821967238315679
rough_Soil.C,1.9470872638208252
rough_NDVI,1.4289487469108393
Surface.T,1.2645645389649036
rough_Surface.T,1.108700779835358
