nt,pseudo_r2,pred_obs_r2,pred_obs_r2_exp
7100,0.49747327915540784,0.7374006043563053,0.5883340078104167
