nt,pseudo_r2,pred_obs_r2,pred_obs_r2_exp
7900,0.5002393335290227,0.74998618291174,0.598107921384164
