nt,pseudo_r2,pred_obs_r2,pred_obs_r2_exp
6800,0.4849276765477847,0.7314889085657346,0.583323666486176
