var,rel.inf
MAP,37.71837910135322
PDQ,14.35802959405659
rough_MAP,11.901822516710432
Elevation,9.831054643635326
CEC,6.034044404911629
rough_PDQ,3.8291708831689655
pH,2.8777864249620073
Clay,2.575404666744583
rough_Elevation,2.3855378708580774
rough_CEC,2.225774846324536
rough_Soil.C,2.0096373831894687
rough_NDVI,1.5911255973064253
Surface.T,1.4367811854318107
rough_Surface.T,1.2254508813469274
