nt,pseudo_r2,pred_obs_r2,pred_obs_r2_exp
7150,0.5004803881280103,0.7382591447666844,0.5912685996565475
