var,rel.inf
MAP,38.287173166523836
PDQ,14.119969935259178
rough_MAP,11.85404599524132
Elevation,9.889314482512605
CEC,6.0565842313720575
rough_PDQ,3.9866521070370045
pH,2.830769407662586
Clay,2.538132826847149
rough_Elevation,2.3228620815243914
rough_CEC,2.112697136372377
rough_Soil.C,2.033024497643282
rough_NDVI,1.530092962696405
Surface.T,1.316709638660766
rough_Surface.T,1.1219715306470477
