nt,pseudo_r2,pred_obs_r2,pred_obs_r2_exp
7700,0.5023672419409468,0.7465082863028482,0.5970134144708503
