var,rel.inf
MAP,37.51788133828786
PDQ,14.192363129410003
rough_MAP,12.460444277042601
Elevation,9.958956090612702
CEC,6.070212858824892
rough_PDQ,3.970066462775527
pH,2.7986622029019386
Clay,2.6113229340978714
rough_Elevation,2.3505902231709817
rough_CEC,2.1304244121554334
rough_Soil.C,1.8736726147292548
rough_NDVI,1.524010833285067
Surface.T,1.3480643981199132
rough_Surface.T,1.1933282245859624
