nt,pseudo_r2,pred_obs_r2,pred_obs_r2_exp
8e3,0.49852100133954,0.7515676846886975,0.6022100484051812
