var,rel.inf
MAP,38.206771236315696
PDQ,14.008647989929882
rough_MAP,12.021127388734959
Elevation,9.837627973295385
CEC,5.969487578232279
rough_PDQ,3.9553956187052046
pH,2.858333266085045
rough_Elevation,2.419135735273207
Clay,2.353123085402314
rough_CEC,2.1117824554192706
rough_Soil.C,2.0356677690150193
rough_NDVI,1.604009804236593
Surface.T,1.3899558624916404
rough_Surface.T,1.2289342368635077
