nt,pseudo_r2,pred_obs_r2,pred_obs_r2_exp
6450,0.4943842767102238,0.7255995432410032,0.5795165467280049
