nt,pseudo_r2,pred_obs_r2,pred_obs_r2_exp
7850,0.489238915066611,0.7495948808160536,0.5997029843292321
