nt,pseudo_r2,pred_obs_r2,pred_obs_r2_exp
7600,0.4995386368354676,0.7447829417201602,0.5945207886553374
