var,rel.inf
MAP,37.32738649637004
PDQ,14.10307231376709
rough_MAP,12.13395643603376
Elevation,9.8244695220554
CEC,6.033974196510194
rough_PDQ,3.9407909434030834
pH,2.976320578768375
Clay,2.531347688938311
rough_Elevation,2.4200398715583304
rough_CEC,2.258270435785184
rough_Soil.C,1.9609970203724039
rough_NDVI,1.7108352167433978
Surface.T,1.5008901609446146
rough_Surface.T,1.2776491187498076
