var,rel.inf
MAP,38.154680032797266
PDQ,14.210182803582367
rough_MAP,12.036680338656721
Elevation,9.773488441863247
CEC,6.086863356170455
rough_PDQ,3.87724126570364
pH,2.871739693999433
Clay,2.4305041198030013
rough_Elevation,2.390982078800931
rough_CEC,2.0820970183431906
rough_Soil.C,1.9236104134039023
rough_NDVI,1.6263675014699466
Surface.T,1.3700153278261646
rough_Surface.T,1.1655476075797342
