var,rel.inf
MAP,37.78147033828582
PDQ,14.159939376699647
rough_MAP,12.170040291124252
Elevation,9.883679916518435
CEC,6.033568160586535
rough_PDQ,3.948152157772311
pH,2.7900837932297087
Clay,2.449160143388166
rough_Elevation,2.4401011060755278
rough_CEC,2.1359688224325675
rough_Soil.C,2.0425028433397463
rough_NDVI,1.5966427692858507
Surface.T,1.4112610154063245
rough_Surface.T,1.1574292658551177
