nt,pseudo_r2,pred_obs_r2,pred_obs_r2_exp
7250,0.4910296579441694,0.7395526389993415,0.5915893277643793
