nt,pseudo_r2,pred_obs_r2,pred_obs_r2_exp
7650,0.5012477490309597,0.7462622170285861,0.597544840890777
