var,rel.inf
MAP,38.400145356990805
PDQ,14.164042798018714
rough_MAP,12.095114933656221
Elevation,9.892353243701189
CEC,6.14584655505325
rough_PDQ,3.862350682522467
pH,2.785238688558208
Clay,2.464155892589009
rough_Elevation,2.376491182310724
rough_CEC,2.125868217677009
rough_Soil.C,1.8378022563804046
rough_NDVI,1.4463559501831758
Surface.T,1.2967544944211313
rough_Surface.T,1.107479747937692
