var,rel.inf
MAP,37.76203133354796
PDQ,14.308862981210655
rough_MAP,12.088205283654561
Elevation,9.771986033606595
CEC,6.148119858030589
rough_PDQ,3.916222439384144
pH,2.802607316744559
Clay,2.476729026146687
rough_Elevation,2.3455947770461014
rough_CEC,2.1464270410048902
rough_Soil.C,2.1218973816411175
rough_NDVI,1.502838453414264
Surface.T,1.4425811332810383
rough_Surface.T,1.1658969412868376
