nt,pseudo_r2,pred_obs_r2,pred_obs_r2_exp
7850,0.49203513740114835,0.7490641663789774,0.5983414546619186
