nt,pseudo_r2,pred_obs_r2,pred_obs_r2_exp
8050,0.5142854386629389,0.7522423012153208,0.6027776281652154
