var,rel.inf
MAP,37.14166993320567
PDQ,14.284300818407115
rough_MAP,12.2852035320993
Elevation,9.748904116423779
CEC,6.064325692652837
rough_PDQ,4.047040503647481
pH,2.923137874799329
Clay,2.547313753291583
rough_Elevation,2.380020265915472
rough_CEC,2.2729660275555963
rough_Soil.C,1.9294660796287
rough_NDVI,1.6782508321565728
Surface.T,1.5188545106289901
rough_Surface.T,1.1785460595875736
