var,rel.inf
MAP,37.912256576105584
PDQ,14.110986913887327
rough_MAP,12.275344361657439
Elevation,9.883198439527677
CEC,6.054723773468973
rough_PDQ,3.8947090603233256
pH,2.837165714301478
Clay,2.530499211382134
rough_Elevation,2.314264240864968
rough_Soil.C,2.094331181346922
rough_CEC,2.0683295103150185
rough_NDVI,1.5124789360153732
Surface.T,1.3709291557595458
rough_Surface.T,1.1407829250442374
