nt,pseudo_r2,pred_obs_r2,pred_obs_r2_exp
7350,0.5024812105253228,0.7417108469285387,0.5928886327782577
