var,rel.inf
MAP,37.71524094783491
PDQ,14.139814449324426
rough_MAP,11.717683285510358
Elevation,9.848865502883383
CEC,5.9743962741955565
rough_PDQ,3.9480802184902624
pH,2.9756286992541092
Clay,2.6113786956382925
rough_Elevation,2.490727333852584
rough_CEC,2.2560562520227743
rough_Soil.C,1.9656190814161194
rough_NDVI,1.6841530003638219
Surface.T,1.4690136908387283
rough_Surface.T,1.2033425683746886
