var,rel.inf
MAP,37.21326330844454
PDQ,14.10975004643848
rough_MAP,12.19246798454471
Elevation,9.514850426173245
CEC,5.9270358728785855
rough_PDQ,3.9729435106748796
pH,3.017024681126123
Clay,2.643324922508584
rough_Elevation,2.4094554690221606
rough_CEC,2.3573674144528036
rough_Soil.C,2.214981327779337
rough_NDVI,1.6874698430284194
Surface.T,1.422931793579833
rough_Surface.T,1.3171333993483048
