var,rel.inf
MAP,37.387813741535254
PDQ,13.933498172473614
rough_MAP,11.810939339580509
Elevation,9.783946121141748
CEC,6.087307375819799
rough_PDQ,3.995374356320658
pH,2.9908999663406908
Clay,2.605483261752058
rough_Elevation,2.405637688917612
rough_CEC,2.3147321273038832
rough_Soil.C,2.1914119855522833
rough_NDVI,1.705137421203508
Surface.T,1.519646534598222
rough_Surface.T,1.268171907460157
