var,rel.inf
MAP,37.8036560549975
PDQ,14.169088663079888
rough_MAP,12.261564493414259
Elevation,9.967928445695255
CEC,5.986294847007107
rough_PDQ,3.919035415133265
pH,2.7468414941081845
Clay,2.567407889034738
rough_Elevation,2.320977144229033
rough_CEC,2.1778159019238905
rough_Soil.C,2.013532309998128
rough_NDVI,1.5261759307800902
Surface.T,1.3681128905887103
rough_Surface.T,1.1715685200099486
