nt,pseudo_r2,pred_obs_r2,pred_obs_r2_exp
7650,0.5113873208471569,0.7457557920382207,0.5960694499506478
