var,rel.inf
MAP,36.98359135658825
PDQ,14.146683726691153
rough_MAP,12.202887297962324
Elevation,9.559557902966024
CEC,6.000002609190671
rough_PDQ,3.9480668946169537
pH,3.0046369797331036
Clay,2.698323629250852
rough_Elevation,2.3838684975365068
rough_CEC,2.303643875160352
rough_Soil.C,2.1966381335789595
rough_NDVI,1.7549083635009373
Surface.T,1.552477436145289
rough_Surface.T,1.2647132970786223
