var,rel.inf
MAP,38.332965047761405
PDQ,14.097705015459363
rough_MAP,12.269849746930202
Elevation,9.787200178819942
CEC,6.048295913472769
rough_PDQ,3.819500784420016
pH,2.9265996989837735
Clay,2.4761539768099308
rough_Elevation,2.2829712103930966
rough_CEC,2.063740598775933
rough_Soil.C,1.9260332652523466
rough_NDVI,1.4738075739093939
Surface.T,1.3163484818321314
rough_Surface.T,1.1788285071796951
