var,rel.inf
MAP,37.39605489896341
PDQ,14.15962680848637
rough_MAP,12.349422343178716
Elevation,9.74164404762392
CEC,6.025629241718995
rough_PDQ,3.911685744126521
pH,2.9188110358719364
rough_Elevation,2.4518902794442963
Clay,2.4348907702444857
rough_CEC,2.383564919492118
rough_Soil.C,1.9888526689226642
rough_NDVI,1.6237415529835744
Surface.T,1.418548630172696
rough_Surface.T,1.1956370587702874
