var,rel.inf
MAP,39.14863972946548
PDQ,14.262894968990729
rough_MAP,12.004111434701175
Elevation,9.906053953881852
CEC,6.030336612285755
rough_PDQ,3.7521971258553157
pH,2.647366383213624
Clay,2.3879579852144386
rough_Elevation,2.3444025740216627
rough_Soil.C,1.9149390089175407
rough_CEC,1.8677214949169345
rough_NDVI,1.3769611426076205
Surface.T,1.2443589151656165
rough_Surface.T,1.1120586707622544
