nt,pseudo_r2,pred_obs_r2,pred_obs_r2_exp
8550,0.49396659379262986,0.7578744180852651,0.6066431782598959
