var,rel.inf
MAP,37.494304300142595
PDQ,14.070819850860884
rough_MAP,12.11283781417354
Elevation,9.724470593831223
CEC,6.122093725039951
rough_PDQ,3.8923556301880926
pH,3.026255486480596
Clay,2.6038748542303227
rough_Elevation,2.328322474574604
rough_CEC,2.2165969660700173
rough_Soil.C,2.1225579699739914
rough_NDVI,1.6551827963127663
Surface.T,1.4461031009335326
rough_Surface.T,1.1842244371878823
