nt,pseudo_r2,pred_obs_r2,pred_obs_r2_exp
8050,0.501082972299344,0.7517672737766982,0.6020376238022084
