nt,pseudo_r2,pred_obs_r2,pred_obs_r2_exp
7500,0.4991648987528924,0.7444223194962447,0.5944171420115835
