var,rel.inf
MAP,38.210218482933065
PDQ,14.168289703175478
rough_MAP,12.323687613386701
Elevation,9.765786370230902
CEC,5.910902939764893
rough_PDQ,3.776781890924845
pH,2.7213347227138485
Clay,2.447203992715211
rough_Elevation,2.378111201793216
rough_Soil.C,2.1501043409863847
rough_CEC,2.068161616861506
rough_NDVI,1.4980641943331254
Surface.T,1.4424510491220033
rough_Surface.T,1.138901881058829
