var,rel.inf
MAP,38.49722529388244
PDQ,14.12968928316236
rough_MAP,12.434064023559012
Elevation,10.01856021613982
CEC,6.011808346445382
rough_PDQ,3.8390727267348375
pH,2.7375851538013416
Clay,2.3812691215534167
rough_Elevation,2.2728292590633608
rough_Soil.C,1.9860520811546118
rough_CEC,1.8484985064886894
rough_NDVI,1.3541909560350078
Surface.T,1.312327723453254
rough_Surface.T,1.1768273085264673
