var,rel.inf
MAP,37.430483995329624
PDQ,14.044748119330205
rough_MAP,12.319959538809824
Elevation,9.692921158985259
CEC,6.019395323582434
rough_PDQ,3.9355347462933454
pH,3.07341420651344
Clay,2.5374397100138353
rough_Elevation,2.4404927846265876
rough_CEC,2.117321732229095
rough_Soil.C,2.06799870840506
rough_NDVI,1.7155229502023752
Surface.T,1.4051653578436971
rough_Surface.T,1.1996016678352177
