nt,pseudo_r2,pred_obs_r2,pred_obs_r2_exp
7350,0.49867684059216166,0.741258525999663,0.5919786883830529
