var,rel.inf
MAP,37.258038763128106
PDQ,14.087668931749871
rough_MAP,12.287577099323196
Elevation,9.853258944374026
CEC,5.967530893573606
rough_PDQ,4.064905968549767
pH,2.9329885907394395
Clay,2.660136726680049
rough_Elevation,2.3998734508815214
rough_CEC,2.224644011450298
rough_Soil.C,2.1301126002433897
rough_NDVI,1.6346133445678892
Surface.T,1.3932764637913337
rough_Surface.T,1.1053742109475022
