nt,pseudo_r2,pred_obs_r2,pred_obs_r2_exp
7900,0.5035471953083159,0.7492332564221656,0.599108020813663
