var,rel.inf
MAP,38.33602172029804
PDQ,14.471254611586337
rough_MAP,12.37205136355327
Elevation,9.794783703237846
CEC,5.984780863478359
rough_PDQ,3.8233065057410007
pH,2.781671070988484
rough_Elevation,2.3642089110557896
Clay,2.28308136368781
rough_CEC,2.0337162192239213
rough_Soil.C,2.0189696118538225
rough_NDVI,1.382370326892482
Surface.T,1.3035668799932687
rough_Surface.T,1.0502168484095669
