var,rel.inf
MAP,37.987817815432024
PDQ,14.38632092192522
rough_MAP,12.325034863854976
Elevation,9.789392924032331
CEC,5.887532735087361
rough_PDQ,3.8498249686900747
pH,2.699425965320901
Clay,2.417988265711414
rough_Elevation,2.3298072374602166
rough_CEC,2.190234205624495
rough_Soil.C,2.146972595985743
rough_NDVI,1.5067165179982545
Surface.T,1.3572528519891605
rough_Surface.T,1.1256781308878332
