var,rel.inf
MAP,37.58785287756129
PDQ,14.456555687985379
rough_MAP,12.163929035171561
Elevation,9.849258133959292
CEC,5.97757460566923
rough_PDQ,3.874984985593472
pH,2.8826075566836153
Clay,2.439476425922293
rough_Elevation,2.423444667255216
rough_CEC,2.11499754656615
rough_Soil.C,2.113566915297313
rough_NDVI,1.546399643042366
Surface.T,1.4157780369017898
rough_Surface.T,1.153573882391032
