nt,pseudo_r2,pred_obs_r2,pred_obs_r2_exp
8550,0.4993321615679248,0.7596612332894623,0.6078429620216059
