nt,pseudo_r2,pred_obs_r2,pred_obs_r2_exp
8900,0.5113040079599951,0.7632387761900568,0.612288962288386
