nt,pseudo_r2,pred_obs_r2,pred_obs_r2_exp
7750,0.5024173938518433,0.7469086151394735,0.5973413723667221
