var,rel.inf
MAP,37.934409720486116
PDQ,14.06323744249581
rough_MAP,12.19111734790255
Elevation,9.919617160640362
CEC,6.056302417445114
rough_PDQ,3.8306808148191682
pH,2.922829289634974
Clay,2.47771782607133
rough_Elevation,2.314222699200978
rough_Soil.C,2.1320303291666884
rough_CEC,2.0760336979326017
rough_NDVI,1.5101935689645134
Surface.T,1.3903950910410587
rough_Surface.T,1.181212594198736
