nt,pseudo_r2,pred_obs_r2,pred_obs_r2_exp
6500,0.4865282556066458,0.727592839771162,0.5799794268266576
