nt,pseudo_r2,pred_obs_r2,pred_obs_r2_exp
7050,0.4865613323882778,0.7353659948521868,0.589176208800054
