nt,pseudo_r2,pred_obs_r2,pred_obs_r2_exp
8200,0.5013260577931501,0.75428215288517,0.6025606135624385
