nt,pseudo_r2,pred_obs_r2,pred_obs_r2_exp
6950,0.49015920251789713,0.7351524280907993,0.5874441228914438
