var,rel.inf
MAP,38.32742709942457
PDQ,14.23539848355709
rough_MAP,12.31296668548062
Elevation,9.956319624471048
CEC,6.022112685390147
rough_PDQ,3.784475064552663
pH,2.7527206899992764
Clay,2.4694414004369873
rough_Elevation,2.3223580891716864
rough_Soil.C,2.002617126819683
rough_CEC,1.9415655735771435
rough_NDVI,1.441261831398967
Surface.T,1.3449364267523187
rough_Surface.T,1.0863992189678005
