nt,pseudo_r2,pred_obs_r2,pred_obs_r2_exp
6750,0.47980171070387767,0.7312568989087226,0.5847700313433982
