var,rel.inf
MAP,38.71726292758059
PDQ,14.307522453375292
rough_MAP,12.434624206004582
Elevation,9.884946613041654
CEC,6.013800808675017
rough_PDQ,3.760745847713111
pH,2.6796800793811135
rough_Elevation,2.419795049461878
Clay,2.270001684858722
rough_CEC,1.999333123161968
rough_Soil.C,1.885341573337581
rough_NDVI,1.3581316675427115
Surface.T,1.2377310284264877
rough_Surface.T,1.0310829374392945
