var,rel.inf
MAP,38.935413710823006
PDQ,14.52134561701514
rough_MAP,11.880333922217364
Elevation,9.825008060188226
CEC,5.987708339123037
rough_PDQ,3.8033733213837073
pH,2.9242285835090134
rough_Elevation,2.3235892526469946
Clay,2.2160324167344005
rough_CEC,1.913361042551099
rough_Soil.C,1.8396572101360646
rough_NDVI,1.385781124445086
Surface.T,1.2321274962698638
rough_Surface.T,1.2120399029569968
