var,rel.inf
MAP,37.702672947328104
PDQ,14.23362979068856
rough_MAP,11.89686612598259
Elevation,9.675343949182903
CEC,6.119348276521852
rough_PDQ,3.9573980255909618
pH,2.908337134446026
Clay,2.5492079433212615
rough_Elevation,2.40340190128452
rough_CEC,2.25015740430273
rough_Soil.C,1.934099600329983
rough_NDVI,1.6461910577231036
Surface.T,1.4490396779570225
rough_Surface.T,1.2743061653403793
