nt,pseudo_r2,pred_obs_r2,pred_obs_r2_exp
7500,0.49980699347912816,0.7428960355375523,0.5967520835140452
