nt,pseudo_r2,pred_obs_r2,pred_obs_r2_exp
7500,0.4872128623448848,0.7441294203564142,0.5953009340621956
