nt,pseudo_r2,pred_obs_r2,pred_obs_r2_exp
7850,0.49317656222022666,0.7494512307070528,0.6010190002645751
