nt,pseudo_r2,pred_obs_r2,pred_obs_r2_exp
7850,0.4924921898856781,0.74976496434741,0.5983782356582121
