var,rel.inf
MAP,37.42684440197
PDQ,14.10390309888377
rough_MAP,11.997459247110054
Elevation,9.735349461885473
CEC,6.154868793520758
rough_PDQ,3.854215594388777
pH,2.954546509951809
Clay,2.656575158173793
rough_Elevation,2.4884722909031534
rough_CEC,2.2780230566584336
rough_Soil.C,2.0772378647869054
rough_NDVI,1.6354458780267993
Surface.T,1.440842143049969
rough_Surface.T,1.1962165006903134
