var,rel.inf
MAP,37.490207066820716
PDQ,13.950277582362494
rough_MAP,12.398377967779489
Elevation,9.807603882137393
CEC,6.024992153413322
rough_PDQ,3.922709385165397
pH,2.763778860914436
Clay,2.581323685086276
rough_Elevation,2.4651491455197645
rough_CEC,2.196936782238509
rough_Soil.C,2.0125195671675065
rough_NDVI,1.6921664128865714
Surface.T,1.4740881404386348
rough_Surface.T,1.2198693680694972
