var,rel.inf
MAP,38.59599808973835
PDQ,14.185169983001408
rough_MAP,12.566194547801091
Elevation,9.917545956345531
CEC,5.973631037682924
rough_PDQ,3.737924553393977
pH,2.8224136801390323
rough_Elevation,2.289760211035123
Clay,2.2877302256852334
rough_Soil.C,2.00605612243566
rough_CEC,1.9474095337474715
rough_NDVI,1.3470703084252826
Surface.T,1.223745400431771
rough_Surface.T,1.0993503501371529
