nt,pseudo_r2,pred_obs_r2,pred_obs_r2_exp
7150,0.4836837054607943,0.7381452174303514,0.5898043649111862
