var,rel.inf
MAP,37.297999443057414
PDQ,14.005052644998548
rough_MAP,12.028363058683336
Elevation,9.706024012089623
CEC,6.082193968176292
rough_PDQ,3.9870692105108128
pH,2.937350683100097
Clay,2.6203975554702703
rough_Elevation,2.3909650626215537
rough_CEC,2.374817589856905
rough_Soil.C,1.8496918744094444
rough_NDVI,1.8338776061564228
Surface.T,1.5757954323495882
rough_Surface.T,1.3104018585196915
