nt,pseudo_r2,pred_obs_r2,pred_obs_r2_exp
7e3,0.49681389699575396,0.7351127403538643,0.5869781948140134
