var,rel.inf
MAP,37.98616406956793
PDQ,14.288059610312425
rough_MAP,12.063485773839021
Elevation,9.752195851368082
CEC,5.969744730981088
rough_PDQ,3.835071244730218
pH,2.9745362637765917
Clay,2.458228946893769
rough_Elevation,2.3380662341747445
rough_CEC,2.1783621079317994
rough_Soil.C,2.0350579921788867
rough_NDVI,1.4527618579423744
Surface.T,1.4111616484163585
rough_Surface.T,1.2571036678867198
