nt,pseudo_r2,pred_obs_r2,pred_obs_r2_exp
7900,0.4977581608311531,0.7497663560472312,0.5990248551447702
