var,rel.inf
MAP,38.335699182217816
PDQ,14.241005045582321
rough_MAP,12.04840421570997
Elevation,9.969825198301338
CEC,6.080821276544487
rough_PDQ,3.749396420564757
pH,2.6832158132776516
Clay,2.3875995541441104
rough_Elevation,2.383337274069218
rough_CEC,2.205558563203593
rough_Soil.C,1.9348309474563714
rough_NDVI,1.5089781954038348
Surface.T,1.3069198539888347
rough_Surface.T,1.164408459535696
