var,rel.inf
MAP,37.88895037314454
PDQ,14.228685820381731
rough_MAP,12.27000494961042
Elevation,9.744607439487535
CEC,5.973599560007952
rough_PDQ,3.8481597078877328
pH,3.0541666300470363
Clay,2.4777814177820834
rough_Elevation,2.2549234801369353
rough_CEC,2.065209659372286
rough_Soil.C,2.029648163875489
rough_NDVI,1.5535553329495717
Surface.T,1.398485680350271
rough_Surface.T,1.212221784966414
