var,rel.inf
MAP,37.98251527605675
PDQ,14.341574093769394
rough_MAP,12.185699921795486
Elevation,9.786157213804533
CEC,6.047291397302562
rough_PDQ,3.803667623967074
pH,2.911015052793375
rough_Elevation,2.3521889328348826
Clay,2.2915748796980804
rough_Soil.C,2.1643376465266106
rough_CEC,2.119416311020618
rough_NDVI,1.5323004830374576
Surface.T,1.3627610704292907
rough_Surface.T,1.1195000969638929
