var,rel.inf
MAP,37.47339565148178
PDQ,14.070040412524625
rough_MAP,12.34101499867809
Elevation,9.834963678115015
CEC,6.111276276198338
rough_PDQ,3.9494831176853276
pH,2.800617851004028
Clay,2.508913080265978
rough_Elevation,2.4041386807356147
rough_CEC,2.250958521573641
rough_Soil.C,1.9239410807101545
rough_NDVI,1.6474948719058495
Surface.T,1.4186746669456352
rough_Surface.T,1.2650871121759146
