var,rel.inf
MAP,37.63927899960116
PDQ,14.456313978010218
rough_MAP,12.058554587414836
Elevation,9.731004531211742
CEC,5.888748456888109
rough_PDQ,3.8670839225225144
pH,3.044985523645142
Clay,2.415852648335656
rough_Elevation,2.3536304771870653
rough_CEC,2.0981096870521743
rough_Soil.C,2.0980590579545764
rough_NDVI,1.6295205711676324
Surface.T,1.4547064265435028
rough_Surface.T,1.2641511324656778
