var,rel.inf
MAP,37.522011821658076
PDQ,14.0079648218965
rough_MAP,12.27045400430294
Elevation,9.718749126320107
CEC,6.211036380392061
rough_PDQ,3.9415017705165942
pH,2.990351820151534
Clay,2.477158618493199
rough_Elevation,2.4131435753843937
rough_CEC,2.2071670886445545
rough_Soil.C,2.0572690314690396
rough_NDVI,1.611286637521022
Surface.T,1.417435804429351
rough_Surface.T,1.1544694988206317
