var,rel.inf
MAP,37.7964651191202
PDQ,14.106684038830618
rough_MAP,12.740780892021926
Elevation,9.922138151097094
CEC,5.916738805362496
rough_PDQ,3.9703192768789526
pH,2.6530074752134865
Clay,2.4535893956014183
rough_Elevation,2.3420569199543655
rough_CEC,2.0639009742559744
rough_Soil.C,1.990416885014412
rough_NDVI,1.5820990400623653
Surface.T,1.3441560362687284
rough_Surface.T,1.117646990317964
