var,rel.inf
MAP,37.04970218793266
PDQ,14.31396570724831
rough_MAP,12.359121566655752
Elevation,9.68841316080476
CEC,6.034515052373866
rough_PDQ,4.021222615414252
pH,2.855646007688187
Clay,2.546705184776565
rough_Elevation,2.4343961678225776
rough_CEC,2.2935431249431457
rough_Soil.C,1.996627632608234
rough_NDVI,1.6582119218384042
Surface.T,1.5187175778710635
rough_Surface.T,1.2292120920222196
