var,rel.inf
MAP,36.85042639467175
PDQ,14.022714833465695
rough_MAP,12.216393828072874
Elevation,9.696582132234072
CEC,6.138552310576685
rough_PDQ,3.9997202589787273
pH,3.000808978841526
Clay,2.5303360289764005
rough_CEC,2.4329538386037703
rough_Elevation,2.4309041009222754
rough_Soil.C,2.1463513348556327
rough_NDVI,1.7620448567614742
Surface.T,1.5335250944274461
rough_Surface.T,1.238686008611669
