var,rel.inf
MAP,38.10412294475881
PDQ,14.160364140535394
rough_MAP,12.378816830868862
Elevation,9.917856473059272
CEC,5.996671846358914
rough_PDQ,3.7950861626442993
pH,2.745302898030853
Clay,2.4917031906646816
rough_Elevation,2.3442754373042916
rough_Soil.C,2.0446329908084113
rough_CEC,1.9709467825332023
rough_NDVI,1.5066800759054
Surface.T,1.3674036348580676
rough_Surface.T,1.1761365916695523
