var,rel.inf
MAP,37.93201551269984
PDQ,14.402797914699745
rough_MAP,12.337775547477017
Elevation,9.810572771881212
CEC,6.121968729888688
rough_PDQ,3.804382417281319
pH,2.8367486050361124
rough_Elevation,2.4245234619665954
Clay,2.3793431815799893
rough_CEC,2.062451483461466
rough_Soil.C,1.9099066678584022
rough_NDVI,1.5103107807203493
Surface.T,1.3578562479241845
rough_Surface.T,1.1093466775250846
