nt,pseudo_r2,pred_obs_r2,pred_obs_r2_exp
8150,0.49986852188426567,0.753866014179076,0.6032320254826318
