var,rel.inf
MAP,37.701329227280404
PDQ,14.065013069939369
rough_MAP,12.00518680933721
Elevation,9.774018067813744
CEC,6.070344109968492
rough_PDQ,3.9514209322698695
pH,2.810390609111348
Clay,2.64374993226781
rough_Elevation,2.460846080184923
rough_CEC,2.1499468182758337
rough_Soil.C,2.0489166451377385
rough_NDVI,1.6001257400348792
Surface.T,1.4783413283081432
rough_Surface.T,1.2403706300702448
