nt,pseudo_r2,pred_obs_r2,pred_obs_r2_exp
7900,0.4942248680347795,0.747958226978886,0.5994478042800595
