var,rel.inf
MAP,38.44152631416912
PDQ,14.19302197640255
rough_MAP,12.52150796203332
Elevation,9.889104154373545
CEC,6.042950125618401
rough_PDQ,3.7212968755334037
pH,2.794074933078398
rough_Elevation,2.385060481587378
Clay,2.35516135528782
rough_Soil.C,2.034067759122128
rough_CEC,1.9314162786105362
rough_NDVI,1.3621509947829948
Surface.T,1.2787670543640355
rough_Surface.T,1.0498937350363717
