var,rel.inf
MAP,37.97504368497927
PDQ,13.963298211981272
rough_MAP,12.320536432246593
Elevation,9.830582048208212
CEC,5.927406482042253
rough_PDQ,3.880181128412617
pH,2.8552727441906014
Clay,2.5035128410617498
rough_Elevation,2.3938189719818057
rough_CEC,2.156596869905875
rough_Soil.C,1.982487109353204
rough_NDVI,1.5554043403249012
Surface.T,1.4536993004536263
rough_Surface.T,1.2021598348580187
