nt,pseudo_r2,pred_obs_r2,pred_obs_r2_exp
7600,0.5022633176873634,0.745485790602904,0.595963858849625
