nt,pseudo_r2,pred_obs_r2,pred_obs_r2_exp
7850,0.49589232920659876,0.7480258500063165,0.5999542200248481
