var,rel.inf
MAP,37.162388612161884
PDQ,14.145013508823878
rough_MAP,12.313919902142805
Elevation,9.906426513987748
CEC,5.9886271116725815
rough_PDQ,3.914921437612905
pH,2.9936431093718343
Clay,2.6166489781031252
rough_Elevation,2.4348932469725333
rough_CEC,2.2464424646692245
rough_Soil.C,2.0211236461523283
rough_NDVI,1.616644747752174
Surface.T,1.4277479304043288
rough_Surface.T,1.2115587901726474
