nt,pseudo_r2,pred_obs_r2,pred_obs_r2_exp
7550,0.49674836016046875,0.7441490743298488,0.5970964305706329
