var,rel.inf
MAP,37.46269312267612
PDQ,14.14150436589296
rough_MAP,11.93710323428286
Elevation,9.647323458735057
CEC,6.059181721322946
rough_PDQ,3.954030915867592
pH,2.9877229885037995
Clay,2.536577499541364
rough_Elevation,2.3756317581698707
rough_CEC,2.2764021789565483
rough_Soil.C,2.1385935617185137
rough_NDVI,1.7145141860581299
Surface.T,1.5666210937342004
rough_Surface.T,1.202099914540042
