var,rel.inf
MAP,38.3435859766152
PDQ,14.143239925384606
rough_MAP,12.41516796938472
Elevation,9.777085789254919
CEC,6.163239753506175
rough_PDQ,3.6777013313314884
pH,2.7808723428424913
Clay,2.4398685119888963
rough_Elevation,2.273963385518469
rough_CEC,2.036780109296398
rough_Soil.C,1.959497687405664
rough_NDVI,1.488927090514556
Surface.T,1.3617036646407967
rough_Surface.T,1.1383664623156087
