nt,pseudo_r2,pred_obs_r2,pred_obs_r2_exp
8050,0.4979978613070408,0.7527601124309347,0.602530449635983
