nt,pseudo_r2,pred_obs_r2,pred_obs_r2_exp
7250,0.49183703976610116,0.7389506804659766,0.5908228950395198
