nt,pseudo_r2,pred_obs_r2,pred_obs_r2_exp
7850,0.4993238709776122,0.7487142114380637,0.5996257644630482
