nt,pseudo_r2,pred_obs_r2,pred_obs_r2_exp
8300,0.5022333537787933,0.7557055417888948,0.6039906598471679
