nt,pseudo_r2,pred_obs_r2,pred_obs_r2_exp
7200,0.49447615925597366,0.7392380897145202,0.5903359534912884
