var,rel.inf
MAP,37.351346921110284
PDQ,14.203596466682184
rough_MAP,12.593328856833926
Elevation,9.660247127618243
CEC,6.032438604190791
rough_PDQ,3.9734565867176443
pH,2.8813597457569786
rough_Elevation,2.3758951749393993
Clay,2.3357656310570207
rough_CEC,2.2705231283049465
rough_Soil.C,2.122348367336901
rough_NDVI,1.6203400953257017
Surface.T,1.3500655964545563
rough_Surface.T,1.229287697671425
