nt,pseudo_r2,pred_obs_r2,pred_obs_r2_exp
7050,0.4979868882174212,0.7366674012788149,0.5884785130808764
