var,rel.inf
MAP,38.09746895988556
PDQ,14.326432136395653
rough_MAP,12.3400624544124
Elevation,9.68581657298413
CEC,5.910052827691754
rough_PDQ,3.89139066119058
pH,2.8531080627760192
Clay,2.574297403366876
rough_Elevation,2.365109952357108
rough_CEC,2.080258647559897
rough_Soil.C,1.9660636041277222
rough_NDVI,1.4667949581021387
Surface.T,1.3692872304965849
rough_Surface.T,1.0738565286535702
