nt,pseudo_r2,pred_obs_r2,pred_obs_r2_exp
7650,0.48384272150286056,0.7457909038278476,0.5969906233623505
