var,rel.inf
MAP,38.216030560001826
PDQ,14.316512352645882
rough_MAP,12.120484884519101
Elevation,9.686758021274017
CEC,5.994027005145768
rough_PDQ,3.911734297299408
pH,2.8265231133400985
Clay,2.4415927760084544
rough_Elevation,2.370614917195645
rough_Soil.C,2.0873638691802934
rough_CEC,1.88952593738581
rough_NDVI,1.5023652392963
Surface.T,1.3699852901204232
rough_Surface.T,1.2664817365869692
