nt,pseudo_r2,pred_obs_r2,pred_obs_r2_exp
6050,0.4811167586845946,0.7180461443581434,0.5740385362352938
