var,rel.inf
MAP,38.54727554101327
PDQ,14.155866363194876
rough_MAP,12.206116234288864
Elevation,9.872240954865376
CEC,5.980296146065352
rough_PDQ,3.900951280869358
pH,2.6168702210149095
rough_Elevation,2.387548635501503
Clay,2.3725202132633094
rough_CEC,2.0761325637434838
rough_Soil.C,2.0046893489762883
rough_NDVI,1.4244123623506033
Surface.T,1.304214059551092
rough_Surface.T,1.150866075301708
