nt,pseudo_r2,pred_obs_r2,pred_obs_r2_exp
8550,0.483724758872941,0.7595363473088272,0.6084772806749424
