var,rel.inf
MAP,37.913082605327986
PDQ,13.993809319088152
rough_MAP,12.104472601864035
Elevation,9.770771717569035
CEC,6.142357764023029
rough_PDQ,3.885684959121409
pH,2.952884946258122
Clay,2.5029596281509066
rough_Elevation,2.4380095826868624
rough_CEC,2.1872661207948565
rough_Soil.C,1.9325661545914192
rough_NDVI,1.5679176606012064
Surface.T,1.4220736051830962
rough_Surface.T,1.186143334739882
