var,rel.inf
MAP,37.61830817494043
PDQ,14.394340521396975
rough_MAP,11.75376215058008
Elevation,9.623635771029123
CEC,5.9530637454151325
rough_PDQ,3.8226987968332917
pH,2.894481729865603
Clay,2.4860580991304557
rough_Elevation,2.391359758168488
rough_CEC,2.379104348140976
rough_Soil.C,2.1956483819942227
rough_NDVI,1.7757630222824492
Surface.T,1.5373652558936977
rough_Surface.T,1.1744102443290707
