var,rel.inf
MAP,37.75836731998498
PDQ,13.893972803054085
rough_MAP,12.258182561102032
Elevation,9.993686529897362
CEC,6.145837440391068
rough_PDQ,3.9576111105810043
pH,2.905588081892327
Clay,2.457725413777874
rough_Elevation,2.4006601254128594
rough_CEC,2.1318887233142934
rough_Soil.C,1.9665143728570869
rough_NDVI,1.4966959199199996
Surface.T,1.3964156825835043
rough_Surface.T,1.2368539152315254
