nt,pseudo_r2,pred_obs_r2,pred_obs_r2_exp
7900,0.5059772265855632,0.7499273687148383,0.6010226515276098
