nt,pseudo_r2,pred_obs_r2,pred_obs_r2_exp
7900,0.48893341884424035,0.7495634515081729,0.599104622054165
