var,rel.inf
MAP,37.298339574363304
PDQ,14.088913041209594
rough_MAP,12.10751305556443
Elevation,9.818426896066908
CEC,6.107269536380452
rough_PDQ,3.972938294720985
pH,2.842564538571191
Clay,2.6175389079569147
rough_Elevation,2.389478846377225
rough_CEC,2.3610368612992825
rough_Soil.C,2.0435542461146357
rough_NDVI,1.6728317959425563
Surface.T,1.4425535888039605
rough_Surface.T,1.2370408166285671
