nt,pseudo_r2,pred_obs_r2,pred_obs_r2_exp
7800,0.5001777555402426,0.7484428194251271,0.5982456048744242
