nt,pseudo_r2,pred_obs_r2,pred_obs_r2_exp
7050,0.496722011723594,0.7369423601415239,0.58914627479178
