nt,pseudo_r2,pred_obs_r2,pred_obs_r2_exp
6850,0.4944572531410151,0.733383305192394,0.5867853942411138
