nt,pseudo_r2,pred_obs_r2,pred_obs_r2_exp
8550,0.507424629094992,0.7590930599879833,0.6086664825203941
