var,rel.inf
MAP,38.65384477979854
PDQ,14.336688502640403
rough_MAP,12.143568523295317
Elevation,9.770422403775076
CEC,6.054888280738025
rough_PDQ,3.9124114374011647
pH,2.583193214205789
rough_Elevation,2.4080220683396516
Clay,2.3974859691445904
rough_CEC,2.0011155602002226
rough_Soil.C,1.857594819623166
rough_NDVI,1.4567144192759993
Surface.T,1.3059454023718753
rough_Surface.T,1.1181046191901813
