nt,pseudo_r2,pred_obs_r2,pred_obs_r2_exp
7750,0.49470932490869834,0.7462619879772768,0.59793583724507815
