nt,pseudo_r2,pred_obs_r2,pred_obs_r2_exp
7650,0.49183374184554596,0.7461971719921042,0.5959211034501061
