var,rel.inf
MAP,37.7865327455261
PDQ,14.301533937929927
rough_MAP,12.428166924972206
Elevation,9.671711117104746
CEC,5.92948711261658
rough_PDQ,3.948673288803885
pH,2.9086650210304104
Clay,2.543976094017871
rough_Elevation,2.373629918887741
rough_Soil.C,2.137249829075032
rough_CEC,2.04169762098859
rough_NDVI,1.4717424622766389
Surface.T,1.3049237080796805
rough_Surface.T,1.1520102186905947
