var,rel.inf
MAP,37.94084406157434
PDQ,14.132372875500291
rough_MAP,12.178869713197681
Elevation,9.998366593830223
CEC,6.054714358230608
rough_PDQ,3.8678413171126853
pH,2.794399622363121
Clay,2.44556621316714
rough_Elevation,2.428472488909239
rough_CEC,2.088704373741413
rough_Soil.C,2.059279343628212
rough_NDVI,1.4738826581347997
Surface.T,1.3809668552520924
rough_Surface.T,1.1557195253581525
