nt,pseudo_r2,pred_obs_r2,pred_obs_r2_exp
8350,0.5076730964905701,0.7562245338655638,0.6054205089360453
