nt,pseudo_r2,pred_obs_r2,pred_obs_r2_exp
7750,0.5033782585617512,0.7475085047491781,0.5972926387105542
