var,rel.inf
MAP,37.56499545292671
PDQ,14.304345423449398
rough_MAP,12.239996350045772
Elevation,9.716628332684408
CEC,5.957042998878614
rough_PDQ,3.8459181884598523
pH,2.8110501309685265
Clay,2.4811752843206123
rough_Elevation,2.38748852339302
rough_CEC,2.2439090403049406
rough_Soil.C,2.1056865038835455
rough_NDVI,1.6142464046481946
Surface.T,1.4683718919770818
rough_Surface.T,1.2591454740593184
