nt,pseudo_r2,pred_obs_r2,pred_obs_r2_exp
7650,0.5039210591702363,0.7453718585893054,0.5966962025298777
