nt,pseudo_r2,pred_obs_r2,pred_obs_r2_exp
8e3,0.49795360264843114,0.7503744351936359,0.6018103811898241
