nt,pseudo_r2,pred_obs_r2,pred_obs_r2_exp
7100,0.4910515041242618,0.7372701892185798,0.5897408888596166
