nt,pseudo_r2,pred_obs_r2,pred_obs_r2_exp
7600,0.5013652629421106,0.7453619054405728,0.5970499196677241
