var,rel.inf
MAP,38.14607634055048
PDQ,14.256685743169713
rough_MAP,12.20805535701789
Elevation,9.951795502120188
CEC,5.94835375805992
rough_PDQ,3.8276124224434622
pH,2.637049559926105
Clay,2.608350292860389
rough_Elevation,2.308191805146325
rough_Soil.C,1.9681445959192196
rough_CEC,1.9644726005934368
rough_NDVI,1.484181865434265
Surface.T,1.3903619143532586
rough_Surface.T,1.300668242405342
