var,rel.inf
MAP,37.67922462423499
PDQ,14.339620615906279
rough_MAP,12.171929828290429
Elevation,9.798215503674017
CEC,6.055101330894809
rough_PDQ,3.919962786622552
pH,2.9262799123399508
Clay,2.357811891029545
rough_Elevation,2.353750416722222
rough_CEC,2.232257519383852
rough_Soil.C,2.043981411287545
rough_NDVI,1.521816473729857
Surface.T,1.4054194816160888
rough_Surface.T,1.194628204267863
