var,rel.inf
MAP,37.38926167389151
PDQ,14.184149995743688
rough_MAP,12.28130851460655
Elevation,9.694080228576075
CEC,6.080043820607834
rough_PDQ,3.938396693929748
pH,2.8082267818885738
Clay,2.448826748815287
rough_Elevation,2.4002302019873616
rough_CEC,2.227746876349314
rough_Soil.C,2.058858300441451
rough_NDVI,1.6342694804206312
Surface.T,1.5496239268348457
rough_Surface.T,1.3049767559071361
