var,rel.inf
MAP,37.41384389781198
PDQ,14.313999247527837
rough_MAP,12.229078486912474
Elevation,9.715464639217561
CEC,5.906322027812064
rough_PDQ,3.9621724037293617
pH,2.89498812117624
Clay,2.5981026985319113
rough_Elevation,2.4604201481811603
rough_CEC,2.1829870629477743
rough_Soil.C,2.0427749899536503
rough_NDVI,1.535073307607352
Surface.T,1.4698301333000916
rough_Surface.T,1.274942835290544
