nt,pseudo_r2,pred_obs_r2,pred_obs_r2_exp
7950,0.4845420985541863,0.7501904032942692,0.599927837146333
