nt,pseudo_r2,pred_obs_r2,pred_obs_r2_exp
7500,0.49039885658453175,0.7427017887376361,0.5943982872130931
