nt,pseudo_r2,pred_obs_r2,pred_obs_r2_exp
7700,0.4877100605935728,0.7471016706812622,0.5963407193144211
