nt,pseudo_r2,pred_obs_r2,pred_obs_r2_exp
6850,0.4968806595191272,0.7330575419425797,0.5867371596001077
