nt,pseudo_r2,pred_obs_r2,pred_obs_r2_exp
8100,0.49990676245674504,0.7523412251507067,0.6037194668175718
