var,rel.inf
MAP,37.39551310692551
PDQ,14.091547202213652
rough_MAP,12.357183644413691
Elevation,9.59727545035694
CEC,6.035379678380473
rough_PDQ,3.946162064458158
pH,2.9039495707903056
Clay,2.623979379067346
rough_Elevation,2.3503112122929206
rough_CEC,2.205040560827585
rough_Soil.C,2.0968423092810498
rough_NDVI,1.680071541528677
Surface.T,1.5078044464768656
rough_Surface.T,1.2089398329868237
