var,rel.inf
MAP,38.25591646435015
PDQ,14.296137270145175
rough_MAP,12.37293398367789
Elevation,9.846774270484557
CEC,6.028011256540548
rough_PDQ,3.717204424155324
pH,2.682410805533767
rough_Elevation,2.4057192093606377
Clay,2.396567541314562
rough_CEC,2.0987604817354333
rough_Soil.C,1.9488115116373477
rough_NDVI,1.474987749462585
Surface.T,1.2772752487694312
rough_Surface.T,1.1984897828325807
