nt,pseudo_r2,pred_obs_r2,pred_obs_r2_exp
6650,0.4883324925733672,0.7296666095766111,0.5828393710732067
