var,rel.inf
MAP,37.543679478108096
PDQ,14.360460809094617
rough_MAP,12.38792845839634
Elevation,9.999118281044392
CEC,6.0247428005956225
rough_PDQ,3.8934756726758337
pH,2.6872342200469213
Clay,2.5907435414683446
rough_Elevation,2.3914526621607153
rough_CEC,2.140332146840434
rough_Soil.C,1.9402464026516002
rough_NDVI,1.502542497266368
Surface.T,1.3552409015734899
rough_Surface.T,1.1828021280772296
