nt,pseudo_r2,pred_obs_r2,pred_obs_r2_exp
7600,0.4851848587958657,0.7439939207696307,0.5973189346827863
