var,rel.inf
MAP,38.51640349902016
PDQ,14.162502142984911
rough_MAP,12.10222989035907
Elevation,9.943547509719181
CEC,6.0501619818246555
rough_PDQ,3.844935744127509
pH,2.8210295847977234
rough_Elevation,2.35973076439053
Clay,2.339865962192722
rough_Soil.C,1.9745479074610257
rough_CEC,1.9564427277995227
rough_NDVI,1.4377145786544667
Surface.T,1.3721206502153283
rough_Surface.T,1.118767056453201
