nt,pseudo_r2,pred_obs_r2,pred_obs_r2_exp
7550,0.5007803539873608,0.7451451957616244,0.5960226592413136
