nt,pseudo_r2,pred_obs_r2,pred_obs_r2_exp
6750,0.5016326072129872,0.7310847313360533,0.5837555038965754
