nt,pseudo_r2,pred_obs_r2,pred_obs_r2_exp
7100,0.49243164620206825,0.737594013194265,0.5880882555578703
