var,rel.inf
MAP,37.15808533805159
PDQ,14.286472595118433
rough_MAP,12.50285619184918
Elevation,9.850894549206684
CEC,5.98357774837528
rough_PDQ,3.8582065543811734
pH,2.9534000641278153
Clay,2.464445973351777
rough_Elevation,2.368083045631893
rough_CEC,2.318742554344632
rough_Soil.C,1.9420722593685809
rough_NDVI,1.6005434921866162
Surface.T,1.4628982248049982
rough_Surface.T,1.249721409201338
