var,rel.inf
MAP,37.72118814992206
PDQ,14.27769260515444
rough_MAP,12.125106217141669
Elevation,9.719155556019192
CEC,6.065343885459885
rough_PDQ,3.9553522865227313
pH,2.8559629755375466
Clay,2.5132233082094193
rough_Elevation,2.430611416938238
rough_CEC,2.0817888556546467
rough_Soil.C,2.0311044503765308
rough_NDVI,1.5518658339244575
Surface.T,1.4137611544473423
rough_Surface.T,1.2578433046918482
