var,rel.inf
MAP,37.4966291448179
PDQ,14.12773536190583
rough_MAP,12.124150146512694
Elevation,9.688292348942857
CEC,6.05066891853478
rough_PDQ,3.957428440951995
pH,2.927242326408705
Clay,2.6799171992997532
rough_Elevation,2.391481197458433
rough_CEC,2.1794551291648787
rough_Soil.C,2.095047519259274
rough_NDVI,1.6528064603640658
Surface.T,1.455514571635846
rough_Surface.T,1.1736312347429838
