nt,pseudo_r2,pred_obs_r2,pred_obs_r2_exp
7100,0.5000038125883054,0.7362470490733842,0.5892894077065197
