nt,pseudo_r2,pred_obs_r2,pred_obs_r2_exp
6800,0.4923047484475871,0.7329172540491582,0.5856263881172944
