var,rel.inf
MAP,38.373216841950395
PDQ,14.181013790282082
rough_MAP,12.583580219780147
Elevation,9.814781434685168
CEC,5.924300780451657
rough_PDQ,3.7097776224118486
pH,2.8420588183234603
Clay,2.331245250124852
rough_Elevation,2.2797566043247044
rough_Soil.C,2.1012217793925507
rough_CEC,2.008166179166214
rough_NDVI,1.4706008385340041
Surface.T,1.2843354115020256
rough_Surface.T,1.0959444290708955
