nt,pseudo_r2,pred_obs_r2,pred_obs_r2_exp
7650,0.49992739955662113,0.7460018745875523,0.5980126179495263
