var,rel.inf
MAP,37.61335957480763
PDQ,14.147675967469135
rough_MAP,12.05159814807311
Elevation,9.897835011513202
CEC,6.1048977841243985
rough_PDQ,3.971252765287071
pH,2.8675494742130754
Clay,2.496559760530871
rough_Elevation,2.4835924000093805
rough_CEC,2.206932727221547
rough_Soil.C,2.10188275386785
rough_NDVI,1.4692039114585334
Surface.T,1.3362051499700132
rough_Surface.T,1.2514545714541874
