nt,pseudo_r2,pred_obs_r2,pred_obs_r2_exp
7050,0.47705245079836844,0.7364306229994063,0.5883310624076671
