var,rel.inf
MAP,37.53725790634136
PDQ,13.961608985951218
rough_MAP,12.246095412963136
Elevation,9.836053966356635
CEC,5.999933189534821
rough_PDQ,3.972873167294323
pH,2.9365766898264347
Clay,2.5147942876297575
rough_Elevation,2.4695983344438233
rough_CEC,2.1527336849477274
rough_Soil.C,2.031674295433964
rough_NDVI,1.6233586425728983
Surface.T,1.5233244736164644
rough_Surface.T,1.1941169630874289
