var,rel.inf
MAP,38.142236784728865
PDQ,13.947151686014085
rough_MAP,11.946571641056783
Elevation,9.98407210207246
CEC,6.0807278951795105
rough_PDQ,3.8933492147008972
pH,2.811455352921682
Clay,2.455990725568842
rough_Elevation,2.406142305335882
rough_CEC,2.1173686940126895
rough_Soil.C,2.030319604266792
rough_NDVI,1.599112388778432
Surface.T,1.4091186900882868
rough_Surface.T,1.176382915274793
