var,rel.inf
MAP,37.672016057563965
PDQ,14.126965373887181
rough_MAP,12.116400109339526
Elevation,9.76583995630056
CEC,6.043425598309936
rough_PDQ,3.880197448021097
pH,2.962020787590682
Clay,2.5484802919547063
rough_Elevation,2.3940585359560758
rough_Soil.C,2.1987827816934846
rough_CEC,2.1875582005433594
rough_NDVI,1.593052477177557
Surface.T,1.3395727781639988
rough_Surface.T,1.171629603497867
