var,rel.inf
MAP,37.88648818689495
PDQ,14.098003778923793
rough_MAP,12.082434539176626
Elevation,9.621538569052738
CEC,5.996245456606953
rough_PDQ,3.9278596939824837
pH,3.009917224912195
Clay,2.590497169425051
rough_Elevation,2.3447889949128133
rough_CEC,2.1692902276506003
rough_Soil.C,2.019055274379111
rough_NDVI,1.5620053331353991
Surface.T,1.4323004082909165
rough_Surface.T,1.2595751426563624
