var,rel.inf
MAP,38.00008449359167
PDQ,14.088066527357515
rough_MAP,11.967826377680954
Elevation,10.058187841638963
CEC,6.0222542562310934
rough_PDQ,3.9228334343967988
pH,2.9046788378849597
Clay,2.5003735325120213
rough_Elevation,2.370765307582778
rough_CEC,2.1893437578090795
rough_Soil.C,1.9846864643130704
rough_NDVI,1.4806930377929803
Surface.T,1.3661256127230281
rough_Surface.T,1.1440805184850897
