nt,pseudo_r2,pred_obs_r2,pred_obs_r2_exp
7750,0.5102578291484439,0.7480086605524454,0.5977513864477507
