nt,pseudo_r2,pred_obs_r2,pred_obs_r2_exp
6600,0.4907156804949855,0.728497813947419,0.5828718771734396
