nt,pseudo_r2,pred_obs_r2,pred_obs_r2_exp
8450,0.5067821118374972,0.7579183382881501,0.6077867397962481
