var,rel.inf
MAP,37.84691579842049
PDQ,14.033467974072328
rough_MAP,12.401619962406121
Elevation,9.682393291978197
CEC,6.091292723618892
rough_PDQ,3.8476111750174544
pH,2.9737688287133963
Clay,2.3641352554589603
rough_Elevation,2.353461879651632
rough_CEC,2.1984190422252317
rough_Soil.C,2.0044461257041966
rough_NDVI,1.615466263462652
Surface.T,1.3628456831965994
rough_Surface.T,1.2241559960738528
