var,rel.inf
MAP,37.92585540782566
PDQ,14.09579319954154
rough_MAP,11.998044738051926
Elevation,9.801058754731228
CEC,5.970357178065109
rough_PDQ,3.9733493661622066
pH,2.812106193903606
Clay,2.5869833431879217
rough_Elevation,2.4011546228632703
rough_CEC,2.267693272932209
rough_Soil.C,1.9640433849920311
rough_NDVI,1.5325366377282634
Surface.T,1.4358298790162742
rough_Surface.T,1.2351940209987595
