nt,pseudo_r2,pred_obs_r2,pred_obs_r2_exp
7300,0.49057534409600345,0.7405611679471773,0.592482133953469
