var,rel.inf
MAP,37.58463786630232
PDQ,14.253148850556268
rough_MAP,11.895159298944339
Elevation,9.816516998757901
CEC,6.152829837364396
rough_PDQ,3.9440412182913263
pH,2.807174839323738
Clay,2.698032692541263
rough_Elevation,2.4315783995073104
rough_CEC,2.177328179379982
rough_Soil.C,1.9754152490466617
rough_NDVI,1.5942318870218508
Surface.T,1.4583124013214153
rough_Surface.T,1.211592281641227
