nt,pseudo_r2,pred_obs_r2,pred_obs_r2_exp
8050,0.5106224128131267,0.7521566907159385,0.6021742063799401
