var,rel.inf
MAP,37.328174309791144
PDQ,14.079280970402884
rough_MAP,12.086164176106271
Elevation,9.81432005592333
CEC,6.0339029231516195
rough_PDQ,3.984528485462734
pH,3.028655301316665
Clay,2.629366414184166
rough_Elevation,2.4107360755799494
rough_CEC,2.30609067253347
rough_Soil.C,2.1074611035969992
rough_NDVI,1.5723674430667935
Surface.T,1.4128795100836293
rough_Surface.T,1.2060725588003394
