var,rel.inf
MAP,37.465010589376
PDQ,13.987520176411163
rough_MAP,12.116355912752924
Elevation,9.727052385882653
CEC,6.0835994380470835
rough_PDQ,3.929230205002506
pH,2.9859685363384476
Clay,2.6587970123197033
rough_Elevation,2.3929158676209945
rough_CEC,2.234547916452516
rough_Soil.C,2.1204903990294173
rough_NDVI,1.6495089387947444
Surface.T,1.4459165605614304
rough_Surface.T,1.2030860614104084
