var,rel.inf
MAP,38.95084300369123
PDQ,14.292379014410983
rough_MAP,12.416727045313065
Elevation,10.000519746143008
CEC,5.913593277947193
rough_PDQ,3.786597724094459
pH,2.7348690536693243
Clay,2.3691754163434973
rough_Elevation,2.3313540754018938
rough_Soil.C,1.9678395628483465
rough_CEC,1.779872375939079
rough_NDVI,1.2723396656091597
Surface.T,1.2017273290700394
rough_Surface.T,0.9821627095187212
