var,rel.inf
MAP,37.65721378212953
PDQ,14.285981358620383
rough_MAP,12.21858607608023
Elevation,9.832686200739571
CEC,5.973889697505837
rough_PDQ,3.9643664121029745
pH,2.77904126594214
Clay,2.4367083515770847
rough_Elevation,2.4129641320912176
rough_CEC,2.226875023562583
rough_Soil.C,2.0503568024032295
rough_NDVI,1.594863892715559
Surface.T,1.3944482705383132
rough_Surface.T,1.1720187339913415
