var,rel.inf
MAP,37.563680675751115
PDQ,14.42162709181141
rough_MAP,12.019136556197957
Elevation,9.855148458729976
CEC,6.1155110446933785
rough_PDQ,3.8308200793821
pH,2.9895022081646747
rough_Elevation,2.40095056264957
Clay,2.2800219291017787
rough_CEC,2.187276686597029
rough_Soil.C,2.1287763355559575
rough_NDVI,1.5460575879357008
Surface.T,1.5284507422369136
rough_Surface.T,1.133040041192445
