nt,pseudo_r2,pred_obs_r2,pred_obs_r2_exp
7200,0.5042647778291478,0.7395114804653005,0.5898458318158843
