nt,pseudo_r2,pred_obs_r2,pred_obs_r2_exp
7850,0.49591379625208787,0.7489787849258736,0.599558613300278
