var,rel.inf
MAP,37.65318021430263
PDQ,14.166308603195175
rough_MAP,12.094043871942658
Elevation,9.807094709445481
CEC,6.05098170635497
rough_PDQ,3.9118283286167936
pH,2.8774823613289926
Clay,2.511525770890985
rough_Elevation,2.419440950896626
rough_CEC,2.246537687360979
rough_Soil.C,2.0681851220299046
rough_NDVI,1.5122586392091337
Surface.T,1.4559543875867846
rough_Surface.T,1.2251776468388826
