nt,pseudo_r2,pred_obs_r2,pred_obs_r2_exp
8150,0.4911333354890045,0.7537360935233552,0.60333693002692
