var,rel.inf
MAP,37.852001017470606
PDQ,14.190611830195035
rough_MAP,12.449554143392255
Elevation,9.736776688899404
CEC,5.911861881243129
rough_PDQ,3.91173361746624
pH,2.7812826805064086
Clay,2.5018138108804124
rough_Elevation,2.362287118918746
rough_CEC,2.156561734038776
rough_Soil.C,1.968727251700896
rough_NDVI,1.540913484961141
Surface.T,1.4066235089949055
rough_Surface.T,1.2292512313320394
