nt,pseudo_r2,pred_obs_r2,pred_obs_r2_exp
7350,0.49353584842965526,0.7404333497669567,0.593050515020184
