nt,pseudo_r2,pred_obs_r2,pred_obs_r2_exp
7400,0.49423216649813384,0.7423232862975644,0.5933214486018922
