var,rel.inf
MAP,37.845979093164424
PDQ,14.285664259249138
rough_MAP,11.888840313380717
Elevation,9.845779428447848
CEC,5.991263356689016
rough_PDQ,3.915742253533878
pH,2.7828677380214026
Clay,2.5369817269284325
rough_Elevation,2.4136705593601904
rough_CEC,2.1164481130806463
rough_Soil.C,2.0539027574431263
rough_NDVI,1.6758377637234607
Surface.T,1.4591068974815185
rough_Surface.T,1.1879157394962088
