var,rel.inf
MAP,37.96995041356648
PDQ,14.111650991400134
rough_MAP,12.028426370320076
Elevation,9.941981642333571
CEC,6.09377059671898
rough_PDQ,3.973397654250613
pH,2.7967918722075664
Clay,2.531393756648501
rough_Elevation,2.3315599208637203
rough_CEC,2.023545844942777
rough_Soil.C,1.9854892885895379
rough_NDVI,1.5835170370921008
Surface.T,1.5022775962696517
rough_Surface.T,1.1262470147962915
