nt,pseudo_r2,pred_obs_r2,pred_obs_r2_exp
6900,0.49457566381269713,0.7338478732433372,0.5852464111302353
