var,rel.inf
MAP,37.52603763012073
PDQ,14.362943859415752
rough_MAP,12.202509990284382
Elevation,9.829426480920656
CEC,6.087358251069054
rough_PDQ,3.8634263051392024
pH,2.8115901275353328
Clay,2.484195492101157
rough_Elevation,2.3851116312413763
rough_CEC,2.235386596231891
rough_Soil.C,1.9667665440230981
rough_NDVI,1.595335047234275
Surface.T,1.404298004375846
rough_Surface.T,1.2456140403072389
