nt,pseudo_r2,pred_obs_r2,pred_obs_r2_exp
7100,0.4951892978742002,0.7370623047657534,0.5895802080131337
