var,rel.inf
MAP,37.43261207022025
PDQ,14.34032295837226
rough_MAP,12.158701875191376
Elevation,9.718097136412139
CEC,6.115222363079766
rough_PDQ,3.944033607566169
pH,2.7916463449268014
Clay,2.6701179682009006
rough_Elevation,2.4222763200560937
rough_CEC,2.1926438412956144
rough_Soil.C,1.939459541102875
rough_NDVI,1.669033770815741
Surface.T,1.5029348461259417
rough_Surface.T,1.1028973566340694
