nt,pseudo_r2,pred_obs_r2,pred_obs_r2_exp
8200,0.49630094585048223,0.754984110357579,0.6033932382961479
