var,rel.inf
MAP,37.938698425456565
PDQ,14.186912982501635
rough_MAP,12.464285054283065
Elevation,9.778529495876736
CEC,6.15441922636992
rough_PDQ,3.824465814663142
pH,2.704114915334868
Clay,2.5020005026699645
rough_Elevation,2.3206403263864543
rough_CEC,2.131953257646857
rough_Soil.C,1.9269866061066558
rough_NDVI,1.47365426022248
Surface.T,1.3779148863767428
rough_Surface.T,1.2154242461049185
