var,rel.inf
MAP,38.44139281734348
PDQ,14.449096063849494
rough_MAP,12.179888223542031
Elevation,9.915413110755399
CEC,5.97647653484133
rough_PDQ,3.8529307845443332
pH,2.9659912260864734
rough_Elevation,2.3482644452271018
Clay,2.1834814968641862
rough_Soil.C,2.008440272496287
rough_CEC,1.946464849632002
rough_NDVI,1.3654380578180336
Surface.T,1.282289534472293
rough_Surface.T,1.0844325825275614
