var,rel.inf
MAP,37.67686393694644
PDQ,14.0848707739854
rough_MAP,12.207278339829335
Elevation,9.852694119449161
CEC,6.099378935061244
rough_PDQ,3.8093509564181027
pH,2.632393815464238
Clay,2.4577956513468036
rough_Elevation,2.420317640651251
rough_Soil.C,2.268393694690338
rough_CEC,2.2456794371215203
rough_NDVI,1.5400987749511736
Surface.T,1.4893778852116322
rough_Surface.T,1.215506038873361
