nt,pseudo_r2,pred_obs_r2,pred_obs_r2_exp
8550,0.49799632910853653,0.7588333935851995,0.609021781886005
