nt,pseudo_r2,pred_obs_r2,pred_obs_r2_exp
6400,0.4976082722238667,0.7251059988342097,0.5796591301831667
