var,rel.inf
MAP,38.30423781382338
PDQ,14.324751680722867
rough_MAP,12.285282450841695
Elevation,9.894679043963702
CEC,5.922569773418049
rough_PDQ,3.8706295613736965
pH,2.740010141863237
rough_Elevation,2.3349210990679112
Clay,2.325202758883097
rough_CEC,2.122920790297138
rough_Soil.C,2.016358561200054
rough_NDVI,1.4378527056372656
Surface.T,1.2602326096840526
rough_Surface.T,1.1603510092238587
