nt,pseudo_r2,pred_obs_r2,pred_obs_r2_exp
7650,0.4935002259568343,0.7459024576167166,0.5959123941112727
