nt,pseudo_r2,pred_obs_r2,pred_obs_r2_exp
7950,0.5140705430378149,0.7511161942723348,0.5990185115620303
