nt,pseudo_r2,pred_obs_r2,pred_obs_r2_exp
8750,0.5035343067901562,0.7617061018246427,0.611149597628542
