nt,pseudo_r2,pred_obs_r2,pred_obs_r2_exp
7200,0.4897799794205695,0.7389845638772776,0.5906346495573974
