var,rel.inf
MAP,37.44968728936947
PDQ,14.262218007618385
rough_MAP,11.968545415840843
Elevation,9.827638753061475
CEC,6.056866432460858
rough_PDQ,4.022340434872124
pH,2.9167785431725077
Clay,2.480466699350815
rough_Elevation,2.404877853870957
rough_Soil.C,2.2001701041275488
rough_CEC,2.125010619183826
rough_NDVI,1.654523379812152
Surface.T,1.415805997995492
rough_Surface.T,1.215070469263544
