nt,pseudo_r2,pred_obs_r2,pred_obs_r2_exp
7100,0.4957867795288733,0.7372543664837923,0.5900658880617315
