var,rel.inf
MAP,37.21725003323165
PDQ,14.139314522052185
rough_MAP,12.067578111602458
Elevation,9.684722385314796
CEC,6.167229692587397
rough_PDQ,3.8733854968970594
pH,2.9000675262455173
Clay,2.5942193389205346
rough_Elevation,2.396822411384843
rough_CEC,2.310137276334791
rough_Soil.C,2.034404409624621
rough_NDVI,1.8248851314743262
Surface.T,1.5442576136651425
rough_Surface.T,1.2457260506646768
