nt,pseudo_r2,pred_obs_r2,pred_obs_r2_exp
7300,0.47879156401165357,0.7416413012553108,0.5898596336398848
