var,rel.inf
MAP,36.84862713717961
PDQ,14.046861127882433
rough_MAP,12.06881920429918
Elevation,9.69977389548212
CEC,6.199119575543774
rough_PDQ,3.9795695248568257
pH,2.895283554154494
Clay,2.5938379252994554
rough_CEC,2.4594709420311407
rough_Elevation,2.416021258046254
rough_Soil.C,2.130198230500882
rough_NDVI,1.779949268663186
Surface.T,1.5874336498454327
rough_Surface.T,1.2950347062152083
