nt,pseudo_r2,pred_obs_r2,pred_obs_r2_exp
8500,0.5111405419758891,0.7587009844855177,0.607643981275565
