nt,pseudo_r2,pred_obs_r2,pred_obs_r2_exp
8e3,0.49298541838120946,0.7515927559538771,0.601858566272467
