var,rel.inf
MAP,38.508798738124476
PDQ,14.399439082825188
rough_MAP,12.422220959629954
Elevation,9.843776801616439
CEC,6.012095293948927
rough_PDQ,3.820866561107397
pH,2.6119405225237955
rough_Elevation,2.3423678387566103
Clay,2.3246010164808735
rough_CEC,2.1076016712243315
rough_Soil.C,2.0344616039561125
rough_NDVI,1.3723879585086185
Surface.T,1.168841928322913
rough_Surface.T,1.0306000229743695
