var,rel.inf
MAP,38.35013606697777
PDQ,14.135162295665173
rough_MAP,12.163457454002387
Elevation,9.892980592937137
CEC,5.999990367932255
rough_PDQ,3.8052560388369314
pH,2.830389947721265
Clay,2.5264534247700827
rough_Elevation,2.4857716671335734
rough_CEC,2.14537145334479
rough_Soil.C,1.7913866120802164
rough_NDVI,1.420856060907055
Surface.T,1.3631198692066693
rough_Surface.T,1.0896681484846933
