nt,pseudo_r2,pred_obs_r2,pred_obs_r2_exp
7600,0.5001242656038034,0.745572580153659,0.5943523169665327
