var,rel.inf
MAP,37.17105428859128
PDQ,14.128000195293927
rough_MAP,12.159129289525481
Elevation,9.80990746051332
CEC,5.935439207663148
rough_PDQ,4.014298261533381
pH,3.0737269292150975
Clay,2.667165208019911
rough_CEC,2.3398903997985627
rough_Elevation,2.317842354695218
rough_Soil.C,1.9233255508550453
rough_NDVI,1.733117203666902
Surface.T,1.4539166987017738
rough_Surface.T,1.2731869519269583
