nt,pseudo_r2,pred_obs_r2,pred_obs_r2_exp
7950,0.5145401126776983,0.7509639805697007,0.6003823468712169
