var,rel.inf
rough_Surface.T,18.805302727540994
rough_Elevation,15.06227758463907
rough_CEC,12.168910766942357
rough_MAP,12.1296813100808
MAP,11.209176597454608
rough_Soil.C,9.273593437668776
Elevation,5.136604706341926
rough_Clay,4.762301577576132
Clay,4.571790893334839
pH,2.6795224659235615
PDQ,2.2727818413474363
CEC,1.9280560911495026
