var,rel.inf
rough_Surface.T,19.405882142794265
rough_Elevation,14.902296598772024
rough_CEC,11.90744586759361
rough_MAP,11.782915957823244
MAP,11.247988209832801
rough_Soil.C,10.161664752101446
Elevation,4.997446552618045
rough_Clay,4.558588492098016
Clay,4.388198992642652
pH,2.4598224418486896
PDQ,2.1746471626973887
CEC,2.0131028291778192
