var,rel.inf
rough_Surface.T,18.814870507556147
rough_Elevation,14.846035110912268
rough_MAP,12.229984846989897
rough_CEC,11.803353062844813
MAP,11.661745840103329
rough_Soil.C,9.629752265366559
Elevation,5.076390944141724
Clay,4.719458862706846
rough_Clay,4.632623575474409
pH,2.2521057027279907
PDQ,2.1994606096990346
CEC,2.1342186714769804
