var,rel.inf
rough_Surface.T,18.4959769371274
rough_Elevation,14.15877503414588
rough_CEC,11.865543200709535
MAP,11.130292436197045
rough_MAP,10.973676361659056
rough_Soil.C,9.330148048143766
Elevation,5.5551951714202055
rough_Clay,5.515125848015282
Clay,4.861457289350593
pH,3.031773630722756
PDQ,2.7402786009438915
CEC,2.341757441564586
