nt,pseudo_r2,pred_obs_r2,pred_obs_r2_exp
4500,0.24694283160848796,0.7996229489285858,0.7270683369271929
