nt,pseudo_r2,pred_obs_r2,pred_obs_r2_exp
3700,0.24652910516029447,0.7738041661735849,0.7043203166022876
