nt,pseudo_r2,pred_obs_r2,pred_obs_r2_exp
4050,0.3074124929417521,0.7860840229581562,0.7193012632556758
