nt,pseudo_r2,pred_obs_r2,pred_obs_r2_exp
2800,0.1843164508128734,0.7368117814179554,0.6702377669799099
