var,rel.inf
rough_Surface.T,18.224636710806816
rough_Elevation,14.419596975451881
rough_CEC,11.929411297881433
rough_MAP,11.538593882732924
MAP,11.119067883164094
rough_Soil.C,9.18406513230687
Elevation,5.228830282368603
Clay,5.160343442206532
rough_Clay,5.063328306023351
pH,3.0121621015050564
PDQ,2.7379350692893794
CEC,2.3820289162630557
