var,rel.inf
rough_Surface.T,19.207053872529265
rough_Elevation,15.072633934740432
rough_MAP,12.652780412107065
rough_CEC,12.056432243766512
MAP,11.521884431248198
rough_Soil.C,9.10079002258194
Elevation,4.81295420152931
rough_Clay,4.64410463021966
Clay,4.304240390192531
pH,2.5076022866288494
CEC,2.100287608204656
PDQ,2.0192359662515775
