var,rel.inf
rough_Surface.T,18.018296917423452
rough_Elevation,14.365562712837836
rough_CEC,11.694305224994142
rough_MAP,11.338297936113502
MAP,10.608082868394318
rough_Soil.C,9.209534964520346
rough_Clay,5.612126330667603
Elevation,5.514010122648363
Clay,5.323001154071477
pH,3.1315036901649806
PDQ,2.8337924131863064
CEC,2.3514856649776807
