var,rel.inf
rough_Surface.T,19.00404077274123
rough_Elevation,15.092300529070021
rough_MAP,12.53436169436994
rough_CEC,12.259204318806928
MAP,11.521515264324337
rough_Soil.C,9.954929093540382
Elevation,4.902907618112611
Clay,4.34566075694208
rough_Clay,4.099075305409112
pH,2.434141173897434
PDQ,2.0049244639242216
CEC,1.8469390088617037
