nt,pseudo_r2,pred_obs_r2,pred_obs_r2_exp
3750,0.28504424817142227,0.774447966768695,0.7042302333750483
