nt,pseudo_r2,pred_obs_r2,pred_obs_r2_exp
3600,0.2652318479001985,0.7704680723217062,0.7057778745099698
