var,rel.inf
rough_Surface.T,18.506513151323148
rough_Elevation,14.558166435393781
rough_CEC,11.846763953154852
rough_MAP,11.771038061600233
MAP,11.102125102514767
rough_Soil.C,9.238017255746579
Elevation,5.494294708175469
rough_Clay,5.1671358908980345
Clay,4.751313878835034
pH,2.809633285515799
PDQ,2.4285185780447347
CEC,2.326479698797575
