nt,pseudo_r2,pred_obs_r2,pred_obs_r2_exp
3650,0.2633467944380523,0.7719528054835757,0.7051898652768863
