nt,pseudo_r2,pred_obs_r2,pred_obs_r2_exp
3700,0.30454659153972974,0.7738015057193418,0.703399684964567
