nt,pseudo_r2,pred_obs_r2,pred_obs_r2_exp
4150,0.2697805195898051,0.7870104984753753,0.7190941470917633
