nt,pseudo_r2,pred_obs_r2,pred_obs_r2_exp
3600,0.27962539426046873,0.7706237334512701,0.7016738398390375
