var,rel.inf
rough_Surface.T,18.276782542750183
rough_Elevation,13.924369269297719
rough_CEC,11.698718340254699
rough_MAP,10.946997723318738
MAP,10.768783520560515
rough_Soil.C,9.358915698725585
Elevation,5.683672297962954
rough_Clay,5.568939348059631
Clay,4.981001525841045
pH,3.375513082444564
PDQ,2.8869702822686243
CEC,2.5293363685157333
