var,rel.inf
rough_Surface.T,18.86983453216571
rough_Elevation,14.365618326462966
rough_CEC,11.757823024701608
rough_MAP,11.624000392243882
MAP,11.24614842363155
rough_Soil.C,8.932376433135744
Elevation,5.268347504195919
Clay,5.1923178335573965
rough_Clay,4.975442210657535
pH,2.863883659394645
PDQ,2.5500081059033235
CEC,2.3541995539497216
