var,rel.inf
rough_Surface.T,19.219459039617508
rough_Elevation,14.908907371025936
rough_CEC,12.134688798993416
rough_MAP,11.81016556667325
MAP,11.070995709539279
rough_Soil.C,9.73911621787252
Elevation,4.990766558700749
rough_Clay,4.794333005933137
Clay,4.542385492008342
pH,2.470398008119537
PDQ,2.220263183350969
CEC,2.098521048165354
