nt,pseudo_r2,pred_obs_r2,pred_obs_r2_exp
3950,0.2430098307938493,0.7822405613562419,0.7143887619887056
