var,rel.inf
rough_Surface.T,18.13713031751872
rough_Elevation,14.47967340167721
rough_CEC,11.768542718512585
rough_MAP,11.238181377400398
MAP,10.791883375037548
rough_Soil.C,9.120755362297098
Elevation,5.569597835615327
rough_Clay,5.491572548974772
Clay,5.1237420264879034
pH,3.3288305972391194
PDQ,2.546896538084422
CEC,2.403193901154889
