nt,pseudo_r2,pred_obs_r2,pred_obs_r2_exp
4e3,0.2747990948079204,0.7835936334888162,0.7145559810405077
