var,rel.inf
rough_Surface.T,18.495604303949687
rough_Elevation,14.426306615136605
rough_CEC,11.945474404762274
rough_MAP,11.157799625485714
MAP,10.97825349546146
rough_Soil.C,9.836194290069825
Elevation,5.479004005547931
rough_Clay,5.398695064547918
Clay,4.714037353171466
pH,2.966886902345377
PDQ,2.4909620757257422
CEC,2.1107818637960056
