nt,pseudo_r2,pred_obs_r2,pred_obs_r2_exp
4550,0.28550150819049125,0.8024591986455782,0.7312817188777582
