nt,pseudo_r2,pred_obs_r2,pred_obs_r2_exp
3450,0.2667084831867219,0.7626625929298804,0.6969977001187009
