nt,pseudo_r2,pred_obs_r2,pred_obs_r2_exp
4250,0.27000466347458674,0.7924687532247208,0.7170406705363241
