nt,pseudo_r2,pred_obs_r2,pred_obs_r2_exp
4300,0.19782493986713634,0.7923620800596692,0.7218593266541583
