var,rel.inf
rough_Surface.T,19.058816908403294
rough_Elevation,15.121135162087828
rough_MAP,12.493893991458775
rough_CEC,11.806876026684066
MAP,11.314110488765271
rough_Soil.C,9.078571056339575
Elevation,4.96568251983154
rough_Clay,4.848402562515161
Clay,4.531955915864031
pH,2.319840416938261
PDQ,2.2751382793849
CEC,2.1855766717272958
