nt,pseudo_r2,pred_obs_r2,pred_obs_r2_exp
4600,0.25117882724251883,0.8028363536039708,0.7284875436793419
