var,rel.inf
rough_Surface.T,18.73736549223929
rough_Elevation,15.045139965880066
rough_MAP,12.06266209940744
rough_CEC,12.048172868379169
MAP,11.352865267009305
rough_Soil.C,9.704941154001737
Elevation,5.053410792314947
rough_Clay,4.539794298901665
Clay,4.51964618613484
pH,2.518805609431885
PDQ,2.3577545615780013
CEC,2.0594417047216487
