nt,pseudo_r2,pred_obs_r2,pred_obs_r2_exp
4850,0.259651748345579,0.8097856622394521,0.7344456501994684
