nt,pseudo_r2,pred_obs_r2,pred_obs_r2_exp
4200,0.2867948910071838,0.7894014421857417,0.7173890746131596
