nt,pseudo_r2,pred_obs_r2,pred_obs_r2_exp
4700,0.3153918023167519,0.8057923892467543,0.7298752905563708
