nt,pseudo_r2,pred_obs_r2,pred_obs_r2_exp
4700,0.31673945444436935,0.8060222471268694,0.731294653218496
