nt,pseudo_r2,pred_obs_r2,pred_obs_r2_exp
2950,0.27509485145792123,0.7403268404993938,0.6762669263627149
