nt,pseudo_r2,pred_obs_r2,pred_obs_r2_exp
5450,0.2174472997113137,0.8265778065248838,0.7493651711279312
