nt,pseudo_r2,pred_obs_r2,pred_obs_r2_exp
4050,0.2888235412913107,0.7833659671830407,0.7151219689319511
