nt,pseudo_r2,pred_obs_r2,pred_obs_r2_exp
4650,0.23658041227757365,0.803504372842887,0.7315351478516845
