var,rel.inf
rough_Surface.T,18.551704829505244
rough_Elevation,14.781757670797319
rough_CEC,11.744987821739588
rough_MAP,11.6488840900686
MAP,10.971833510016603
rough_Soil.C,8.9353466154836525
Elevation,5.287334805904113
rough_Clay,5.267865707435896
Clay,5.039273735800584
pH,2.9574027338913087
PDQ,2.530050203173544
CEC,2.2835582761835482
