nt,pseudo_r2,pred_obs_r2,pred_obs_r2_exp
4550,0.27323338040189993,0.8030381723679245,0.7289729314418721
