var,rel.inf
rough_Surface.T,18.69640365372775
rough_Elevation,14.552427686358627
rough_CEC,11.837171069071537
rough_MAP,11.751828722347886
MAP,10.837394891486136
rough_Soil.C,9.394154149728175
Elevation,5.268680296610389
rough_Clay,5.113514227855419
Clay,4.865382867648003
pH,2.989860683340767
PDQ,2.510342661344609
CEC,2.18283909048071
