var,rel.inf
rough_Surface.T,19.232156690269584
rough_Elevation,15.377860028265927
rough_CEC,12.261370194752152
rough_MAP,12.024671744762774
MAP,11.412830925350626
rough_Soil.C,9.560252060673037
Elevation,5.024242686768994
rough_Clay,4.341829793723882
Clay,4.278002675460929
pH,2.43638548866166
PDQ,2.1253722323048745
CEC,1.9250254790055557
