var,rel.inf
rough_Surface.T,19.097802682821424
rough_Elevation,14.735127356426831
rough_CEC,11.830462259578962
rough_MAP,11.735579074817494
MAP,11.413397971993229
rough_Soil.C,9.20892630608472
Elevation,5.254167923270133
rough_Clay,4.917864767655484
Clay,4.608802558833802
pH,2.6296541969900487
CEC,2.3396734035259006
PDQ,2.2285414980019684
