nt,pseudo_r2,pred_obs_r2,pred_obs_r2_exp
4850,0.2504235403274322,0.8111426771796181,0.7367801425388851
