nt,pseudo_r2,pred_obs_r2,pred_obs_r2_exp
5850,0.3209970347012806,0.8352093314544622,0.7545966946091135
