nt,pseudo_r2,pred_obs_r2,pred_obs_r2_exp
4400,0.2052864286840944,0.796760886961784,0.7224639404969184
