nt,pseudo_r2,pred_obs_r2,pred_obs_r2_exp
3550,0.2325775408171974,0.7665516693775805,0.69947253371202
