var,rel.inf
rough_Surface.T,18.329700083907124
rough_Elevation,14.269543499342891
rough_CEC,11.883578695041512
MAP,11.109275470853387
rough_MAP,10.998188781315203
rough_Soil.C,9.45077159303762
Elevation,5.6486933876267464
rough_Clay,5.275326445957225
Clay,4.703415431435975
pH,3.317566524665466
PDQ,2.6343079107441185
CEC,2.3796321760727333
