var,rel.inf
rough_Surface.T,18.040781664070046
rough_Elevation,14.193046406812929
rough_CEC,11.602661455117643
rough_MAP,11.17116906520503
MAP,11.080954002656531
rough_Soil.C,9.225529560960195
Elevation,5.789433321954626
rough_Clay,5.616986946573771
Clay,4.96553658660015
pH,3.357809963335586
PDQ,2.603850244130054
CEC,2.3522407825834395
