nt,pseudo_r2,pred_obs_r2,pred_obs_r2_exp
6e3,0.29682477289184117,0.8390673573455186,0.7602702121610603
