var,rel.inf
rough_Surface.T,19.86439857121817
rough_Elevation,15.188258312596728
rough_MAP,12.747244272827045
rough_CEC,12.184991182281223
MAP,11.519573560549256
rough_Soil.C,9.92939335243836
Elevation,5.001271606496614
Clay,4.1620076634436245
rough_Clay,4.071820761876439
PDQ,1.8599595207841635
CEC,1.8097797137445217
pH,1.661301481743856
