var,rel.inf
rough_Surface.T,18.729343881901638
rough_Elevation,14.64533562735881
rough_CEC,12.02349811907904
rough_MAP,11.666032162403464
MAP,10.895976812080692
rough_Soil.C,9.470582988084104
Elevation,5.224156048439124
rough_Clay,5.1697913548415855
Clay,4.723545612991646
pH,2.769827137012944
PDQ,2.557502711494275
CEC,2.1244075443126818
