nt,pseudo_r2,pred_obs_r2,pred_obs_r2_exp
5150,0.3036871922370057,0.8169368943346632,0.7426131900237596
