nt,pseudo_r2,pred_obs_r2,pred_obs_r2_exp
5100,0.30875992941600316,0.8176423042802557,0.7434852294894538
