nt,pseudo_r2,pred_obs_r2,pred_obs_r2_exp
3400,0.22907566214399633,0.7613310072515947,0.6897968165074928
