var,rel.inf
rough_Surface.T,18.39325015103449
rough_Elevation,14.673434343913886
rough_CEC,11.361517958238986
rough_MAP,11.075628010802603
MAP,10.857402073865234
rough_Soil.C,9.207744398803243
Elevation,5.771272192716446
rough_Clay,5.4567572647317935
Clay,5.17172460111454
pH,3.275756194794398
PDQ,2.4910550778662275
CEC,2.2644577321181534
