nt,pseudo_r2,pred_obs_r2,pred_obs_r2_exp
3800,0.26804898373973307,0.7791647353016193,0.7087567048316296
