nt,pseudo_r2,pred_obs_r2,pred_obs_r2_exp
6300,0.3119168391633187,0.8460346376672668,0.7665709090217766
