nt,pseudo_r2,pred_obs_r2,pred_obs_r2_exp
3950,0.22916778819681594,0.7811064263865667,0.71223214166313
