var,rel.inf
rough_Surface.T,18.321266059002017
rough_Elevation,14.863204213097614
rough_CEC,12.115022012906755
rough_MAP,11.706659224260864
MAP,11.426930956899191
rough_Soil.C,9.977839053214982
Elevation,5.496470397779126
rough_Clay,4.701506275050208
Clay,4.412047190477481
pH,2.4396088187933294
PDQ,2.314686764145671
CEC,2.2247590343727697
