nt,pseudo_r2,pred_obs_r2,pred_obs_r2_exp
4800,0.3227130270630675,0.8083640883875328,0.7345951623216563
