var,rel.inf
rough_Surface.T,18.998209590058973
rough_Elevation,15.59156751277838
rough_MAP,12.696542278804285
rough_CEC,12.146451600564404
MAP,11.785755895874408
rough_Soil.C,9.528620030585529
Elevation,5.013580783947745
rough_Clay,4.138230117943936
Clay,3.9280244268776205
pH,2.1863395120201483
CEC,2.0938749304248008
PDQ,1.8928033201197751
