var,rel.inf
rough_Surface.T,18.76734963483031
rough_Elevation,14.915726050068598
rough_CEC,12.400974745853066
rough_MAP,12.304696396517004
MAP,11.55135384923998
rough_Soil.C,10.005775726347295
Elevation,5.039200542187391
Clay,4.546980076256891
rough_Clay,4.372535251395166
pH,2.167064554700499
PDQ,2.0118695165643126
CEC,1.916473656039486
