nt,pseudo_r2,pred_obs_r2,pred_obs_r2_exp
3900,0.2631570043526059,0.7789759379172123,0.7132435578858025
