nt,pseudo_r2,pred_obs_r2,pred_obs_r2_exp
4750,0.3149926376378148,0.8098897671618259,0.7357642138454271
