var,rel.inf
rough_Surface.T,19.502523320460803
rough_Elevation,15.27833637302818
rough_MAP,12.49408951166655
rough_CEC,12.295774167498656
MAP,11.907017906246473
rough_Soil.C,10.059321381595765
Elevation,5.064246720104853
rough_Clay,4.113215965054685
Clay,3.806842970692014
PDQ,1.8689888188009067
pH,1.8550178606352796
CEC,1.7546250042158336
