nt,pseudo_r2,pred_obs_r2,pred_obs_r2_exp
5450,0.3100120145691322,0.8257374512763176,0.750280168068146
