nt,pseudo_r2,pred_obs_r2,pred_obs_r2_exp
3750,0.25692180823047794,0.7736092761883401,0.704413376691451
