nt,pseudo_r2,pred_obs_r2,pred_obs_r2_exp
4e3,0.2679086306517071,0.7831306786514839,0.7157577922409015
