nt,pseudo_r2,pred_obs_r2,pred_obs_r2_exp
4650,0.29833251266513006,0.8053218251137912,0.7326470424538487
