nt,pseudo_r2,pred_obs_r2,pred_obs_r2_exp
4900,0.34087692808471604,0.8118838015201532,0.7399205673087067
