nt,pseudo_r2,pred_obs_r2,pred_obs_r2_exp
5500,0.30821330090879084,0.8278638037814804,0.7506150729893217
