var,rel.inf
rough_Surface.T,18.6584385620989
rough_Elevation,14.268071452029504
rough_CEC,11.537611111680743
rough_MAP,11.425861762812994
MAP,10.83940042222163
rough_Soil.C,8.722778161730913
Elevation,5.574025675942452
rough_Clay,5.460288841056992
Clay,4.980170787267101
pH,3.2807149462710155
PDQ,2.7665864653952097
CEC,2.4860518114925454
