var,rel.inf
rough_Surface.T,18.793398873145833
rough_Elevation,14.890782009817348
rough_CEC,12.100801307160234
rough_MAP,11.483111673858023
MAP,11.385829417114085
rough_Soil.C,9.679812854832475
Elevation,5.179304138533761
rough_Clay,4.870853027751067
Clay,4.581477075915082
pH,2.6809030534013334
PDQ,2.207472586906968
CEC,2.1462539815637958
