var,rel.inf
rough_Surface.T,18.27990337336698
rough_Elevation,14.456834138487425
rough_CEC,11.79503527758145
rough_MAP,11.735812431418013
MAP,11.002579150923895
rough_Soil.C,9.068565055852872
Elevation,5.413049258447895
rough_Clay,5.240393275628374
Clay,4.911348138073977
pH,3.0005712224732646
PDQ,2.699509531998462
CEC,2.3963991457473974
