nt,pseudo_r2,pred_obs_r2,pred_obs_r2_exp
3900,0.27072916178957707,0.7812262156903202,0.7112468971417966
