var,rel.inf
rough_Surface.T,17.924578216408708
rough_Elevation,14.126421457833032
rough_CEC,11.859549694187677
rough_MAP,11.279387633198215
MAP,10.853853951205885
rough_Soil.C,9.162404477888607
rough_Clay,5.626254108729527
Elevation,5.5847832529509684
Clay,5.126057584174425
pH,3.4538945642882948
PDQ,2.6960388159608746
CEC,2.30677624317378
