nt,pseudo_r2,pred_obs_r2,pred_obs_r2_exp
3950,0.22911683035268504,0.7812202365878115,0.7101594941611511
