nt,pseudo_r2,pred_obs_r2,pred_obs_r2_exp
3850,0.25895280349277683,0.7763189394194936,0.7073070859700976
