var,rel.inf
rough_Surface.T,18.48696419425716
rough_Elevation,14.464122648208289
rough_CEC,11.891676488783734
rough_MAP,11.603202068393545
MAP,11.492895767771577
rough_Soil.C,9.568079272597307
Elevation,5.384635617791862
rough_Clay,4.945290648305411
Clay,4.640620034302752
pH,2.759706477407503
PDQ,2.507544721526454
CEC,2.2552620606543994
