var,rel.inf
rough_Surface.T,19.3656816712984
rough_Elevation,15.192076271463018
rough_MAP,12.091958061419563
rough_CEC,12.033381275962544
MAP,11.308786391950283
rough_Soil.C,10.019788518944297
Elevation,4.943339667325764
rough_Clay,4.421919196236642
Clay,4.239384252062622
pH,2.416301888353699
PDQ,1.9978065247495054
CEC,1.969576280233656
