nt,pseudo_r2,pred_obs_r2,pred_obs_r2_exp
3350,0.2710025194986908,0.7583151441956429,0.6941477027635486
