var,rel.inf
rough_Surface.T,18.422662810282777
rough_Elevation,14.245861969626619
rough_CEC,11.91563104887939
rough_MAP,11.337339438692002
MAP,10.61760207935186
rough_Soil.C,8.976464707965826
Elevation,5.389737772460531
rough_Clay,5.356860822286639
Clay,5.163301752102333
pH,3.346672665794325
PDQ,2.672614211722515
CEC,2.5552507208351813
