var,rel.inf
rough_Surface.T,18.404677228013803
rough_Elevation,15.053175085552894
rough_CEC,12.350582219222455
rough_MAP,11.891240954724537
MAP,11.3252389924399
rough_Soil.C,9.3402313203776135
Elevation,5.148268290692561
rough_Clay,4.702550132652137
Clay,4.505032393037743
pH,2.762791556580332
PDQ,2.2989578328624587
CEC,2.2172539938435656
