nt,pseudo_r2,pred_obs_r2,pred_obs_r2_exp
4300,0.24030654838368348,0.7928008848993051,0.724054205862692
