nt,pseudo_r2,pred_obs_r2,pred_obs_r2_exp
3150,0.29105049967517005,0.7532610750391097,0.6878702996211065
