var,rel.inf
rough_Surface.T,19.436691503466015
rough_Elevation,16.099189184999585
rough_MAP,12.434749947151637
rough_CEC,12.155080303822306
MAP,11.584147307021592
rough_Soil.C,10.227421668330935
Elevation,5.017270993066521
Clay,4.100362531740882
rough_Clay,3.7280538482268497
CEC,1.7963310494613922
PDQ,1.7255387869465428
pH,1.6951628757657415
