var,rel.inf
rough_Surface.T,18.720866396839668
rough_Elevation,14.778350259252324
rough_CEC,12.135309882248151
rough_MAP,12.023886584665402
MAP,11.169099769542484
rough_Soil.C,9.73504496500453
Elevation,5.287636170219075
rough_Clay,4.656588571638813
Clay,4.533390745633939
pH,2.6123143221519802
PDQ,2.2544439617695726
CEC,2.0930683710340534
