var,rel.inf
rough_Surface.T,18.339632564867042
rough_Elevation,14.673059751926214
rough_CEC,11.79477783109709
rough_MAP,11.401506285177417
MAP,10.6525654521831
rough_Soil.C,9.223216138643558
Elevation,5.479723274096127
rough_Clay,5.412089598897985
Clay,4.86323764955072
pH,3.115100829243436
PDQ,2.6865982834351017
CEC,2.3584923408822043
