nt,pseudo_r2,pred_obs_r2,pred_obs_r2_exp
5100,0.2591642379187128,0.8183527475688422,0.7431388911287421
