var,rel.inf
rough_Surface.T,18.391659043272444
rough_Elevation,14.456309972576753
rough_CEC,11.884949017677117
rough_MAP,11.451213795020118
MAP,11.020374363117064
rough_Soil.C,9.368679119212615
Elevation,5.403900630524661
rough_Clay,5.200017441042071
Clay,4.998491519749284
pH,3.0747821756275036
PDQ,2.5898126161056734
CEC,2.1598103060746974
