var,rel.inf
rough_Surface.T,18.21541073436277
rough_Elevation,14.464872900849127
rough_CEC,11.67814163182326
rough_MAP,11.033605248407447
MAP,11.01158167499084
rough_Soil.C,9.447160982855346
Elevation,5.539244635467171
rough_Clay,5.3353925601831405
Clay,4.984666105445701
pH,3.123317094202243
PDQ,2.7503004814605894
CEC,2.4163059499523625
