nt,pseudo_r2,pred_obs_r2,pred_obs_r2_exp
4900,0.3128942214915976,0.8123372614178004,0.741377111056751
