nt,pseudo_r2,pred_obs_r2,pred_obs_r2_exp
4600,0.22030620995067318,0.8018118714014585,0.7275818367480352
