nt,pseudo_r2,pred_obs_r2,pred_obs_r2_exp
4800,0.30225701454103415,0.8104848720208195,0.7371396481082348
