var,rel.inf
rough_Surface.T,18.813823103151478
rough_Elevation,14.377215180624162
rough_CEC,11.937616726300302
rough_MAP,11.392713099619067
MAP,11.200956094008484
rough_Soil.C,9.522230287540447
Elevation,5.446933195468078
Clay,4.959433796449558
rough_Clay,4.923021018014452
pH,2.7217584389026843
PDQ,2.4574238549879
CEC,2.246875204933389
