nt,pseudo_r2,pred_obs_r2,pred_obs_r2_exp
4850,0.3089853429564119,0.8090842912657669,0.734021482500956
