nt,pseudo_r2,pred_obs_r2,pred_obs_r2_exp
5300,0.30698908296574456,0.8212663603325636,0.7467457643813912
