nt,pseudo_r2,pred_obs_r2,pred_obs_r2_exp
3150,0.2005180731455546,0.751076795825162,0.6833456460871715
