var,rel.inf
rough_Surface.T,18.683708750297654
rough_Elevation,15.150862883316059
rough_CEC,12.078101947330884
rough_MAP,12.025291761238611
MAP,11.067182550930129
rough_Soil.C,9.475331869447668
Elevation,5.346718034358017
Clay,4.578808037263781
rough_Clay,4.548030554691189
pH,2.693391902796272
PDQ,2.29211589881312
CEC,2.0604558095166063
