nt,pseudo_r2,pred_obs_r2,pred_obs_r2_exp
4550,0.2707040088026571,0.8023988371855924,0.7294703939653226
