nt,pseudo_r2,pred_obs_r2,pred_obs_r2_exp
4950,0.30981133564599694,0.8130643270906427,0.7371666941527142
