var,rel.inf
rough_Surface.T,18.147695356019163
rough_Elevation,14.382790128367603
rough_CEC,11.798508432435304
rough_MAP,11.263672682108117
MAP,10.776924839295528
rough_Soil.C,9.20113944824283
Elevation,5.705924573076654
rough_Clay,5.235815339183126
Clay,5.1714347632467454
pH,3.3914934552035048
PDQ,2.7024825008109206
CEC,2.2221184820105044
