nt,pseudo_r2,pred_obs_r2,pred_obs_r2_exp
4e3,0.2615120180931987,0.7830302564990362,0.7153650843038841
