nt,pseudo_r2,pred_obs_r2,pred_obs_r2_exp
4450,0.2869388366725666,0.7984309103873406,0.7265037116142883
