var,rel.inf
rough_Surface.T,18.957083649043255
rough_Elevation,14.47960773570158
rough_CEC,12.089350342211386
rough_MAP,11.812129120217644
MAP,11.258971245321112
rough_Soil.C,8.915631773666462
Elevation,5.071834393134244
Clay,4.948816767623055
rough_Clay,4.881033289938866
pH,2.829212138638586
PDQ,2.501892595869613
CEC,2.254436948634195
