var,rel.inf
rough_Surface.T,18.322498600956045
rough_Elevation,15.169801819769445
rough_CEC,12.318766089073042
rough_MAP,12.271572044507744
MAP,11.192579175051524
rough_Soil.C,9.314007496744976
Elevation,5.078825233209988
rough_Clay,4.7814277436284165
Clay,4.519269404210815
pH,2.6753673335436887
PDQ,2.2986031048853124
CEC,2.0572819544190053
