nt,pseudo_r2,pred_obs_r2,pred_obs_r2_exp
3450,0.23291356987003786,0.7651716959029561,0.6966222910712789
