var,rel.inf
rough_Surface.T,18.569612940347
rough_Elevation,14.492556153187031
rough_CEC,11.891015680289046
rough_MAP,11.69167428414007
MAP,11.04626800771964
rough_Soil.C,9.631069958488066
Elevation,5.421952969442434
rough_Clay,4.941069731264923
Clay,4.909656538590036
pH,2.743083389977497
PDQ,2.5779094242959424
CEC,2.0841309222583186
