nt,pseudo_r2,pred_obs_r2,pred_obs_r2_exp
4800,0.27291590611559335,0.8085459718051461,0.7339352490366376
