nt,pseudo_r2,pred_obs_r2,pred_obs_r2_exp
5100,0.26378079702077606,0.8174850730897744,0.740276449227092
