nt,pseudo_r2,pred_obs_r2,pred_obs_r2_exp
3450,0.24093847868581197,0.7620815501256738,0.6952837804036298
