nt,pseudo_r2,pred_obs_r2,pred_obs_r2_exp
3950,0.2770379939199664,0.7813449661689479,0.7124301672194773
