nt,pseudo_r2,pred_obs_r2,pred_obs_r2_exp
4450,0.31084778073731334,0.797565010058962,0.7280286076848655
