nt,pseudo_r2,pred_obs_r2,pred_obs_r2_exp
4450,0.31344324994768924,0.7979377603676772,0.7272259802884183
