var,rel.inf
rough_Surface.T,18.948052922954975
rough_Elevation,14.637878749619553
rough_CEC,12.135445061488747
rough_MAP,11.75627571059334
MAP,11.031085210962237
rough_Soil.C,9.354420630899886
Elevation,4.985736613950576
rough_Clay,4.878952050438099
Clay,4.808155248036412
pH,2.8457932072647396
CEC,2.326835982891383
PDQ,2.2913686109000544
