var,rel.inf
rough_Surface.T,18.760490408574654
rough_Elevation,14.315367071049664
rough_CEC,11.905372977283099
rough_MAP,11.45012764994268
MAP,10.559712643545142
rough_Soil.C,8.937834989517613
Elevation,5.706024063522846
rough_Clay,5.3171054785516505
Clay,4.99759585591673
pH,3.1348211208326444
PDQ,2.5397366346473578
CEC,2.3758111066159238
