var,rel.inf
rough_Surface.T,19.216040384167105
rough_Elevation,15.068083751755706
rough_MAP,12.159921573132468
rough_CEC,12.062915026418567
MAP,11.136312745923819
rough_Soil.C,9.55743021984712
Elevation,5.077266257080386
rough_Clay,4.575719635261244
Clay,4.422952607988132
pH,2.5121521686191013
PDQ,2.1527449077027754
CEC,2.0584607221035767
