nt,pseudo_r2,pred_obs_r2,pred_obs_r2_exp
2650,0.22015433384544558,0.7306164429710742,0.6685756864428477
