var,rel.inf
rough_Surface.T,18.27233675907039
rough_Elevation,14.318157715537025
rough_CEC,11.901037741397394
rough_MAP,11.187287094582231
MAP,10.945173356728274
rough_Soil.C,8.871015005348438
rough_Clay,5.598097088674202
Elevation,5.503219131385072
Clay,5.010886246585579
pH,3.2806590271190355
PDQ,2.7574974530627445
CEC,2.3546333805096173
