var,rel.inf
rough_Surface.T,18.806577324091524
rough_Elevation,14.993993562922396
rough_CEC,11.935024640965558
rough_MAP,11.495616367591223
MAP,11.048907541517499
rough_Soil.C,9.800695065120284
Elevation,5.249721136540843
rough_Clay,4.768366856937708
Clay,4.491202548605679
pH,2.8929221051544953
PDQ,2.497610436425717
CEC,2.019362414127068
