var,rel.inf
rough_Surface.T,18.31308121685285
rough_Elevation,14.658953485674438
rough_CEC,12.093686950950007
rough_MAP,11.910832815316098
MAP,11.020363131902924
rough_Soil.C,9.251259139273019
Elevation,5.227245480312693
rough_Clay,4.888403695948063
Clay,4.87903039141121
pH,2.939884913895375
PDQ,2.511822332156261
CEC,2.3054364463070605
