nt,pseudo_r2,pred_obs_r2,pred_obs_r2_exp
4e3,0.23886741373773523,0.7833689549990747,0.714139122591403
