var,rel.inf
rough_Surface.T,19.117290845272947
rough_Elevation,14.853215917308425
rough_CEC,12.075152403433178
rough_MAP,11.667870657049598
MAP,11.273059162304234
rough_Soil.C,9.180600687549283
Elevation,5.13092333218769
rough_Clay,4.75561825975516
Clay,4.73408537946899
pH,2.759328966258099
PDQ,2.3907464891913444
CEC,2.062107900221047
