var,rel.inf
rough_Surface.T,18.221589169465183
rough_Elevation,14.411155817642703
rough_CEC,11.641694855347854
rough_MAP,11.08262388892193
MAP,10.60690084763175
rough_Soil.C,9.398021862690628
Elevation,5.534624116423554
rough_Clay,5.525344136526316
Clay,5.149559053679841
pH,3.2003496881007267
PDQ,2.787414114433143
CEC,2.4407224491363717
