var,rel.inf
rough_Surface.T,18.370135052665244
rough_Elevation,14.417229441666379
rough_CEC,12.118421047500041
rough_MAP,11.50851887339818
MAP,10.814300006231552
rough_Soil.C,9.572899848922512
Elevation,5.355949265042758
Clay,5.184892949647105
rough_Clay,4.949891720317282
pH,3.0146722798298566
PDQ,2.526222334840914
CEC,2.1668671799381785
