var,rel.inf
rough_Surface.T,18.23882825639314
rough_Elevation,14.386193204228896
rough_CEC,11.819962353724444
rough_MAP,11.309707457835016
MAP,10.941414515256469
rough_Soil.C,9.238674362308183
Elevation,5.655787224590621
rough_Clay,5.332141392854006
Clay,4.901104747341748
pH,3.306305157553529
PDQ,2.5873101736411566
CEC,2.282571154272785
