nt,pseudo_r2,pred_obs_r2,pred_obs_r2_exp
4750,0.309406270395966,0.8088387061696982,0.7317078063379474
