nt,pseudo_r2,pred_obs_r2,pred_obs_r2_exp
4500,0.2612353265162153,0.8007811304951775,0.7306335926082168
