nt,pseudo_r2,pred_obs_r2,pred_obs_r2_exp
3900,0.2942527411539003,0.780629929252743,0.710822984801093
