nt,pseudo_r2,pred_obs_r2,pred_obs_r2_exp
4550,0.24541949727358736,0.8015132294669741,0.7311228513367414
