nt,pseudo_r2,pred_obs_r2,pred_obs_r2_exp
4200,0.19624901602201072,0.7912522064799611,0.7195228967763048
