nt,pseudo_r2,pred_obs_r2,pred_obs_r2_exp
4850,0.3145198096804307,0.808549138739595,0.7358281236796981
