nt,pseudo_r2,pred_obs_r2,pred_obs_r2_exp
4300,0.27710653617594894,0.7939744250289213,0.721843088386775
