nt,pseudo_r2,pred_obs_r2,pred_obs_r2_exp
5500,0.29725988384511115,0.8275781241570814,0.7511016401846946
