var,rel.inf
rough_Surface.T,18.093376226154717
rough_Elevation,14.48112996446037
rough_CEC,11.68856450354826
MAP,11.11080348083365
rough_MAP,10.78433120637855
rough_Soil.C,9.433517469131834
rough_Clay,5.613776130287279
Elevation,5.496675069008828
Clay,5.017460438247572
pH,3.1804485444058153
PDQ,2.735630839053084
CEC,2.3642861284900434
