nt,pseudo_r2,pred_obs_r2,pred_obs_r2_exp
4900,0.33467908777983013,0.8108688966176617,0.7350240448003612
