nt,pseudo_r2,pred_obs_r2,pred_obs_r2_exp
4600,0.30124918560995473,0.8032122219168647,0.7305932787488398
