nt,pseudo_r2,pred_obs_r2,pred_obs_r2_exp
3900,0.23673105120052362,0.7790820881383188,0.7096257182862172
