var,rel.inf
rough_Surface.T,18.057220691992953
rough_Elevation,14.004670178740202
rough_CEC,12.001385802384391
MAP,10.824636416202807
rough_MAP,10.738700342162637
rough_Soil.C,9.057748575781503
rough_Clay,5.762973370766708
Elevation,5.709752338632765
Clay,4.947069678225749
pH,3.4693846992446598
PDQ,2.870667852248736
CEC,2.555790053616897
