var,rel.inf
rough_Surface.T,18.63781201215121
rough_Elevation,14.73584689941515
rough_MAP,12.405399031356582
rough_CEC,12.271312582523889
MAP,11.144605627632346
rough_Soil.C,9.141674037642078
Elevation,5.1632383377379245
rough_Clay,4.999901971389194
Clay,4.469472892097333
pH,2.7486066326813057
PDQ,2.183657289361479
CEC,2.09847268601151
