var,rel.inf
rough_Surface.T,18.14618250977483
rough_Elevation,14.340222249874488
rough_CEC,11.599860724197743
MAP,10.913387696567096
rough_MAP,10.81018114605085
rough_Soil.C,9.310602695593202
rough_Clay,5.6720111462395195
Elevation,5.488860321009963
Clay,5.020686742146172
pH,3.300053386597632
PDQ,2.979371159176066
CEC,2.4185802227724325
