var,rel.inf
rough_Surface.T,19.253229644952054
rough_Elevation,14.963691053546297
rough_MAP,12.145014444083397
rough_CEC,12.074123032245224
MAP,11.361483886656213
rough_Soil.C,9.83146602930652
Elevation,5.225616609346068
Clay,4.474594355185988
rough_Clay,4.429340121168701
pH,2.196875504610983
PDQ,2.123640856453169
CEC,1.9209244624453774
