var,rel.inf
rough_Surface.T,19.093757582232804
rough_Elevation,15.156011724002934
rough_CEC,12.345611901138971
rough_MAP,12.02888536236855
MAP,11.590130054093402
rough_Soil.C,9.75986383580591
Elevation,4.981023884298271
rough_Clay,4.401195150815723
Clay,4.3896631728062205
pH,2.3205648077736045
PDQ,1.9847375433545467
CEC,1.9485549813090592
