var,rel.inf
rough_Surface.T,18.45865437251277
rough_Elevation,14.785900446032894
rough_CEC,11.620646005680802
MAP,11.01234171724145
rough_MAP,10.962246285382319
rough_Soil.C,9.47057596947855
Elevation,5.465069977476663
rough_Clay,5.2326317742149735
Clay,4.838319938346968
pH,3.250370968719872
PDQ,2.527074705480853
CEC,2.376167839431884
