var,rel.inf
rough_Surface.T,19.585681066146993
rough_Elevation,15.21951378064779
rough_MAP,12.521889215760469
rough_CEC,12.268636938816975
MAP,11.505511272947622
rough_Soil.C,9.662875347428962
Elevation,5.193100994600801
rough_Clay,4.195714925401033
Clay,4.0848200792358504
pH,2.103118163854474
PDQ,1.8762384885262824
CEC,1.7828997266327442
