nt,pseudo_r2,pred_obs_r2,pred_obs_r2_exp
4600,0.3031735476679196,0.8043061184433975,0.7310665347846871
