var,rel.inf
rough_Surface.T,18.83148127221289
rough_Elevation,15.504144702045947
rough_CEC,12.392412824096564
rough_MAP,12.060048084804135
MAP,11.62736612630169
rough_Soil.C,10.17894380000366
Elevation,5.229456034639956
rough_Clay,4.218193036091516
Clay,4.020711455093072
PDQ,2.1167467751335973
pH,1.9682565332250845
CEC,1.8522393563518895
