nt,pseudo_r2,pred_obs_r2,pred_obs_r2_exp
7e3,0.32285329206661684,0.8603589657368415,0.7761337803346782
