nt,pseudo_r2,pred_obs_r2,pred_obs_r2_exp
3550,0.2652756842883921,0.7660719689032381,0.6967801170947296
