var,rel.inf
rough_Surface.T,18.70720937964515
rough_Elevation,14.729472305025865
rough_MAP,11.73864033494876
rough_CEC,11.693452109808558
MAP,11.510361029164184
rough_Soil.C,9.630617772083829
Elevation,5.455927060095485
rough_Clay,4.770050304112961
Clay,4.61476490257158
pH,2.782738132507348
PDQ,2.2813384073481506
CEC,2.085428262688129
