nt,pseudo_r2,pred_obs_r2,pred_obs_r2_exp
3950,0.301558761227558,0.7828879924530565,0.7134934845794673
