nt,pseudo_r2,pred_obs_r2,pred_obs_r2_exp
4700,0.29161123633593466,0.8065646307627535,0.7325558287030053
