var,rel.inf
rough_Surface.T,19.301523640287904
rough_Elevation,15.012905641793052
rough_CEC,11.984601219736726
rough_MAP,11.743558963786773
MAP,11.474402343747355
rough_Soil.C,9.6475200766182585
Elevation,4.979488645795654
rough_Clay,4.488972581403305
Clay,4.486493270010632
pH,2.3757682260024042
PDQ,2.3326787849251787
CEC,2.1720866058927615
