var,rel.inf
rough_Surface.T,18.49637956459521
rough_Elevation,14.623446111870791
rough_CEC,12.053573669548943
rough_MAP,11.642866841149532
MAP,11.583824807633638
rough_Soil.C,9.718033426407787
Elevation,5.25949550798803
rough_Clay,4.654028469402893
Clay,4.5220054658442335
pH,2.935400383265441
CEC,2.281949735517967
PDQ,2.228996016775534
