nt,pseudo_r2,pred_obs_r2,pred_obs_r2_exp
3750,0.23072028494989083,0.774953249568716,0.7049530271787047
