nt,pseudo_r2,pred_obs_r2,pred_obs_r2_exp
4e3,0.24302203935340227,0.7825992836857208,0.7134277703181193
