var,rel.inf
rough_Surface.T,18.817710239961283
rough_Elevation,15.551647122057059
rough_MAP,12.517301014219072
rough_CEC,12.219585620433847
MAP,10.750391224088643
rough_Soil.C,9.272252038606084
Elevation,5.253655861418644
Clay,4.548288904288539
rough_Clay,4.502168268250768
PDQ,2.2963233608043336
pH,2.276697989736862
CEC,1.993978356134873
