nt,pseudo_r2,pred_obs_r2,pred_obs_r2_exp
2600,0.1961944402731799,0.7283781194738451,0.6613473357489223
