var,rel.inf
rough_Surface.T,18.66555570736345
rough_Elevation,14.257007340076614
rough_CEC,11.512917252633835
rough_MAP,11.415853258882349
MAP,11.237732632413179
rough_Soil.C,8.885882016155868
Elevation,5.662999078717022
rough_Clay,5.337471609860726
Clay,4.975183761392546
pH,3.0430561917556695
PDQ,2.55599158751791
CEC,2.4503495632308283
