var,rel.inf
rough_Surface.T,19.013676524437198
rough_Elevation,15.37939939291157
rough_CEC,12.476493048527306
rough_MAP,11.979800247429516
MAP,10.866535786918792
rough_Soil.C,9.817142345236967
Elevation,5.038062923252827
rough_Clay,4.543612284565715
Clay,4.381746946965674
pH,2.3675426290824975
PDQ,2.1726441249431114
CEC,1.963343745728821
