nt,pseudo_r2,pred_obs_r2,pred_obs_r2_exp
5350,0.29426944861717286,0.8232815886026051,0.7460314219509572
