var,rel.inf
rough_Surface.T,19.07418422631937
rough_Elevation,14.521051230123902
rough_CEC,11.84209786345912
rough_MAP,11.592928383164647
MAP,11.192330477386523
rough_Soil.C,9.275643275450014
Elevation,5.281936761879319
rough_Clay,5.063686545799194
Clay,4.786709766026077
pH,2.9525079464560857
PDQ,2.307631542188271
CEC,2.109291981747481
