var,rel.inf
rough_Surface.T,18.08107862261271
rough_Elevation,14.240424559058535
rough_CEC,11.736028031099607
rough_MAP,11.250985396123792
MAP,10.677960187027981
rough_Soil.C,9.224891074695284
Elevation,5.710804735927689
rough_Clay,5.659969835827494
Clay,5.058654886912155
pH,3.4147638620780234
PDQ,2.5922741116468977
CEC,2.3521646969898327
