var,rel.inf
rough_Surface.T,18.07137447170456
rough_Elevation,14.58133021750535
rough_CEC,11.772462091655777
MAP,11.253471552057137
rough_MAP,11.031370804026832
rough_Soil.C,9.305485555472334
rough_Clay,5.390457247023859
Elevation,5.351389978899924
Clay,5.0241941346356835
pH,3.1509673174402653
PDQ,2.6054556927291816
CEC,2.4620409368491023
