nt,pseudo_r2,pred_obs_r2,pred_obs_r2_exp
4700,0.2811785996944416,0.8069728261666431,0.7326317223332898
