nt,pseudo_r2,pred_obs_r2,pred_obs_r2_exp
3950,0.26664947009074647,0.7827956086502477,0.7132271559019076
