nt,pseudo_r2,pred_obs_r2,pred_obs_r2_exp
2950,0.2252707294302756,0.7419523494357843,0.6780450060366648
