var,rel.inf
rough_Surface.T,18.42663158543669
rough_Elevation,14.674260742183417
rough_CEC,11.973113885944887
rough_MAP,11.331673261790076
MAP,10.73549491123398
rough_Soil.C,9.64227433942025
Elevation,5.4534603793568355
rough_Clay,5.064968463737253
Clay,4.666542556781309
pH,3.1970744240616917
PDQ,2.6760227710196007
CEC,2.1584826790340066
