nt,pseudo_r2,pred_obs_r2,pred_obs_r2_exp
2900,0.21690238278174923,0.7415301438889524,0.676081194405365
