nt,pseudo_r2,pred_obs_r2,pred_obs_r2_exp
4650,0.29270914373298174,0.8045304882717467,0.7290231745574052
