var,rel.inf
rough_Surface.T,18.93814458277206
rough_Elevation,14.962107439994403
rough_CEC,12.118463802523058
rough_MAP,11.787278680013715
MAP,10.729054702789876
rough_Soil.C,9.88797551718215
Elevation,5.2503862359749665
rough_Clay,4.656849836428422
Clay,4.6005444169158585
pH,2.670242320242418
PDQ,2.3378253893268806
CEC,2.0611270758361906
