var,rel.inf
rough_Surface.T,19.372965043577025
rough_Elevation,14.522257537029637
rough_CEC,11.443898033045945
rough_MAP,11.280687668860349
MAP,11.161757763721925
rough_Soil.C,9.689191681793229
Elevation,5.451067241515225
Clay,4.909788333953709
rough_Clay,4.764850416291947
pH,2.580606198484765
PDQ,2.436474708027585
CEC,2.386455373698658
