var,rel.inf
rough_Surface.T,18.411584637144554
rough_Elevation,14.225598371804892
rough_MAP,11.879893516064651
rough_CEC,11.793215491271603
MAP,10.77767512864623
rough_Soil.C,9.309216799168402
Elevation,5.44224338165645
rough_Clay,5.141658928517483
Clay,5.092932936082879
pH,3.1038386433987637
PDQ,2.4680633834721544
CEC,2.3540787827719445
