nt,pseudo_r2,pred_obs_r2,pred_obs_r2_exp
4950,0.2535827187859505,0.8129222525302895,0.7368161528208536
