var,rel.inf
rough_Surface.T,18.407939375959977
rough_Elevation,14.292875447367114
rough_CEC,11.770882677757452
rough_MAP,11.258820604871682
MAP,10.412956855519752
rough_Soil.C,9.19692337716541
Elevation,5.607036724807978
rough_Clay,5.333481798140208
Clay,5.105231420043866
pH,3.3832852339008346
PDQ,2.769401232332572
CEC,2.4611652521331466
