nt,pseudo_r2,pred_obs_r2,pred_obs_r2_exp
4500,0.3031809812245275,0.7978467633010211,0.7277995505837362
