nt,pseudo_r2,pred_obs_r2,pred_obs_r2_exp
3150,0.24879123757037847,0.7523111073818627,0.6863489416198384
