var,rel.inf
rough_Surface.T,18.794948933408588
rough_Elevation,14.76298826570095
rough_CEC,12.159857415033468
rough_MAP,11.803518792151623
MAP,11.38867199260565
rough_Soil.C,9.644645811324303
Elevation,5.165002838519442
rough_Clay,4.77186852468179
Clay,4.67590506534658
pH,2.3715828814416597
PDQ,2.330137889242885
CEC,2.1308715905430686
