nt,pseudo_r2,pred_obs_r2,pred_obs_r2_exp
3900,0.26419758969920326,0.7784357514857564,0.7083534830159096
