nt,pseudo_r2,pred_obs_r2,pred_obs_r2_exp
5150,0.34426416401165116,0.817927609459045,0.7437968031295656
