nt,pseudo_r2,pred_obs_r2,pred_obs_r2_exp
5050,0.26878772484691493,0.8151820146424609,0.7406702571530248
