var,rel.inf
rough_Surface.T,18.95165511010008
rough_Elevation,14.790628713089509
rough_CEC,12.174990087875068
rough_MAP,11.950450181162632
MAP,11.501874824191622
rough_Soil.C,9.538913271566345
Elevation,5.0010484176402095
Clay,4.721685849542286
rough_Clay,4.52752531591253
pH,2.5919969216010204
CEC,2.164439432174302
PDQ,2.084791875144396
