nt,pseudo_r2,pred_obs_r2,pred_obs_r2_exp
4250,0.2908238323209551,0.7921426918140398,0.7217858363141222
