nt,pseudo_r2,pred_obs_r2,pred_obs_r2_exp
5250,0.3106571935961224,0.8207883459668329,0.7451055335665084
