nt,pseudo_r2,pred_obs_r2,pred_obs_r2_exp
4250,0.3088540357167937,0.7928946012325644,0.7201595417357347
