var,rel.inf
rough_Surface.T,18.183369396497167
rough_Elevation,14.049703475825314
rough_CEC,11.399283216926948
rough_MAP,11.188568586102626
MAP,10.38830020590034
rough_Soil.C,8.79390138471818
rough_Clay,5.83749962699937
Elevation,5.7287793557276565
Clay,5.067805082264647
pH,3.6398892670803518
PDQ,3.027821711068755
CEC,2.6950786908886433
