nt,pseudo_r2,pred_obs_r2,pred_obs_r2_exp
4500,0.274422737266625,0.7995060610431174,0.7241535722922355
