nt,pseudo_r2,pred_obs_r2,pred_obs_r2_exp
4200,0.2714026202836711,0.7906407611145149,0.7165716765477123
