var,rel.inf
rough_Surface.T,18.165758766550518
rough_Elevation,14.357394505242024
rough_CEC,11.797540370036518
rough_MAP,10.776355657859066
MAP,10.583626474955492
rough_Soil.C,9.189272689470716
Elevation,5.735451223784323
rough_Clay,5.640721122050748
Clay,5.0861923019795965
pH,3.4257329497038356
PDQ,2.740784649573172
CEC,2.5011692887939914
