nt,pseudo_r2,pred_obs_r2,pred_obs_r2_exp
3850,0.23416320621827413,0.7782386633509732,0.7083399270061592
