var,rel.inf
rough_Surface.T,18.393590693724637
rough_Elevation,14.399762378974907
rough_CEC,11.60419895947581
rough_MAP,11.221543746491474
MAP,10.459833260852063
rough_Soil.C,9.233136944697343
Elevation,5.69510745929978
rough_Clay,5.323441391118037
Clay,5.176153596557949
pH,3.284156131692546
PDQ,2.7311413039099772
CEC,2.477934133205477
