nt,pseudo_r2,pred_obs_r2,pred_obs_r2_exp
4900,0.27615979976818117,0.8107699285128295,0.7371379435004991
