nt,pseudo_r2,pred_obs_r2,pred_obs_r2_exp
3950,0.2702973433955681,0.7801579859244157,0.7103296380266206
