var,rel.inf
rough_Surface.T,18.963150380011488
rough_Elevation,14.830121749581266
rough_MAP,12.154034473469187
rough_CEC,12.152903711752073
MAP,11.110071603429315
rough_Soil.C,9.429351314993655
Elevation,5.114674609154329
rough_Clay,4.75514522790604
Clay,4.689382152011746
pH,2.6831488895666884
PDQ,2.199319232325605
CEC,1.918696655798615
