nt,pseudo_r2,pred_obs_r2,pred_obs_r2_exp
3850,0.26380803540582687,0.7786073120743366,0.7071959921990316
