var,rel.inf
rough_Surface.T,18.665462374695455
rough_Elevation,14.321981690647021
rough_CEC,11.605080599621182
MAP,11.132279498471672
rough_MAP,10.806056399580761
rough_Soil.C,9.556303382126542
Elevation,5.508811646902035
rough_Clay,5.347279174846029
Clay,4.979134292550777
pH,3.036465870979294
PDQ,2.6055606499526114
CEC,2.4355844196266268
