var,rel.inf
rough_Surface.T,18.34528693843875
rough_Elevation,14.304390257837529
rough_CEC,11.805897866038729
rough_MAP,10.846579858968285
MAP,10.811656159358842
rough_Soil.C,9.353560739525983
Elevation,5.55234094253388
rough_Clay,5.513086851640207
Clay,5.003918225631305
pH,3.3581930073097976
PDQ,2.6970238344041273
CEC,2.408065318312562
