nt,pseudo_r2,pred_obs_r2,pred_obs_r2_exp
4800,0.24471653650739922,0.8094135849086782,0.7344805473294694
