nt,pseudo_r2,pred_obs_r2,pred_obs_r2_exp
5350,0.28739898005975306,0.8236989620450079,0.7456415121118605
