nt,pseudo_r2,pred_obs_r2,pred_obs_r2_exp
4400,0.27757887873278264,0.7945162050567359,0.7242460624712395
