var,rel.inf
rough_Surface.T,19.20832111469069
rough_Elevation,14.714591386294057
rough_CEC,11.890195009676765
rough_MAP,11.756335739951131
MAP,11.260079245553028
rough_Soil.C,9.807564899627938
Elevation,5.226840548222522
Clay,4.634229620362797
rough_Clay,4.557115654261596
pH,2.6203759632204906
PDQ,2.170699704947224
CEC,2.1536511131917604
