nt,pseudo_r2,pred_obs_r2,pred_obs_r2_exp
2650,0.2555566064809647,0.7292250390842259,0.6647865621050186
