nt,pseudo_r2,pred_obs_r2,pred_obs_r2_exp
4500,0.2730960041424533,0.8001311208419903,0.7265257746140127
