nt,pseudo_r2,pred_obs_r2,pred_obs_r2_exp
4150,0.25863969347251914,0.7880336294555287,0.7204704970735227
