nt,pseudo_r2,pred_obs_r2,pred_obs_r2_exp
3700,0.27015672400974944,0.7718336476398178,0.7029905743415736
