nt,pseudo_r2,pred_obs_r2,pred_obs_r2_exp
4650,0.31202376117576813,0.8052857630343488,0.735180431435376
