var,rel.inf
rough_Surface.T,17.94640202461672
rough_Elevation,13.994222069511927
rough_CEC,11.70301429812447
rough_MAP,11.118178015696586
MAP,10.732866352220242
rough_Soil.C,9.507058094743297
Elevation,5.791180761092798
rough_Clay,5.571360731223807
Clay,5.019463773541349
pH,3.2406590768301293
PDQ,2.8995330023712746
CEC,2.476061800027403
