nt,pseudo_r2,pred_obs_r2,pred_obs_r2_exp
3550,0.24112205820576815,0.7655627135004537,0.6963499729375922
