nt,pseudo_r2,pred_obs_r2,pred_obs_r2_exp
4500,0.2582971107613905,0.7991778343901469,0.7273339572095704
