nt,pseudo_r2,pred_obs_r2,pred_obs_r2_exp
4e3,0.2486365883749212,0.7842839450621031,0.7155255710502888
