var,rel.inf
rough_Surface.T,18.992695013227166
rough_Elevation,15.123061991842807
rough_CEC,12.297510363964753
rough_MAP,11.840456984542579
MAP,11.277557035672949
rough_Soil.C,10.187143999650303
Elevation,5.129622087837769
Clay,4.56596561631728
rough_Clay,4.381515418375326
PDQ,2.090853840982083
pH,2.0725831156936056
CEC,2.0410345318933816
