var,rel.inf
rough_Surface.T,18.80147987773378
rough_Elevation,15.486762592199963
rough_CEC,11.937584708312947
rough_MAP,11.745010188459368
MAP,11.327505819815832
rough_Soil.C,9.61449226536677
Elevation,5.048859988726273
Clay,4.674746521663956
rough_Clay,4.529475749434761
pH,2.6149039572071215
PDQ,2.1209644459166275
CEC,2.0982138851626004
