nt,pseudo_r2,pred_obs_r2,pred_obs_r2_exp
4250,0.2464131591902038,0.7926026512666833,0.7203192216720439
