var,rel.inf
rough_Surface.T,19.078584135273086
rough_Elevation,14.664383024332611
rough_MAP,12.700368182968955
rough_CEC,12.341958733855511
MAP,11.443626285658382
rough_Soil.C,9.494314676457746
Elevation,4.914174802555747
Clay,4.483547973645237
rough_Clay,4.449899127984889
PDQ,2.1918816337058824
pH,2.171025406446272
CEC,2.066236017115674
