var,rel.inf
rough_Surface.T,19.18136685483049
rough_Elevation,15.073932717539188
rough_CEC,11.940954753833903
rough_MAP,11.821020281456818
MAP,11.599167239408638
rough_Soil.C,9.402847041911855
Elevation,5.023157242205123
rough_Clay,4.673918940311217
Clay,4.499674887440991
pH,2.3219919927410158
CEC,2.2473819662118006
PDQ,2.2145860821089562
