var,rel.inf
rough_Surface.T,18.704860981800373
rough_Elevation,14.4985692560207
rough_CEC,11.95069152039807
MAP,11.056405616725357
rough_MAP,10.817544599095266
rough_Soil.C,9.45513727179232
Elevation,5.3262430126180424
rough_Clay,5.267178770304401
Clay,4.952215491691478
pH,2.8671056816769322
PDQ,2.840725141748564
CEC,2.2633226561284916
