nt,pseudo_r2,pred_obs_r2,pred_obs_r2_exp
4850,0.24940658209267508,0.8113302892840637,0.735762696006906
