var,rel.inf
rough_Surface.T,18.126501023760905
rough_Elevation,14.293446298936418
rough_CEC,11.721992996124168
MAP,11.244460750091358
rough_MAP,11.234511036060725
rough_Soil.C,9.411663596835023
Elevation,5.526204742150492
rough_Clay,5.30901060981375
Clay,5.038617811282191
pH,3.1178906642521222
PDQ,2.736747448774672
CEC,2.2389530219181717
