nt,pseudo_r2,pred_obs_r2,pred_obs_r2_exp
3950,0.27333039871614784,0.7816147714872298,0.7124034737352365
