nt,pseudo_r2,pred_obs_r2,pred_obs_r2_exp
4400,0.22781605377974967,0.7979882414177216,0.7251218153070731
