nt,pseudo_r2,pred_obs_r2,pred_obs_r2_exp
4750,0.301487692131035,0.808387091484125,0.7331406530969345
