nt,pseudo_r2,pred_obs_r2,pred_obs_r2_exp
4750,0.26246557856679875,0.806871895670416,0.7346521050498788
