var,rel.inf
rough_Surface.T,18.420645844935756
rough_Elevation,14.228547552568337
rough_CEC,11.874869723713672
rough_MAP,11.265460401351278
MAP,11.000074028827749
rough_Soil.C,9.285268963605471
Elevation,5.745829947290995
rough_Clay,5.362312348944426
Clay,4.875319887637708
pH,3.0841993812222306
PDQ,2.563310088136088
CEC,2.294161831766292
