nt,pseudo_r2,pred_obs_r2,pred_obs_r2_exp
2900,0.1888430502147277,0.7423543307169395,0.6764274043491176
