var,rel.inf
rough_Surface.T,18.625217298905806
rough_Elevation,14.56013137426992
rough_CEC,11.634296674265256
rough_MAP,11.60837585374378
MAP,11.097905242818005
rough_Soil.C,9.530638182949298
rough_Clay,5.290703033075632
Elevation,5.2689249461234855
Clay,4.935857869064812
pH,2.8186714922846674
PDQ,2.4497391743388843
CEC,2.179538858160459
