nt,pseudo_r2,pred_obs_r2,pred_obs_r2_exp
3800,0.24723840759747295,0.7779257411928268,0.7076151669702576
