var,rel.inf
rough_Surface.T,18.760064230434367
rough_Elevation,14.983490189107428
rough_CEC,12.28483142647569
rough_MAP,11.75049243503728
MAP,11.40090280145055
rough_Soil.C,9.840601774145666
Elevation,5.294862867956537
Clay,4.470048566502578
rough_Clay,4.450780195645481
pH,2.5244843190075623
PDQ,2.161609126442825
CEC,2.077832067794039
