nt,pseudo_r2,pred_obs_r2,pred_obs_r2_exp
3650,0.2602183914290449,0.7735333720252943,0.7040234492985386
