var,rel.inf
rough_Surface.T,19.18914023104838
rough_Elevation,14.851950649542665
rough_CEC,12.116846553480674
rough_MAP,11.936783940759538
MAP,11.424912494084587
rough_Soil.C,9.433205583187345
Elevation,5.008924077196197
rough_Clay,4.632444526480016
Clay,4.623112860814147
pH,2.4112932370454008
PDQ,2.305199713580429
CEC,2.066186132780626
