nt,pseudo_r2,pred_obs_r2,pred_obs_r2_exp
4750,0.31463590746748327,0.8083175891950595,0.7346773238190495
