nt,pseudo_r2,pred_obs_r2,pred_obs_r2_exp
6450,0.28707092021269887,0.8493102246764279,0.7676245472454389
