nt,pseudo_r2,pred_obs_r2,pred_obs_r2_exp
4450,0.2954689920397503,0.7989648672590463,0.7247797770601783
