nt,pseudo_r2,pred_obs_r2,pred_obs_r2_exp
4600,0.3051374576713928,0.8029006233663054,0.7308572588113839
