var,rel.inf
rough_Surface.T,18.740594514804265
rough_Elevation,15.042096699547562
rough_CEC,12.3416597698512
rough_MAP,11.716423561525374
MAP,11.460652275262232
rough_Soil.C,9.612451434707088
Elevation,5.135429645175722
rough_Clay,4.562457059238498
Clay,4.412792157037689
pH,2.5379872730584596
PDQ,2.2633592686966097
CEC,2.1740963410952956
