nt,pseudo_r2,pred_obs_r2,pred_obs_r2_exp
3850,0.2379606990283646,0.7792394206894345,0.7092558929672899
