nt,pseudo_r2,pred_obs_r2,pred_obs_r2_exp
4100,0.24820001631944344,0.7852231898474172,0.7162367617666205
