var,rel.inf
rough_Surface.T,18.208713909127226
rough_Elevation,14.81266029676348
rough_CEC,11.962549701512103
rough_MAP,11.278546260289954
MAP,11.20293638823441
rough_Soil.C,9.812717517638564
Elevation,5.40481526946545
rough_Clay,5.098924679776147
Clay,4.647822515200962
pH,2.769983925051508
PDQ,2.563161199042077
CEC,2.237168337898126
