var,rel.inf
rough_Surface.T,18.776651988475567
rough_Elevation,14.903526322053434
rough_CEC,11.948098777968791
rough_MAP,11.934581138216952
MAP,11.428704231649803
rough_Soil.C,9.534761713548395
Elevation,5.0571800779578195
Clay,4.748814311731977
rough_Clay,4.638787035195354
pH,2.813237895366515
PDQ,2.1187006697161994
CEC,2.096955838119193
