var,rel.inf
rough_Surface.T,18.887220513553284
rough_Elevation,14.650000325301669
rough_CEC,11.895024650238918
MAP,11.476694854123236
rough_MAP,11.360985746669856
rough_Soil.C,9.967587814882313
Elevation,5.297062204192788
Clay,4.989091120643902
rough_Clay,4.446262209814303
pH,2.7223881555925704
PDQ,2.3198321689885155
CEC,1.9878502359986419
