nt,pseudo_r2,pred_obs_r2,pred_obs_r2_exp
3400,0.2732962242137168,0.7605959345235547,0.6943902104444768
