nt,pseudo_r2,pred_obs_r2,pred_obs_r2_exp
3500,0.22721882373258084,0.7666119759064695,0.7012961755317612
