var,rel.inf
rough_Surface.T,18.504028353105422
rough_Elevation,14.798350223596138
rough_CEC,12.06439063446931
rough_MAP,12.00826822322309
MAP,11.240862108886148
rough_Soil.C,9.19408188259048
Elevation,5.1200280085486565
Clay,4.953210999819761
rough_Clay,4.784092072866785
pH,2.8179364074046425
PDQ,2.3188116609873237
CEC,2.195939424502247
