nt,pseudo_r2,pred_obs_r2,pred_obs_r2_exp
5100,0.2518414347673831,0.8168847536435816,0.7415694945529645
