nt,pseudo_r2,pred_obs_r2,pred_obs_r2_exp
4900,0.2807188937050229,0.8119845113633846,0.737301176330226
