nt,pseudo_r2,pred_obs_r2,pred_obs_r2_exp
4400,0.3017764340677316,0.7976296798381036,0.7298890753118773
