var,rel.inf
rough_Surface.T,18.671412081990695
rough_Elevation,15.08520097827662
rough_CEC,11.87875977498522
rough_MAP,11.798682157084555
MAP,11.000714555040766
rough_Soil.C,9.450012537466504
Elevation,5.260832192734616
Clay,4.824760599597447
rough_Clay,4.793186895770223
pH,2.7636049732767245
PDQ,2.2954409025359435
CEC,2.177392351240683
