var,rel.inf
rough_Surface.T,18.738372288741175
rough_Elevation,14.943578865847101
rough_MAP,12.382192913046584
rough_CEC,12.367828189812553
MAP,11.570869023974115
rough_Soil.C,9.360821945177232
Elevation,4.901311831440875
rough_Clay,4.71887492777646
Clay,4.5510425563662045
pH,2.2649912514605197
PDQ,2.178308000870785
CEC,2.021808205486399
