var,rel.inf
rough_Surface.T,18.511029166824684
rough_Elevation,14.986607968615434
rough_CEC,11.804409188315784
rough_MAP,11.1184561818722
MAP,11.093664490358632
rough_Soil.C,9.389312653105385
Elevation,5.3240789317161425
rough_Clay,5.186221652899849
Clay,4.718205683911074
pH,3.1161392250347064
PDQ,2.6062888331230702
CEC,2.1455860242230416
