var,rel.inf
rough_Surface.T,18.95967104942877
rough_Elevation,14.825948225753283
rough_MAP,12.0139787339234
rough_CEC,11.96580807986539
MAP,11.70141098287419
rough_Soil.C,9.902093028819074
Elevation,5.127818133340134
Clay,4.521504878750287
rough_Clay,4.381276142175417
pH,2.3234766350613416
PDQ,2.2330108013839864
CEC,2.044003308624723
