var,rel.inf
rough_Surface.T,19.46100809899766
rough_Elevation,14.79577093466308
rough_MAP,12.631773796958793
rough_CEC,11.812840404527261
MAP,11.066972981798331
rough_Soil.C,9.258150173168245
Elevation,5.032326631606569
Clay,4.83950915028148
rough_Clay,4.397620688008787
pH,2.439330447888489
CEC,2.2465915123343168
PDQ,2.0181051797669816
