var,rel.inf
rough_Surface.T,18.801233523599514
rough_Elevation,14.70487805790862
rough_CEC,12.063252435313125
rough_MAP,11.546178120128175
MAP,11.05329991684707
rough_Soil.C,9.310113022802875
Elevation,5.1281290424274575
rough_Clay,4.9982230922086455
Clay,4.63281786455533
pH,2.985424871682655
PDQ,2.4297204942132846
CEC,2.346729558313244
