nt,pseudo_r2,pred_obs_r2,pred_obs_r2_exp
5e3,0.2805708739772138,0.8143995227968976,0.7407927961664783
