nt,pseudo_r2,pred_obs_r2,pred_obs_r2_exp
2750,0.22141448570504352,0.7342532247905865,0.6681246380592775
