nt,pseudo_r2,pred_obs_r2,pred_obs_r2_exp
4500,0.2668388435699204,0.7994547690380438,0.7254148442063172
