nt,pseudo_r2,pred_obs_r2,pred_obs_r2_exp
4900,0.20721381431155772,0.8111276282940314,0.737217303498859
