nt,pseudo_r2,pred_obs_r2,pred_obs_r2_exp
4800,0.3116866281426517,0.8097935921516926,0.7389732785934507
