var,rel.inf
rough_Surface.T,18.329368636727423
rough_Elevation,14.488532069791733
rough_CEC,11.995593281753262
rough_MAP,11.32912829657455
MAP,10.889515357270463
rough_Soil.C,9.316368915856343
Elevation,5.4860588316380205
rough_Clay,5.348045987005414
Clay,4.767272806833621
pH,3.2234704858027388
PDQ,2.4536260732969253
CEC,2.3730192574495095
