nt,pseudo_r2,pred_obs_r2,pred_obs_r2_exp
3050,0.22324295396618166,0.7470616762247795,0.6829055386848902
