var,rel.inf
rough_Surface.T,18.628677235185183
rough_Elevation,14.043897811673089
rough_CEC,11.821958276167978
rough_MAP,11.404721438141047
MAP,10.913973665201304
rough_Soil.C,9.230878752830534
Elevation,5.638294214179209
Clay,5.158038227804158
rough_Clay,5.14372874272973
pH,3.1874668344136134
PDQ,2.686763154529861
CEC,2.141601647144297
