nt,pseudo_r2,pred_obs_r2,pred_obs_r2_exp
3450,0.23028470242280563,0.7637804702553967,0.6935584655394887
