var,rel.inf
rough_Surface.T,19.15891492558752
rough_Elevation,15.066006427079165
rough_CEC,12.519383157233614
rough_MAP,12.503455137358529
MAP,11.763293065102827
rough_Soil.C,9.604834632904554
Elevation,4.985367746387795
rough_Clay,4.357771175783405
Clay,4.073540114359058
pH,2.2573309444317373
PDQ,1.9538061466695598
CEC,1.7562965271022364
