var,rel.inf
rough_Surface.T,18.69243748985302
rough_Elevation,14.711957485482214
rough_CEC,12.32483030451036
rough_MAP,11.761862743718215
MAP,11.150108037784626
rough_Soil.C,9.893069520137976
Elevation,5.062717775473171
rough_Clay,4.677035975475657
Clay,4.569961663822364
pH,2.776845346824582
PDQ,2.2625465218655485
CEC,2.1166271350522607
