nt,pseudo_r2,pred_obs_r2,pred_obs_r2_exp
4350,0.3030638102676899,0.7963766570026461,0.7237788913645283
