nt,pseudo_r2,pred_obs_r2,pred_obs_r2_exp
4100,0.3036401962345733,0.7875822809211596,0.7170419890942896
