nt,pseudo_r2,pred_obs_r2,pred_obs_r2_exp
4400,0.25201108086755486,0.7964835458181926,0.7233989217455725
