var,rel.inf
rough_Surface.T,18.93382473402817
rough_Elevation,14.789936296982578
rough_CEC,12.387904094536223
rough_MAP,11.7550805238459
MAP,11.316205667864496
rough_Soil.C,9.302476893601499
Elevation,5.077623001066496
rough_Clay,4.7555923018311566
Clay,4.627685573493695
pH,2.6745464638266716
PDQ,2.2713823181394757
CEC,2.1077421307836355
