var,rel.inf
rough_Surface.T,18.79836851989689
rough_Elevation,14.390446175780552
rough_CEC,11.804952422758294
rough_MAP,11.59847512916305
MAP,10.6481739916756
rough_Soil.C,9.437847967139419
Elevation,5.465389730367252
rough_Clay,5.079778766640195
Clay,4.959324133814331
pH,3.1234651393248907
PDQ,2.4084755270006855
CEC,2.285302496438842
