nt,pseudo_r2,pred_obs_r2,pred_obs_r2_exp
2900,0.25810461030523124,0.7410259734511959,0.6752119829760166
