nt,pseudo_r2,pred_obs_r2,pred_obs_r2_exp
4850,0.240763971584099,0.8093203824426545,0.7351936578620335
