var,rel.inf
rough_Surface.T,18.25796472759541
rough_Elevation,14.629691986015526
rough_CEC,11.6448300826151
rough_MAP,11.276195018011949
MAP,10.669621056734172
rough_Soil.C,9.361274611307463
rough_Clay,5.512468543222875
Elevation,5.371650110091612
Clay,5.065403263780804
pH,3.0875518364803276
PDQ,2.733962071411399
CEC,2.389386692733356
