nt,pseudo_r2,pred_obs_r2,pred_obs_r2_exp
3150,0.25297662900938445,0.7510645603429682,0.6851987117244805
