nt,pseudo_r2,pred_obs_r2,pred_obs_r2_exp
3500,0.24471357447212283,0.7672897862997236,0.6982907329956519
