var,rel.inf
rough_Surface.T,18.02735296358056
rough_Elevation,14.22753548857309
rough_CEC,11.671959311842125
rough_MAP,11.08641231145531
MAP,10.625306530869723
rough_Soil.C,8.92400034453756
Elevation,5.652320270194598
rough_Clay,5.599337090537805
Clay,5.132095463119368
pH,3.7132854448391366
PDQ,2.9035565303197144
CEC,2.4368382501310126
