nt,pseudo_r2,pred_obs_r2,pred_obs_r2_exp
4950,0.3050443138847396,0.8119804109693725,0.7400856828286986
