var,rel.inf
rough_Surface.T,18.41095274400993
rough_Elevation,14.153343543826413
rough_CEC,11.92570366444269
MAP,11.233473058011581
rough_MAP,11.075176670453432
rough_Soil.C,9.340375349036472
Elevation,5.431487265800189
rough_Clay,5.197947872589861
Clay,5.037147776468371
pH,3.1744280790537167
PDQ,2.731243583629337
CEC,2.2887203926780075
