var,rel.inf
rough_Surface.T,18.804881238451234
rough_Elevation,14.573506950194325
rough_CEC,11.869739081385482
rough_MAP,11.280455737969367
MAP,10.982203819465122
rough_Soil.C,9.333803601618142
Elevation,5.319922510977256
rough_Clay,5.275486073775408
Clay,4.752433041033445
pH,3.0433860659329195
PDQ,2.5869078634421103
CEC,2.1772740157551973
