var,rel.inf
rough_Surface.T,18.256799275995956
rough_Elevation,14.315610214262891
rough_CEC,11.99147586579205
rough_MAP,11.404049194912034
MAP,10.898122770005678
rough_Soil.C,9.49158973449655
rough_Clay,5.247941080991727
Elevation,5.22025239643805
Clay,4.8374903453348965
pH,3.378562358020147
PDQ,2.60154755631827
CEC,2.356559207431747
