var,rel.inf
rough_Surface.T,18.819830037995494
rough_Elevation,14.24194404602458
rough_CEC,11.753881905194342
rough_MAP,11.516535592851048
MAP,10.533190362784769
rough_Soil.C,9.569220515791894
Elevation,5.635058307427481
rough_Clay,5.162762122412435
Clay,4.936734459965073
pH,3.1807700314658773
PDQ,2.4540406246104505
CEC,2.196031993476556
