nt,pseudo_r2,pred_obs_r2,pred_obs_r2_exp
3550,0.24297675340202673,0.767549488424666,0.7011815829726934
