var,rel.inf
rough_Surface.T,18.51159730199221
rough_Elevation,14.99544615883359
rough_MAP,12.209355909970167
rough_CEC,11.887478744276601
MAP,11.58952599540238
rough_Soil.C,9.625672462753586
Elevation,5.138392218986777
rough_Clay,4.708292414336116
Clay,4.426449379336596
pH,2.556240427297173
PDQ,2.1777408819990303
CEC,2.173808104815774
