var,rel.inf
rough_Surface.T,18.97805013511176
rough_Elevation,15.290661130554682
rough_CEC,12.137967520505846
rough_MAP,12.135264588624512
MAP,11.409831016983766
rough_Soil.C,9.53898765132992
Elevation,4.852924832295259
rough_Clay,4.563937294625931
Clay,4.468270449924992
pH,2.466769854615536
CEC,2.0893059366388043
PDQ,2.0680295887889875
