nt,pseudo_r2,pred_obs_r2,pred_obs_r2_exp
5800,0.2865941078005344,0.833971477552785,0.7546605737688827
