nt,pseudo_r2,pred_obs_r2,pred_obs_r2_exp
3650,0.2632811123231735,0.7701326093259805,0.7020117537527469
