var,rel.inf
rough_Surface.T,18.513616415557664
rough_Elevation,14.795520643798378
rough_CEC,12.112527224922344
rough_MAP,11.977695545403922
MAP,11.131440362704428
rough_Soil.C,9.571056107661331
Elevation,5.263173990498103
rough_Clay,4.651572398445297
Clay,4.40862063556016
pH,2.933320144611778
PDQ,2.406991631545372
CEC,2.2344648992912215
