nt,pseudo_r2,pred_obs_r2,pred_obs_r2_exp
5050,0.2833944579197498,0.8159899335106383,0.7385410243753359
