var,rel.inf
rough_Surface.T,18.954519312611673
rough_Elevation,14.559528214285471
rough_MAP,11.77709620027766
rough_CEC,11.637375838661235
MAP,11.076567328276923
rough_Soil.C,9.153040299955233
Elevation,5.28879025611378
rough_Clay,5.1289278542337975
Clay,5.0273082765545585
pH,2.9495695022011175
PDQ,2.3275327842478855
CEC,2.119744132580669
