var,rel.inf
rough_Surface.T,18.183427211428754
rough_Elevation,13.85181878312965
rough_CEC,11.805711144259305
rough_MAP,10.608610032451784
MAP,10.374720896641474
rough_Soil.C,8.696947109221734
rough_Clay,6.130877743269721
Elevation,5.849386835460178
Clay,5.203503940401582
pH,3.59830739652387
PDQ,3.074768258170041
CEC,2.6219206490419036
