var,rel.inf
rough_Surface.T,18.652342830936334
rough_Elevation,14.355538068997292
rough_CEC,12.02792977960294
rough_MAP,11.167669676428744
MAP,10.756885210150301
rough_Soil.C,9.532927460013678
Elevation,5.414378590504391
rough_Clay,5.287030498725497
Clay,4.937155599050411
pH,3.04242902925839
PDQ,2.598211060487104
CEC,2.2275021958449144
