var,rel.inf
rough_Surface.T,18.499060715336462
rough_Elevation,14.071263833188935
rough_CEC,11.627039426496403
rough_MAP,11.166261492386582
MAP,10.835449216742921
rough_Soil.C,9.047553155179386
rough_Clay,5.664660597101608
Elevation,5.565624729862715
Clay,5.1419246940321015
pH,3.31576533511284
PDQ,2.620592671361259
CEC,2.444804133198788
