var,rel.inf
rough_Surface.T,18.89100034627588
rough_Elevation,15.422300086716207
rough_CEC,12.579762008470226
rough_MAP,12.395868406349319
MAP,11.479372450096562
rough_Soil.C,9.990930067415732
Elevation,4.919296553040189
Clay,4.330334268434723
rough_Clay,4.0863387647838145
pH,2.0465693934694533
CEC,2.002345941819071
PDQ,1.8558817131288168
