var,rel.inf
rough_Surface.T,17.859772691438458
rough_Elevation,14.494365737007135
rough_CEC,11.56752914378262
rough_MAP,11.128994716785897
MAP,10.536597362171705
rough_Soil.C,9.276173765737491
rough_Clay,5.700576256169221
Elevation,5.511388455433513
Clay,5.23631358345794
pH,3.472868176366408
PDQ,2.803684344387258
CEC,2.4117357672623574
