nt,pseudo_r2,pred_obs_r2,pred_obs_r2_exp
4400,0.28484844863535164,0.7958263694725702,0.7248844210788349
