var,rel.inf
rough_Surface.T,18.57933998559848
rough_Elevation,14.849544104115427
rough_CEC,11.902237359895404
rough_MAP,11.387444831782403
MAP,11.261210942616888
rough_Soil.C,9.260180786138104
Elevation,5.225312269105107
rough_Clay,4.861057595419759
Clay,4.760739291522746
pH,3.2106013752676428
PDQ,2.518736952218588
CEC,2.1835945063194533
