nt,pseudo_r2,pred_obs_r2,pred_obs_r2_exp
3350,0.2161329109513319,0.7603027228115131,0.6894867091339174
