var,rel.inf
rough_Surface.T,18.586980638671257
rough_Elevation,15.095360712040648
rough_CEC,12.19023976192134
rough_MAP,11.966684445663562
MAP,11.538717175011298
rough_Soil.C,9.686353193787044
Elevation,5.202348607631547
rough_Clay,4.629971381446996
Clay,4.523971314453363
pH,2.4999026529245043
PDQ,2.1239807807619706
CEC,1.955489335686479
