nt,pseudo_r2,pred_obs_r2,pred_obs_r2_exp
5e3,0.3214624127856087,0.8150806797904516,0.74260133340824
