nt,pseudo_r2,pred_obs_r2,pred_obs_r2_exp
4900,0.2791635435910159,0.8112200668355019,0.7329755709251141
