nt,pseudo_r2,pred_obs_r2,pred_obs_r2_exp
3e3,0.19053939164998268,0.7410713311538404,0.6776194127414483
