nt,pseudo_r2,pred_obs_r2,pred_obs_r2_exp
3100,0.22920920352917873,0.7482424188953555,0.6821781967175827
