nt,pseudo_r2,pred_obs_r2,pred_obs_r2_exp
3950,0.2957711407034699,0.7807859702928261,0.7109856312145894
