var,rel.inf
rough_Surface.T,18.735040444967687
rough_Elevation,14.555363534760067
rough_CEC,11.84974551170035
rough_MAP,11.452132724704793
MAP,11.26030989302419
rough_Soil.C,9.434476677643595
Elevation,5.291267197109394
rough_Clay,5.132312751416079
Clay,4.808288980032633
pH,2.9369510187428105
PDQ,2.3245124080654613
CEC,2.2195988578329353
