var,rel.inf
rough_Surface.T,18.805907213896592
rough_Elevation,15.390209993748632
rough_MAP,12.819010633145133
rough_CEC,12.210358844087596
MAP,11.679501693767282
rough_Soil.C,10.422854355654788
Elevation,5.079927762375706
Clay,4.223653560960415
rough_Clay,3.8814591259413302
CEC,1.9049933999988242
PDQ,1.8049694583106988
pH,1.7771539581130065
