nt,pseudo_r2,pred_obs_r2,pred_obs_r2_exp
3450,0.2206704556715131,0.7617871002731967,0.6981576409255367
