nt,pseudo_r2,pred_obs_r2,pred_obs_r2_exp
3750,0.25141089243007286,0.7743685486476163,0.7101006756126975
