nt,pseudo_r2,pred_obs_r2,pred_obs_r2_exp
4200,0.2696091962353009,0.7905916680321996,0.722700622381724
