nt,pseudo_r2,pred_obs_r2,pred_obs_r2_exp
4800,0.3570972730881702,0.809195139554396,0.73548381807909
