var,rel.inf
rough_Surface.T,19.583923335686162
rough_Elevation,16.008696983607056
rough_MAP,13.06975224764954
rough_CEC,12.604901378504724
MAP,11.917404876078754
rough_Soil.C,10.122946433555043
Elevation,4.611599510567693
Clay,3.6784780979435743
rough_Clay,3.527806890096046
PDQ,1.7830048749011667
CEC,1.6044718311984443
pH,1.4870135402117997
