var,rel.inf
rough_Surface.T,18.536755445286893
rough_Elevation,14.624196612933076
rough_CEC,11.850164926573406
rough_MAP,11.353833621197815
MAP,10.977148923430374
rough_Soil.C,9.576551644341599
Elevation,5.254730418191064
rough_Clay,5.141901244458364
Clay,4.828830336138452
pH,3.0082235033049725
PDQ,2.5649472894881997
CEC,2.2827160346557864
