nt,pseudo_r2,pred_obs_r2,pred_obs_r2_exp
4750,0.2612756987565916,0.8084713850770364,0.7348211834833881
