nt,pseudo_r2,pred_obs_r2,pred_obs_r2_exp
3200,0.2773389090049412,0.7515185071712859,0.687855812534701
