nt,pseudo_r2,pred_obs_r2,pred_obs_r2_exp
3650,0.2873476849153547,0.7714095869162507,0.7042118504366259
