var,rel.inf
rough_Surface.T,18.65627509565182
rough_Elevation,14.656650000929291
rough_CEC,12.225919703661901
rough_MAP,11.740636833083137
MAP,11.202588533121128
rough_Soil.C,9.613580279603346
Elevation,5.150638399539061
rough_Clay,4.912572824020162
Clay,4.59736058667983
pH,2.7664720266078557
CEC,2.266548888913405
PDQ,2.210756828189066
