var,rel.inf
rough_Surface.T,18.718854950173025
rough_Elevation,14.685433464307362
rough_CEC,11.822612189505618
rough_MAP,11.400275135703636
MAP,10.967214266440836
rough_Soil.C,9.238063066848094
Elevation,5.255085375678752
Clay,5.124555171964603
rough_Clay,5.122440341277945
pH,3.107634230991725
PDQ,2.4594350293101743
CEC,2.0983967777982273
