nt,pseudo_r2,pred_obs_r2,pred_obs_r2_exp
3750,0.27582320044891206,0.7725629355314518,0.7023121066655661
