nt,pseudo_r2,pred_obs_r2,pred_obs_r2_exp
4500,0.3092869861722536,0.8004881520416636,0.7298622948951615
