var,rel.inf
rough_Surface.T,18.601323915283988
rough_Elevation,14.303560742500142
rough_MAP,11.669038441082506
rough_CEC,11.558828276003899
MAP,11.219470042097779
rough_Soil.C,9.375548386017332
Elevation,5.518954527343033
rough_Clay,5.092096275931074
Clay,4.810462733363475
pH,3.0116652668044464
PDQ,2.499570444093448
CEC,2.3394809494788738
