nt,pseudo_r2,pred_obs_r2,pred_obs_r2_exp
3850,0.241649368638314,0.7786898405427206,0.7062795496960442
