var,rel.inf
rough_Surface.T,18.83689258944276
rough_Elevation,14.836881967431395
rough_MAP,11.800276055876457
rough_CEC,11.748172271847158
MAP,11.180438002484205
rough_Soil.C,9.837560276842984
Elevation,5.27856867358976
rough_Clay,4.815193521357896
Clay,4.554732021410352
PDQ,2.47868329314035
pH,2.4069673651754697
CEC,2.2256339614012153
