var,rel.inf
rough_Surface.T,19.172205003670797
rough_Elevation,14.795117795287714
rough_CEC,11.819038810084084
rough_MAP,11.496090900968488
MAP,11.175130630397273
rough_Soil.C,9.824258159748387
Elevation,5.3258951713277805
rough_Clay,4.66641429963998
Clay,4.588514455241312
pH,2.7192358718687015
PDQ,2.2774486285653572
CEC,2.140650273200128
