nt,pseudo_r2,pred_obs_r2,pred_obs_r2_exp
3100,0.2277211625578085,0.7490682906872215,0.6832544163991395
