nt,pseudo_r2,pred_obs_r2,pred_obs_r2_exp
4e3,0.2746606479715725,0.7833702370913306,0.7120615046346973
