var,rel.inf
rough_Surface.T,18.927917364246795
rough_Elevation,15.367063404221577
rough_CEC,12.558623361586603
rough_MAP,12.45807184234302
MAP,11.540773309176087
rough_Soil.C,10.048139893466518
Elevation,4.973619489556278
rough_Clay,4.0949447220513155
Clay,3.948608922740867
PDQ,2.268555555344113
pH,1.95684133782132
CEC,1.8568407974455037
