var,rel.inf
rough_Surface.T,18.564313306990496
rough_Elevation,14.919575690999258
rough_CEC,11.851963926598104
rough_MAP,11.650445923091006
MAP,11.237247732005411
rough_Soil.C,9.3935028484202725
Elevation,5.4418247824395385
rough_Clay,4.989958754632629
Clay,4.786434858928875
pH,2.724358519083572
PDQ,2.3269014924856495
CEC,2.1134721643251937
