var,rel.inf
rough_Surface.T,18.97152378306663
rough_Elevation,14.637321617676937
rough_CEC,12.112130398941657
rough_MAP,11.423014053015399
MAP,10.714394630933139
rough_Soil.C,9.416577116723376
Elevation,5.3672477942083585
rough_Clay,4.9199221042595145
Clay,4.697895978717969
pH,2.7725813994339665
PDQ,2.5725685103187814
CEC,2.394822612704273
