nt,pseudo_r2,pred_obs_r2,pred_obs_r2_exp
5200,0.33478869640925335,0.8200418444279015,0.744902114648481
