var,rel.inf
rough_Surface.T,18.097902497419724
rough_Elevation,14.643356794908222
rough_CEC,11.808078637447311
rough_MAP,11.248230258110004
MAP,10.902013018763412
rough_Soil.C,9.610940928001241
Elevation,5.248199910982841
rough_Clay,5.205564413560375
Clay,4.969139838539271
pH,3.2987460722002195
PDQ,2.7078161039974398
CEC,2.2600115260699356
