nt,pseudo_r2,pred_obs_r2,pred_obs_r2_exp
4900,0.2834620932662921,0.8113104717400271,0.7373557212432362
