nt,pseudo_r2,pred_obs_r2,pred_obs_r2_exp
4800,0.31365577803808153,0.8092992984794172,0.7338106949114216
