nt,pseudo_r2,pred_obs_r2,pred_obs_r2_exp
3600,0.2592447212925808,0.7694294725763321,0.7005536457834632
