var,rel.inf
rough_Surface.T,18.93282438136008
rough_Elevation,15.057435508623488
rough_MAP,12.294817182942246
rough_CEC,12.141843531429998
MAP,11.25120640096648
rough_Soil.C,10.01411417605714
Elevation,5.377862299506005
Clay,4.431833050106723
rough_Clay,4.278239695436153
pH,2.2723518489080408
PDQ,2.125143592140028
CEC,1.8223283325236184
