nt,pseudo_r2,pred_obs_r2,pred_obs_r2_exp
4550,0.253446480884037,0.8013929880421004,0.7278588134090204
