var,rel.inf
rough_Surface.T,18.957928004704804
rough_Elevation,14.744085789448983
rough_CEC,11.867233469413623
rough_MAP,11.58270921370428
MAP,11.122367779758525
rough_Soil.C,9.285086478294552
Elevation,5.453691771874733
rough_Clay,4.874175438440831
Clay,4.728087497635435
pH,2.8970203867047717
CEC,2.284138092502559
PDQ,2.2034760775169073
