nt,pseudo_r2,pred_obs_r2,pred_obs_r2_exp
5950,0.3136855210812586,0.838250613077895,0.7527667789909466
