nt,pseudo_r2,pred_obs_r2,pred_obs_r2_exp
4950,0.26805082994086815,0.8145089154669533,0.7407197161342027
