nt,pseudo_r2,pred_obs_r2,pred_obs_r2_exp
4500,0.2402464904617554,0.7986871240156321,0.7247719201098164
