var,rel.inf
rough_Surface.T,19.166111431994942
rough_Elevation,14.760177807483982
rough_CEC,11.979449852771916
rough_MAP,11.66457625509763
MAP,11.368644144525657
rough_Soil.C,9.630151595984053
Elevation,5.020068558129959
rough_Clay,4.69877409932749
Clay,4.638724860436807
pH,2.619886013191313
CEC,2.35554978845182
PDQ,2.0978855926044258
