nt,pseudo_r2,pred_obs_r2,pred_obs_r2_exp
3750,0.2390045339497141,0.7739807814232554,0.7065143158899325
