nt,pseudo_r2,pred_obs_r2,pred_obs_r2_exp
4600,0.2627542500915995,0.8032023863400503,0.7279820223992529
