nt,pseudo_r2,pred_obs_r2,pred_obs_r2_exp
5050,0.28991469359900857,0.8165321464926398,0.7423671625725251
