var,rel.inf
rough_Surface.T,18.863699364058856
rough_Elevation,14.79891566034357
rough_MAP,11.857783097429033
rough_CEC,11.83920430583135
MAP,10.982433610148492
rough_Soil.C,9.604148537674028
Elevation,5.184880525081468
Clay,4.930683528266516
rough_Clay,4.759199450556017
pH,2.756097588557824
CEC,2.228929968174753
PDQ,2.194024363878091
