nt,pseudo_r2,pred_obs_r2,pred_obs_r2_exp
4400,0.2822129958195544,0.7960739018609648,0.7229029786813937
