nt,pseudo_r2,pred_obs_r2,pred_obs_r2_exp
4950,0.2334343521282295,0.8121156225705796,0.7387791841020158
