nt,pseudo_r2,pred_obs_r2,pred_obs_r2_exp
3600,0.21459733329549002,0.7698536614422937,0.6979842511574794
