var,rel.inf
rough_Surface.T,18.178385884376564
rough_Elevation,14.204132258475482
rough_CEC,11.747698302338836
rough_MAP,10.808212674895508
MAP,10.693772755712967
rough_Soil.C,9.335443942719547
Elevation,5.647291419842327
rough_Clay,5.619143605883683
Clay,5.315033314666283
pH,3.216126342463162
PDQ,2.7691574996282187
CEC,2.4656019989974287
