var,rel.inf
rough_Surface.T,19.117986669962157
rough_Elevation,15.103719764833686
rough_CEC,12.080108295881821
rough_MAP,11.980686135912745
MAP,11.446300240766355
rough_Soil.C,9.914880423626496
Elevation,4.983043831937661
rough_Clay,4.442867612239405
Clay,4.254358074260633
pH,2.3499129430356134
PDQ,2.2171433762667174
CEC,2.108992631276711
