nt,pseudo_r2,pred_obs_r2,pred_obs_r2_exp
5e3,0.2703682941934562,0.814005491519196,0.7397571980726017
