nt,pseudo_r2,pred_obs_r2,pred_obs_r2_exp
3150,0.2503059690815692,0.7500789408935383,0.6875844001792146
