var,rel.inf
rough_Surface.T,18.8913659385167
rough_Elevation,15.098550418158114
rough_CEC,12.365604202103116
rough_MAP,12.27347271052284
MAP,11.199923254281002
rough_Soil.C,9.406648958789143
Elevation,5.0059793418239495
rough_Clay,4.748025274492623
Clay,4.371110526578894
pH,2.438148125166966
PDQ,2.1525787704380104
CEC,2.0485924791286467
