var,rel.inf
rough_Surface.T,19.89835172378703
rough_Elevation,15.144264787879294
rough_MAP,12.45468927372597
rough_CEC,12.454358155942417
MAP,11.581534757635117
rough_Soil.C,10.037987532786962
Elevation,4.775862221706605
rough_Clay,3.948368263453715
Clay,3.9475748758258864
pH,2.0743790719053297
PDQ,1.941748987633948
CEC,1.7408803477177144
