var,rel.inf
rough_Surface.T,19.017247751279818
rough_Elevation,14.661988061351252
rough_CEC,11.81508275303279
MAP,11.471634030597048
rough_MAP,11.184709510425504
rough_Soil.C,9.225994343755506
Elevation,5.216645049399887
rough_Clay,5.1326446449030945
Clay,4.765007919758302
pH,2.9022651386426297
PDQ,2.4044511616184274
CEC,2.2023296352357407
