var,rel.inf
rough_Surface.T,18.445732372539545
rough_Elevation,14.299525102913067
rough_CEC,11.653222088850185
rough_MAP,10.90920247761038
MAP,10.63257538299128
rough_Soil.C,9.295009230795976
Elevation,5.57703019023285
rough_Clay,5.553963275080756
Clay,5.020347501966326
pH,3.525600045338337
PDQ,2.6983385420726265
CEC,2.3894537896086643
