nt,pseudo_r2,pred_obs_r2,pred_obs_r2_exp
3400,0.14040016595286564,0.7608475441260175,0.6918436046017937
