nt,pseudo_r2,pred_obs_r2,pred_obs_r2_exp
4650,0.28256450816704415,0.8052993160967359,0.7325305120035982
