nt,pseudo_r2,pred_obs_r2,pred_obs_r2_exp
4500,0.27201951647703915,0.7978996412054187,0.727495610263158
