nt,pseudo_r2,pred_obs_r2,pred_obs_r2_exp
4700,0.31967746908025785,0.8058344092587573,0.7315669326677428
