var,rel.inf
rough_Surface.T,17.58701192401694
rough_Elevation,14.253301488018042
rough_CEC,12.022536717819674
rough_MAP,10.86981112880875
MAP,10.797822191331509
rough_Soil.C,9.071764799005601
rough_Clay,5.84200371035083
Elevation,5.723347080572682
Clay,5.025893313365632
pH,3.5615386504219293
PDQ,2.891599381433121
CEC,2.3533696148552874
