var,rel.inf
rough_Surface.T,18.000740135369487
rough_Elevation,14.493527599431227
rough_CEC,11.599774798431389
rough_MAP,10.8213401767705
MAP,10.761012844510647
rough_Soil.C,9.700167088524589
Elevation,5.687400368020539
rough_Clay,5.647079558416635
Clay,5.1185025441261365
pH,3.170423148389079
PDQ,2.633625354445522
CEC,2.366406383564249
