var,rel.inf
rough_Surface.T,18.411950204732396
rough_Elevation,14.123667598623673
rough_CEC,11.565316641055643
rough_MAP,10.635353680976998
MAP,10.520848256299743
rough_Soil.C,9.451583863522679
Elevation,5.797754087002721
rough_Clay,5.776751055042499
Clay,5.042841683569948
pH,3.390330918892112
PDQ,2.8658358001511943
CEC,2.4177662101303947
