nt,pseudo_r2,pred_obs_r2,pred_obs_r2_exp
5300,0.32475765926264866,0.8224770982668559,0.7457438232080893
