var,rel.inf
rough_Surface.T,18.604138976288688
rough_Elevation,14.24521421460725
rough_CEC,11.923267961708957
rough_MAP,11.284737610036679
MAP,11.148788616850691
rough_Soil.C,9.637348055512449
Elevation,5.203281610398068
rough_Clay,5.041521070894139
Clay,4.8580269212192055
pH,3.16712649677181
PDQ,2.5318320174456628
CEC,2.3547164482664034
