var,rel.inf
rough_Surface.T,18.93853592757194
rough_Elevation,14.510495621549799
rough_CEC,11.98648256111733
rough_MAP,11.70281362212912
MAP,11.518454508578817
rough_Soil.C,9.443197158715236
Elevation,5.372564002954832
rough_Clay,4.773829262223755
Clay,4.584932950102117
pH,2.536053438771321
CEC,2.345311699688729
PDQ,2.287329246597003
