var,rel.inf
rough_Surface.T,18.333817791284865
rough_Elevation,14.679642472659568
rough_CEC,12.255207129033998
rough_MAP,12.074449602293054
MAP,11.110207362317539
rough_Soil.C,9.273602769312337
Elevation,5.331680821208289
Clay,4.915858647985487
rough_Clay,4.740292267013541
pH,2.724108920342828
PDQ,2.3977526916998104
CEC,2.163379524848686
