nt,pseudo_r2,pred_obs_r2,pred_obs_r2_exp
4750,0.26067673520460033,0.8076716215553602,0.7334888789859246
