nt,pseudo_r2,pred_obs_r2,pred_obs_r2_exp
4200,0.2510677181416229,0.7893143627626823,0.7192302215753618
