var,rel.inf
rough_Surface.T,18.746159594060813
rough_Elevation,15.193719190922899
rough_CEC,11.872123748382796
rough_MAP,11.285686230257973
MAP,11.040553352224531
rough_Soil.C,9.478049922827827
Elevation,5.2314811565152635
rough_Clay,4.969229986531509
Clay,4.628521347191702
pH,2.9203352679928485
PDQ,2.4803870356334046
CEC,2.1537531674584387
