var,rel.inf
rough_Surface.T,18.486738948778722
rough_Elevation,14.056492209404215
rough_CEC,11.768410696151703
rough_MAP,10.98493482758696
MAP,10.766668746590268
rough_Soil.C,9.245059829759995
Elevation,5.566117209768036
rough_Clay,5.4899401607395175
Clay,5.025398143033113
pH,3.4415651958187343
PDQ,2.782705290563367
CEC,2.3859687418053626
