nt,pseudo_r2,pred_obs_r2,pred_obs_r2_exp
4300,0.21979898909116868,0.7953704637101342,0.7235648544314697
