var,rel.inf
rough_Surface.T,19.495199976159327
rough_Elevation,14.90299108894411
rough_CEC,11.753347306597663
rough_MAP,11.745716476076046
MAP,11.692126889377255
rough_Soil.C,9.444656236914334
Elevation,4.964826293892287
rough_Clay,4.6898760679185205
Clay,4.533588387473867
pH,2.5133335300446737
PDQ,2.1403824575495265
CEC,2.1239552890523927
