nt,pseudo_r2,pred_obs_r2,pred_obs_r2_exp
3750,0.2939329463796472,0.7755047367145302,0.707478149266079
