nt,pseudo_r2,pred_obs_r2,pred_obs_r2_exp
4800,0.28429269996345885,0.808471608629045,0.7357610481292796
