var,rel.inf
rough_Surface.T,18.397331664843836
rough_Elevation,14.286725474454302
rough_CEC,11.871787286681588
rough_MAP,11.258785207124046
MAP,11.216216837340305
rough_Soil.C,9.679003560697025
Elevation,5.448423425014041
rough_Clay,5.343443163816299
Clay,4.901016064944517
pH,2.8277555818599813
PDQ,2.556660769728019
CEC,2.21285096349605
