nt,pseudo_r2,pred_obs_r2,pred_obs_r2_exp
4200,0.24797963096405795,0.7877435849293895,0.7173144939698799
