nt,pseudo_r2,pred_obs_r2,pred_obs_r2_exp
3450,0.2351630867633835,0.7630773596491169,0.6947439246966248
