nt,pseudo_r2,pred_obs_r2,pred_obs_r2_exp
4350,0.2814938160234304,0.7943070172670231,0.7233982061039763
