var,rel.inf
rough_Surface.T,19.135981945358534
rough_Elevation,14.671612642535052
rough_CEC,11.918150038822922
rough_MAP,11.720515633122222
MAP,11.447108446086316
rough_Soil.C,9.613362628281537
Elevation,5.2292452288069
rough_Clay,4.718930238984342
Clay,4.55451199051689
pH,2.634402178703498
PDQ,2.2529151903097153
CEC,2.1032638384720768
