var,rel.inf
rough_Surface.T,18.68665658119827
rough_Elevation,14.724116684065049
rough_CEC,11.828663533641828
rough_MAP,11.779330335352968
MAP,11.10556501245896
rough_Soil.C,9.287240798309744
Elevation,5.200542840800942
Clay,4.887295399006511
rough_Clay,4.810056020311488
pH,2.9685745872835487
PDQ,2.4384585305893065
CEC,2.2834996769813767
