nt,pseudo_r2,pred_obs_r2,pred_obs_r2_exp
3850,0.2858343274522903,0.7765124229035294,0.7073097249430703
