var,rel.inf
rough_Surface.T,18.57400377641135
rough_Elevation,14.548901112877054
rough_CEC,11.938242868405645
rough_MAP,11.921415309954993
MAP,11.409865906394263
rough_Soil.C,9.72998200635668
Elevation,5.441879903346816
Clay,4.787173580090588
rough_Clay,4.781203495495161
pH,2.4860586731711383
PDQ,2.3518080239039234
CEC,2.0294653435923933
