nt,pseudo_r2,pred_obs_r2,pred_obs_r2_exp
5500,0.3405929942392899,0.8275360140428376,0.7476552819367894
