nt,pseudo_r2,pred_obs_r2,pred_obs_r2_exp
3550,0.24150373719815366,0.7683027427297453,0.6994983115422932
