var,rel.inf
rough_Surface.T,18.882558316246044
rough_Elevation,14.993516392983848
rough_CEC,11.84785723714461
rough_MAP,11.789802356844154
MAP,11.403815584140027
rough_Soil.C,9.601074446922501
Elevation,5.265404516240239
rough_Clay,4.719745673603027
Clay,4.474797635681939
pH,2.638736926097241
PDQ,2.3487037017706154
CEC,2.0339872123257456
