nt,pseudo_r2,pred_obs_r2,pred_obs_r2_exp
4750,0.2871515404441939,0.8069191866056922,0.7353986371394869
