nt,pseudo_r2,pred_obs_r2,pred_obs_r2_exp
3700,0.3013058194077276,0.7733998185378864,0.7072555274021192
