nt,pseudo_r2,pred_obs_r2,pred_obs_r2_exp
4300,0.2580205967841329,0.7947107896178087,0.7241150940202656
