var,rel.inf
rough_Surface.T,18.86847373370191
rough_Elevation,14.284483636748778
rough_CEC,11.687905281897777
rough_MAP,11.348426472057284
MAP,11.296767838776717
rough_Soil.C,9.167781365654895
Elevation,5.6654070402864996
rough_Clay,5.182739262442719
Clay,4.828680865980998
pH,2.8296088384015117
PDQ,2.5598165122705425
CEC,2.2799091517803696
