nt,pseudo_r2,pred_obs_r2,pred_obs_r2_exp
4200,0.26939718629718645,0.7910204001874107,0.7210055598660837
