nt,pseudo_r2,pred_obs_r2,pred_obs_r2_exp
3900,0.3178181283247289,0.7800946517572472,0.7101369238901901
