nt,pseudo_r2,pred_obs_r2,pred_obs_r2_exp
3950,0.2340156303112929,0.7826982287991621,0.7114092019621022
