var,rel.inf
rough_Surface.T,19.25881251110415
rough_Elevation,15.05832740418532
rough_MAP,12.285274268683064
rough_CEC,12.046217477673139
MAP,11.452589668009798
rough_Soil.C,9.743058432962767
Elevation,5.3042116515839
rough_Clay,4.430679836168625
Clay,4.24912431112294
pH,2.2253842794074554
PDQ,2.018365734212068
CEC,1.9279544248867817
