var,rel.inf
rough_Surface.T,18.92744715735536
rough_Elevation,14.387653041065363
rough_MAP,11.887634221852004
rough_CEC,11.747248305151281
MAP,10.869880309693249
rough_Soil.C,9.33494941910637
Elevation,5.356282796243512
rough_Clay,4.991350463217566
Clay,4.804660088481249
pH,3.104433938261209
PDQ,2.3901270061910993
CEC,2.198333253381735
