nt,pseudo_r2,pred_obs_r2,pred_obs_r2_exp
4150,0.29238948785595165,0.7885597262036772,0.7158707214451877
