nt,pseudo_r2,pred_obs_r2,pred_obs_r2_exp
3750,0.17810895223835121,0.7763418260962934,0.7063661931124288
