var,rel.inf
rough_Surface.T,19.17494807808216
rough_Elevation,15.286894694406818
rough_MAP,12.808967480832758
rough_CEC,12.360437806001572
MAP,11.249072951392291
rough_Soil.C,9.132466149559491
Elevation,4.959566351664826
rough_Clay,4.450450237356095
Clay,4.234902543885552
CEC,2.187387398927682
pH,2.1480008072424908
PDQ,2.0069055006482617
