var,rel.inf
rough_Surface.T,18.38230190792119
rough_Elevation,14.240951464559037
rough_CEC,11.646565882238601
rough_MAP,11.128189650601959
MAP,10.59171672337163
rough_Soil.C,8.96604179570504
Elevation,5.630511484333722
rough_Clay,5.590597895088214
Clay,5.064893574827224
pH,3.6291828014909755
PDQ,2.773958532655595
CEC,2.3550882872068164
