var,rel.inf
rough_Surface.T,18.85684707264972
rough_Elevation,14.914431124422277
rough_CEC,11.851789162461042
rough_MAP,11.616460096947037
MAP,11.42611740701654
rough_Soil.C,9.554532538068623
Elevation,5.225297292064641
rough_Clay,4.880854301741863
Clay,4.762787817812886
pH,2.607814876323651
PDQ,2.293171982060198
CEC,2.0098963284315197
