var,rel.inf
rough_Surface.T,19.598882896019102
rough_Elevation,14.749926741360946
rough_CEC,12.062372325156531
rough_MAP,11.793978181023759
MAP,11.7642119598313
rough_Soil.C,9.49304750762473
Elevation,5.06881575257617
Clay,4.463132750260361
rough_Clay,4.392921050651776
pH,2.4727072920004156
PDQ,2.086073577020367
CEC,2.0539299664745436
