var,rel.inf
rough_Surface.T,18.610628456865097
rough_Elevation,14.32017930374458
rough_CEC,11.725786904177369
rough_MAP,11.158900930129825
MAP,10.886629268341453
rough_Soil.C,9.197464936314487
Elevation,5.550308081161803
rough_Clay,5.389628908067067
Clay,4.948905619994354
pH,3.295734512178683
PDQ,2.5766964583325955
CEC,2.339136620692688
