var,rel.inf
rough_Surface.T,18.335701463924387
rough_Elevation,14.390833272891445
rough_CEC,11.87393379192939
rough_MAP,10.83286916830222
MAP,10.765076245982078
rough_Soil.C,9.100766355834248
rough_Clay,5.508827806714012
Elevation,5.407489016982815
Clay,5.25808359884543
pH,3.3242734285116278
PDQ,2.7954117258193847
CEC,2.4067341242629614
