nt,pseudo_r2,pred_obs_r2,pred_obs_r2_exp
4800,0.2888018624879214,0.8093257232803921,0.7337064065339357
