nt,pseudo_r2,pred_obs_r2,pred_obs_r2_exp
3300,0.20375219063532557,0.7565180269099876,0.6881568930641386
