nt,pseudo_r2,pred_obs_r2,pred_obs_r2_exp
4500,0.2377160990629411,0.8006904182613451,0.7282581989489538
