var,rel.inf
rough_Surface.T,18.79690425623454
rough_Elevation,14.624787510851183
rough_CEC,11.954759435139618
rough_MAP,11.353608391639339
MAP,10.611710225341898
rough_Soil.C,9.270675799051151
Elevation,5.329927798435831
Clay,5.083244662434428
rough_Clay,5.075971805152195
pH,3.116732304877914
PDQ,2.487137897299187
CEC,2.294539913542713
