var,rel.inf
rough_Surface.T,18.958960175594115
rough_Elevation,14.953440787420327
rough_MAP,12.109929673867207
rough_CEC,11.934461260291403
MAP,10.936082973307133
rough_Soil.C,9.424983211240976
Elevation,4.997377041724646
Clay,4.9789873340900686
rough_Clay,4.603158230359645
pH,2.74195377781745
PDQ,2.33477783956785
CEC,2.025887694719183
