nt,pseudo_r2,pred_obs_r2,pred_obs_r2_exp
4900,0.27479060333198235,0.8122348420028379,0.7368549051137899
