var,rel.inf
rough_Surface.T,18.555405170203528
rough_Elevation,14.494168797372742
rough_CEC,12.014287378257846
rough_MAP,11.868716522055035
MAP,11.560055200563925
rough_Soil.C,9.755489821310025
Elevation,5.144586709181641
rough_Clay,5.052171519812967
Clay,4.451155663518616
pH,2.6668258109734335
PDQ,2.273681738801212
CEC,2.163455667949034
