nt,pseudo_r2,pred_obs_r2,pred_obs_r2_exp
5150,0.23672184457918666,0.8191343133396137,0.746306969579763
