var,rel.inf
rough_Surface.T,18.58329336194494
rough_Elevation,14.11883434207779
rough_CEC,11.658516281445536
MAP,10.87167141999375
rough_MAP,10.839258165528019
rough_Soil.C,9.726323794397908
Elevation,5.52624882586456
rough_Clay,5.493372674877918
Clay,4.99487030103258
pH,3.2889397627005663
PDQ,2.467442366905485
CEC,2.4312287032309516
