var,rel.inf
rough_Surface.T,19.636823717200716
rough_Elevation,15.472112764589642
rough_MAP,12.54179003216811
rough_CEC,12.340941833534176
MAP,11.889912936606617
rough_Soil.C,9.511567812753649
Elevation,4.859852420852143
rough_Clay,4.182530115181462
Clay,3.845515586624922
pH,2.0017542114170186
CEC,1.9124196485414593
PDQ,1.8047789205300893
