nt,pseudo_r2,pred_obs_r2,pred_obs_r2_exp
3650,0.25667025634391183,0.7715231208656061,0.7034488750978362
