nt,pseudo_r2,pred_obs_r2,pred_obs_r2_exp
4800,0.2085776293730045,0.8089457823380787,0.7345320087917805
