var,rel.inf
rough_Surface.T,18.238348454014105
rough_Elevation,14.531765177543795
rough_CEC,11.914890438222079
rough_MAP,11.053060515081231
MAP,11.030362125667468
rough_Soil.C,9.70753022360045
Elevation,5.34830768692975
rough_Clay,5.216801111035496
Clay,4.990886998766444
pH,3.1212509697633704
PDQ,2.6470222068450426
CEC,2.199774092530775
