var,rel.inf
rough_Surface.T,19.512346354653882
rough_Elevation,16.06624407572317
rough_MAP,13.077241702840917
rough_CEC,12.756765558120684
MAP,11.847396958762925
rough_Soil.C,10.047292740497857
Elevation,4.794651465654225
Clay,3.6217295755680694
rough_Clay,3.41517812644169
CEC,1.6965762312075388
PDQ,1.6073871942077558
pH,1.5571900163212928
