var,rel.inf
rough_Surface.T,18.34665821108942
rough_Elevation,15.169753865367582
rough_CEC,11.71804544481309
MAP,11.521403099050863
rough_MAP,11.505238292274903
rough_Soil.C,9.489758687684127
Elevation,5.2621327170183685
rough_Clay,5.112577334316476
Clay,4.610300451179983
pH,2.6593066673035297
PDQ,2.358076016470401
CEC,2.2467492134312597
