var,rel.inf
rough_Surface.T,18.153452569100207
rough_Elevation,14.030380751197216
rough_CEC,11.874192833215929
rough_MAP,11.415556849602885
MAP,10.470560464780691
rough_Soil.C,9.067076051378788
rough_Clay,5.669907694171548
Elevation,5.550821310950609
Clay,5.1832083911856985
pH,3.3624524632497397
PDQ,2.784122758932304
CEC,2.438267862234381
