var,rel.inf
rough_Surface.T,18.827361694291483
rough_Elevation,15.042920556631895
rough_CEC,11.82600750599804
rough_MAP,11.820824207986076
MAP,11.266795364379691
rough_Soil.C,9.567315160540176
Elevation,5.167867680592717
Clay,4.73263000713525
rough_Clay,4.57855185410014
pH,2.905483723566876
PDQ,2.1607266226810786
CEC,2.103515622096578
