var,rel.inf
rough_Surface.T,18.8580711171713
rough_Elevation,15.027890769782843
rough_CEC,11.998274346150314
rough_MAP,11.903807738033548
MAP,10.904343551136597
rough_Soil.C,9.494103163459512
Elevation,5.162310001284641
rough_Clay,4.77301078162592
Clay,4.571522011321785
pH,2.833058277546191
PDQ,2.2892333942932916
CEC,2.184374848194052
