nt,pseudo_r2,pred_obs_r2,pred_obs_r2_exp
5300,0.31739133628335914,0.823453716214031,0.7459052670659768
