var,rel.inf
rough_Surface.T,18.996767902155256
rough_Elevation,14.114600131892688
rough_CEC,11.838506037420888
MAP,11.082471356761818
rough_MAP,10.468543382647184
rough_Soil.C,9.039049916618444
Elevation,5.795676548136647
rough_Clay,5.420487802343623
Clay,4.949949679006599
pH,3.193969574159235
PDQ,2.8122485037363183
CEC,2.2877291651213034
