var,rel.inf
rough_Surface.T,19.57880425437226
rough_Elevation,15.531099795025417
rough_CEC,12.412299481359177
rough_MAP,12.057748253460238
MAP,11.477408150354126
rough_Soil.C,10.140771324685028
Elevation,4.861737822777555
Clay,4.140879065839235
rough_Clay,4.021655299493476
pH,2.0709733271708797
PDQ,1.8573758457564864
CEC,1.849247379706116
