var,rel.inf
rough_Surface.T,18.68011050223711
rough_Elevation,14.651951940764608
rough_CEC,11.859651267746386
rough_MAP,11.314176673223935
MAP,10.726486307461562
rough_Soil.C,9.723145928954931
Elevation,5.5019324318178455
rough_Clay,5.346235268233875
Clay,4.833590097364101
pH,2.6781028876954776
PDQ,2.504342849272762
CEC,2.1802738452274015
