var,rel.inf
rough_Surface.T,18.71493067176323
rough_Elevation,14.790511789495161
rough_CEC,11.97908369236482
rough_MAP,11.795763921222555
MAP,10.79673862632268
rough_Soil.C,9.75225598315351
Elevation,5.20923183271312
rough_Clay,4.736435618158255
Clay,4.717561901394524
pH,2.9829518011844396
CEC,2.281389984317717
PDQ,2.243144177909988
