nt,pseudo_r2,pred_obs_r2,pred_obs_r2_exp
5450,0.27862808889540214,0.8262724736240087,0.7486879902203397
