var,rel.inf
rough_Surface.T,18.96227877643333
rough_Elevation,14.652068036028037
rough_CEC,12.027392063187666
rough_MAP,11.767692025294327
MAP,11.317883956285016
rough_Soil.C,9.381320265378767
Elevation,5.3357003169844175
Clay,4.753669994367342
rough_Clay,4.722516857065946
pH,2.6260714931443507
PDQ,2.3870828108289954
CEC,2.0663234050018
