nt,pseudo_r2,pred_obs_r2,pred_obs_r2_exp
4400,0.2753425562431585,0.7956207197781366,0.7270491452985
