var,rel.inf
rough_Surface.T,19.062763738336383
rough_Elevation,15.459904929478377
rough_CEC,12.26228877207349
rough_MAP,12.193563736934864
MAP,11.450727711614846
rough_Soil.C,9.62242879256044
Elevation,5.09893073125443
Clay,4.405894929063739
rough_Clay,4.143487111254511
pH,2.3848451068165786
PDQ,1.979107278446502
CEC,1.936057162165836
