nt,pseudo_r2,pred_obs_r2,pred_obs_r2_exp
3350,0.25408416570424563,0.7593773853486829,0.6945047093389386
