nt,pseudo_r2,pred_obs_r2,pred_obs_r2_exp
4350,0.29872376930516653,0.7957466770810432,0.7228188516663171
