nt,pseudo_r2,pred_obs_r2,pred_obs_r2_exp
3300,0.273826693580033,0.7565337634265489,0.689489894286162
