var,rel.inf
rough_Surface.T,18.853281254344033
rough_Elevation,14.830508917014642
rough_CEC,11.875702775509987
MAP,11.52835865687276
rough_MAP,11.281559683284517
rough_Soil.C,9.434308453742789
Elevation,5.250490740484727
rough_Clay,4.926899492446961
Clay,4.749228525120624
pH,2.6917723946511964
PDQ,2.3533950274059485
CEC,2.2244940791218095
