nt,pseudo_r2,pred_obs_r2,pred_obs_r2_exp
5350,0.31091238590088544,0.8240682628894423,0.7469630378532953
