var,rel.inf
rough_Surface.T,19.17890563775288
rough_Elevation,15.409813127794086
rough_MAP,12.480250586939402
rough_CEC,12.475834337485866
MAP,11.703646459286103
rough_Soil.C,9.5123656111761
Elevation,4.657823466158609
rough_Clay,4.2104600578797315
Clay,4.069064959075037
pH,2.4130849602943747
PDQ,1.9780597026173519
CEC,1.910691093540464
