var,rel.inf
rough_Surface.T,19.05155928596492
rough_Elevation,14.605075651359261
rough_MAP,11.875619016154067
rough_CEC,11.850610304585228
MAP,11.03827129542497
rough_Soil.C,9.50960203861283
Elevation,5.2739065797957245
Clay,4.854814292909539
rough_Clay,4.712185481323488
pH,2.7234130312548057
PDQ,2.4327580506705644
CEC,2.0721849719446
