var,rel.inf
rough_Surface.T,18.843920789215343
rough_Elevation,14.769305718567162
rough_CEC,12.000939527889464
rough_MAP,11.889367672783854
MAP,11.353746788591437
rough_Soil.C,9.660893821953996
Elevation,5.358187301499473
rough_Clay,4.579992959927199
Clay,4.341589149456339
pH,2.6511906187486756
CEC,2.381429118028129
PDQ,2.1694365333389274
