nt,pseudo_r2,pred_obs_r2,pred_obs_r2_exp
4350,0.2869467906058124,0.7940253987634378,0.7269473807214196
