nt,pseudo_r2,pred_obs_r2,pred_obs_r2_exp
4800,0.2945549828148505,0.8081076412918942,0.7328275325809763
