nt,pseudo_r2,pred_obs_r2,pred_obs_r2_exp
5250,0.32331720274648523,0.8215333221730827,0.746685967768235
