nt,pseudo_r2,pred_obs_r2,pred_obs_r2_exp
4350,0.2497646881632366,0.7963322798810497,0.7259918331953458
