var,rel.inf
rough_Surface.T,18.701887186514632
rough_Elevation,14.641126651947973
rough_CEC,11.881557780266553
rough_MAP,11.832888363880148
MAP,11.034374997014968
rough_Soil.C,9.1772777630034
Elevation,5.172003755544812
rough_Clay,4.963198518133741
Clay,4.8122557100219
pH,2.99734996546499
PDQ,2.474598911400821
CEC,2.311480396806059
