nt,pseudo_r2,pred_obs_r2,pred_obs_r2_exp
5e3,0.33456423503898125,0.8135572072752438,0.7383707891229584
