nt,pseudo_r2,pred_obs_r2,pred_obs_r2_exp
3550,0.28371383044366527,0.7669042851690235,0.703302865188831
