var,rel.inf
rough_Surface.T,19.150966671904833
rough_Elevation,14.95278829315281
rough_MAP,12.470610778406456
rough_CEC,12.224883877821323
MAP,11.43021673804916
rough_Soil.C,9.341825772666589
Elevation,4.987793744676756
Clay,4.4087813996256395
rough_Clay,4.338357315954431
pH,2.459961140396211
PDQ,2.136820137796884
CEC,2.0969941295488987
