var,rel.inf
rough_Surface.T,18.4807411635316
rough_Elevation,14.544439271941632
rough_CEC,12.188922979947563
rough_MAP,11.36453601598226
MAP,10.967525149572037
rough_Soil.C,9.38959616639506
Elevation,5.316915445732288
rough_Clay,5.287232533210034
Clay,4.777980192490095
pH,2.8318202088682938
PDQ,2.685571638044338
CEC,2.1647192342848047
