var,rel.inf
rough_Surface.T,19.271989811968524
rough_Elevation,15.034114834066855
rough_CEC,11.774700437046347
rough_MAP,11.576141464990869
MAP,11.265622099127595
rough_Soil.C,9.774823863969539
Elevation,5.065716418023663
rough_Clay,4.735011466952099
Clay,4.476569780328997
pH,2.622887595295373
PDQ,2.28921034465101
CEC,2.1132118835791247
