nt,pseudo_r2,pred_obs_r2,pred_obs_r2_exp
5150,0.3260752976446528,0.8188114865951834,0.7407985333609739
