var,rel.inf
rough_Surface.T,19.033370287771184
rough_Elevation,14.769934370073262
rough_CEC,12.030104852001754
rough_MAP,11.996948972005638
MAP,10.993928567131807
rough_Soil.C,9.278599450537744
Elevation,5.364168897007091
rough_Clay,4.714316390753918
Clay,4.708779562065243
pH,2.5953689130825275
PDQ,2.379680824923954
CEC,2.1347989126458704
