nt,pseudo_r2,pred_obs_r2,pred_obs_r2_exp
4950,0.29441747718961453,0.813618877024456,0.7394126581643772
