nt,pseudo_r2,pred_obs_r2,pred_obs_r2_exp
4100,0.24019993338484447,0.7885174950998283,0.7187345975734916
