var,rel.inf
rough_Surface.T,19.000283449617623
rough_Elevation,14.862686584919462
rough_CEC,11.992782501351092
MAP,11.607308021365458
rough_MAP,11.602073438125496
rough_Soil.C,9.867377397951497
Elevation,5.326642761678383
rough_Clay,4.591571430916677
Clay,4.540682943415191
pH,2.362445767401585
PDQ,2.126019602293999
CEC,2.120126100963534
