nt,pseudo_r2,pred_obs_r2,pred_obs_r2_exp
4650,0.3070645125600374,0.804831013744157,0.7301007116466807
