var,rel.inf
rough_Surface.T,18.894589855077463
rough_Elevation,14.885854585327
rough_CEC,11.917051462379273
rough_MAP,11.910808840525995
MAP,11.618706309559686
rough_Soil.C,9.446767234114857
Elevation,5.250962935367455
rough_Clay,4.819801875472634
Clay,4.616944669732836
pH,2.4619700568224125
PDQ,2.1902592064192423
CEC,1.9862829692011532
