nt,pseudo_r2,pred_obs_r2,pred_obs_r2_exp
2950,0.2665492507227618,0.7420613923843079,0.6736266469885509
