var,rel.inf
rough_Surface.T,18.67511834434353
rough_Elevation,14.793586941566115
rough_CEC,12.247661607770528
rough_MAP,11.887567789916114
MAP,11.089677062690525
rough_Soil.C,9.510910764993397
Elevation,5.335443318141637
rough_Clay,4.70585334532946
Clay,4.480698071579993
pH,2.7704151264061974
PDQ,2.3207696513687495
CEC,2.1822979758937557
