nt,pseudo_r2,pred_obs_r2,pred_obs_r2_exp
4950,0.31575746978784247,0.8128063822773851,0.737618025462265
