nt,pseudo_r2,pred_obs_r2,pred_obs_r2_exp
3200,0.2329751695325999,0.7537705034229335,0.6861538961584631
