nt,pseudo_r2,pred_obs_r2,pred_obs_r2_exp
3800,0.24485253834426368,0.7725775816024423,0.7023681302059827
