var,rel.inf
rough_Surface.T,19.089681626395148
rough_Elevation,14.539243998225638
rough_CEC,11.845451202403424
MAP,11.11126593571442
rough_MAP,10.974291450192737
rough_Soil.C,9.696571116252517
Elevation,5.488198165515592
rough_Clay,5.160823668389904
Clay,4.603082281029627
pH,2.803547558929289
PDQ,2.4862184050557157
CEC,2.2016245918959845
