var,rel.inf
rough_Surface.T,18.39024302983075
rough_Elevation,14.17598205213279
rough_CEC,11.828052882504126
rough_MAP,11.560205997041292
MAP,10.82226669183767
rough_Soil.C,9.184703168298174
Elevation,5.74391880094981
rough_Clay,5.264490962912384
Clay,5.1728219752704225
pH,3.0454934335573056
PDQ,2.5578739026352917
CEC,2.2539471030299816
