nt,pseudo_r2,pred_obs_r2,pred_obs_r2_exp
4e3,0.2625187808749734,0.7835677330952208,0.7150363995991924
