var,rel.inf
rough_Surface.T,18.437962080181517
rough_Elevation,14.395990242570376
rough_CEC,11.649951411981625
rough_MAP,11.587262931200105
MAP,10.805083811274121
rough_Soil.C,9.060365318448422
Elevation,5.595671444104298
rough_Clay,5.527589795348109
Clay,5.153602834913031
pH,3.068350130592059
PDQ,2.5506247202149206
CEC,2.167545279171415
