var,rel.inf
rough_Surface.T,18.58894916946961
rough_Elevation,14.623700962245655
rough_CEC,11.813229592908254
rough_MAP,11.659032982748228
MAP,11.032091692808006
rough_Soil.C,9.021894827297373
Elevation,5.385667044073783
rough_Clay,4.983533312914657
Clay,4.9806679358652035
pH,3.0303067865123827
PDQ,2.6142136575212747
CEC,2.26671203563558
