nt,pseudo_r2,pred_obs_r2,pred_obs_r2_exp
4400,0.22457805942871656,0.7976955660533298,0.7260946342569606
