var,rel.inf
rough_Surface.T,18.906319644998515
rough_Elevation,15.085401442467367
rough_CEC,12.00995391493124
rough_MAP,11.485775463216495
MAP,11.479018035459799
rough_Soil.C,9.766697931169766
Elevation,5.055659956996366
rough_Clay,4.752887475981402
Clay,4.3376701011065
pH,2.6685395960489555
PDQ,2.229000169241297
CEC,2.223076268382294
