nt,pseudo_r2,pred_obs_r2,pred_obs_r2_exp
4150,0.2122007547894028,0.7881667428304622,0.7181320514017289
