var,rel.inf
rough_Surface.T,18.14004927338866
rough_Elevation,14.459022443546298
rough_CEC,11.673504701223559
MAP,10.990937058446589
rough_MAP,10.70690927849704
rough_Soil.C,9.425644308648375
rough_Clay,5.729053360653737
Elevation,5.413374801121612
Clay,5.0395954461616865
pH,3.1947225886144652
PDQ,2.7574648895967258
CEC,2.4697218501012608
