var,rel.inf
rough_Surface.T,18.423121409912422
rough_Elevation,13.887930851531468
rough_CEC,11.656573328932067
rough_MAP,10.76725003609584
MAP,10.356593806146556
rough_Soil.C,9.049040662625652
rough_Clay,5.812779239583898
Elevation,5.7749685081077535
Clay,5.1497474659728555
pH,3.5112200855817743
PDQ,2.949814218344321
CEC,2.66096038716539
