nt,pseudo_r2,pred_obs_r2,pred_obs_r2_exp
3900,0.24527875618211914,0.7811251090860141,0.7106470813462094
