var,rel.inf
rough_Surface.T,18.721744116849393
rough_Elevation,14.639739977467203
rough_CEC,11.974857225927597
rough_MAP,11.660922347663625
MAP,11.282842370826316
rough_Soil.C,9.31219480697368
Elevation,5.367006878825721
rough_Clay,5.179653819571799
Clay,4.529857179162777
pH,2.7650084890368416
PDQ,2.328126180349977
CEC,2.2380466073450687
