var,rel.inf
rough_Surface.T,18.35783771244183
rough_Elevation,14.236848520899514
rough_CEC,11.787042105678342
MAP,11.105586051364487
rough_MAP,10.836741033849737
rough_Soil.C,9.305687569119327
Elevation,5.496985886986304
rough_Clay,5.267980940632621
Clay,4.906771951432055
pH,3.327340332337268
PDQ,2.9222212651650574
CEC,2.4489566300934613
