var,rel.inf
rough_Surface.T,18.40171836906285
rough_Elevation,14.604618501521337
rough_CEC,11.869043283865036
rough_MAP,11.596940197581945
MAP,11.279036470296646
rough_Soil.C,9.445079026483002
Elevation,5.127162091599977
rough_Clay,5.058364818332925
Clay,4.899272348763937
pH,2.9880085038856237
PDQ,2.4503135277232255
CEC,2.280442860883491
