var,rel.inf
rough_Surface.T,18.55372207277529
rough_Elevation,14.099108826843981
rough_CEC,11.74035665259492
rough_MAP,11.183179201324025
MAP,10.555106890118337
rough_Soil.C,9.320898216426606
rough_Clay,5.560235081823701
Elevation,5.524589240122687
Clay,4.932369683109283
pH,3.4882343566945355
PDQ,2.741517581443328
CEC,2.300682196723303
