var,rel.inf
rough_Surface.T,18.344263104828983
rough_Elevation,14.555638400203426
rough_CEC,11.846869360876521
rough_MAP,11.57377872450207
MAP,11.02785348637495
rough_Soil.C,9.428719872943873
Elevation,5.389044916041512
rough_Clay,5.190949731104524
Clay,5.108999362534853
pH,2.9584674648646465
PDQ,2.446917513140516
CEC,2.128498062584129
