var,rel.inf
rough_Surface.T,19.27995531775794
rough_Elevation,14.849575877354953
rough_MAP,12.169589147140204
rough_CEC,12.069302675410327
MAP,11.176107270002312
rough_Soil.C,9.692235788753003
Elevation,4.965624736840696
rough_Clay,4.675955832430101
Clay,4.41100670069017
pH,2.5436332838106663
CEC,2.099438938322717
PDQ,2.0675744314869156
