var,rel.inf
rough_Surface.T,18.475055870080432
rough_Elevation,14.62923299886837
rough_CEC,11.703463912621512
MAP,11.128097480048213
rough_MAP,11.057237041757817
rough_Soil.C,9.15551422484241
Elevation,5.3971681664706885
rough_Clay,5.388039832697511
Clay,4.852555551017587
pH,3.0979252456860085
PDQ,2.666619945623476
CEC,2.4490897302859804
