var,rel.inf
rough_Surface.T,18.832362267548923
rough_Elevation,14.723080541047176
rough_CEC,11.935160266231485
rough_MAP,11.167900877812823
MAP,11.093993439980776
rough_Soil.C,9.662125987406332
Elevation,5.318127972581732
rough_Clay,4.970827597353362
Clay,4.839719519028218
pH,2.979664970575424
PDQ,2.302818480195666
CEC,2.1742180802380826
