nt,pseudo_r2,pred_obs_r2,pred_obs_r2_exp
4150,0.23169781494002128,0.7894687609679826,0.7196957132122097
