nt,pseudo_r2,pred_obs_r2,pred_obs_r2_exp
3500,0.22005510734999478,0.765590747398485,0.6972757444290658
