var,rel.inf
rough_Surface.T,18.510168524526964
rough_Elevation,14.729384699200871
rough_CEC,12.445538055147551
rough_MAP,12.086584624052593
MAP,11.200355092526625
rough_Soil.C,9.356156015758774
Elevation,5.156553074563521
Clay,4.6870207841962594
rough_Clay,4.648635636443342
pH,2.655005975626948
PDQ,2.424283514214637
CEC,2.100314003741914
