nt,pseudo_r2,pred_obs_r2,pred_obs_r2_exp
4150,0.28876938370762606,0.7893700740761836,0.7192037815316653
