var,rel.inf
rough_Surface.T,18.766727010957585
rough_Elevation,15.12764354381725
rough_CEC,12.157012378577244
rough_MAP,12.09546821934591
MAP,11.114361269358227
rough_Soil.C,9.810586157919294
Elevation,4.869684583955367
rough_Clay,4.810466314907112
Clay,4.50517410955615
pH,2.3473866209412164
PDQ,2.2375217929962177
CEC,2.157967997668419
