nt,pseudo_r2,pred_obs_r2,pred_obs_r2_exp
3500,0.2101540458209199,0.7645789082371914,0.6974464381930594
