nt,pseudo_r2,pred_obs_r2,pred_obs_r2_exp
4650,0.29379846331526405,0.8027157463541629,0.7312826329473913
