nt,pseudo_r2,pred_obs_r2,pred_obs_r2_exp
4350,0.24653035414995428,0.7958844237333438,0.7222697695080829
