var,rel.inf
rough_Surface.T,18.140295068134076
rough_Elevation,14.457450037516312
rough_CEC,11.997714585598933
MAP,11.189942748806333
rough_MAP,11.015971197215949
rough_Soil.C,9.520339598803105
Elevation,5.513309422227604
rough_Clay,5.209744412597051
Clay,5.056082943426724
pH,3.089261728525567
PDQ,2.6403233776005774
CEC,2.1695648795477704
