nt,pseudo_r2,pred_obs_r2,pred_obs_r2_exp
5800,0.3080689272377266,0.83580506787751,0.7574734423731834
