var,rel.inf
rough_Surface.T,18.853457449764253
rough_Elevation,14.822279759976281
rough_CEC,12.036221987848995
rough_MAP,11.663237564830668
MAP,11.242586310449756
rough_Soil.C,9.690421559643937
Elevation,5.205672797647151
rough_Clay,4.776890492959293
Clay,4.771007891033857
pH,2.467739506481487
PDQ,2.454545336172822
CEC,2.0159393431915027
