nt,pseudo_r2,pred_obs_r2,pred_obs_r2_exp
3550,0.244377002352283,0.7639208796969308,0.695524612168604
