nt,pseudo_r2,pred_obs_r2,pred_obs_r2_exp
3800,0.23833693995108018,0.7761977735984592,0.7090575064163923
