var,rel.inf
rough_Surface.T,18.287658835160993
rough_Elevation,14.675561232117028
rough_CEC,11.956248529131367
rough_MAP,11.533114816415267
MAP,11.148393166207518
rough_Soil.C,9.312736897552812
Elevation,5.346708703984707
rough_Clay,5.225376289300075
Clay,4.870228836552052
pH,2.9414394765705816
PDQ,2.4751655300493964
CEC,2.227367686958201
