nt,pseudo_r2,pred_obs_r2,pred_obs_r2_exp
4250,0.284991611944871,0.7923329677057033,0.7199040389395567
