var,rel.inf
rough_Surface.T,18.070162458990545
rough_Elevation,14.097671961271685
rough_CEC,11.56240531300399
MAP,10.843192224325223
rough_MAP,10.463124000036535
rough_Soil.C,9.662447307304014
Elevation,5.796706828967402
rough_Clay,5.633818008866957
Clay,5.055668475462736
pH,3.3634044684293234
PDQ,2.97368323574328
CEC,2.4777157175983104
