var,rel.inf
rough_Surface.T,18.954889939666142
rough_Elevation,14.129714510327346
rough_CEC,11.67772545450242
rough_MAP,11.20757093074773
MAP,11.074025442282196
rough_Soil.C,9.013086925443496
Elevation,5.486121518657166
rough_Clay,5.281725186627685
Clay,4.9007927458724945
pH,3.3346121637149957
PDQ,2.708324555697722
CEC,2.231410626460605
