nt,pseudo_r2,pred_obs_r2,pred_obs_r2_exp
4050,0.2884091916090431,0.7865266453219837,0.7146938047253327
