nt,pseudo_r2,pred_obs_r2,pred_obs_r2_exp
5550,0.2744602810532517,0.8277445431929134,0.7507225520432057
