nt,pseudo_r2,pred_obs_r2,pred_obs_r2_exp
3600,0.22624112168826271,0.7686112913276668,0.7040703765321402
