var,rel.inf
rough_Surface.T,18.0221452969794
rough_Elevation,14.465698733900933
rough_CEC,11.55733505634535
MAP,10.980605222052036
rough_MAP,10.516095848508883
rough_Soil.C,9.616837514942103
Elevation,5.749085413460276
rough_Clay,5.511252671832641
Clay,4.928600266238185
pH,3.483166111050605
PDQ,2.776427876699144
CEC,2.392749987990447
