nt,pseudo_r2,pred_obs_r2,pred_obs_r2_exp
5150,0.287553334080786,0.8181110643475838,0.7414121265271096
