nt,pseudo_r2,pred_obs_r2,pred_obs_r2_exp
4200,0.2943787271171957,0.7906656305469658,0.72235553697233
