nt,pseudo_r2,pred_obs_r2,pred_obs_r2_exp
5150,0.25594888900241375,0.817408730349975,0.7445182500005182
