nt,pseudo_r2,pred_obs_r2,pred_obs_r2_exp
4500,0.2845455493387019,0.8002395523321034,0.727513245367373
