nt,pseudo_r2,pred_obs_r2,pred_obs_r2_exp
3950,0.2938803327973585,0.7822257208557013,0.713186736372681
