nt,pseudo_r2,pred_obs_r2,pred_obs_r2_exp
4850,0.26651554652749776,0.8115294454653778,0.7368402218134502
