var,rel.inf
rough_Surface.T,18.849932693388507
rough_Elevation,15.165410632294131
rough_MAP,12.48071041884377
rough_CEC,12.23387893437584
MAP,11.18434808243427
rough_Soil.C,9.274871675276552
Elevation,5.194373948361331
rough_Clay,4.529609536411517
Clay,4.422947817149766
pH,2.5783323341852897
PDQ,2.146358508096248
CEC,1.9392254191827865
