var,rel.inf
rough_Surface.T,19.11433030017516
rough_Elevation,15.428428825031943
rough_MAP,12.047936392737967
rough_CEC,11.936959195226036
MAP,11.787154725517407
rough_Soil.C,9.97144566181016
Elevation,5.112300255261599
rough_Clay,4.488519912870064
Clay,4.080039765109003
PDQ,2.056161490655389
pH,2.042468133802613
CEC,1.9342553418026585
