var,rel.inf
rough_Surface.T,18.734963929906538
rough_Elevation,14.163406763453969
rough_CEC,11.652907659445939
MAP,11.220857937146246
rough_MAP,11.191109643357168
rough_Soil.C,9.779278004617177
Elevation,5.511551574681358
rough_Clay,5.148095315191215
Clay,4.884442850542985
pH,2.946625590015522
PDQ,2.4705648145423975
CEC,2.2961959170994963
