nt,pseudo_r2,pred_obs_r2,pred_obs_r2_exp
4150,0.22349907977405947,0.7880877493773221,0.7135268591503147
