var,rel.inf
rough_Surface.T,18.739750795817002
rough_Elevation,14.827408876593458
rough_CEC,11.799589337629568
MAP,11.560386434512731
rough_MAP,11.43626988526769
rough_Soil.C,9.9136570461262
Elevation,5.307726537037465
Clay,4.706703046767783
rough_Clay,4.698197635515081
pH,2.5819434491216584
CEC,2.215374748510425
PDQ,2.2129922071009362
