var,rel.inf
rough_Surface.T,18.2707219769078
rough_Elevation,14.671013849863163
rough_CEC,11.713619405262037
rough_MAP,11.097157304513184
MAP,11.078165694397589
rough_Soil.C,9.152941861671783
rough_Clay,5.451761440028928
Elevation,5.427918055489928
Clay,4.954862161544534
pH,3.141399205243064
PDQ,2.704538593028898
CEC,2.335900452049094
