nt,pseudo_r2,pred_obs_r2,pred_obs_r2_exp
4150,0.2536323737709274,0.7874795488121201,0.7197068131596477
