nt,pseudo_r2,pred_obs_r2,pred_obs_r2_exp
4600,0.27344010071296254,0.803988116987034,0.7335099640439754
