nt,pseudo_r2,pred_obs_r2,pred_obs_r2_exp
4400,0.3094675084360625,0.7960278048845897,0.7240416287456328
