nt,pseudo_r2,pred_obs_r2,pred_obs_r2_exp
4250,0.27735596470698887,0.7904516504359032,0.7190396646969683
