var,rel.inf
rough_Surface.T,18.750227909284057
rough_Elevation,14.864987441918897
rough_CEC,12.001620880507067
rough_MAP,11.815744883079129
MAP,10.891226260459627
rough_Soil.C,9.781869657489926
Elevation,5.224209425280514
Clay,4.768405316176237
rough_Clay,4.638690650167605
pH,2.757701600256781
PDQ,2.391476283492238
CEC,2.113839691887921
