nt,pseudo_r2,pred_obs_r2,pred_obs_r2_exp
5850,0.27149086718882076,0.8365988940277114,0.759940841335609
