nt,pseudo_r2,pred_obs_r2,pred_obs_r2_exp
4700,0.27413731670423913,0.8052136729043345,0.7286955159917002
