var,rel.inf
rough_Surface.T,17.844379032004394
rough_Elevation,14.249408575321677
rough_CEC,11.743359623131155
rough_MAP,11.023315698918461
MAP,10.513187984833179
rough_Soil.C,9.277237706039108
rough_Clay,5.6822173497051685
Elevation,5.545186867305147
Clay,5.267662587838219
pH,3.545629524687422
PDQ,2.8049001000012663
CEC,2.5035149502147975
