var,rel.inf
rough_Surface.T,18.718812167230933
rough_Elevation,14.241858657310074
rough_CEC,11.8694251610077
rough_MAP,11.78106478144848
MAP,11.078631821730825
rough_Soil.C,9.011897892761356
rough_Clay,5.309090224945964
Elevation,5.21925841548866
Clay,4.852050296684387
pH,3.0280107172589634
PDQ,2.7199502074878907
CEC,2.1699496566447687
