nt,pseudo_r2,pred_obs_r2,pred_obs_r2_exp
4450,0.26628616907534897,0.7981460560484614,0.7254406970263725
