var,rel.inf
rough_Surface.T,17.86433516773459
rough_Elevation,13.915195857274764
rough_CEC,11.596922062654569
rough_MAP,10.816014594481095
MAP,10.170021208997392
rough_Soil.C,9.031634756620482
rough_Clay,5.918501485939591
Elevation,5.836036363235946
Clay,5.2405527962960505
pH,3.7637673490498305
PDQ,3.0738019936718928
CEC,2.773216364043793
