var,rel.inf
rough_Surface.T,18.223907866688965
rough_Elevation,14.085711343826528
rough_CEC,11.698133106425125
rough_MAP,11.113140425710558
MAP,10.702004731353934
rough_Soil.C,9.006193908309603
rough_Clay,5.637002250157306
Elevation,5.609648844570615
Clay,5.156794420811591
pH,3.582114342196344
PDQ,2.718256681585461
CEC,2.4670920783639625
