nt,pseudo_r2,pred_obs_r2,pred_obs_r2_exp
4650,0.29050589585518316,0.8051059003217311,0.7295232553076026
