var,rel.inf
rough_Surface.T,18.72156341499328
rough_Elevation,14.46118128680059
rough_CEC,11.786092858657591
rough_MAP,11.276466559797795
MAP,11.056876483522943
rough_Soil.C,9.299990006917254
Elevation,5.405560775813943
rough_Clay,5.07332813965953
Clay,4.837514505216824
pH,3.1050334823183445
PDQ,2.6268621840336213
CEC,2.349530302268287
