var,rel.inf
rough_Surface.T,18.827112237808624
rough_Elevation,13.956663121449965
rough_CEC,11.55727337911477
rough_MAP,11.50065508608071
MAP,11.01738790164139
rough_Soil.C,9.219045801366889
Elevation,5.41334319232477
rough_Clay,5.289008060198858
Clay,5.176849382484368
pH,3.1228146577817206
PDQ,2.551628189173897
CEC,2.3682189905740394
