var,rel.inf
rough_Surface.T,18.52757855143957
rough_Elevation,14.560179281314985
rough_CEC,11.864526653576803
rough_MAP,11.686962153013987
MAP,11.068410020899845
rough_Soil.C,9.760815086393945
Elevation,5.3278483997526465
rough_Clay,4.905659272372213
Clay,4.831951070275419
pH,2.8439111519897424
PDQ,2.433297977640995
CEC,2.188860381329843
