var,rel.inf
rough_Surface.T,18.856669413251392
rough_Elevation,14.806452087392277
rough_CEC,11.940674173251153
rough_MAP,11.809613062281779
MAP,11.259575301821265
rough_Soil.C,9.053293827831062
Elevation,5.191194937423939
rough_Clay,4.875359723251415
Clay,4.872123519739164
pH,2.845511405522184
PDQ,2.4217113195826303
CEC,2.067821228651746
