var,rel.inf
rough_Surface.T,18.518207037525084
rough_Elevation,14.602938739332698
rough_CEC,11.866494925376125
rough_MAP,11.45157387231473
MAP,11.064848190223584
rough_Soil.C,9.526154817280675
Elevation,5.379884445013943
rough_Clay,5.103991013879297
Clay,5.037680803869484
pH,2.984689164083055
PDQ,2.354282343510131
CEC,2.1092546475911984
