nt,pseudo_r2,pred_obs_r2,pred_obs_r2_exp
3400,0.28306183474997315,0.7594991561844207,0.6945631420021529
