nt,pseudo_r2,pred_obs_r2,pred_obs_r2_exp
5e3,0.5274538638051576,0.8549178070821606,0.7583013094424021
