nt,pseudo_r2,pred_obs_r2,pred_obs_r2_exp
5500,0.4984417713407776,0.8649200522542988,0.771641421130489
