nt,pseudo_r2,pred_obs_r2,pred_obs_r2_exp
5150,0.5102159265786392,0.8584812810739667,0.7644447840228057
