nt,pseudo_r2,pred_obs_r2,pred_obs_r2_exp
5800,0.4857321464539742,0.8713198970072155,0.7782805377608678
