nt,pseudo_r2,pred_obs_r2,pred_obs_r2_exp
5400,0.5208876416798087,0.8623484189841808,0.7708921682767768
