nt,pseudo_r2,pred_obs_r2,pred_obs_r2_exp
6450,0.5276883501440903,0.883321200153184,0.7943676647935691
