var,rel.inf
MAP,38.98323072761763
CEC,11.470431991035825
rough_Elevation,9.28929223993032
Elevation,8.100659308131503
rough_NDVI,6.758271159444953
PDQ,5.59898026322891
rough_MAP,4.64184179521243
Surface.T,4.237757365376158
rough_Soil.C,2.9297065504084285
pH,2.4454235772208563
rough_PDQ,2.3238597558584515
Clay,1.19774436562704
rough_CEC,1.1014636288149666
rough_Surface.T,0.9213372720925237
