nt,pseudo_r2,pred_obs_r2,pred_obs_r2_exp
5600,0.4945159938447612,0.8674528301551601,0.7751599992951141
