var,rel.inf
MAP,39.88667762032227
CEC,11.620822740404718
rough_Elevation,9.005939770388334
Elevation,8.474139932621252
rough_NDVI,6.887326378298877
PDQ,5.481003275652274
Surface.T,4.333859841011384
rough_MAP,4.273185092910172
rough_Soil.C,2.7800511961204175
pH,2.327537851246214
rough_PDQ,2.195395814151916
Clay,1.039764708690668
rough_CEC,0.8483234616096162
rough_Surface.T,0.8459723165718998
