var,rel.inf
MAP,38.88229912393059
CEC,11.282607931002023
rough_Elevation,9.254251500131154
Elevation,8.33936056305971
rough_NDVI,6.857315640090093
PDQ,5.621726892935526
rough_MAP,4.481238065347443
Surface.T,4.420850458829639
rough_Soil.C,2.859293127790365
pH,2.479682988291334
rough_PDQ,2.287376093767033
Clay,1.300182390359661
rough_CEC,1.0798206033879514
rough_Surface.T,0.8539946210774676
