nt,pseudo_r2,pred_obs_r2,pred_obs_r2_exp
4750,0.48728209134917977,0.8496089920957167,0.7542604794047862
