nt,pseudo_r2,pred_obs_r2,pred_obs_r2_exp
6200,0.5372000104353114,0.8786450347019488,0.7889032976214344
