var,rel.inf
MAP,38.589970326867395
CEC,11.677800024259835
rough_Elevation,9.19111432894687
Elevation,8.464869554809125
rough_NDVI,6.8144744555772325
PDQ,5.552122510430646
rough_MAP,4.885953987928684
Surface.T,4.199151337834893
rough_Soil.C,2.7622515628253104
pH,2.4329956047571675
rough_PDQ,2.3860375980390134
Clay,1.2326172577131091
rough_CEC,1.0075680620277554
rough_Surface.T,0.8030733879829585
