nt,pseudo_r2,pred_obs_r2,pred_obs_r2_exp
5300,0.5196523749840773,0.8613010934925334,0.7688802897615646
