nt,pseudo_r2,pred_obs_r2,pred_obs_r2_exp
4300,0.49998671522633054,0.8373947199615965,0.7408665617061214
