nt,pseudo_r2,pred_obs_r2,pred_obs_r2_exp
6350,0.521947562081194,0.8810961419372347,0.7903363208876479
