nt,pseudo_r2,pred_obs_r2,pred_obs_r2_exp
5150,0.4988013419621651,0.858838175020261,0.7666238939878461
