var,rel.inf
MAP,36.18163627734016
CEC,11.193062579140424
rough_Elevation,9.241587328558658
Elevation,8.592181601331703
rough_NDVI,6.765632521198896
PDQ,5.478951644594626
rough_MAP,5.1027683159846084
Surface.T,4.407435022693057
rough_Soil.C,3.2347583629490733
pH,2.6993811259029403
rough_PDQ,2.4066365669246363
rough_CEC,1.7964464210654791
Clay,1.6796720379994474
rough_Surface.T,1.2198501943162827
