nt,pseudo_r2,pred_obs_r2,pred_obs_r2_exp
3950,0.420673127624142,0.8298182570120731,0.7331616550887228
