var,rel.inf
MAP,39.201210245776394
CEC,11.476598401415085
rough_Elevation,9.607393477722542
Elevation,8.255252345536249
rough_NDVI,6.645406915795029
PDQ,5.359066011006735
Surface.T,4.412323390740885
rough_MAP,4.394876085004374
rough_Soil.C,3.0961126713000873
pH,2.3530787478669546
rough_PDQ,2.2500405258287786
Clay,1.1231820127325003
rough_CEC,0.9935020321833045
rough_Surface.T,0.8319571370910823
