nt,pseudo_r2,pred_obs_r2,pred_obs_r2_exp
4250,0.4793420572514355,0.8371712408773393,0.7402650541467533
