nt,pseudo_r2,pred_obs_r2,pred_obs_r2_exp
4050,0.49645231789943134,0.8325644761789103,0.7347687885766435
