nt,pseudo_r2,pred_obs_r2,pred_obs_r2_exp
4350,0.4919341417496852,0.8405015235723408,0.7440596197746195
