var,rel.inf
MAP,38.32732324841127
CEC,11.100691516527721
rough_Elevation,9.138584805683891
Elevation,8.573385953196626
rough_NDVI,6.9116799393766115
PDQ,5.382482385721468
Surface.T,4.657669984131663
rough_MAP,4.632350183070889
rough_Soil.C,2.9485055063877064
pH,2.5461705706864923
rough_PDQ,2.450364201000207
Clay,1.3496778419832833
rough_CEC,1.1784822684372278
rough_Surface.T,0.8026315953849459
