var,rel.inf
MAP,37.918788820790184
CEC,11.289264945636516
rough_Elevation,9.387366516349763
Elevation,8.33977623373569
rough_NDVI,6.560452275612208
PDQ,5.619442727058659
rough_MAP,4.989180620300843
Surface.T,4.463953997717229
rough_Soil.C,3.0572124670036462
rough_PDQ,2.4553325599161644
pH,2.4050971152552028
rough_CEC,1.260604393876517
Clay,1.257544845742547
rough_Surface.T,0.9959824810048359
