var,rel.inf
MAP,38.66686350278956
CEC,11.403628562240515
rough_Elevation,9.33501985801164
Elevation,8.550649970657673
rough_NDVI,6.608357534724792
PDQ,5.531209688583448
rough_MAP,4.850833366899906
Surface.T,4.3303607617675794
rough_Soil.C,2.7904457500720916
pH,2.4394586216165184
rough_PDQ,2.3735973161598225
Clay,1.158292526066897
rough_CEC,1.1154504286560345
rough_Surface.T,0.8458321117535272
