var,rel.inf
MAP,38.92402546674102
CEC,11.580195299509002
rough_Elevation,9.404938977474602
Elevation,8.104063414284594
rough_NDVI,6.6807975661474135
PDQ,5.438039147718751
rough_MAP,4.91749948099701
Surface.T,4.267487192202957
rough_Soil.C,2.7645802517387876
rough_PDQ,2.4607450998313976
pH,2.2332644069690137
Clay,1.2193932297305468
rough_CEC,1.0453626695104854
rough_Surface.T,0.9596077971444142
