nt,pseudo_r2,pred_obs_r2,pred_obs_r2_exp
5550,0.5069458949063356,0.8663811806002576,0.7732615912401785
