var,rel.inf
MAP,38.47931204529792
CEC,11.245050577180285
rough_Elevation,9.354517729120644
Elevation,8.406847688092089
rough_NDVI,6.862841790563452
PDQ,5.501534189498088
rough_MAP,4.626906428961627
Surface.T,4.499321640232117
rough_Soil.C,3.038255441154247
rough_PDQ,2.439452147308361
pH,2.3135305730013713
Clay,1.2763538683485847
rough_CEC,1.069863738363364
rough_Surface.T,0.8862121428778498
