nt,pseudo_r2,pred_obs_r2,pred_obs_r2_exp
4500,0.49280191447596,0.8437999229960242,0.7458519541498444
