var,rel.inf
MAP,38.300103872782856
CEC,11.42736671969503
rough_Elevation,9.434232896211656
Elevation,8.335812973334779
rough_NDVI,6.540331315610665
PDQ,5.633476996276331
rough_MAP,5.071574535760137
Surface.T,4.20954799791824
rough_Soil.C,2.87435466665928
pH,2.6346911298686404
rough_PDQ,2.4118842489942955
Clay,1.1894815729736055
rough_CEC,1.1239747373255282
rough_Surface.T,0.8131663365889598
