nt,pseudo_r2,pred_obs_r2,pred_obs_r2_exp
4550,0.5111926701831867,0.8445740834785957,0.7489353677421198
