nt,pseudo_r2,pred_obs_r2,pred_obs_r2_exp
4950,0.49724497729535644,0.8536454366407847,0.7590779299917747
