var,rel.inf
MAP,38.56221024670791
CEC,11.357669482454806
rough_Elevation,9.311510781996486
Elevation,8.260884620686422
rough_NDVI,7.020030762949909
PDQ,5.597087504348061
rough_MAP,4.583316314252707
Surface.T,4.297261612297448
rough_Soil.C,2.9739132887808193
pH,2.5585028709304334
rough_PDQ,2.2562203199125426
Clay,1.2629273895081083
rough_CEC,1.1102342162138117
rough_Surface.T,0.8482305889605329
