var,rel.inf
MAP,38.576827305106136
CEC,11.363517853108739
rough_Elevation,9.339443133960879
Elevation,8.67742891157338
rough_NDVI,6.696438925702268
PDQ,5.480662365542553
rough_MAP,4.612429573051134
Surface.T,4.44561326348862
rough_Soil.C,2.978038872959027
pH,2.459887224440546
rough_PDQ,2.225208354559741
Clay,1.2504209256106824
rough_CEC,1.1275354235427977
rough_Surface.T,0.7665478673534906
