nt,pseudo_r2,pred_obs_r2,pred_obs_r2_exp
4750,0.49790377865938773,0.8500583918870337,0.7528949328435126
