var,rel.inf
MAP,38.755247971954624
CEC,11.3966847563393
rough_Elevation,9.294136916691059
Elevation,8.420342696008404
rough_NDVI,6.663309059726257
PDQ,5.528992807326431
rough_MAP,4.665867796214978
Surface.T,4.080312559913405
rough_Soil.C,2.9128987236498745
pH,2.5663180601769957
rough_PDQ,2.3546865463956284
Clay,1.196881891228914
rough_CEC,1.1312730747823634
rough_Surface.T,1.0330471395917662
