var,rel.inf
MAP,39.631346565952384
CEC,11.55125288034021
rough_Elevation,9.325006033421074
Elevation,8.021068422035661
rough_NDVI,6.730108598747408
PDQ,5.43400858467905
rough_MAP,4.669743926583401
Surface.T,4.3713769926540555
rough_Soil.C,3.0409564427682017
rough_PDQ,2.332107339880723
pH,2.307537541410755
Clay,1.0285110744911712
rough_CEC,0.8839905549233604
rough_Surface.T,0.672985042112549
