nt,pseudo_r2,pred_obs_r2,pred_obs_r2_exp
4250,0.4955211926846955,0.8385679191256478,0.7406659046981497
