var,rel.inf
MAP,39.32617529788889
CEC,11.43776363151782
rough_Elevation,9.517514233992278
Elevation,8.26871651501949
rough_NDVI,6.727679678553564
PDQ,5.446838885076196
rough_MAP,4.692848649907191
Surface.T,4.310049101245804
rough_Soil.C,2.8454116390346997
pH,2.439125982110142
rough_PDQ,2.1669084269445484
Clay,1.0215952334187353
rough_CEC,0.9813335097602461
rough_Surface.T,0.818039215530398
