nt,pseudo_r2,pred_obs_r2,pred_obs_r2_exp
5050,0.4839484119624,0.8566330510297774,0.7635026350852732
