nt,pseudo_r2,pred_obs_r2,pred_obs_r2_exp
6550,0.5188543108900587,0.8849404558497218,0.796634759962118
