nt,pseudo_r2,pred_obs_r2,pred_obs_r2_exp
4350,0.4797495469653362,0.841553089238932,0.7435392893831706
