nt,pseudo_r2,pred_obs_r2,pred_obs_r2_exp
4450,0.47952596048139773,0.845140972337787,0.748841125075708
