nt,pseudo_r2,pred_obs_r2,pred_obs_r2_exp
5950,0.4907258927585888,0.8737860089901758,0.7834193542797809
