nt,pseudo_r2,pred_obs_r2,pred_obs_r2_exp
5550,0.5214745983535718,0.8670044535890041,0.7758992034235875
