var,rel.inf
MAP,38.80309195142014
CEC,11.09049051057818
rough_Elevation,9.222541507187467
Elevation,8.575382231722157
rough_NDVI,6.754690405764775
PDQ,5.445874458681265
Surface.T,4.533828078016986
rough_MAP,4.255362347564993
rough_Soil.C,2.8974332223807604
pH,2.457248759830115
rough_PDQ,2.3491408344128755
rough_CEC,1.349500578449244
Clay,1.2866994924585817
rough_Surface.T,0.978715621532454
