var,rel.inf
MAP,39.85019786029421
CEC,11.318302727941397
rough_Elevation,9.09512365504487
Elevation,8.245297030747428
rough_NDVI,6.535724458097697
PDQ,5.6104045669696525
Surface.T,4.611939574398361
rough_MAP,4.566073917994215
rough_Soil.C,2.8552861195871246
rough_PDQ,2.3436646826820984
pH,2.3425890697647613
Clay,1.1013429624814761
rough_CEC,0.8013703360051311
rough_Surface.T,0.7226830379915812
