nt,pseudo_r2,pred_obs_r2,pred_obs_r2_exp
5750,0.5280199882725425,0.8710135182475957,0.7778803291110591
