var,rel.inf
MAP,36.31632666675794
CEC,11.363395287155706
rough_Elevation,9.244118905906598
Elevation,8.441239915545454
rough_NDVI,6.601976704033302
PDQ,5.53133615825594
rough_MAP,4.846967424194851
Surface.T,4.617376940701873
rough_Soil.C,3.306133145693231
pH,2.5790366916698817
rough_PDQ,2.4816022882215343
rough_CEC,1.7578340803966146
Clay,1.6252608601441325
rough_Surface.T,1.2873949313229447
