var,rel.inf
MAP,40.29239636957357
CEC,11.355077766378784
rough_Elevation,9.319259981608617
Elevation,8.215016222997242
rough_NDVI,6.87892694255953
PDQ,5.360857039960976
Surface.T,4.3596160768580186
rough_MAP,4.276572459398226
rough_Soil.C,2.8328563598608767
pH,2.3595864141458653
rough_PDQ,2.350817946906267
Clay,0.986795613253589
rough_CEC,0.7252740936696744
rough_Surface.T,0.6869467128287657
