var,rel.inf
MAP,38.17751215123003
CEC,11.22048563054339
rough_Elevation,9.516695530933745
Elevation,8.323691185952793
rough_NDVI,6.822533990055297
PDQ,5.211394271589382
Surface.T,4.779281830646861
rough_MAP,4.753548962247137
rough_Soil.C,2.912085165898183
rough_PDQ,2.409019039682853
pH,2.372243938713185
rough_CEC,1.3203054328487869
Clay,1.2891386800197466
rough_Surface.T,0.8920641896386029
