var,rel.inf
MAP,38.98775126998785
CEC,11.360436649493572
rough_Elevation,9.345485614971865
Elevation,8.378969665300092
rough_NDVI,6.683305443407347
PDQ,5.34340335609253
rough_MAP,4.587849535117099
Surface.T,4.488585661989804
rough_Soil.C,2.8595306474405384
pH,2.5235586897578033
rough_PDQ,2.3292547229485434
rough_CEC,1.144049787110729
Clay,1.1356211778183518
rough_Surface.T,0.8321977785638713
