nt,pseudo_r2,pred_obs_r2,pred_obs_r2_exp
4750,0.5249528689700509,0.8490143195133302,0.7535393604844906
