nt,pseudo_r2,pred_obs_r2,pred_obs_r2_exp
6350,0.5314392564109618,0.8811329197575359,0.7910116131123202
