nt,pseudo_r2,pred_obs_r2,pred_obs_r2_exp
5800,0.5135641709613276,0.8722682416928952,0.7802725577480774
