nt,pseudo_r2,pred_obs_r2,pred_obs_r2_exp
5600,0.4851163635869703,0.8679963082833106,0.7754312028134385
