var,rel.inf
MAP,37.22806578973104
CEC,11.182426366519078
rough_Elevation,9.463461083450014
Elevation,8.496955664634243
rough_NDVI,6.479771250891952
PDQ,5.546971449370234
rough_MAP,4.903593550826025
Surface.T,4.3847636130424394
rough_Soil.C,3.213151988918606
rough_PDQ,2.5508843140800814
pH,2.3972112512531374
rough_CEC,1.5333157045496244
Clay,1.5240436453813657
rough_Surface.T,1.0953843273521533
