var,rel.inf
MAP,37.03373334720683
CEC,11.240310371591972
rough_Elevation,9.342165987178621
Elevation,8.589019299765608
rough_NDVI,6.665639806798958
PDQ,5.429154039769789
rough_MAP,5.043927562084654
Surface.T,4.476996632256952
rough_Soil.C,3.1491758849483134
pH,2.522099720241703
rough_PDQ,2.3592202275687084
rough_CEC,1.6087828429982287
Clay,1.4616261254607783
rough_Surface.T,1.0781481521288947
