var,rel.inf
MAP,37.93431633037971
CEC,11.55521458005723
rough_Elevation,9.39107440105673
Elevation,8.337682724992835
rough_NDVI,6.625245726203361
PDQ,5.433043474757426
rough_MAP,4.729089722311886
Surface.T,4.294750131083638
rough_Soil.C,2.939804813719473
pH,2.4502356490876807
rough_PDQ,2.39171660574482
Clay,1.4768272891649044
rough_CEC,1.434223228749903
rough_Surface.T,1.006775322690397
