var,rel.inf
MAP,39.88628106440572
CEC,10.94385990626004
rough_Elevation,9.131842844519465
Elevation,8.284607834940672
rough_NDVI,6.762699091537849
PDQ,5.44899730015934
rough_MAP,5.061738785920232
Surface.T,4.563232661954998
rough_Soil.C,2.782035739249917
pH,2.3908106542059273
rough_PDQ,2.2851429093557822
Clay,0.890546301784504
rough_Surface.T,0.8289679043559746
rough_CEC,0.7392370013495725
