var,rel.inf
MAP,38.40753019304991
CEC,11.079201762917426
rough_Elevation,9.27743431205401
Elevation,8.564006880086481
rough_NDVI,6.692898514829732
PDQ,5.655580106692025
rough_MAP,4.62082609984714
Surface.T,4.292065715498102
rough_Soil.C,2.959300816470305
pH,2.5755431475686064
rough_PDQ,2.377645817916188
rough_CEC,1.2544035284419277
Clay,1.2532766590321027
rough_Surface.T,0.9902864455960501
