var,rel.inf
MAP,37.51329816693052
CEC,11.407628076940293
rough_Elevation,9.117953406479698
Elevation,8.667810553139065
rough_NDVI,6.749484340721524
PDQ,5.39736030575022
rough_MAP,4.7466796057429645
Surface.T,4.327842068714497
rough_Soil.C,3.174939563972662
pH,2.622134358624545
rough_PDQ,2.3153913502293095
rough_CEC,1.4597673350757767
Clay,1.4125801937176883
rough_Surface.T,1.0871306739612503
