var,rel.inf
MAP,39.49080873506115
CEC,11.338595481503162
rough_Elevation,9.366755886823245
Elevation,8.362435446000468
rough_NDVI,6.639476478128034
PDQ,5.458370037754408
rough_MAP,4.656569797175687
Surface.T,4.391337881078255
rough_Soil.C,2.9524885246299366
pH,2.3927571357496964
rough_PDQ,2.299609512388414
Clay,1.0185251383889167
rough_CEC,0.8516113968408797
rough_Surface.T,0.7806585484777432
