var,rel.inf
MAP,38.09315893301735
CEC,11.436237707529397
rough_Elevation,9.213498751728872
Elevation,8.50446232609002
rough_NDVI,6.602476459217132
PDQ,5.591407174493678
rough_MAP,4.527497102893926
Surface.T,4.456015412673547
rough_Soil.C,3.0628851523783727
pH,2.4813734189162218
rough_PDQ,2.32946581494514
Clay,1.4137780047252326
rough_CEC,1.338530528848185
rough_Surface.T,0.9492132125429337
