var,rel.inf
MAP,38.20096684253562
CEC,11.364494828457648
rough_Elevation,9.330549630732344
Elevation,8.419228663481466
rough_NDVI,6.625218573219642
PDQ,5.651832466075661
rough_MAP,5.080279367166865
Surface.T,4.20708471676259
rough_Soil.C,2.879169674585608
rough_PDQ,2.4658045856041046
pH,2.406123827189994
Clay,1.2372385638518808
rough_CEC,1.2307750676654152
rough_Surface.T,0.901233192671169
