nt,pseudo_r2,pred_obs_r2,pred_obs_r2_exp
4600,0.4880166811287546,0.8456822895631398,0.7505100743625703
