var,rel.inf
MAP,39.06564541645868
CEC,11.279585492108229
rough_Elevation,9.119424397911718
Elevation,8.286167692219076
rough_NDVI,6.690140955108901
PDQ,5.673194815314704
rough_MAP,4.691467957564622
Surface.T,4.523485350819912
rough_Soil.C,2.9476024372059446
rough_PDQ,2.422138030150225
pH,2.3273924845443688
Clay,1.1330450627296869
rough_CEC,0.9758273254995102
rough_Surface.T,0.8648825823644208
