nt,pseudo_r2,pred_obs_r2,pred_obs_r2_exp
4350,0.4630366921878576,0.8408020723385927,0.7414002973183459
