nt,pseudo_r2,pred_obs_r2,pred_obs_r2_exp
5250,0.49252369900651116,0.8612173738823735,0.7664884166029844
