var,rel.inf
MAP,38.32203489417022
CEC,11.094453957389906
rough_Elevation,9.469588504344042
Elevation,8.390715331871345
rough_NDVI,6.861607048189671
PDQ,5.352835952044964
rough_MAP,5.090261782579624
Surface.T,4.701154278082455
rough_Soil.C,2.8642819516189957
rough_PDQ,2.3843460012899547
pH,2.35773829653007
Clay,1.1782537211862831
rough_CEC,1.1083132036805374
rough_Surface.T,0.8244150770219284
