nt,pseudo_r2,pred_obs_r2,pred_obs_r2_exp
5050,0.45111481522306407,0.8567097787541866,0.7614573088906066
