var,rel.inf
MAP,37.631932792984294
CEC,11.424547220679178
rough_Elevation,9.25388740823057
Elevation,8.700893477732471
rough_NDVI,6.64638444907237
PDQ,5.253274164455916
rough_MAP,4.649866356260281
Surface.T,4.336321290629422
rough_Soil.C,3.102267569892079
pH,2.5456395620429544
rough_PDQ,2.296915415007322
Clay,1.5453987880165756
rough_CEC,1.4983349361421048
rough_Surface.T,1.1143365688544637
