var,rel.inf
MAP,40.60768569270375
CEC,11.647561812532917
rough_Elevation,9.186321872132417
Elevation,8.18314808361877
rough_NDVI,6.753208947283136
PDQ,5.365360500232132
Surface.T,4.497365916183503
rough_MAP,4.483355363045967
rough_Soil.C,2.735579237591886
rough_PDQ,2.1895308911552136
pH,2.1265029922764946
Clay,0.9237703200599388
rough_CEC,0.6822647014201372
rough_Surface.T,0.6183436697637414
