var,rel.inf
MAP,38.02971877226674
CEC,11.348175992513665
rough_Elevation,9.272485580021288
Elevation,8.497459281186822
rough_NDVI,6.807453265723908
PDQ,5.452965465713774
Surface.T,4.304293590438011
rough_MAP,4.288440829191514
rough_Soil.C,2.9748903958828534
pH,2.68784611045469
rough_PDQ,2.427618328981602
rough_CEC,1.476890949538603
Clay,1.4340737562605066
rough_Surface.T,0.9976876818260187
