var,rel.inf
MAP,39.83402820711838
CEC,11.407273631291224
rough_Elevation,9.227215517567567
Elevation,8.237253750038946
rough_NDVI,6.624410738077993
PDQ,5.584491141516444
rough_MAP,4.45483029139214
Surface.T,4.3228694289892875
rough_Soil.C,2.8850417855923176
pH,2.576932918032332
rough_PDQ,2.195997206426379
Clay,1.0122449594893053
rough_CEC,0.8918293450363861
rough_Surface.T,0.7455810794312935
