nt,pseudo_r2,pred_obs_r2,pred_obs_r2_exp
5150,0.515070258192001,0.8597636804115175,0.7644053452127426
