nt,pseudo_r2,pred_obs_r2,pred_obs_r2_exp
5200,0.510755973213505,0.8597863760808824,0.7652636434938801
