var,rel.inf
MAP,38.50471706315271
CEC,11.402407816126773
rough_Elevation,9.336318480141282
Elevation,8.49454188075959
rough_NDVI,6.750506395055604
PDQ,5.641519958174456
rough_MAP,4.607177776202289
Surface.T,4.189069092403324
rough_Soil.C,3.1450292781851092
pH,2.3656190340516137
rough_PDQ,2.3399843722167444
rough_CEC,1.2109523909236888
Clay,1.1605704564889268
rough_Surface.T,0.8515860061178905
