nt,pseudo_r2,pred_obs_r2,pred_obs_r2_exp
5050,0.53681568168776,0.8563375674574031,0.7636889232949803
