nt,pseudo_r2,pred_obs_r2,pred_obs_r2_exp
4300,0.4939671967757009,0.8401198910628924,0.7441797712492649
