var,rel.inf
MAP,38.08543846103815
CEC,11.420194250343862
rough_Elevation,9.37536045522938
Elevation,8.367085062259227
rough_NDVI,6.634875046912523
PDQ,5.615387012611654
rough_MAP,4.920419420648425
Surface.T,4.177848902234086
rough_Soil.C,3.055982532067865
pH,2.544431984891638
rough_PDQ,2.2732433750202707
Clay,1.4230445325108376
rough_CEC,1.2561037036785219
rough_Surface.T,0.8505852605535729
