nt,pseudo_r2,pred_obs_r2,pred_obs_r2_exp
5150,0.5047866841461635,0.8590330621986894,0.7654473902879816
