nt,pseudo_r2,pred_obs_r2,pred_obs_r2_exp
4150,0.47402744870618496,0.8350406860849425,0.7381088139637023
