var,rel.inf
MAP,38.4987825883116
CEC,11.364593149313887
rough_Elevation,9.307082004955676
Elevation,8.328443214216378
rough_NDVI,6.490401260880476
PDQ,5.592376526941813
rough_MAP,4.787021833481553
Surface.T,4.494341220484831
rough_Soil.C,2.998253567303697
pH,2.4498475329868343
rough_PDQ,2.325348761897149
Clay,1.2815045900680153
rough_CEC,1.2306357332165152
rough_Surface.T,0.8513680159415784
