var,rel.inf
MAP,38.96017871375789
CEC,11.415945427206225
rough_Elevation,9.245061815133445
Elevation,8.62278113724273
rough_NDVI,6.6270963279614366
PDQ,5.430217577646714
rough_MAP,4.641929189030986
Surface.T,4.193865922322031
rough_Soil.C,2.8659570445195364
pH,2.544552689316928
rough_PDQ,2.418959662382293
Clay,1.203723640084481
rough_CEC,1.0304662636024435
rough_Surface.T,0.7992645897928602
