var,rel.inf
MAP,38.74817387826376
CEC,11.491341862663255
rough_Elevation,9.046454548476886
Elevation,8.30134308089126
rough_NDVI,6.7533528394286835
PDQ,5.516980989524229
Surface.T,4.656361370144897
rough_MAP,4.38794637569349
rough_Soil.C,2.9008367080334683
pH,2.3629129282200747
rough_PDQ,2.355504649707699
Clay,1.3468848012871326
rough_CEC,1.2218898203197595
rough_Surface.T,0.9100161473454017
