var,rel.inf
MAP,39.54620117594608
CEC,11.257958185258305
rough_Elevation,9.193514320850149
Elevation,8.325126482410976
rough_NDVI,6.608055666102869
PDQ,5.373111522885399
rough_MAP,4.704620539441997
Surface.T,4.403208841438108
rough_Soil.C,2.9124833299217814
pH,2.460145112960964
rough_PDQ,2.409196416476273
Clay,1.1049743769196962
rough_Surface.T,0.8510341288257675
rough_CEC,0.850369900561633
