nt,pseudo_r2,pred_obs_r2,pred_obs_r2_exp
5050,0.5294457491712525,0.8574153885757387,0.761475318882707
