nt,pseudo_r2,pred_obs_r2,pred_obs_r2_exp
7e3,0.5060982173679793,0.8912215404000439,0.80571204133909
