nt,pseudo_r2,pred_obs_r2,pred_obs_r2_exp
5400,0.5163097355784977,0.8635596134039119,0.7703815453447331
