var,rel.inf
MAP,37.35594537801046
CEC,11.387093109314483
rough_Elevation,9.341467951983825
Elevation,8.414056291959998
rough_NDVI,6.558613051921706
PDQ,5.376198113336919
rough_MAP,4.876122924202813
Surface.T,4.511466102160237
rough_Soil.C,3.1540823923815537
pH,2.5279375287295203
rough_PDQ,2.462230277147816
Clay,1.4713613894587894
rough_CEC,1.407269940057403
rough_Surface.T,1.1561555493344657
