nt,pseudo_r2,pred_obs_r2,pred_obs_r2_exp
5350,0.5363743955344831,0.862361298057929,0.7696583038662002
