nt,pseudo_r2,pred_obs_r2,pred_obs_r2_exp
7600,0.5109290088117289,0.9001952419033604,0.8160377893851083
