nt,pseudo_r2,pred_obs_r2,pred_obs_r2_exp
4450,0.5222723489262392,0.8426386923090344,0.7457305151144309
