nt,pseudo_r2,pred_obs_r2,pred_obs_r2_exp
7300,0.5189753943300387,0.8960536171931036,0.8115324621428679
