var,rel.inf
MAP,39.798532279990305
CEC,11.558988048721913
rough_Elevation,9.291427694274807
Elevation,8.204072306449431
rough_NDVI,6.3080574752851035
PDQ,5.405608214055145
rough_MAP,4.867194181218515
Surface.T,4.251553850065201
rough_Soil.C,2.8611169017573643
rough_PDQ,2.4821827698788197
pH,2.4460120910079812
Clay,1.0582035051909486
rough_CEC,0.7856190727041465
rough_Surface.T,0.6814316094003182
