var,rel.inf
MAP,39.84020661311497
CEC,11.441109753301237
rough_Elevation,9.029654716400978
Elevation,8.307508347450128
rough_NDVI,6.74894155848032
PDQ,5.784333900775087
rough_MAP,4.554089581853733
Surface.T,4.473150658880919
rough_Soil.C,2.6882438712638814
pH,2.264835865745645
rough_PDQ,2.2110692523398443
Clay,1.0347161721169609
rough_Surface.T,0.8112526054986973
rough_CEC,0.8108871027776015
