nt,pseudo_r2,pred_obs_r2,pred_obs_r2_exp
6150,0.5211311014893618,0.8776495154532941,0.7883432327409594
