nt,pseudo_r2,pred_obs_r2,pred_obs_r2_exp
5150,0.4792265180928861,0.8579284345128707,0.7635938932877802
