var,rel.inf
MAP,37.50419852082952
CEC,11.424887241969587
rough_Elevation,9.223259247485904
Elevation,8.42656966125943
rough_NDVI,6.767489369609542
PDQ,5.322514768519039
rough_MAP,4.802020934414081
Surface.T,4.510651561211042
rough_Soil.C,3.103681735144859
pH,2.7228188631111454
rough_PDQ,2.3914509321062
rough_CEC,1.4750436308040615
Clay,1.3575737528103509
rough_Surface.T,0.9678397807252406
