nt,pseudo_r2,pred_obs_r2,pred_obs_r2_exp
4700,0.5165430182491041,0.8478208551729345,0.7516429661713595
