var,rel.inf
MAP,38.97644378988639
CEC,11.428570976833939
rough_Elevation,9.136566137265078
Elevation,8.29083859471689
rough_NDVI,6.709035952951107
PDQ,5.423073760887114
rough_MAP,4.863823458374696
Surface.T,4.377630070502953
rough_Soil.C,2.9632717829041977
pH,2.4174770460595036
rough_PDQ,2.326121379044414
Clay,1.1310896939380193
rough_CEC,1.100948638670611
rough_Surface.T,0.8551087179650926
