nt,pseudo_r2,pred_obs_r2,pred_obs_r2_exp
5150,0.5206999150906184,0.8590776176681796,0.7660428767257139
