var,rel.inf
MAP,38.523828229781
CEC,11.697825463076239
rough_Elevation,9.238207227169092
Elevation,8.612605298884775
rough_NDVI,6.597844486255214
PDQ,5.438223417198273
rough_MAP,4.6740015620867625
Surface.T,4.1444904616531995
rough_Soil.C,3.054650922666549
pH,2.40172035150868
rough_PDQ,2.3556059001959326
Clay,1.1885057239026056
rough_CEC,1.1877109683958353
rough_Surface.T,0.8847799872258432
