nt,pseudo_r2,pred_obs_r2,pred_obs_r2_exp
6e3,0.4684681658808505,0.8756188521184649,0.7858379846467526
