var,rel.inf
MAP,38.49246300092415
CEC,11.413954097046156
rough_Elevation,9.336693829271995
Elevation,8.390809072090383
rough_NDVI,6.712762640634134
PDQ,5.500583803113188
rough_MAP,4.783714839183756
Surface.T,4.455400676139377
rough_Soil.C,2.9889151509337437
rough_PDQ,2.3263017960110073
pH,2.3257710618929566
Clay,1.3008828246893451
rough_CEC,1.1913622990724342
rough_Surface.T,0.7803849089973811
