var,rel.inf
MAP,38.411401480148356
CEC,11.306590830481207
rough_Elevation,9.174684397999664
Elevation,8.190959354527692
rough_NDVI,6.7583731505019715
PDQ,5.754318806506771
rough_MAP,4.582301065289478
Surface.T,4.278353713830107
rough_Soil.C,3.1382105586530624
pH,2.5548997097388413
rough_PDQ,2.233102023605015
Clay,1.3644889918345031
rough_CEC,1.2362973469832597
rough_Surface.T,1.0160185699000843
