nt,pseudo_r2,pred_obs_r2,pred_obs_r2_exp
5450,0.4900241978104216,0.8652005032542093,0.773641167301003
