nt,pseudo_r2,pred_obs_r2,pred_obs_r2_exp
6e3,0.5335412324816837,0.8752473930871555,0.7836349792369685
