nt,pseudo_r2,pred_obs_r2,pred_obs_r2_exp
5750,0.5424406038550877,0.8703885247304843,0.7778324016781174
