var,rel.inf
MAP,39.759548027553976
CEC,11.471436433896692
rough_Elevation,9.363038703261944
Elevation,8.131969881600993
rough_NDVI,6.885691956270675
PDQ,5.8135247322871155
rough_MAP,4.382257922346685
Surface.T,4.206577810179297
rough_Soil.C,2.7197253324300767
pH,2.3507851256556966
rough_PDQ,2.320994541966508
Clay,0.9939424609924694
rough_CEC,0.8236699260087088
rough_Surface.T,0.77683714554917
