nt,pseudo_r2,pred_obs_r2,pred_obs_r2_exp
4550,0.4797180845187492,0.8443210388726816,0.7467037957511562
