var,rel.inf
MAP,39.77244030281846
CEC,11.572682106533847
rough_Elevation,9.04107719474085
Elevation,8.423421775520687
rough_NDVI,6.654434826660242
PDQ,5.38523106114477
rough_MAP,4.476772784665175
Surface.T,4.345847828706567
rough_Soil.C,2.8141042142700594
rough_PDQ,2.362531128831978
pH,2.3506208985117283
Clay,1.0759646006291395
rough_CEC,0.8724997890220808
rough_Surface.T,0.852371487944418
