nt,pseudo_r2,pred_obs_r2,pred_obs_r2_exp
4950,0.509772845714453,0.8534359703858766,0.7588871641541435
