var,rel.inf
MAP,39.10912192834008
CEC,11.114707423701518
rough_Elevation,9.258462271779727
Elevation,8.396330285352441
rough_NDVI,6.7694482275325845
PDQ,5.499395539563977
Surface.T,4.594711588209071
rough_MAP,4.4846580862142895
rough_Soil.C,3.069561901075224
pH,2.471418640043057
rough_PDQ,2.2801693122983386
Clay,1.1459231129972176
rough_CEC,1.073406716645396
rough_Surface.T,0.7326849662470747
