var,rel.inf
MAP,38.61824518743219
CEC,11.48941814392013
rough_Elevation,9.30058890965211
Elevation,8.26933990164714
rough_NDVI,6.650642572039924
PDQ,5.275291211673203
rough_MAP,4.947144922781393
Surface.T,4.432116863184456
rough_Soil.C,3.0347281721018775
rough_PDQ,2.4590913020557825
pH,2.3194158100679685
rough_CEC,1.1559469604955293
Clay,1.1261897709746471
rough_Surface.T,0.9218402719736527
