var,rel.inf
MAP,39.0124369700334
CEC,11.366362617328399
rough_Elevation,9.11710837760442
Elevation,8.19654890830959
rough_NDVI,6.797603359781699
PDQ,5.461108892304226
rough_MAP,4.717055794028241
Surface.T,4.221021765141636
rough_Soil.C,2.934504810779079
pH,2.501371548827177
rough_PDQ,2.404798157754993
Clay,1.2709355730816476
rough_CEC,1.1207948768965859
rough_Surface.T,0.8783483481289086
