nt,pseudo_r2,pred_obs_r2,pred_obs_r2_exp
5850,0.49710053185809533,0.8723233975488197,0.780923750622579
