var,rel.inf
MAP,39.38337426413889
CEC,11.428698570705478
rough_Elevation,9.298814828180706
Elevation,8.309583304542565
rough_NDVI,6.989289872710986
PDQ,5.260483358974787
rough_MAP,4.548017918620613
Surface.T,4.228363186088646
rough_Soil.C,2.7875155385841714
pH,2.6557398616726955
rough_PDQ,2.3069946623114985
Clay,1.0513786968020773
rough_CEC,0.9700546438695735
rough_Surface.T,0.7816912927973176
