var,rel.inf
MAP,38.66185673293445
CEC,11.575215719861252
rough_Elevation,9.237012562339126
Elevation,8.270769884021792
rough_NDVI,6.634409511268126
PDQ,5.313898050461375
rough_MAP,4.844202838518997
Surface.T,4.456940554106017
rough_Soil.C,2.983900497595995
rough_PDQ,2.493166236594255
pH,2.4247275136712534
Clay,1.1592572234561864
rough_CEC,1.0803216781230462
rough_Surface.T,0.8643209970481314
