nt,pseudo_r2,pred_obs_r2,pred_obs_r2_exp
6450,0.5108151141052197,0.8828729996929945,0.7932614767427093
