nt,pseudo_r2,pred_obs_r2,pred_obs_r2_exp
4600,0.47705270742329053,0.8473413850052963,0.7507867432740586
