nt,pseudo_r2,pred_obs_r2,pred_obs_r2_exp
5150,0.5164823575135395,0.8589803079888289,0.7637026069052408
