nt,pseudo_r2,pred_obs_r2,pred_obs_r2_exp
4800,0.49738373946677517,0.8504822082306328,0.7552311167570794
