var,rel.inf
MAP,39.70833283384512
CEC,11.35241852843141
rough_Elevation,9.157174822762627
Elevation,8.122663618368016
rough_NDVI,6.807394615719156
PDQ,5.755678473569278
rough_MAP,4.319464387482572
Surface.T,4.315215594337502
rough_Soil.C,2.8828066388211226
pH,2.5176764489890155
rough_PDQ,2.383079864809779
Clay,1.0902914669466306
rough_CEC,0.8040884240681289
rough_Surface.T,0.7837142818496458
