nt,pseudo_r2,pred_obs_r2,pred_obs_r2_exp
5100,0.5103937935626188,0.8584636187332159,0.7627361807284843
