var,rel.inf
MAP,38.584810656261354
CEC,11.283705927708455
rough_Elevation,9.243087360957112
Elevation,8.337785835112143
rough_NDVI,6.780425344066768
PDQ,5.400666587752148
rough_MAP,4.744661728150403
Surface.T,4.4101048218619665
rough_Soil.C,3.0190908698985126
pH,2.6957589176941825
rough_PDQ,2.32541851446624
Clay,1.1479794869629438
rough_CEC,1.1025607294198676
rough_Surface.T,0.9239432196878946
