var,rel.inf
MAP,39.45046264849551
CEC,11.538030507117217
rough_Elevation,9.282648852719229
Elevation,8.165967675458493
rough_NDVI,6.799544282347466
PDQ,5.3314130664853066
Surface.T,4.488707978082446
rough_MAP,4.458047272609472
rough_Soil.C,2.9783630758187023
pH,2.3459706586258786
rough_PDQ,2.3038476006510327
Clay,1.1268727130319474
rough_CEC,0.9956334068888033
rough_Surface.T,0.7344902616684935
