nt,pseudo_r2,pred_obs_r2,pred_obs_r2_exp
5900,0.5139100427444225,0.8747221687695345,0.7831041957856758
