nt,pseudo_r2,pred_obs_r2,pred_obs_r2_exp
5850,0.5275057141120764,0.8727555556441741,0.7822607311590788
