var,rel.inf
MAP,38.930607717262
CEC,11.39736667071726
rough_Elevation,9.3375037687745
Elevation,8.576551452022985
rough_NDVI,6.691857408074013
PDQ,5.38603874962191
Surface.T,4.628644869361169
rough_MAP,4.370932578508481
rough_Soil.C,2.8075880426843765
rough_PDQ,2.3447812181346386
pH,2.335180747628268
Clay,1.2660693091257644
rough_CEC,1.1796730262349757
rough_Surface.T,0.7472044418496591
