nt,pseudo_r2,pred_obs_r2,pred_obs_r2_exp
4450,0.4903758265030922,0.8420271790454318,0.7426940285695568
