var,rel.inf
MAP,38.514824686314135
CEC,11.414690628539724
rough_Elevation,9.310823437312335
Elevation,8.577996878691168
rough_NDVI,6.677291360572104
PDQ,5.383090576693837
rough_MAP,4.683402303318588
Surface.T,4.381673722644477
rough_Soil.C,2.8662638801743707
pH,2.5671428413933968
rough_PDQ,2.416391543430266
Clay,1.2518369286673472
rough_CEC,1.1046147271974238
rough_Surface.T,0.8499564850508203
