nt,pseudo_r2,pred_obs_r2,pred_obs_r2_exp
4750,0.443885130201056,0.8491798589805043,0.7535664338516114
