nt,pseudo_r2,pred_obs_r2,pred_obs_r2_exp
9550,0.512375927271872,0.9225654110912065,0.84649920451028
