var,rel.inf
MAP,37.819884255713724
CEC,10.925499181105812
rough_Elevation,9.174391193778783
Elevation,8.424978300544943
rough_NDVI,6.678906253314466
PDQ,5.636992012715069
rough_MAP,4.911976434813773
Surface.T,4.574481307748727
rough_Soil.C,2.8771670858387157
rough_PDQ,2.523086111299287
pH,2.299359065789632
Clay,1.5407499057360279
rough_CEC,1.452761599351199
rough_Surface.T,1.159767292249842
