nt,pseudo_r2,pred_obs_r2,pred_obs_r2_exp
4750,0.5155402716392916,0.8488565946636671,0.7545542483019938
