var,rel.inf
MAP,37.62062991536785
CEC,11.273770732515597
rough_Elevation,9.227666005281344
Elevation,8.664132683118702
rough_NDVI,6.601019828443134
PDQ,5.3507784502873985
Surface.T,4.6184314290196875
rough_MAP,4.550780723230518
rough_Soil.C,3.161506479708262
pH,2.5606968704117303
rough_PDQ,2.3891813665164383
rough_CEC,1.4482130559710258
Clay,1.425992426098744
rough_Surface.T,1.1072000340295693
