nt,pseudo_r2,pred_obs_r2,pred_obs_r2_exp
5550,0.5051820983427859,0.8671300445502974,0.7729705880087496
