var,rel.inf
MAP,37.6765450215896
CEC,11.360291191306622
rough_Elevation,9.256180973223964
Elevation,8.671556643738056
rough_NDVI,6.837999851734774
PDQ,5.53304096471976
rough_MAP,4.571172315957457
Surface.T,4.252158517356748
rough_Soil.C,3.0997144878500507
pH,2.529673665578197
rough_PDQ,2.3131408880435784
rough_CEC,1.460950214683912
Clay,1.3394540550136156
rough_Surface.T,1.0981212092036576
