nt,pseudo_r2,pred_obs_r2,pred_obs_r2_exp
4350,0.503631896017398,0.8409578364827424,0.7422888605917024
