nt,pseudo_r2,pred_obs_r2,pred_obs_r2_exp
4750,0.530126098982182,0.8501953135571194,0.7553302639511782
