var,rel.inf
MAP,39.98729492553354
CEC,11.627511608978574
rough_Elevation,9.13756752162425
Elevation,8.13625472721074
rough_NDVI,6.672646927475095
PDQ,5.4242941634721245
rough_MAP,4.577357504052709
Surface.T,4.3987684573745165
rough_Soil.C,2.8873948415968687
pH,2.5083403304509857
rough_PDQ,2.355923431875248
Clay,0.8455933392012364
rough_CEC,0.720975627433232
rough_Surface.T,0.720076593720877
