nt,pseudo_r2,pred_obs_r2,pred_obs_r2_exp
5600,0.5268985869167527,0.8669888602000128,0.7763228936208337
