nt,pseudo_r2,pred_obs_r2,pred_obs_r2_exp
6150,0.5247722977636582,0.8789008199757141,0.788510818543469
