nt,pseudo_r2,pred_obs_r2,pred_obs_r2_exp
5300,0.5073944547553825,0.8618411484432354,0.7665425434520615
