var,rel.inf
MAP,37.30147439899268
CEC,11.247944585762712
rough_Elevation,9.214994159291159
Elevation,8.35637374397552
rough_NDVI,6.566013558868939
PDQ,5.442012358843294
rough_MAP,5.106663115962216
Surface.T,4.492913714440177
rough_Soil.C,3.2752380553248392
pH,2.783048519825042
rough_PDQ,2.4476921014795106
Clay,1.4170968435344058
rough_CEC,1.4107820364675758
rough_Surface.T,0.9377528072319323
