nt,pseudo_r2,pred_obs_r2,pred_obs_r2_exp
5600,0.5188244965920232,0.867568159733147,0.7757542665823836
