nt,pseudo_r2,pred_obs_r2,pred_obs_r2_exp
4200,0.4885174653397376,0.8383848354251141,0.7392613665293366
