nt,pseudo_r2,pred_obs_r2,pred_obs_r2_exp
5150,0.4866119839828196,0.8594125273965161,0.7641256628032517
