nt,pseudo_r2,pred_obs_r2,pred_obs_r2_exp
4450,0.5142360339607404,0.8424916126460308,0.7474960084006051
