var,rel.inf
MAP,39.031028373622625
CEC,11.654665790772054
rough_Elevation,9.30950441381723
Elevation,8.36004423387206
rough_NDVI,6.6433644579011455
PDQ,5.765483705959929
rough_MAP,4.734029752529838
Surface.T,4.050481313756379
rough_Soil.C,2.887924077218591
pH,2.3592817216968265
rough_PDQ,2.2243153881526587
Clay,1.1149300560168176
rough_CEC,1.0152993506376584
rough_Surface.T,0.8496473640461818
