var,rel.inf
MAP,39.2495344551866
CEC,11.309487455895239
rough_Elevation,9.258117491211792
Elevation,8.306630100337097
rough_NDVI,6.810187799954955
PDQ,5.6066895752977555
rough_MAP,4.808295995524929
Surface.T,4.443703166042459
rough_Soil.C,2.754893873417806
rough_PDQ,2.3748275558531025
pH,2.2441731216669574
Clay,1.1195839423365515
rough_CEC,0.9503616470757411
rough_Surface.T,0.7635138201990106
