nt,pseudo_r2,pred_obs_r2,pred_obs_r2_exp
5250,0.4861503727463822,0.8606674472595423,0.7664293584529642
