nt,pseudo_r2,pred_obs_r2,pred_obs_r2_exp
4900,0.5287330867398207,0.8536357589532017,0.7592843786857486
