var,rel.inf
MAP,38.69062297093972
CEC,11.618799850381706
rough_Elevation,9.365692099435517
Elevation,8.342200668387342
rough_NDVI,6.8444252484812775
PDQ,5.506180948466436
rough_MAP,4.654746224806441
Surface.T,4.287666084862992
rough_Soil.C,2.943188890530243
pH,2.33964276732112
rough_PDQ,2.301686399492318
Clay,1.230899364219081
rough_CEC,1.1129407905591695
rough_Surface.T,0.7613076921166304
