nt,pseudo_r2,pred_obs_r2,pred_obs_r2_exp
3700,0.42442043239445437,0.8249145792742094,0.7272557180437698
