var,rel.inf
MAP,39.91965542097148
CEC,11.278616574784287
rough_Elevation,9.326580170595328
Elevation,8.164802689636483
rough_NDVI,6.631917808749622
PDQ,5.736621423138573
rough_MAP,4.685648031220676
Surface.T,4.378680591638667
rough_Soil.C,2.7898993026092893
pH,2.300507017469791
rough_PDQ,2.2706987960002283
Clay,1.0201021685958702
rough_CEC,0.772589883264684
rough_Surface.T,0.7236801213250125
