nt,pseudo_r2,pred_obs_r2,pred_obs_r2_exp
5550,0.5330782160597027,0.8667255284798682,0.7729088575433747
