var,rel.inf
MAP,39.83941465537105
CEC,11.48229946741096
rough_Elevation,9.296412781073158
Elevation,8.074486345988817
rough_NDVI,6.841471284025556
PDQ,5.548950598082319
rough_MAP,4.827744912139891
Surface.T,4.092370339526032
rough_Soil.C,2.7730429794009157
pH,2.4290642476171307
rough_PDQ,2.196826277124209
Clay,0.9766118857226299
rough_CEC,0.8171167346441996
rough_Surface.T,0.8041874918731344
