var,rel.inf
MAP,38.56230590719768
CEC,11.154795984170862
rough_Elevation,9.129640965497636
Elevation,8.65079876725482
rough_NDVI,6.833359593733078
PDQ,5.692691574266223
rough_MAP,4.591380341711509
Surface.T,4.433741670166687
rough_Soil.C,2.7350848365261604
rough_PDQ,2.4615966577370854
pH,2.3408298326313783
Clay,1.3289523635549916
rough_CEC,1.2225918929368664
rough_Surface.T,0.862229612615013
