var,rel.inf
MAP,37.287341298972756
CEC,11.281017338563023
rough_Elevation,9.472866685602243
Elevation,8.480752875343567
rough_NDVI,6.7513182373008425
PDQ,5.553846363891588
rough_MAP,5.032524949727132
Surface.T,4.339232941668277
rough_Soil.C,3.0230760094344973
pH,2.603193934636047
rough_PDQ,2.3700205252517765
rough_CEC,1.4706918619250593
Clay,1.3593843470205722
rough_Surface.T,0.974732630662616
