var,rel.inf
MAP,37.36079534434588
CEC,11.253771694288329
rough_Elevation,9.226721157695527
Elevation,8.651207272365944
rough_NDVI,6.774472654483162
PDQ,5.595799800376014
rough_MAP,4.865130208632588
Surface.T,4.230049424875889
rough_Soil.C,2.9567729668738396
rough_PDQ,2.4734602148045264
pH,2.4317086249438287
rough_CEC,1.5427737672337207
Clay,1.4977188510793955
rough_Surface.T,1.139618018001353
