nt,pseudo_r2,pred_obs_r2,pred_obs_r2_exp
5150,0.5244236766890498,0.8586993445709669,0.7629441872817818
