nt,pseudo_r2,pred_obs_r2,pred_obs_r2_exp
5150,0.4957723375176418,0.8582808139759772,0.7637229942756476
