var,rel.inf
MAP,39.21515551420618
CEC,11.567019042284137
rough_Elevation,9.324278611634861
Elevation,8.295476518595903
rough_NDVI,6.859313119504457
PDQ,5.602402518735575
rough_MAP,4.395797610705081
Surface.T,4.0696186961973675
rough_Soil.C,2.933014808059225
pH,2.548556950501045
rough_PDQ,2.247999538139004
Clay,1.21466793576489
rough_CEC,0.9894900912513737
rough_Surface.T,0.7372090444209001
