var,rel.inf
MAP,38.191262927708564
CEC,11.282999505959795
rough_Elevation,9.465461311491842
Elevation,8.394904752698004
rough_NDVI,6.818036410161943
PDQ,5.429810794649951
rough_MAP,4.5325961595798825
Surface.T,4.2015321336838305
rough_Soil.C,2.9583157772398767
pH,2.633741259102149
rough_PDQ,2.4464218718094637
rough_CEC,1.318783639817765
Clay,1.3155435709902905
rough_Surface.T,1.0105898851066444
