nt,pseudo_r2,pred_obs_r2,pred_obs_r2_exp
4950,0.5265087882180223,0.8541272794058364,0.7585134255038853
