nt,pseudo_r2,pred_obs_r2,pred_obs_r2_exp
4900,0.47889119779193756,0.8518543687295748,0.7570683906154143
