var,rel.inf
MAP,38.3122010926984
CEC,11.135382235132962
rough_Elevation,9.26586220473256
Elevation,8.338159837473873
rough_NDVI,6.7207340934213935
PDQ,5.631116654036748
rough_MAP,4.793917464124655
Surface.T,4.554222921605106
rough_Soil.C,2.997006623473643
pH,2.423272453966861
rough_PDQ,2.36377599376572
rough_CEC,1.2666819890401786
Clay,1.240018131565706
rough_Surface.T,0.9576483049621922
