var,rel.inf
MAP,39.83689360078869
CEC,11.573867080936642
rough_Elevation,9.199500216045461
Elevation,8.238018952279903
rough_NDVI,6.958228426462703
PDQ,5.401254062125639
Surface.T,4.440174705987409
rough_MAP,4.132298522719092
rough_Soil.C,2.900678005275638
rough_PDQ,2.320823699934
pH,2.256938007331733
Clay,1.1132036365188402
rough_CEC,0.9459313094077748
rough_Surface.T,0.6821897741864766
