nt,pseudo_r2,pred_obs_r2,pred_obs_r2_exp
4900,0.5223748683956482,0.853587737361399,0.758530070123254
