var,rel.inf
MAP,36.9367349405633
CEC,11.294368228779964
rough_Elevation,9.298898818056385
Elevation,8.530913722270604
rough_NDVI,6.522051363339732
PDQ,5.532199779647309
rough_MAP,4.998058303483253
Surface.T,4.361241841603207
rough_Soil.C,3.154923592969248
pH,2.578397071459483
rough_PDQ,2.459937125577466
rough_CEC,1.6273082063640623
Clay,1.5904017974222817
rough_Surface.T,1.1145652084637057
