var,rel.inf
MAP,38.920864349962564
CEC,11.340818228334665
rough_Elevation,9.216091501509533
Elevation,8.47445679965332
rough_NDVI,6.883783268193866
PDQ,5.317152047602978
rough_MAP,4.667885623456613
Surface.T,4.487652932460277
rough_Soil.C,2.9974309432207256
pH,2.451180701184593
rough_PDQ,2.2900807230531046
Clay,1.1466526856280053
rough_CEC,1.0343450786322361
rough_Surface.T,0.771605117107517
