nt,pseudo_r2,pred_obs_r2,pred_obs_r2_exp
6250,0.5179577372360246,0.8793608418612037,0.7884721112027897
