var,rel.inf
MAP,38.37922196639528
CEC,11.068107093426697
rough_Elevation,9.18993998976158
Elevation,8.40306122521289
rough_NDVI,6.87557987735769
PDQ,5.761418927883106
rough_MAP,4.898661404108675
Surface.T,4.291617047347029
rough_Soil.C,2.8852031616418525
rough_PDQ,2.375194177529402
pH,2.287950975442041
Clay,1.4101675758132188
rough_CEC,1.2218806055460107
rough_Surface.T,0.9519959725345278
