var,rel.inf
MAP,37.755791099146755
CEC,11.287355638271599
rough_Elevation,9.36290985210057
Elevation,8.420687601900742
rough_NDVI,6.701819397358481
PDQ,5.359873225758934
rough_MAP,4.935379424004599
Surface.T,4.4394773533453815
rough_Soil.C,3.1159643583635033
pH,2.5539130446165768
rough_PDQ,2.402352834099239
Clay,1.4180504414920614
rough_CEC,1.313470783997414
rough_Surface.T,0.9329549455441427
