nt,pseudo_r2,pred_obs_r2,pred_obs_r2_exp
5500,0.49418376404256636,0.8650925036616276,0.7716783730085135
