nt,pseudo_r2,pred_obs_r2,pred_obs_r2_exp
6700,0.5415722416750123,0.8878275542637472,0.7995711719738955
