var,rel.inf
MAP,39.381107269192995
CEC,11.27021918277956
rough_Elevation,9.038850771549596
Elevation,8.406350339986078
rough_NDVI,6.585904279904255
PDQ,5.656455651003564
rough_MAP,4.607833645846348
Surface.T,4.385933855007724
rough_Soil.C,2.7718145731961816
pH,2.526159457059126
rough_PDQ,2.4233483532061233
Clay,1.1103992515154892
rough_CEC,1.0375524339546776
rough_Surface.T,0.7980709357982859
