var,rel.inf
MAP,39.83730447768574
CEC,11.321991268312345
rough_Elevation,8.905581587927754
Elevation,8.278895654937578
rough_NDVI,6.871006256818531
PDQ,5.653836981044896
Surface.T,4.461602792634987
rough_MAP,4.439308899819175
rough_Soil.C,2.7672030968672856
pH,2.343212799134574
rough_PDQ,2.1979344414911184
Clay,1.1144877214442785
rough_CEC,1.0521745394556656
rough_Surface.T,0.7554594824260688
