var,rel.inf
MAP,40.31946652817826
CEC,11.606662745268263
rough_Elevation,9.181390360850836
Elevation,8.145821440686378
rough_NDVI,6.768103033136886
PDQ,5.483470009743316
Surface.T,4.418472466197734
rough_MAP,4.383581569387906
rough_Soil.C,2.6534391605218617
pH,2.408664964371468
rough_PDQ,2.325994218837118
Clay,0.9040592859480828
rough_CEC,0.763785583604157
rough_Surface.T,0.6370886332677363
