var,rel.inf
MAP,38.82222119504646
CEC,11.393379943688496
rough_Elevation,9.341194469110796
Elevation,8.556032068324146
rough_NDVI,6.862521535748689
PDQ,5.472857173341663
Surface.T,4.306266619443167
rough_MAP,4.213578224635211
rough_Soil.C,2.865071956152643
pH,2.568251765995316
rough_PDQ,2.2269566078578036
Clay,1.288915540566427
rough_CEC,1.1650735251744377
rough_Surface.T,0.9176793749147377
