var,rel.inf
MAP,38.73084046135089
CEC,11.255490555026318
rough_Elevation,9.154706181383569
Elevation,8.432346979350626
rough_NDVI,6.794477716444918
PDQ,5.53722670369502
rough_MAP,4.664558421349102
Surface.T,4.373281442627909
rough_Soil.C,2.9423826273913076
pH,2.564690013684264
rough_PDQ,2.3158323818112603
Clay,1.1868451873034016
rough_CEC,1.1345385825273289
rough_Surface.T,0.912782746054084
