var,rel.inf
MAP,38.14648394318223
CEC,11.17511328871554
rough_Elevation,9.211824194992262
Elevation,8.62384727727662
rough_NDVI,6.685145406065197
PDQ,5.4824526799087785
Surface.T,4.484837443546972
rough_MAP,4.197061748638843
rough_Soil.C,3.0507982189772416
pH,2.624987754807198
rough_PDQ,2.357902852830948
rough_CEC,1.4594692349318585
Clay,1.4525575185586097
rough_Surface.T,1.0475184375677062
