nt,pseudo_r2,pred_obs_r2,pred_obs_r2_exp
4850,0.4898883419681317,0.8514099315703263,0.7562392662176944
