var,rel.inf
MAP,38.714132683579884
CEC,11.563787001899474
rough_Elevation,9.315059741982292
Elevation,8.518384590824828
rough_NDVI,6.66596913925357
PDQ,5.859823598294058
rough_MAP,4.59719773191575
Surface.T,3.9854063160086013
rough_Soil.C,2.953580202084306
rough_PDQ,2.314538141634465
pH,2.306841280167589
Clay,1.2245517421206407
rough_CEC,1.1769643089638244
rough_Surface.T,0.8037635212707234
