var,rel.inf
MAP,38.573698545170004
CEC,11.369861003206074
rough_Elevation,9.458958484476513
Elevation,8.355317745654357
rough_NDVI,6.7400008425663565
PDQ,5.527847081750124
rough_MAP,4.770391918629092
Surface.T,4.354586128354656
rough_Soil.C,3.038983017558958
pH,2.280196474214415
rough_PDQ,2.2202700378726554
Clay,1.2331294183935058
rough_CEC,1.0685891736488333
rough_Surface.T,1.0081701285044495
