var,rel.inf
MAP,38.95190341432689
CEC,11.218955519973619
rough_Elevation,9.292302225533286
Elevation,8.438842005005052
rough_NDVI,6.674804793317506
PDQ,5.429696515915327
Surface.T,4.558544838038849
rough_MAP,4.518772130655497
rough_Soil.C,2.8286149227282236
pH,2.5462283096134755
rough_PDQ,2.4219130462887666
Clay,1.2340559753295666
rough_CEC,1.0168030554183887
rough_Surface.T,0.8685632478555437
