nt,pseudo_r2,pred_obs_r2,pred_obs_r2_exp
4750,0.5163570750907653,0.8505405278176219,0.7550952177754617
