nt,pseudo_r2,pred_obs_r2,pred_obs_r2_exp
5800,0.5176472002476502,0.8718207518982364,0.7796918844456785
