var,rel.inf
MAP,40.86840804932291
CEC,11.375497646174042
rough_Elevation,9.248068549482491
Elevation,8.061033580901261
rough_NDVI,6.805929583646867
PDQ,5.513357411895429
Surface.T,4.605310544082668
rough_MAP,4.5050932615954276
rough_Soil.C,2.6407613436391166
rough_PDQ,2.3008721139735155
pH,2.1949050949101965
Clay,0.720291998793809
rough_Surface.T,0.6486002870557924
rough_CEC,0.5118705345264727
