nt,pseudo_r2,pred_obs_r2,pred_obs_r2_exp
5250,0.4708638823568263,0.8600815276375666,0.765168793393403
