var,rel.inf
MAP,38.82366957838436
CEC,11.088626963818108
rough_Elevation,9.284712718577795
Elevation,8.295983101157283
rough_NDVI,6.593434544281643
PDQ,5.761441742905565
rough_MAP,4.7110877919850145
Surface.T,4.33908454387812
rough_Soil.C,3.0424450081790284
pH,2.53391457091604
rough_PDQ,2.338335435520697
Clay,1.2216417522337872
rough_CEC,1.130414680808739
rough_Surface.T,0.8352075673538194
