nt,pseudo_r2,pred_obs_r2,pred_obs_r2_exp
5e3,0.5171348414261376,0.8561399233762446,0.7621876378516795
