var,rel.inf
MAP,38.56885034110426
CEC,11.34414775115561
rough_Elevation,9.190101217807374
Elevation,8.36783947149174
rough_NDVI,6.556421815368855
PDQ,5.748956502580133
rough_MAP,5.09445320133287
Surface.T,4.247210497014069
rough_Soil.C,2.8193504340018314
pH,2.401524241164781
rough_PDQ,2.3829032692760035
Clay,1.180770118118799
rough_CEC,1.115876812449713
rough_Surface.T,0.9815943271339608
