var,rel.inf
MAP,39.01755878082328
CEC,11.461476948416461
rough_Elevation,9.321807641944638
Elevation,8.312065665999286
rough_NDVI,6.606047823681735
PDQ,5.681861570494363
rough_MAP,4.643085583439973
Surface.T,4.35256320268474
rough_Soil.C,2.780339512884256
pH,2.464159402262548
rough_PDQ,2.3228467463471123
Clay,1.1603766091285617
rough_CEC,1.0565741091088767
rough_Surface.T,0.8192364027841629
