var,rel.inf
MAP,39.152079033573045
CEC,11.391490378315206
rough_Elevation,9.315608689934448
Elevation,8.326908718862331
rough_NDVI,6.765577934682995
PDQ,5.357588647746588
rough_MAP,4.669892123945012
Surface.T,4.47913615677261
rough_Soil.C,3.0202026937892565
pH,2.3538273644359036
rough_PDQ,2.246497298387736
Clay,1.1807178995595906
rough_CEC,0.9022629573953868
rough_Surface.T,0.8382101025998887
