var,rel.inf
MAP,38.64582518968049
CEC,11.448091723952738
rough_Elevation,9.151665053307964
Elevation,8.572325868721306
rough_NDVI,6.607968089910809
PDQ,5.405796503918869
rough_MAP,4.604542218110261
Surface.T,4.334557788154452
rough_Soil.C,2.9226377249288107
pH,2.481787632635894
rough_PDQ,2.3461460846058473
rough_CEC,1.2695129394242024
Clay,1.2643970772221325
rough_Surface.T,0.944746105426238
