nt,pseudo_r2,pred_obs_r2,pred_obs_r2_exp
5750,0.5400184082016612,0.8705059716891669,0.7790303236097204
