nt,pseudo_r2,pred_obs_r2,pred_obs_r2_exp
5800,0.5274855136587466,0.8721140540632926,0.7802824818293002
