var,rel.inf
MAP,38.10304234999589
CEC,11.437474863910381
rough_Elevation,9.349218329306762
Elevation,8.289728775637002
rough_NDVI,6.625545985348574
PDQ,5.274868618512842
rough_MAP,4.996800783887377
Surface.T,4.38425962064372
rough_Soil.C,2.995685562222506
pH,2.540891660707794
rough_PDQ,2.465544050731626
rough_CEC,1.3107253802201517
Clay,1.2717665981578163
rough_Surface.T,0.9544474207175578
