nt,pseudo_r2,pred_obs_r2,pred_obs_r2_exp
4250,0.45487514068395163,0.8371640978607628,0.7406432320818352
