nt,pseudo_r2,pred_obs_r2,pred_obs_r2_exp
4750,0.46276097145153183,0.8495248831264836,0.7527624815316943
