var,rel.inf
MAP,37.22000050424804
CEC,11.20239839539306
rough_Elevation,9.230023802469859
Elevation,8.58700765944706
rough_NDVI,6.683917564270218
PDQ,5.38056049293964
rough_MAP,4.868103419218881
Surface.T,4.423615890276578
rough_Soil.C,3.301605870075283
pH,2.613940887062813
rough_PDQ,2.383443371946705
rough_CEC,1.548473275902268
Clay,1.5324890449830542
rough_Surface.T,1.0244198217665341
