nt,pseudo_r2,pred_obs_r2,pred_obs_r2_exp
6050,0.5375085364368974,0.8758932910791046,0.7832895798828995
