var,rel.inf
MAP,38.503514447779445
CEC,11.245990513874359
rough_Elevation,9.123177895640783
Elevation,8.352106244680625
rough_NDVI,6.833332334567705
PDQ,5.601855443506315
rough_MAP,4.6202579150094
Surface.T,4.489922106456422
rough_Soil.C,2.9624588939844863
pH,2.477673088825452
rough_PDQ,2.3485363590191857
Clay,1.3401962856497462
rough_CEC,1.2258964441657927
rough_Surface.T,0.8750820268402829
