nt,pseudo_r2,pred_obs_r2,pred_obs_r2_exp
5350,0.5133033000441467,0.8617761775964325,0.7684737289121567
