nt,pseudo_r2,pred_obs_r2,pred_obs_r2_exp
4800,0.5104608611565933,0.851625250952671,0.7549666248344269
