var,rel.inf
MAP,38.74094437500118
CEC,11.445079776677153
rough_Elevation,9.172372142210413
Elevation,8.449888488493174
rough_NDVI,6.705323871038049
PDQ,5.341223672773172
Surface.T,4.6389828976068035
rough_MAP,4.366291261405986
rough_Soil.C,2.9894970420827467
rough_PDQ,2.4018949643354026
pH,2.3735253444261257
rough_CEC,1.2498529574923816
Clay,1.212530117670521
rough_Surface.T,0.9125930887868896
