nt,pseudo_r2,pred_obs_r2,pred_obs_r2_exp
4700,0.45642749769211666,0.8484481029862073,0.7517177229963586
