nt,pseudo_r2,pred_obs_r2,pred_obs_r2_exp
4800,0.4926818636348479,0.8511212099635492,0.755902296661345
