nt,pseudo_r2,pred_obs_r2,pred_obs_r2_exp
3750,0.44931793280637167,0.824685994327991,0.7270856899952084
