var,rel.inf
MAP,39.55745653732137
CEC,11.46175562152241
rough_Elevation,9.37984936089761
Elevation,8.07869025412002
rough_NDVI,6.896341809289089
PDQ,5.447197362134894
rough_MAP,4.942288105338363
Surface.T,4.013112458591183
rough_Soil.C,2.8919339468994165
pH,2.4446466000911213
rough_PDQ,2.224247205144115
Clay,0.983179032760285
rough_CEC,0.8790462109414839
rough_Surface.T,0.8002554949486421
