var,rel.inf
MAP,38.2871178385001
CEC,11.390316642007871
rough_Elevation,9.311678932509608
Elevation,8.339239924716653
rough_NDVI,6.494393131823059
PDQ,5.6662951980207366
rough_MAP,4.9690028334424685
Surface.T,4.338759342600721
rough_Soil.C,2.9930323950918902
pH,2.420027000930956
rough_PDQ,2.3280534038422394
Clay,1.2981660598708298
rough_CEC,1.2486705015456772
rough_Surface.T,0.9152467950972001
