var,rel.inf
MAP,39.479068001234296
CEC,11.709877228654573
rough_Elevation,9.145610812720456
Elevation,8.370664882966615
rough_NDVI,6.600724125598207
PDQ,5.103557905577587
Surface.T,4.414558198721441
rough_MAP,4.392756584469965
rough_Soil.C,2.971409238273076
pH,2.4287799195575803
rough_PDQ,2.3786208885574966
Clay,1.1591580220965396
rough_CEC,1.0134005415597664
rough_Surface.T,0.8318136500124007
