nt,pseudo_r2,pred_obs_r2,pred_obs_r2_exp
5850,0.5256427731009896,0.8729470467585448,0.7817737911450737
