var,rel.inf
MAP,38.88399931969379
CEC,10.917539186297995
rough_Elevation,9.28762292520321
Elevation,8.466349660306149
rough_NDVI,6.798617690287293
PDQ,5.492810408778713
Surface.T,4.716669035853099
rough_MAP,4.614321554766212
rough_Soil.C,2.912506546506634
rough_PDQ,2.3562701800833565
pH,2.2985758680403032
Clay,1.2357721483481916
rough_CEC,1.097465136137575
rough_Surface.T,0.9214803396974768
