var,rel.inf
MAP,39.67854169272342
CEC,11.674953987089959
rough_Elevation,9.315316398353406
Elevation,8.053624707633185
rough_NDVI,6.776737601674704
PDQ,5.297245434304645
rough_MAP,4.87925538888965
Surface.T,4.373185326882014
rough_Soil.C,2.7203461416012376
pH,2.429799892614183
rough_PDQ,2.242569134525684
Clay,0.9818230968474649
rough_CEC,0.8017277543431671
rough_Surface.T,0.7748734425172725
