var,rel.inf
MAP,37.39102848214356
CEC,11.210618969247479
rough_Elevation,9.26894672086384
Elevation,8.54196327113829
rough_NDVI,6.826845142326251
PDQ,5.298656373013621
Surface.T,4.8103482216229905
rough_MAP,4.755095156360767
rough_Soil.C,3.039551345782476
pH,2.5780625383044438
rough_PDQ,2.3481724701009923
rough_CEC,1.5052852870408338
Clay,1.4202103180543857
rough_Surface.T,1.0052157040000593
