nt,pseudo_r2,pred_obs_r2,pred_obs_r2_exp
4750,0.509854725611999,0.8488341022132716,0.7527478449977849
