nt,pseudo_r2,pred_obs_r2,pred_obs_r2_exp
5e3,0.5232910062559448,0.8544979869482946,0.757610248277191
