nt,pseudo_r2,pred_obs_r2,pred_obs_r2_exp
4850,0.5179703764071961,0.8520154387364306,0.7581516162366063
