var,rel.inf
MAP,37.75222776466569
CEC,11.204967175176066
rough_Elevation,9.085877113168394
Elevation,8.52829907491569
rough_NDVI,6.619006980968987
PDQ,5.569148250288849
rough_MAP,4.757799035887925
Surface.T,4.52185779976505
rough_Soil.C,2.9711479914122823
pH,2.575495097150652
rough_PDQ,2.48671786265495
Clay,1.4432883802835441
rough_CEC,1.4042302722704099
rough_Surface.T,1.079937201391514
