nt,pseudo_r2,pred_obs_r2,pred_obs_r2_exp
4650,0.4484878414722525,0.8469571977021925,0.7507334626830238
