var,rel.inf
MAP,38.33618153381489
CEC,11.161926597173151
rough_Elevation,9.46275792075364
Elevation,8.399256116979618
rough_NDVI,6.7158980369708985
PDQ,5.4775826341918865
rough_MAP,4.693284338807575
Surface.T,4.3785598939604915
rough_Soil.C,2.9609335602738973
pH,2.642831134449889
rough_PDQ,2.4596421065371974
Clay,1.3037671847142356
rough_CEC,1.1296379843187112
rough_Surface.T,0.8777409570539191
