nt,pseudo_r2,pred_obs_r2,pred_obs_r2_exp
4950,0.5174641071027551,0.8538823168094315,0.7584646329480613
