var,rel.inf
MAP,39.80740621356844
CEC,11.475620034238048
rough_Elevation,9.118199703315925
Elevation,8.354703201083293
rough_NDVI,6.879383944249641
PDQ,5.430320172304295
Surface.T,4.353679777189325
rough_MAP,4.297098429876164
rough_Soil.C,2.863603950068749
pH,2.3721601490917648
rough_PDQ,2.278163948774557
Clay,1.1098132038507138
rough_CEC,0.9102941580525181
rough_Surface.T,0.7495531143365595
