var,rel.inf
MAP,39.8147318501794
CEC,11.434279203705863
rough_Elevation,9.077499261322195
Elevation,8.257605251743762
rough_NDVI,6.72635980963574
PDQ,5.678181557424482
rough_MAP,4.598618520573121
Surface.T,4.321092962501104
rough_Soil.C,2.8776758958663433
pH,2.3534079028498986
rough_PDQ,2.3306840701994465
Clay,1.0493666856828316
rough_CEC,0.7844112645944664
rough_Surface.T,0.6960857637213617
