nt,pseudo_r2,pred_obs_r2,pred_obs_r2_exp
5650,0.5194228669440821,0.8695407100738033,0.7760486235586922
