var,rel.inf
MAP,38.76285635496931
CEC,11.4226611996372
rough_Elevation,9.356142116923099
Elevation,8.411836408115068
rough_NDVI,6.651803848944312
PDQ,5.7454655007223145
rough_MAP,4.587601696263252
Surface.T,4.139415860545907
rough_Soil.C,3.014824522623107
pH,2.536561757473256
rough_PDQ,2.1900199779250746
Clay,1.1594648209603116
rough_CEC,1.1328649849982293
rough_Surface.T,0.8884809498995532
