var,rel.inf
MAP,37.66175949457164
CEC,11.301252870268874
rough_Elevation,9.191625704098145
Elevation,8.700353934279024
rough_NDVI,6.834214109013618
PDQ,5.475388031961075
rough_MAP,4.8432680473610095
Surface.T,4.1643465076185455
rough_Soil.C,3.086791840988443
pH,2.5755830312318158
rough_PDQ,2.2972125039986295
rough_CEC,1.489006960061243
Clay,1.319630434993506
rough_Surface.T,1.0595665295544374
