var,rel.inf
MAP,38.44775907517721
CEC,11.55538484619056
rough_Elevation,9.261680987981617
Elevation,8.442616807452575
rough_NDVI,6.56387631634602
PDQ,5.607921826572487
rough_MAP,4.754633657533678
Surface.T,4.386549789339022
rough_Soil.C,3.106216982279678
pH,2.4284797303489047
rough_PDQ,2.223047802433027
Clay,1.2306279860894325
rough_CEC,1.1774711740786914
rough_Surface.T,0.8137330181771035
