nt,pseudo_r2,pred_obs_r2,pred_obs_r2_exp
3750,0.47269741658200826,0.8249729666468201,0.727732581497026
