nt,pseudo_r2,pred_obs_r2,pred_obs_r2_exp
6800,0.5232684478586088,0.8884230264370152,0.8015726480335315
