var,rel.inf
MAP,40.480874469081755
CEC,11.680398222609183
rough_Elevation,9.314228274648586
Elevation,8.411230323306796
rough_NDVI,6.732184696026205
PDQ,5.318510079871896
Surface.T,4.283867153350423
rough_MAP,4.164078099184095
rough_Soil.C,2.8409913159015816
pH,2.3403176970487993
rough_PDQ,2.2448328869096974
Clay,0.8793784897220184
rough_CEC,0.6688145821351341
rough_Surface.T,0.6402937102038349
