var,rel.inf
MAP,40.692252023697975
CEC,11.499293008354318
rough_Elevation,9.259532598184773
Elevation,8.097807439564205
rough_NDVI,6.698199085137213
PDQ,5.443363828832337
Surface.T,4.535984821213278
rough_MAP,4.343717295877245
rough_Soil.C,2.775993240574015
pH,2.3338881341499897
rough_PDQ,2.2408460084061033
Clay,0.8667944754701019
rough_CEC,0.6086329949978939
rough_Surface.T,0.6036950455405529
