nt,pseudo_r2,pred_obs_r2,pred_obs_r2_exp
5600,0.5214952871374624,0.8679297355801888,0.7748282839430489
