var,rel.inf
MAP,38.11430878300426
CEC,11.234582221899284
rough_Elevation,9.116298247473472
Elevation,8.658261190302985
rough_NDVI,6.6932038751410685
PDQ,5.472541013373116
rough_MAP,4.580199275039033
Surface.T,4.507835053743527
rough_Soil.C,3.0499776463088253
pH,2.484692183238397
rough_PDQ,2.3634941669984535
Clay,1.4659626142322681
rough_CEC,1.2767251010049172
rough_Surface.T,0.9819186282404062
