nt,pseudo_r2,pred_obs_r2,pred_obs_r2_exp
5550,0.5041958078394053,0.8667407420376596,0.7731962665129403
