var,rel.inf
MAP,38.70087457810658
CEC,11.395667136553213
rough_Elevation,9.387767978227734
Elevation,8.254551641758974
rough_NDVI,6.723249353063605
PDQ,5.448365394108528
rough_MAP,5.1188295088164555
Surface.T,4.316637201837967
rough_Soil.C,2.7932820280826074
rough_PDQ,2.3998088647077296
pH,2.3742005644982966
Clay,1.2130281330538726
rough_CEC,1.0704617001848864
rough_Surface.T,0.8032759169995505
