var,rel.inf
MAP,38.98105967134008
CEC,11.430575273173552
rough_Elevation,9.258752661208657
Elevation,8.252086108537442
rough_NDVI,6.557666899407685
PDQ,5.6906815895769425
rough_MAP,4.762799175157423
Surface.T,4.189814672135584
rough_Soil.C,2.906958921580314
pH,2.5624762597463975
rough_PDQ,2.2882454533948824
Clay,1.275604225510071
rough_CEC,1.0547743304495867
rough_Surface.T,0.7885047587813814
