nt,pseudo_r2,pred_obs_r2,pred_obs_r2_exp
7600,0.5534858624247064,0.9001338325194571,0.8159709906991803
