nt,pseudo_r2,pred_obs_r2,pred_obs_r2_exp
4600,0.5066615294387571,0.8464048206251534,0.74988597602927
