nt,pseudo_r2,pred_obs_r2,pred_obs_r2_exp
6500,0.49241849520272196,0.8832089829367745,0.7944480104129903
