nt,pseudo_r2,pred_obs_r2,pred_obs_r2_exp
4800,0.5238915612844426,0.8501728467792217,0.754583616576224
