nt,pseudo_r2,pred_obs_r2,pred_obs_r2_exp
6400,0.5463978097446169,0.881581162544836,0.7926335266602937
