nt,pseudo_r2,pred_obs_r2,pred_obs_r2_exp
4850,0.49964836671544177,0.8531511683370602,0.758730625107839
