var,rel.inf
MAP,40.39548974792987
CEC,11.418633830105945
rough_Elevation,9.218333219221423
Elevation,8.33447662402201
rough_NDVI,6.821768229507225
PDQ,5.478979946007733
Surface.T,4.333296279554895
rough_MAP,4.049142151904577
rough_Soil.C,2.9311042359548924
pH,2.2281803357910825
rough_PDQ,2.211655101046133
Clay,1.0537240130989007
rough_CEC,0.8368099387809287
rough_Surface.T,0.6884063470743824
