nt,pseudo_r2,pred_obs_r2,pred_obs_r2_exp
5450,0.4651556002458682,0.8656709816520085,0.771627235832717
