var,rel.inf
MAP,38.56316523914055
CEC,11.282501541726525
rough_Elevation,9.224884603284758
Elevation,8.381414566578231
rough_NDVI,6.776255248438849
PDQ,5.647048648945646
rough_MAP,4.518031632040325
Surface.T,4.405194848609524
rough_Soil.C,2.9799942637462866
pH,2.441828613620151
rough_PDQ,2.387148116175207
Clay,1.2537601570573194
rough_CEC,1.2158944078921479
rough_Surface.T,0.922878112744483
