var,rel.inf
MAP,39.029749909896815
CEC,11.458898653752577
rough_Elevation,9.275416500691982
Elevation,8.357444187318436
rough_NDVI,6.91818687269599
PDQ,5.470119112859354
Surface.T,4.258947572786054
rough_MAP,4.21221961726151
rough_Soil.C,3.013286589838086
pH,2.454510840465768
rough_PDQ,2.3104435284206577
Clay,1.2386191053285336
rough_CEC,1.0990564879835918
rough_Surface.T,0.9031010207006503
