var,rel.inf
MAP,40.427417343275756
CEC,11.289162548705693
rough_Elevation,9.333511229286678
Elevation,7.886555495627459
rough_NDVI,6.798454944880473
PDQ,5.422274409865493
rough_MAP,4.883421792963594
Surface.T,4.445097579068066
rough_Soil.C,2.6427734841607626
pH,2.3353150883626377
rough_PDQ,2.151440899998276
Clay,0.8851157730867301
rough_CEC,0.7533983705942179
rough_Surface.T,0.7460610401241698
