nt,pseudo_r2,pred_obs_r2,pred_obs_r2_exp
4400,0.48998583828958364,0.841799418455568,0.7466483622344559
