nt,pseudo_r2,pred_obs_r2,pred_obs_r2_exp
7050,0.5032568028723097,0.8924352001938103,0.8068975463767554
