var,rel.inf
MAP,37.89314379175493
CEC,11.210684919574309
rough_Elevation,9.47434195928574
Elevation,8.309295398582533
rough_NDVI,6.654943254018964
PDQ,5.557916196240681
rough_MAP,4.786056841059716
Surface.T,4.306904886221514
rough_Soil.C,2.9867019068036664
pH,2.689218799190031
rough_PDQ,2.460362613425226
Clay,1.4385229158362998
rough_CEC,1.3352302052544758
rough_Surface.T,0.8966763127519137
