nt,pseudo_r2,pred_obs_r2,pred_obs_r2_exp
4450,0.45703711040055595,0.8427575877578888,0.7458611283943524
