var,rel.inf
MAP,40.13955198658606
CEC,11.376462243346898
rough_Elevation,9.089698642689672
Elevation,8.335680531407135
rough_NDVI,6.755085506320723
PDQ,5.609521491730532
rough_MAP,4.537999799176886
Surface.T,4.379424259371461
rough_Soil.C,2.9598226299899197
pH,2.3741966675282327
rough_PDQ,2.1315469600786368
Clay,0.8994516537259319
rough_CEC,0.7129260938345642
rough_Surface.T,0.6986315342133392
