var,rel.inf
MAP,38.75497340907713
CEC,11.48036923416564
rough_Elevation,9.237323797478847
Elevation,8.381572959451633
rough_NDVI,6.746882395132967
PDQ,5.309612888415664
Surface.T,4.522539404801567
rough_MAP,4.489268568248682
rough_Soil.C,3.0744442138451844
rough_PDQ,2.394322813739535
pH,2.342491059610563
Clay,1.249861959771551
rough_CEC,1.21062478928528
rough_Surface.T,0.8057125069757443
