nt,pseudo_r2,pred_obs_r2,pred_obs_r2_exp
5450,0.5273257836879903,0.8647980027093398,0.770803680331605
