var,rel.inf
MAP,36.96297233603107
CEC,11.128881624463272
rough_Elevation,9.536450961875367
Elevation,8.445053804435622
rough_NDVI,6.496581601631697
PDQ,5.492696420694682
rough_MAP,5.120943794733157
Surface.T,4.515185262782485
rough_Soil.C,3.309664113823391
pH,2.5762098399019937
rough_PDQ,2.4788782013966055
rough_CEC,1.494331132137395
Clay,1.489990636123318
rough_Surface.T,0.9521602699699383
