var,rel.inf
MAP,39.28773078905376
CEC,11.60316220005075
rough_Elevation,9.62138842891103
Elevation,8.162501539430918
rough_NDVI,6.550425204683803
PDQ,5.381840023060844
rough_MAP,4.939707306335437
Surface.T,4.2192111897830165
rough_Soil.C,2.7854577365847666
pH,2.473384263815799
rough_PDQ,2.3264027115790817
Clay,0.9741035279618282
rough_CEC,0.9540949720681491
rough_Surface.T,0.7205901066808155
