var,rel.inf
MAP,38.47811648305072
CEC,11.543662015718319
rough_Elevation,9.318907186181024
Elevation,8.469447221537798
rough_NDVI,6.546166732106769
PDQ,5.225432171937799
rough_MAP,4.717619375096098
Surface.T,4.3979485553721975
rough_Soil.C,3.047244149904954
rough_PDQ,2.4067097874309193
pH,2.393244254935621
Clay,1.325388759350046
rough_CEC,1.19295298370529
rough_Surface.T,0.9371603236724434
