nt,pseudo_r2,pred_obs_r2,pred_obs_r2_exp
5050,0.4553354084064971,0.8567905776444722,0.7605487568809218
