nt,pseudo_r2,pred_obs_r2,pred_obs_r2_exp
5300,0.512492233274574,0.861829746875944,0.7665119544880813
