var,rel.inf
MAP,38.50387132057408
CEC,11.187936024753776
rough_Elevation,9.375530677094059
Elevation,8.492174279044276
rough_NDVI,6.565830905434119
PDQ,5.720253782033985
Surface.T,4.550103357319496
rough_MAP,4.426233513706061
rough_Soil.C,2.9366931523515687
pH,2.4159634237279897
rough_PDQ,2.391455197899212
Clay,1.368612765905139
rough_CEC,1.1429115899481062
rough_Surface.T,0.9224300102081388
