nt,pseudo_r2,pred_obs_r2,pred_obs_r2_exp
5050,0.5226864091822032,0.8559881545917842,0.7608687485290101
