var,rel.inf
MAP,38.18383411377199
CEC,11.374672357779362
rough_Elevation,9.255565232778736
Elevation,8.509297853097893
rough_NDVI,6.856894387119467
PDQ,5.610899807271709
rough_MAP,4.802003515361903
Surface.T,4.231451489351401
rough_Soil.C,2.9529385169886635
pH,2.5369340948534767
rough_PDQ,2.3014794610729026
Clay,1.2884623382901692
rough_CEC,1.1595265211951953
rough_Surface.T,0.9360403110671373
