var,rel.inf
MAP,40.111433196975355
CEC,11.52895933231845
rough_Elevation,9.233930010307144
Elevation,8.320230406009594
rough_NDVI,6.852970503490277
PDQ,5.6075344964983325
Surface.T,4.458461704421273
rough_MAP,4.3318773732144775
rough_Soil.C,2.7051182686232056
pH,2.2612688463846093
rough_PDQ,2.2153680525356223
Clay,1.01881078790443
rough_CEC,0.6914268796047786
rough_Surface.T,0.6626101417124498
