nt,pseudo_r2,pred_obs_r2,pred_obs_r2_exp
5100,0.49149896001298676,0.8566499396801472,0.7629320525274026
