var,rel.inf
MAP,37.70660851859403
CEC,11.428596749784452
rough_Elevation,9.295068848238582
Elevation,8.323043300456611
rough_NDVI,6.684446196197229
PDQ,5.3191757854376185
rough_MAP,4.857600455031103
Surface.T,4.597252260405658
rough_Soil.C,3.053896440552417
pH,2.5022406373338675
rough_PDQ,2.401900932697256
Clay,1.4756997103343823
rough_CEC,1.4266334422094231
rough_Surface.T,0.9278367227273674
