nt,pseudo_r2,pred_obs_r2,pred_obs_r2_exp
4450,0.5122970171276477,0.8422242336484422,0.7461071682930794
