nt,pseudo_r2,pred_obs_r2,pred_obs_r2_exp
4500,0.506714621314407,0.8436946793299508,0.7471792222647097
