nt,pseudo_r2,pred_obs_r2,pred_obs_r2_exp
5100,0.5567732028244996,0.8578372187906973,0.7629497845658262
