var,rel.inf
MAP,38.20013408278072
CEC,11.402184809625528
rough_Elevation,9.190203584156116
Elevation,8.61473036347967
rough_NDVI,6.701184949579395
PDQ,5.544223919299668
rough_MAP,4.862432961275561
Surface.T,4.214448467256054
rough_Soil.C,3.0911956445701403
pH,2.4723678217916136
rough_PDQ,2.2652204267709237
Clay,1.2530543721593081
rough_CEC,1.2445757592849656
rough_Surface.T,0.9440428379703373
