nt,pseudo_r2,pred_obs_r2,pred_obs_r2_exp
4550,0.4984207975792635,0.8441697962289498,0.7496501514469288
