nt,pseudo_r2,pred_obs_r2,pred_obs_r2_exp
5800,0.5406168998413715,0.8720253149602468,0.7801914518581409
