nt,pseudo_r2,pred_obs_r2,pred_obs_r2_exp
4250,0.5057442547445121,0.8375031029828228,0.7410736763783935
