var,rel.inf
MAP,37.51715903612317
CEC,11.23260907388647
rough_Elevation,9.306986762433079
Elevation,8.324557468413072
rough_NDVI,6.668943196025544
PDQ,5.247180025871947
rough_MAP,5.0133392253295215
Surface.T,4.432403718083737
rough_Soil.C,3.179680126498182
rough_PDQ,2.6025797731455906
pH,2.5368449754955593
rough_CEC,1.4384633678558412
Clay,1.4197255016445804
rough_Surface.T,1.0795277491937127
