nt,pseudo_r2,pred_obs_r2,pred_obs_r2_exp
6200,0.5366422443030594,0.8795315569830101,0.7898190265363728
