nt,pseudo_r2,pred_obs_r2,pred_obs_r2_exp
4200,0.4588206411991075,0.835917834826427,0.7394711800381871
