nt,pseudo_r2,pred_obs_r2,pred_obs_r2_exp
4550,0.5122378631430249,0.8453115704341749,0.7485217949903156
