nt,pseudo_r2,pred_obs_r2,pred_obs_r2_exp
4850,0.48348514488890715,0.8506630031170007,0.7556502408321283
