nt,pseudo_r2,pred_obs_r2,pred_obs_r2_exp
5300,0.5268436854942646,0.8614941370902205,0.7690274685228705
