var,rel.inf
MAP,37.307329234298415
CEC,11.234398056682158
rough_Elevation,9.375017341680659
Elevation,8.465177711988128
rough_NDVI,6.628908938205453
PDQ,5.446749731801781
rough_MAP,5.051392501970692
Surface.T,4.380457910991659
rough_Soil.C,3.214675988230209
pH,2.717863021903563
rough_PDQ,2.434764672123187
Clay,1.413481730375127
rough_CEC,1.388455088092545
rough_Surface.T,0.9413280716564232
