var,rel.inf
MAP,40.0337439867335
CEC,11.276052048584596
rough_Elevation,9.365435395290458
Elevation,8.089342839342901
rough_NDVI,6.606794518389688
PDQ,5.626856639655721
rough_MAP,4.779856666851026
Surface.T,4.467709841035167
rough_Soil.C,2.858683573345297
pH,2.267921984722536
rough_PDQ,2.2045626077590597
Clay,0.9254065238137452
rough_Surface.T,0.7982050573783678
rough_CEC,0.6994283170979342
