var,rel.inf
MAP,40.68427942116519
CEC,11.75263292088168
rough_Elevation,9.376160658636854
Elevation,8.078989443605758
rough_NDVI,6.813926451805051
PDQ,5.5766559590109255
rough_MAP,4.705806485774007
Surface.T,4.2153412111097435
rough_Soil.C,2.565937666667029
rough_PDQ,2.2392202362707136
pH,1.9631084623925943
Clay,0.8238213221799152
rough_Surface.T,0.6210751826052601
rough_CEC,0.5830445778952762
