var,rel.inf
MAP,37.10266589848221
CEC,11.210057370538939
rough_Elevation,9.307086319080417
Elevation,8.526350463534095
rough_NDVI,6.723361420305642
PDQ,5.619652434024181
rough_MAP,5.280817072774993
Surface.T,4.420002773602546
rough_Soil.C,3.034903257114856
pH,2.572318429457808
rough_PDQ,2.439040577178303
rough_CEC,1.3686950245043363
Clay,1.3352758827040148
rough_Surface.T,1.0597730766976678
