nt,pseudo_r2,pred_obs_r2,pred_obs_r2_exp
6300,0.5371542546067112,0.8806946101765387,0.7920533784498947
