var,rel.inf
MAP,39.55263632878264
CEC,11.318367230416937
rough_Elevation,9.243245906592831
Elevation,8.269719459391993
rough_NDVI,6.612564961730185
PDQ,5.6583723292100565
rough_MAP,4.733588075467765
Surface.T,4.484580332132159
rough_Soil.C,2.753240868927271
rough_PDQ,2.3559995724398597
pH,2.319069019717431
Clay,1.0045445704240334
rough_CEC,0.9207142762060306
rough_Surface.T,0.7733570685608072
