var,rel.inf
MAP,38.46735881294492
CEC,11.259487380344474
rough_Elevation,9.231124060860514
Elevation,8.644477282085347
rough_NDVI,6.938108381201024
PDQ,5.554788901905861
rough_MAP,4.460525168701363
Surface.T,4.396223573641312
rough_Soil.C,2.96393335483348
pH,2.4781792066455144
rough_PDQ,2.252185086710776
rough_CEC,1.2198594117711499
Clay,1.1738911390050537
rough_Surface.T,0.9598582393492073
