nt,pseudo_r2,pred_obs_r2,pred_obs_r2_exp
6150,0.5233858635490082,0.8779485498247326,0.7876888559728719
