var,rel.inf
MAP,36.986710200755354
CEC,11.483511748740758
rough_Elevation,9.106282848946114
Elevation,8.430581903494758
rough_NDVI,6.667217058135776
PDQ,5.225936003464647
rough_MAP,5.090046182852786
Surface.T,4.500521251692677
rough_Soil.C,3.1581142691316266
pH,2.6502546135017044
rough_PDQ,2.501527070746425
Clay,1.5234704006446382
rough_CEC,1.5171054998516966
rough_Surface.T,1.158720948041047
