nt,pseudo_r2,pred_obs_r2,pred_obs_r2_exp
7950,0.5398204888188911,0.9053184705994062,0.8220474710872833
