nt,pseudo_r2,pred_obs_r2,pred_obs_r2_exp
4700,0.5240166079959034,0.84877127140782,0.7539995557852902
