var,rel.inf
MAP,39.04941036258209
CEC,11.472606134598376
rough_Elevation,9.371235021108891
Elevation,8.442527947111175
rough_NDVI,6.79366286280122
PDQ,5.311516677226144
rough_MAP,4.669219871166068
Surface.T,4.4927225444688
rough_Soil.C,2.714759921450829
rough_PDQ,2.4443637093299806
pH,2.259658098143685
Clay,1.0832448288959966
rough_CEC,1.060056396911337
rough_Surface.T,0.8350156242054151
