nt,pseudo_r2,pred_obs_r2,pred_obs_r2_exp
6050,0.5301109207510601,0.8757583189282533,0.7847590021974464
