nt,pseudo_r2,pred_obs_r2,pred_obs_r2_exp
5050,0.4838013026086373,0.8562723921964664,0.7625470275891172
