nt,pseudo_r2,pred_obs_r2,pred_obs_r2_exp
5e3,0.4970319911044049,0.8552215209702358,0.7591895290855135
