var,rel.inf
MAP,38.098875078539464
CEC,11.348387531679515
rough_Elevation,9.409243230191894
Elevation,8.514523641022064
rough_NDVI,6.708087398994151
PDQ,5.470570492207806
Surface.T,4.575987707841855
rough_MAP,4.537685654894554
rough_Soil.C,3.1053898348676947
pH,2.4460640897632864
rough_PDQ,2.3632455458760044
rough_CEC,1.2886539816633267
Clay,1.2800084364065616
rough_Surface.T,0.8532773760518269
