var,rel.inf
MAP,37.33748816283388
CEC,11.299802845548728
rough_Elevation,9.247741719668683
Elevation,8.640152060156932
rough_NDVI,6.822966481382216
PDQ,5.38206073452389
Surface.T,4.546924572623607
rough_MAP,4.418441638077442
rough_Soil.C,3.097880988252382
pH,2.5956847216101604
rough_PDQ,2.4197395279489196
Clay,1.6174342891403635
rough_CEC,1.5072814904133542
rough_Surface.T,1.0664007678194525
