var,rel.inf
MAP,38.72200258939835
CEC,11.368143194846576
rough_Elevation,9.214837544614188
Elevation,8.331658811116895
rough_NDVI,6.811064008450981
PDQ,5.663608118838994
rough_MAP,4.755533347770685
Surface.T,4.351662510047434
rough_Soil.C,2.845518111648199
rough_PDQ,2.4238274866009473
pH,2.291164624581925
Clay,1.2395517668191929
rough_CEC,1.0224415499189918
rough_Surface.T,0.9589863353466418
