nt,pseudo_r2,pred_obs_r2,pred_obs_r2_exp
4850,0.5127105162932835,0.8510142678135781,0.7549018934509356
