var,rel.inf
MAP,39.009185966924186
CEC,11.456327861104883
rough_Elevation,9.545915826897577
Elevation,8.10328298440657
rough_NDVI,6.749492246224224
PDQ,5.487459786910061
rough_MAP,4.639258723758452
Surface.T,4.424456297811992
rough_Soil.C,2.878248228706003
pH,2.2785239043537278
rough_PDQ,2.2706947428865676
Clay,1.3234777488440164
rough_CEC,1.0834074318634348
rough_Surface.T,0.7502682493083069
