var,rel.inf
MAP,38.403999962719176
CEC,11.372006257905035
rough_Elevation,9.239784012371649
Elevation,8.367578163072944
rough_NDVI,6.617525692267331
PDQ,5.56284803453071
rough_MAP,4.960341743697675
Surface.T,4.303047788396581
rough_Soil.C,2.896987802145257
pH,2.5615029664379496
rough_PDQ,2.4170693766161913
Clay,1.2627488115384577
rough_CEC,1.1592391533237247
rough_Surface.T,0.8753202349773279
