nt,pseudo_r2,pred_obs_r2,pred_obs_r2_exp
5350,0.5253255664940164,0.8624369724391825,0.7686666840835763
