var,rel.inf
MAP,37.64956800123832
CEC,11.330507991231228
rough_Elevation,9.265041113410573
Elevation,8.575810418885737
rough_NDVI,6.622713432211699
PDQ,5.493310166111131
rough_MAP,5.055490526685311
Surface.T,4.215884784282295
rough_Soil.C,2.959686119356314
pH,2.580657936300288
rough_PDQ,2.4574938268908197
rough_CEC,1.410122679565136
Clay,1.3656569018917526
rough_Surface.T,1.018056101939393
