var,rel.inf
MAP,36.61886440363205
CEC,11.137216870468725
rough_Elevation,9.31114398615597
Elevation,8.500171451539915
rough_NDVI,6.759465915910591
PDQ,5.333512038021832
rough_MAP,4.80875748130123
Surface.T,4.410976163710391
rough_Soil.C,3.306524947788984
pH,2.7117744647002064
rough_PDQ,2.399048191057681
rough_CEC,1.7845655029633933
Clay,1.6993782762101233
rough_Surface.T,1.2186003065388986
