var,rel.inf
MAP,39.17384853404079
CEC,11.416270586333395
rough_Elevation,9.172683819322623
Elevation,8.41711584086963
rough_NDVI,6.735047461951075
PDQ,5.430694344063233
rough_MAP,4.659390044055667
Surface.T,4.26528148004033
rough_Soil.C,2.774519414654425
pH,2.5224118054064664
rough_PDQ,2.4447122202036495
Clay,1.1740034025768564
rough_CEC,0.9899184473416677
rough_Surface.T,0.8241025991401832
