nt,pseudo_r2,pred_obs_r2,pred_obs_r2_exp
4450,0.5138750134198212,0.8435913474015213,0.7476651015068592
