var,rel.inf
MAP,38.972381503300426
CEC,11.522458288571627
rough_Elevation,9.304994373197346
Elevation,8.259383664127457
rough_NDVI,6.768562592539099
PDQ,5.513593726061598
rough_MAP,4.728699407116203
Surface.T,4.49347709962947
rough_Soil.C,2.855064572298426
pH,2.310228652277955
rough_PDQ,2.3043248530291853
Clay,1.12876651088288
rough_CEC,1.0399728087627875
rough_Surface.T,0.7980919482055455
