nt,pseudo_r2,pred_obs_r2,pred_obs_r2_exp
5150,0.5193159803310539,0.8586338833845967,0.7654226241751156
