nt,pseudo_r2,pred_obs_r2,pred_obs_r2_exp
4050,0.4466431755387298,0.8331546495464162,0.7373939107166798
