var,rel.inf
MAP,39.547974070572316
CEC,11.482774883112768
rough_Elevation,9.13884287875477
Elevation,8.362844908444607
rough_NDVI,6.654594884393551
PDQ,5.711179167060459
rough_MAP,4.562733019668431
Surface.T,4.079156920429072
rough_Soil.C,2.7338337037023055
pH,2.4835300226560384
rough_PDQ,2.3244422120637642
Clay,1.1875039413216477
rough_CEC,0.9613214496383188
rough_Surface.T,0.7692679381819463
