var,rel.inf
MAP,36.61381238796538
CEC,11.34149007083112
rough_Elevation,9.369330725848252
Elevation,8.684866503617833
rough_NDVI,6.627357350639305
PDQ,5.238881474397756
rough_MAP,5.161169985527808
Surface.T,4.4163860382038544
rough_Soil.C,3.2809668695047653
pH,2.542047685992575
rough_PDQ,2.414179199417218
rough_CEC,1.6382714615578484
Clay,1.5603374391645481
rough_Surface.T,1.1109028073317317
