nt,pseudo_r2,pred_obs_r2,pred_obs_r2_exp
3900,0.43675062396319897,0.8273306161128833,0.7300823385430889
