var,rel.inf
MAP,37.664266069415646
CEC,11.182035689837589
rough_Elevation,9.53836309249259
Elevation,8.534001979145243
rough_NDVI,6.7413327362291975
PDQ,5.193733499130851
rough_MAP,4.740188691922164
Surface.T,4.454913464596229
rough_Soil.C,3.033591586045909
pH,2.6067579576788846
rough_PDQ,2.432375155045227
Clay,1.5088800230929187
rough_CEC,1.405578032929297
rough_Surface.T,0.9639820224382506
