var,rel.inf
MAP,38.40094978500406
CEC,11.470991979400962
rough_Elevation,9.078246102092088
Elevation,8.603456921812285
rough_NDVI,6.678989280386915
PDQ,5.488625971105384
Surface.T,4.397743870863728
rough_MAP,4.231608109139875
rough_Soil.C,3.099372067671077
pH,2.487313343806423
rough_PDQ,2.380299953847742
Clay,1.3806189440620222
rough_CEC,1.3352098267912917
rough_Surface.T,0.9665738440161534
