nt,pseudo_r2,pred_obs_r2,pred_obs_r2_exp
6100,0.5344722202895704,0.8776636457601427,0.7868195867091783
