nt,pseudo_r2,pred_obs_r2,pred_obs_r2_exp
4900,0.4711165936501205,0.8525665858715006,0.7562177281721333
