nt,pseudo_r2,pred_obs_r2,pred_obs_r2_exp
4750,0.49415663948936106,0.8507673947259068,0.755355542836576
