var,rel.inf
MAP,39.56755978689014
CEC,11.330679308678265
rough_Elevation,9.2544995898196
Elevation,8.209797359618443
rough_NDVI,6.719615426532741
PDQ,5.479691411924014
rough_MAP,4.605601814036303
Surface.T,4.439901057512258
rough_Soil.C,2.837747628834981
pH,2.578199385515332
rough_PDQ,2.178416550631327
Clay,1.0184853416676332
rough_CEC,0.9389460044488543
rough_Surface.T,0.8408593338901057
