nt,pseudo_r2,pred_obs_r2,pred_obs_r2_exp
5050,0.5128645210449518,0.8557425967510796,0.761785750775208
