nt,pseudo_r2,pred_obs_r2,pred_obs_r2_exp
4400,0.5185264028847321,0.8419769370099883,0.7468985472151258
