nt,pseudo_r2,pred_obs_r2,pred_obs_r2_exp
5800,0.5177425173993114,0.8725792757660954,0.7814606405236854
