var,rel.inf
MAP,37.94087109084314
CEC,11.402370826677103
rough_Elevation,9.168961874196222
Elevation,8.570726333399458
rough_NDVI,6.793641259686288
PDQ,5.233715813007525
rough_MAP,4.579622517371287
Surface.T,4.482666086675946
rough_Soil.C,3.0709764744594046
pH,2.609820305862418
rough_PDQ,2.4005144407232337
Clay,1.4208366135766555
rough_CEC,1.2822779771304438
rough_Surface.T,1.0429983863908656
