nt,pseudo_r2,pred_obs_r2,pred_obs_r2_exp
6650,0.5089754499429877,0.886057130354118,0.798459178637978
