var,rel.inf
MAP,40.99860315155667
CEC,11.623528707239167
rough_Elevation,9.377039530593361
Elevation,8.152571265772695
rough_NDVI,6.806410831005826
PDQ,5.540575144104139
Surface.T,4.325837958169274
rough_MAP,4.100921185895484
rough_Soil.C,2.6954324199377004
rough_PDQ,2.181606957479545
pH,2.1617340205540074
Clay,0.8398005292328314
rough_Surface.T,0.6341633725812216
rough_CEC,0.5617749258780788
