nt,pseudo_r2,pred_obs_r2,pred_obs_r2_exp
4450,0.5286472931588652,0.843247660881221,0.7469959451523536
