var,rel.inf
MAP,39.141497189420846
CEC,11.531064663643214
rough_Elevation,9.31631499352492
Elevation,8.260078866488367
rough_NDVI,6.75512353665089
PDQ,5.309550842656612
rough_MAP,4.647703735636281
Surface.T,4.439853674776419
rough_Soil.C,2.8910426508670013
pH,2.5145246870325564
rough_PDQ,2.3816156944751703
Clay,1.0564433107621949
rough_CEC,0.8806673431538226
rough_Surface.T,0.8745188109117047
