nt,pseudo_r2,pred_obs_r2,pred_obs_r2_exp
5400,0.540631869482171,0.8651207496960422,0.7713669170445663
