nt,pseudo_r2,pred_obs_r2,pred_obs_r2_exp
4850,0.478107308218233,0.8523628789308968,0.7562310086009267
