nt,pseudo_r2,pred_obs_r2,pred_obs_r2_exp
5950,0.5221134115602235,0.8738201582728864,0.7814811093326176
