nt,pseudo_r2,pred_obs_r2,pred_obs_r2_exp
5050,0.4723135332653309,0.8560223597856628,0.7580153013180942
