nt,pseudo_r2,pred_obs_r2,pred_obs_r2_exp
3750,0.47643678703904613,0.8255333111984365,0.7285072689856393
