var,rel.inf
MAP,39.55256379149089
CEC,11.45244592318822
rough_Elevation,9.395913105023938
Elevation,8.319810560211078
rough_NDVI,6.606032009882899
PDQ,5.59030859532443
rough_MAP,4.767599614304992
Surface.T,4.272689389007712
rough_Soil.C,2.8429181666709145
rough_PDQ,2.351262636002355
pH,2.1782000136092727
Clay,1.0400563517930448
rough_CEC,0.872574773016202
rough_Surface.T,0.7576250704740481
