var,rel.inf
MAP,39.46010496558612
CEC,11.265805685469338
rough_Elevation,9.377899873347932
Elevation,8.090415871046183
rough_NDVI,6.8208930128786625
PDQ,5.5238160618805665
Surface.T,4.509001079761668
rough_MAP,4.490643032047693
rough_Soil.C,2.8610908775864003
pH,2.448744010306649
rough_PDQ,2.3478787090605415
Clay,1.1697430009326193
rough_CEC,0.9525526459595032
rough_Surface.T,0.6814111741361243
