var,rel.inf
MAP,38.86034981788036
CEC,11.47526558065377
rough_Elevation,9.190797047231746
Elevation,8.458822487187241
rough_NDVI,6.797574756475942
PDQ,5.509898419817764
Surface.T,4.446715895052765
rough_MAP,4.400787395209384
rough_Soil.C,2.7954880581623556
rough_PDQ,2.435345879691823
pH,2.3285973248481726
Clay,1.2789623898000817
rough_CEC,1.1345869125270625
rough_Surface.T,0.8868080354615283
