var,rel.inf
MAP,38.61675559416328
CEC,11.531928134716019
rough_Elevation,9.320488412816136
Elevation,8.362499662659443
rough_NDVI,6.858952921756866
PDQ,5.270531530602325
rough_MAP,4.868014362004629
Surface.T,4.366905706880313
rough_Soil.C,2.8799653720195737
pH,2.454379582089624
rough_PDQ,2.396691631199562
rough_CEC,1.161306230849465
Clay,1.112222926435545
rough_Surface.T,0.7993579318072208
