nt,pseudo_r2,pred_obs_r2,pred_obs_r2_exp
6200,0.517962816177245,0.8783956375398422,0.7900278714143749
