var,rel.inf
MAP,37.577855189924456
CEC,11.42670918339128
rough_Elevation,9.272723563422796
Elevation,8.558109780342724
rough_NDVI,6.743836772222195
PDQ,5.686733407574478
rough_MAP,4.614207968668727
Surface.T,4.147304184001876
rough_Soil.C,3.1732650517692664
pH,2.4620732278234834
rough_PDQ,2.4357513963971824
rough_CEC,1.5279353089350252
Clay,1.5008064458836947
rough_Surface.T,0.8726885196428252
