nt,pseudo_r2,pred_obs_r2,pred_obs_r2_exp
4350,0.4825395184562957,0.8400334435921618,0.7436042689465195
