var,rel.inf
MAP,38.77929990318094
CEC,11.589825771922182
rough_Elevation,9.337949072380631
Elevation,8.375182945156254
rough_NDVI,6.823203409295135
PDQ,5.345936206680773
rough_MAP,4.912284769848339
Surface.T,4.154445689716887
rough_Soil.C,2.948120000944097
rough_PDQ,2.3748434238123295
pH,2.3204640132592407
Clay,1.1740099888717983
rough_CEC,1.0601387207837574
rough_Surface.T,0.8042960841476363
