nt,pseudo_r2,pred_obs_r2,pred_obs_r2_exp
5300,0.5265713852585019,0.8619306472543203,0.7688714299008205
