nt,pseudo_r2,pred_obs_r2,pred_obs_r2_exp
6200,0.5388094289244179,0.8786909175327444,0.7887092996236007
