nt,pseudo_r2,pred_obs_r2,pred_obs_r2_exp
6e3,0.5384892800501472,0.8748635244111127,0.7827924131784932
