nt,pseudo_r2,pred_obs_r2,pred_obs_r2_exp
5200,0.4994042247800806,0.8598994306468868,0.7673470253090391
