nt,pseudo_r2,pred_obs_r2,pred_obs_r2_exp
4900,0.487121156019354,0.8531444667709236,0.7577136125384634
