nt,pseudo_r2,pred_obs_r2,pred_obs_r2_exp
4800,0.503097135924683,0.8508132828511815,0.7544581601201078
