nt,pseudo_r2,pred_obs_r2,pred_obs_r2_exp
4750,0.472825694426972,0.8497928145705403,0.7521348098157907
