nt,pseudo_r2,pred_obs_r2,pred_obs_r2_exp
4500,0.476360130748797,0.8436291152034949,0.7473950395830472
