nt,pseudo_r2,pred_obs_r2,pred_obs_r2_exp
5100,0.4921528873494727,0.8569679684905378,0.7646452576514798
