var,rel.inf
MAP,39.577116626753956
CEC,11.253472130376553
rough_Elevation,9.508660464645848
Elevation,8.092564338959269
rough_NDVI,6.740743159217835
PDQ,5.48332093536742
rough_MAP,4.919742983040952
Surface.T,4.215949272347456
rough_Soil.C,2.7720191535744125
rough_PDQ,2.4092981129361313
pH,2.404268777025328
Clay,1.0719105366009611
rough_CEC,0.8144275107315424
rough_Surface.T,0.7365059984223282
