nt,pseudo_r2,pred_obs_r2,pred_obs_r2_exp
5300,0.5217236669330946,0.8612562339362523,0.7675889268936468
