var,rel.inf
MAP,38.92103243616704
CEC,11.506796948580897
rough_Elevation,9.357946465380234
Elevation,8.24834925162569
rough_NDVI,6.67017626544655
PDQ,5.706353978832645
rough_MAP,4.761648159359787
Surface.T,4.125821981970177
rough_Soil.C,2.9761518827461813
pH,2.546730860667185
rough_PDQ,2.1981903341677214
Clay,1.1139550178802844
rough_CEC,1.0357324690731902
rough_Surface.T,0.8311139481024186
