var,rel.inf
MAP,38.940643467026234
CEC,11.431721491262936
rough_Elevation,9.390752205827479
Elevation,8.524554917378488
rough_NDVI,6.800648528403745
PDQ,5.493066652843692
rough_MAP,4.695894256961606
Surface.T,4.167560267933554
rough_Soil.C,2.864662270134503
rough_PDQ,2.3322714392847015
pH,2.308146309083891
Clay,1.2148679458169929
rough_CEC,1.0517400282841392
rough_Surface.T,0.7834702197580427
