var,rel.inf
MAP,39.077071191083704
CEC,11.605884535093788
rough_Elevation,9.406235447638467
Elevation,8.374282069336516
rough_NDVI,6.647534168643049
PDQ,5.5244493553047915
rough_MAP,4.530706984790737
Surface.T,4.176286149450059
rough_Soil.C,2.7921229212911673
pH,2.4649821095399997
rough_PDQ,2.2035028721598007
Clay,1.1847119614590484
rough_CEC,1.1272573385898041
rough_Surface.T,0.8849728956190686
