nt,pseudo_r2,pred_obs_r2,pred_obs_r2_exp
4900,0.4761373392612679,0.8522169729491048,0.7565643566420507
