nt,pseudo_r2,pred_obs_r2,pred_obs_r2_exp
4400,0.48431594040480086,0.8412432240573658,0.7447249958134611
