var,rel.inf
MAP,38.95161556610265
CEC,11.500933141719239
rough_Elevation,9.336979025526189
Elevation,8.411136283818893
rough_NDVI,6.636131890087172
PDQ,5.398003745530359
Surface.T,4.665830688543183
rough_MAP,4.216625752714717
rough_Soil.C,3.197239561517744
pH,2.4105055968667886
rough_PDQ,2.168603283895562
Clay,1.1420278249336135
rough_CEC,1.1291769302262311
rough_Surface.T,0.8351907085176571
