nt,pseudo_r2,pred_obs_r2,pred_obs_r2_exp
5550,0.5333677836099082,0.8667041136806234,0.773327914511082
