var,rel.inf
MAP,39.02847351739322
CEC,11.23549275074169
rough_Elevation,9.223303223527926
Elevation,8.332884399617145
rough_NDVI,6.805612688397817
PDQ,5.407912861070458
rough_MAP,4.899511072164159
Surface.T,4.346809638052474
rough_Soil.C,2.814105568665463
rough_PDQ,2.437520528246788
pH,2.3388072707120853
rough_CEC,1.1411944415583872
Clay,1.1259793863264098
rough_Surface.T,0.8623926535259775
