var,rel.inf
MAP,39.14535610003604
CEC,11.559314984900443
rough_Elevation,9.05821404635215
Elevation,8.342745215117782
rough_NDVI,6.951270014459884
PDQ,5.219163530464919
rough_MAP,4.748537305801625
Surface.T,4.292387591081166
rough_Soil.C,2.766705692927238
pH,2.508924445608689
rough_PDQ,2.4414962866383165
Clay,1.135157092853537
rough_CEC,0.9342764502857909
rough_Surface.T,0.8964512434724174
