var,rel.inf
MAP,37.0759082906558
CEC,11.187320115969737
rough_Elevation,9.11104218206924
Elevation,8.712527391264445
rough_NDVI,6.822763642141216
PDQ,5.624747166937048
rough_MAP,4.623762773755069
Surface.T,4.550827308739266
rough_Soil.C,3.075168360455906
pH,2.556344474074818
rough_PDQ,2.4430482672654126
rough_CEC,1.5838834195489482
Clay,1.5390960358447405
rough_Surface.T,1.0935605712783594
