var,rel.inf
MAP,39.683388876872684
CEC,11.035468505628174
rough_Elevation,9.238883067585682
Elevation,8.51664068455731
rough_NDVI,6.735243521995389
PDQ,5.407250279653521
Surface.T,4.50988287187791
rough_MAP,4.331583684368313
rough_Soil.C,2.8851940094054136
pH,2.553772519165519
rough_PDQ,2.2706081050809095
Clay,1.0315973690196603
rough_CEC,0.9256137946813405
rough_Surface.T,0.8748727101081644
