var,rel.inf
MAP,37.79360255034383
CEC,11.434211147449346
rough_Elevation,9.37276140188902
Elevation,8.393770045656275
rough_NDVI,6.778950230670498
PDQ,5.240638048138249
rough_MAP,4.921828709780179
Surface.T,4.525977311281221
rough_Soil.C,3.0555619634472326
pH,2.5785882040415733
rough_PDQ,2.3497501889444905
rough_CEC,1.2974438421400123
Clay,1.2737791844961466
rough_Surface.T,0.9831371717219219
