var,rel.inf
MAP,37.65192365263511
CEC,11.408239128500078
rough_Elevation,9.184302198337285
Elevation,8.508327398466294
rough_NDVI,6.855325340529365
PDQ,5.144769906126252
rough_MAP,4.6716764049431365
Surface.T,4.646403106485744
rough_Soil.C,3.107695894579887
pH,2.54442932240773
rough_PDQ,2.2720498023902875
Clay,1.5209983557623594
rough_CEC,1.4536359123291085
rough_Surface.T,1.0302235765073515
