nt,pseudo_r2,pred_obs_r2,pred_obs_r2_exp
5650,0.5238435332115805,0.8690450798013004,0.7761995546111885
