nt,pseudo_r2,pred_obs_r2,pred_obs_r2_exp
5200,0.4805355974419059,0.8598937863198779,0.7660758325452429
