var,rel.inf
MAP,39.500457969597164
CEC,11.55129796650069
rough_Elevation,9.252700589152127
Elevation,8.448370409787772
rough_NDVI,6.938585347180353
PDQ,5.549032965474945
rough_MAP,4.336434587501742
Surface.T,4.256921799130644
rough_Soil.C,2.706225264540304
pH,2.381544910005301
rough_PDQ,2.286391941484138
Clay,1.0919254849265796
rough_CEC,0.9339479103937744
rough_Surface.T,0.7661628543244603
