nt,pseudo_r2,pred_obs_r2,pred_obs_r2_exp
6700,0.524847118500515,0.886682806141161,0.7995714445440528
