var,rel.inf
MAP,38.06499725880579
CEC,11.33050707018944
rough_Elevation,9.423497951076925
Elevation,8.3895998329875
rough_NDVI,6.56815051247564
PDQ,5.478190703236365
rough_MAP,4.780036801071085
Surface.T,4.581679936402742
rough_Soil.C,3.0713782417671407
pH,2.4502779501827625
rough_PDQ,2.233233739918002
rough_CEC,1.3880198965729498
Clay,1.307547421411494
rough_Surface.T,0.9328826839021686
