var,rel.inf
MAP,38.85825413013316
CEC,11.268266588952624
rough_Elevation,9.370643496595315
Elevation,8.323259419938305
rough_NDVI,6.525157345814634
PDQ,5.608274488272143
rough_MAP,4.865825782689023
Surface.T,4.296259617009778
rough_Soil.C,2.9521817993605253
pH,2.604878539379489
rough_PDQ,2.428055977639215
Clay,1.1626071836627103
rough_CEC,0.9952484357753398
rough_Surface.T,0.741087194777729
