nt,pseudo_r2,pred_obs_r2,pred_obs_r2_exp
4800,0.4419272889136915,0.8508236498185497,0.7569018586947752
