var,rel.inf
MAP,38.46296640505594
CEC,11.169475805126398
rough_Elevation,9.235420148362557
Elevation,8.2861185364524
rough_NDVI,6.778001940192857
PDQ,5.695359233778095
rough_MAP,4.865775662221027
Surface.T,4.531999466746742
rough_Soil.C,2.901134339534987
pH,2.5148012985139387
rough_PDQ,2.303905760214686
Clay,1.26873657433462
rough_CEC,1.1599540590636235
rough_Surface.T,0.8263507704021307
