var,rel.inf
MAP,39.222652483904554
CEC,11.28009793792568
rough_Elevation,9.297259167818732
Elevation,8.33160644915871
rough_NDVI,6.7924806427357725
PDQ,5.314048610949903
rough_MAP,4.529851026898292
Surface.T,4.513315164467826
rough_Soil.C,3.0087241364352004
pH,2.459492459957115
rough_PDQ,2.264563753005531
Clay,1.1538468974603697
rough_CEC,1.0363140451140525
rough_Surface.T,0.7957472241682647
