var,rel.inf
MAP,39.67604444377981
CEC,11.660030373300863
rough_Elevation,9.213972250845856
Elevation,8.194236474018377
rough_NDVI,6.891130611915471
PDQ,5.38515901046198
rough_MAP,4.641975736991825
Surface.T,4.016833085782773
rough_Soil.C,2.899039388866566
pH,2.46186429574126
rough_PDQ,2.40057910076779
Clay,0.9710260817112036
rough_CEC,0.8248404370904473
rough_Surface.T,0.7632687087257786
