nt,pseudo_r2,pred_obs_r2,pred_obs_r2_exp
5250,0.5054245158957241,0.8619737799706777,0.7673897437108519
