nt,pseudo_r2,pred_obs_r2,pred_obs_r2_exp
5350,0.5217355890569608,0.8634720611067727,0.7695040976533497
