var,rel.inf
MAP,38.78954792861839
CEC,11.387017185504925
rough_Elevation,9.179553464410068
Elevation,8.244100887950708
rough_NDVI,6.880029545126926
PDQ,5.389385755867795
rough_MAP,4.783790092083718
Surface.T,4.5886560997006
rough_Soil.C,2.866921829873278
pH,2.4833359705644678
rough_PDQ,2.2938358750091625
Clay,1.2914068917524195
rough_CEC,1.098775162932297
rough_Surface.T,0.7236433106052446
