nt,pseudo_r2,pred_obs_r2,pred_obs_r2_exp
6150,0.5304013035518791,0.8776135875421143,0.7873103575312043
