var,rel.inf
MAP,36.8429503641103
CEC,11.130967075302314
rough_Elevation,9.209785237654447
Elevation,8.598175997831701
rough_NDVI,6.9071858025732205
PDQ,5.3382836072397915
rough_MAP,5.150645890890882
Surface.T,4.524113146566199
rough_Soil.C,3.2064946921619923
pH,2.6369858816670506
rough_PDQ,2.3550569725385335
rough_CEC,1.5240981224112369
Clay,1.4963275176020738
rough_Surface.T,1.078929691450259
