var,rel.inf
MAP,39.09414949346279
CEC,11.342534652703185
rough_Elevation,9.207410278885916
Elevation,8.260549544558465
rough_NDVI,6.8737553460530725
PDQ,5.488821443132187
rough_MAP,4.533754030100479
Surface.T,4.291441212557837
rough_Soil.C,3.0269746846377057
pH,2.3545781210644154
rough_PDQ,2.313862752230145
Clay,1.2954810506736951
rough_CEC,1.151830327559051
rough_Surface.T,0.7648570623810558
