nt,pseudo_r2,pred_obs_r2,pred_obs_r2_exp
4450,0.4782903433389173,0.8430567823766976,0.746480481718574
