var,rel.inf
MAP,38.63550654985118
CEC,11.226261877019565
rough_Elevation,9.394227223862694
Elevation,8.477564028573841
rough_NDVI,6.864076908665181
PDQ,5.484051735276319
rough_MAP,4.632079670567748
Surface.T,4.521501846541198
rough_Soil.C,2.8218616166156725
rough_PDQ,2.3727095619880587
pH,2.356628178359006
Clay,1.2203829846236964
rough_CEC,1.1842749487683981
rough_Surface.T,0.8088728692874404
