nt,pseudo_r2,pred_obs_r2,pred_obs_r2_exp
4700,0.48061457453138046,0.850185107489972,0.7530362443608528
