nt,pseudo_r2,pred_obs_r2,pred_obs_r2_exp
5050,0.5066905954808063,0.8563249705476593,0.7599287462236737
