var,rel.inf
MAP,38.636042599983945
CEC,11.395577428364863
rough_Elevation,9.239894911919112
Elevation,8.381395920718447
rough_NDVI,6.889012540791871
PDQ,5.39989769309651
rough_MAP,4.497250387144498
Surface.T,4.493758547965059
rough_Soil.C,2.958783972721511
pH,2.533261900962401
rough_PDQ,2.291086223387837
Clay,1.248676483938422
rough_CEC,1.111794830700026
rough_Surface.T,0.9235665583054882
