nt,pseudo_r2,pred_obs_r2,pred_obs_r2_exp
4250,0.48196695511671117,0.8391744396399348,0.7419618131941946
