nt,pseudo_r2,pred_obs_r2,pred_obs_r2_exp
4400,0.43867133178602247,0.8420205450223186,0.74654526778541
