nt,pseudo_r2,pred_obs_r2,pred_obs_r2_exp
4550,0.48428252285907747,0.8459863379364982,0.7499629510788309
