var,rel.inf
MAP,38.306949256867746
CEC,11.472924156036113
rough_Elevation,9.10475625219022
Elevation,8.755803751382043
rough_NDVI,6.809258187609631
PDQ,5.427602437178588
rough_MAP,4.436331110763231
Surface.T,4.285993942997008
rough_Soil.C,2.992352346504875
pH,2.5868577003644333
rough_PDQ,2.304264458886583
Clay,1.349765073449097
rough_CEC,1.2919548202717581
rough_Surface.T,0.8751865054986747
