nt,pseudo_r2,pred_obs_r2,pred_obs_r2_exp
4950,0.4793148942237456,0.8532118076121548,0.7594823713000367
