nt,pseudo_r2,pred_obs_r2,pred_obs_r2_exp
4850,0.49643078954879805,0.8528146033230384,0.756297396383652
