var,rel.inf
MAP,39.275388410655346
CEC,11.340670916625577
rough_Elevation,9.199166862293662
Elevation,8.415491494146131
rough_NDVI,6.705987618697332
PDQ,5.510674052664127
rough_MAP,4.420641593795234
Surface.T,4.335597110571587
rough_Soil.C,2.6775333467823152
pH,2.4991595401251843
rough_PDQ,2.4878106734573464
Clay,1.1886335553241543
rough_CEC,1.1218198804673822
rough_Surface.T,0.8214249443946174
