nt,pseudo_r2,pred_obs_r2,pred_obs_r2_exp
4750,0.5221585715320591,0.8494923637985666,0.7538835800799453
