nt,pseudo_r2,pred_obs_r2,pred_obs_r2_exp
4800,0.49985654207749153,0.8513202028905958,0.7558403960643243
