var,rel.inf
MAP,38.51717634824791
CEC,11.289143381708449
rough_Elevation,9.279549599703161
Elevation,8.409074611312247
rough_NDVI,6.624571829503369
PDQ,5.43750979489461
rough_MAP,4.702421951876697
Surface.T,4.611634084128446
rough_Soil.C,3.0150711243098693
pH,2.3797764549823808
rough_PDQ,2.3742362909959844
Clay,1.249347844028091
rough_CEC,1.1458435517875218
rough_Surface.T,0.9646431325212597
