nt,pseudo_r2,pred_obs_r2,pred_obs_r2_exp
3950,0.5142106655008438,0.8299079642497513,0.7320216055049836
