var,rel.inf
MAP,38.523045770120476
CEC,11.431328258011984
rough_Elevation,9.326500050920377
Elevation,8.342488966322547
rough_NDVI,7.020840438150667
PDQ,5.273404426723941
rough_MAP,4.9087701832918516
Surface.T,4.696793678343955
rough_Soil.C,2.9096621528746036
rough_PDQ,2.3397488287197215
pH,2.2211720534833526
Clay,1.1297057756165778
rough_CEC,0.9934728378591269
rough_Surface.T,0.8830665795608141
