nt,pseudo_r2,pred_obs_r2,pred_obs_r2_exp
4650,0.48975493850992746,0.8473759175276347,0.7507187873210185
