nt,pseudo_r2,pred_obs_r2,pred_obs_r2_exp
6600,0.5162241061956154,0.8861810056680355,0.7984543731257118
