nt,pseudo_r2,pred_obs_r2,pred_obs_r2_exp
4900,0.5168225305767311,0.8527780697528284,0.7590502544195892
