nt,pseudo_r2,pred_obs_r2,pred_obs_r2_exp
4250,0.4430298503636645,0.8383057534064852,0.7406315630110658
