var,rel.inf
MAP,37.709189669416396
CEC,11.190908213440016
rough_Elevation,9.331985677588822
Elevation,8.468987190161657
rough_NDVI,6.802038390480477
PDQ,5.782732673154307
rough_MAP,4.93183249562769
Surface.T,4.314757391311129
rough_Soil.C,2.931046235337854
pH,2.548414780287396
rough_PDQ,2.2516379451979542
Clay,1.4152850346822579
rough_CEC,1.360424215982672
rough_Surface.T,0.9607600873313713
