nt,pseudo_r2,pred_obs_r2,pred_obs_r2_exp
5400,0.5119273187409157,0.8639349797412804,0.7716255189586578
