nt,pseudo_r2,pred_obs_r2,pred_obs_r2_exp
4400,0.45821003208393707,0.8407873917992991,0.7441337812462736
