var,rel.inf
MAP,38.060790558103136
CEC,11.549887109663844
rough_Elevation,9.115186394848527
Elevation,8.368903703213645
rough_NDVI,6.947726159521275
PDQ,5.3321537134695625
rough_MAP,4.484186795226241
Surface.T,4.330466124343169
rough_Soil.C,3.0942816305050944
pH,2.5177078095856964
rough_PDQ,2.35546821456214
rough_CEC,1.441868434965181
Clay,1.4147655952783218
rough_Surface.T,0.9866077567141747
