nt,pseudo_r2,pred_obs_r2,pred_obs_r2_exp
5e3,0.4921225039898395,0.8542097517399624,0.758910225509035
