nt,pseudo_r2,pred_obs_r2,pred_obs_r2_exp
5e3,0.511703438116629,0.8547398270517448,0.7604810496183438
