var,rel.inf
MAP,37.965097434216496
CEC,11.272717148388287
rough_Elevation,9.317744135712717
Elevation,8.540300642877963
rough_NDVI,6.71945429700298
PDQ,5.750894532029255
rough_MAP,4.643473914022516
Surface.T,4.410261090778483
rough_Soil.C,2.9903058282460724
rough_PDQ,2.3876043449109585
pH,2.3645393777009613
rough_CEC,1.4092526438337236
Clay,1.3419653420830973
rough_Surface.T,0.8863892681964994
