nt,pseudo_r2,pred_obs_r2,pred_obs_r2_exp
3950,0.4626418187773863,0.8306974109505935,0.7327941957695687
