var,rel.inf
MAP,38.68188640157321
CEC,11.360242966648363
rough_Elevation,9.340923423043524
Elevation,8.393065518013236
rough_NDVI,6.887258603309458
PDQ,5.597686255035393
rough_MAP,4.827762831708279
Surface.T,4.201563396914765
rough_Soil.C,2.8544568904187777
rough_PDQ,2.339556090630307
pH,2.245037395722329
Clay,1.2598181514774442
rough_CEC,1.081073149795498
rough_Surface.T,0.9296689257094173
