nt,pseudo_r2,pred_obs_r2,pred_obs_r2_exp
3950,0.42809902697202284,0.8303818159135959,0.7320314829382033
