var,rel.inf
MAP,38.20681468971136
CEC,11.396505021094658
rough_Elevation,9.29297420662197
Elevation,8.487574647449659
rough_NDVI,6.660981591118027
PDQ,5.44695850651392
rough_MAP,5.0144988239458765
Surface.T,4.2134817581018424
rough_Soil.C,3.0583000716938393
pH,2.5441886978214443
rough_PDQ,2.4731658579416114
rough_CEC,1.2289749617756416
Clay,1.202787035111212
rough_Surface.T,0.7727941310989385
