var,rel.inf
MAP,39.710374762884605
CEC,11.514273900696788
rough_Elevation,9.080577863375487
Elevation,8.381729686780039
rough_NDVI,6.730019716341706
PDQ,5.597927881169795
rough_MAP,4.399036372479099
Surface.T,4.226925433060901
rough_Soil.C,2.811491477216849
pH,2.448751350612571
rough_PDQ,2.1604063924769323
Clay,1.2232663445020662
rough_CEC,0.9186318617656882
rough_Surface.T,0.7965869566374647
