var,rel.inf
MAP,38.44195872028
CEC,11.464932416248384
rough_Elevation,9.269141042419617
Elevation,8.287463305946732
rough_NDVI,6.925593044769151
PDQ,5.6596512617871175
rough_MAP,4.8172652483863425
Surface.T,4.274083842476662
rough_Soil.C,2.858664787717677
pH,2.5254009941944697
rough_PDQ,2.300197689105662
Clay,1.2571757120074558
rough_CEC,1.0983243505319378
rough_Surface.T,0.8201475841287932
