var,rel.inf
MAP,38.369830080524025
CEC,11.509516549562637
rough_Elevation,9.587078081302417
Elevation,8.376204999016336
rough_NDVI,6.659002795671323
PDQ,5.288953599778944
rough_MAP,4.814934808030473
Surface.T,4.48221540524043
rough_Soil.C,3.1331291358130153
rough_PDQ,2.331408258240091
pH,2.2626005077078846
Clay,1.2216336054875534
rough_CEC,1.1584807732811717
rough_Surface.T,0.8050114003437033
