var,rel.inf
MAP,38.57773797292409
CEC,11.367319525291318
rough_Elevation,9.34124061599667
Elevation,8.289577821496797
rough_NDVI,6.621358127914011
PDQ,5.394456115570709
rough_MAP,4.755223244735962
Surface.T,4.509667475359361
rough_Soil.C,3.0748671566516714
pH,2.4489190427524714
rough_PDQ,2.369997776501647
Clay,1.1781997817834153
rough_CEC,1.1630916608231283
rough_Surface.T,0.9083436821987529
