nt,pseudo_r2,pred_obs_r2,pred_obs_r2_exp
5200,0.4882874036391799,0.8602801604085545,0.7672648457099583
