nt,pseudo_r2,pred_obs_r2,pred_obs_r2_exp
4350,0.46995679704369775,0.8397914544848574,0.7426386135277957
