nt,pseudo_r2,pred_obs_r2,pred_obs_r2_exp
5450,0.5136656749553241,0.8642178804067611,0.7700200407911664
