var,rel.inf
MAP,38.32385315272416
CEC,11.220454985396088
rough_Elevation,9.398798026020899
Elevation,8.073171145460762
rough_NDVI,6.885325845326188
PDQ,5.559934102016982
rough_MAP,4.773051331394462
Surface.T,4.35526066926452
rough_Soil.C,2.9814231755397986
pH,2.492879586370851
rough_PDQ,2.35474618412995
Clay,1.3894202562482367
rough_CEC,1.3061484406473092
rough_Surface.T,0.8855330994597963
