nt,pseudo_r2,pred_obs_r2,pred_obs_r2_exp
5900,0.5071140827282277,0.8734641145235114,0.7836968585572496
