var,rel.inf
MAP,39.87926857282921
CEC,11.622888810936663
rough_Elevation,9.2310685630629
Elevation,8.144815712082814
rough_NDVI,6.612969820886812
PDQ,5.531155526309795
rough_MAP,4.5649547524274485
Surface.T,4.413011046305139
rough_Soil.C,2.9145215266094318
pH,2.309892933986457
rough_PDQ,2.269523787209235
Clay,1.0593632926580792
rough_CEC,0.7840498105555573
rough_Surface.T,0.6625158441404632
