var,rel.inf
MAP,38.03820891131046
CEC,11.22208803873822
rough_Elevation,9.265935306366087
Elevation,8.437981403492435
rough_NDVI,6.802591552841164
PDQ,5.566466294963771
rough_MAP,4.400991646601627
Surface.T,4.387262047139078
rough_Soil.C,3.081186300767893
pH,2.5040476202568556
rough_PDQ,2.4034444805472845
Clay,1.4634154417651568
rough_CEC,1.4353497015808419
rough_Surface.T,0.9910312536291216
