var,rel.inf
MAP,37.63398371291016
CEC,11.164831984395764
rough_Elevation,9.192345575124104
Elevation,8.510235344890313
rough_NDVI,6.701887713181684
PDQ,5.549129321766877
rough_MAP,4.689056769890836
Surface.T,4.455391642874267
rough_Soil.C,3.285500069762904
pH,2.598099379999976
rough_PDQ,2.2951287290673146
rough_CEC,1.4381143380432733
Clay,1.4064564207098462
rough_Surface.T,1.0798389973826827
