var,rel.inf
MAP,38.28901397418111
CEC,11.319209060298519
rough_Elevation,9.318705332166985
Elevation,8.600182012334413
rough_NDVI,6.625674297230812
PDQ,5.451357515005318
rough_MAP,4.635701903698488
Surface.T,4.4346480404490345
rough_Soil.C,2.9113469366571376
rough_PDQ,2.481961183938826
pH,2.4436325081849204
Clay,1.2441151793189353
rough_CEC,1.214995088297969
rough_Surface.T,1.0294569682375307
