nt,pseudo_r2,pred_obs_r2,pred_obs_r2_exp
5400,0.5382414120517935,0.8631877474951967,0.7685831604107498
