var,rel.inf
MAP,39.06125155921833
CEC,11.396173815805238
rough_Elevation,9.274721207015899
Elevation,8.41679444252054
rough_NDVI,6.48531665636704
PDQ,5.656970844902439
rough_MAP,4.883394129885466
Surface.T,4.354033887222122
rough_Soil.C,3.0040549295662595
pH,2.3228207562943797
rough_PDQ,2.1914389297001677
Clay,1.1767430370507812
rough_CEC,1.0371018678395385
rough_Surface.T,0.7391839366118069
