nt,pseudo_r2,pred_obs_r2,pred_obs_r2_exp
5200,0.49413258140813987,0.8596092836526162,0.767005048603968
