nt,pseudo_r2,pred_obs_r2,pred_obs_r2_exp
4500,0.5186568936070739,0.843376766429371,0.7462120143017662
