var,rel.inf
MAP,38.64175529980565
CEC,11.275597680746543
rough_Elevation,9.38894120285295
Elevation,8.457292127648216
rough_NDVI,6.6851565947176965
PDQ,5.596643451343718
rough_MAP,4.5359603519054374
Surface.T,4.498675914796166
rough_Soil.C,3.0957616011253726
pH,2.3699304923820472
rough_PDQ,2.242746390085117
Clay,1.2962345253724246
rough_CEC,1.0995692317563497
rough_Surface.T,0.81573513546231
