var,rel.inf
MAP,39.49768074581278
CEC,11.362361333837292
rough_Elevation,9.347918264689465
Elevation,8.14782202427875
rough_NDVI,6.6775034271434315
PDQ,5.560230987603869
rough_MAP,4.708150222963631
Surface.T,4.300011504950039
rough_Soil.C,2.89803371853068
pH,2.3710499673074272
rough_PDQ,2.2783310267591794
Clay,1.1120344235931496
rough_CEC,0.9364467635285328
rough_Surface.T,0.8024255890017837
