nt,pseudo_r2,pred_obs_r2,pred_obs_r2_exp
4850,0.5109086163710062,0.8535288909968589,0.7581622447305238
