var,rel.inf
MAP,39.34748057721501
CEC,11.692370991735242
rough_Elevation,9.18814384086196
Elevation,8.337509490159732
rough_NDVI,6.832316008078347
PDQ,5.381871122157349
rough_MAP,4.452461291311333
Surface.T,4.3535036023772395
rough_Soil.C,2.7440735957072486
rough_PDQ,2.366997190427494
pH,2.294523633788522
Clay,1.1576360655982603
rough_CEC,1.019694400912138
rough_Surface.T,0.8314181896701245
