var,rel.inf
MAP,39.65351698718608
CEC,11.279935183608869
rough_Elevation,9.151338288006638
Elevation,8.287183085612861
rough_NDVI,6.593697186461303
PDQ,5.776820876372591
rough_MAP,4.8000803536519685
Surface.T,4.416883596265274
rough_Soil.C,2.8322686992305495
pH,2.4516236775761278
rough_PDQ,2.2390740650529657
Clay,1.0046198305931244
rough_CEC,0.7812490685431734
rough_Surface.T,0.7317091018384793
