nt,pseudo_r2,pred_obs_r2,pred_obs_r2_exp
4300,0.5251145247477118,0.8399104989302506,0.7402400607895122
