var,rel.inf
MAP,38.823543953378454
CEC,11.464436895403011
rough_Elevation,9.22350736954481
Elevation,8.511905665785658
rough_NDVI,6.635749561662981
PDQ,5.501963346554012
rough_MAP,4.719880934652138
Surface.T,4.334075621123826
rough_Soil.C,2.869655563608281
pH,2.4828260539700366
rough_PDQ,2.385176450818431
Clay,1.2017340301248947
rough_CEC,1.0277122942414585
rough_Surface.T,0.8178322591320135
