nt,pseudo_r2,pred_obs_r2,pred_obs_r2_exp
5900,0.506820187569768,0.8732173485853651,0.7824526290046896
