var,rel.inf
MAP,39.11111847551404
CEC,11.348759354026948
rough_Elevation,9.140696785647734
Elevation,8.315531035618145
rough_NDVI,6.9388544662488645
PDQ,5.578981042141449
rough_MAP,4.668828910904624
Surface.T,4.333457590353362
rough_Soil.C,2.859993770448484
pH,2.43024406083834
rough_PDQ,2.4061645632779944
Clay,1.1017824133354317
rough_CEC,0.9958197768674918
rough_Surface.T,0.7697677547770988
