nt,pseudo_r2,pred_obs_r2,pred_obs_r2_exp
4900,0.5084173654806221,0.8536735908410152,0.7567471255359328
