nt,pseudo_r2,pred_obs_r2,pred_obs_r2_exp
4650,0.4944941293510544,0.8467472009330081,0.7528548554902229
