var,rel.inf
MAP,39.836497532658456
CEC,11.60979535069228
rough_Elevation,9.286998236641317
Elevation,8.20908451492274
rough_NDVI,6.601966203809138
PDQ,5.170343604060079
rough_MAP,4.7637445669308915
Surface.T,4.661354245550972
rough_Soil.C,2.825153880445511
pH,2.4215075288386627
rough_PDQ,2.3195237026454683
Clay,0.9600929346708169
rough_CEC,0.7329674867779264
rough_Surface.T,0.6009702113557374
