nt,pseudo_r2,pred_obs_r2,pred_obs_r2_exp
5200,0.4995838279855186,0.8596251332211812,0.7641541161070736
