nt,pseudo_r2,pred_obs_r2,pred_obs_r2_exp
4500,0.5019735385271784,0.8434139254175653,0.7462592089473123
