nt,pseudo_r2,pred_obs_r2,pred_obs_r2_exp
4900,0.5049093629601501,0.8533725634587704,0.7590630014344351
