nt,pseudo_r2,pred_obs_r2,pred_obs_r2_exp
5e3,0.5146172905490902,0.8553176500804313,0.7612174921779852
