var,rel.inf
MAP,37.96774961108731
CEC,11.354882667825082
rough_Elevation,9.574631137215574
Elevation,8.316611440419186
rough_NDVI,6.467841893359731
PDQ,5.2516141917370085
rough_MAP,4.909017346372849
Surface.T,4.509066348123537
rough_Soil.C,3.111251709194164
pH,2.512167526376529
rough_PDQ,2.447090828598796
Clay,1.3562484159177497
rough_CEC,1.2942834613229646
rough_Surface.T,0.9275434224495246
