nt,pseudo_r2,pred_obs_r2,pred_obs_r2_exp
4950,0.529567627382814,0.8535857769986536,0.7588273023638523
