nt,pseudo_r2,pred_obs_r2,pred_obs_r2_exp
5250,0.502531881837353,0.8610928776017801,0.76621197995256
