var,rel.inf
MAP,38.301882119834566
CEC,11.396912624939556
rough_Elevation,9.400883381336497
Elevation,8.313027054872798
rough_NDVI,6.65060475763672
PDQ,5.298283388331745
rough_MAP,4.62908531506794
Surface.T,4.356414187471901
rough_Soil.C,3.2165977006010573
pH,2.542525262149947
rough_PDQ,2.4261491742779255
Clay,1.2639149677858597
rough_CEC,1.2031797605733399
rough_Surface.T,1.000540305120156
