var,rel.inf
MAP,37.49429430570591
CEC,11.109352440229262
rough_Elevation,9.342586172882502
Elevation,8.631630907990228
rough_NDVI,6.727342988895319
PDQ,5.3287889826671755
rough_MAP,4.80712709035894
Surface.T,4.5249536949375555
rough_Soil.C,2.9364362398600123
pH,2.7180829188315614
rough_PDQ,2.3877808424509674
Clay,1.5046352221011285
rough_CEC,1.4195926720785401
rough_Surface.T,1.067395521010901
