nt,pseudo_r2,pred_obs_r2,pred_obs_r2_exp
5700,0.5172092255404832,0.8692967757917833,0.7774913913091712
