var,rel.inf
MAP,39.250107416787465
CEC,11.257868243377558
rough_Elevation,9.158792133515112
Elevation,8.523835597024586
rough_NDVI,6.922672011054079
PDQ,5.507415907761209
rough_MAP,4.518869377875025
Surface.T,4.412547618996142
rough_Soil.C,2.773241152768521
rough_PDQ,2.4053301652385746
pH,2.26172614810697
Clay,1.152140978149146
rough_CEC,1.0080939666256064
rough_Surface.T,0.8473592827199992
