var,rel.inf
MAP,40.375590183802025
CEC,11.42866364573541
rough_Elevation,9.111025173210658
Elevation,8.235864616701324
rough_NDVI,6.568659640864284
PDQ,5.716247937322459
Surface.T,4.340857891743997
rough_MAP,4.158992284553421
rough_Soil.C,2.9330762132614723
pH,2.372118134315361
rough_PDQ,2.3280665904974116
Clay,0.9259315433778617
rough_Surface.T,0.7814178736197347
rough_CEC,0.7234882709945908
