var,rel.inf
MAP,38.55251023912242
CEC,11.209781022155484
rough_Elevation,9.258794084377847
Elevation,8.370489349360124
rough_NDVI,6.6949600272063545
PDQ,5.495885904633182
rough_MAP,4.739894719383065
Surface.T,4.539939528632549
rough_Soil.C,3.020782148424938
pH,2.5351417490089307
rough_PDQ,2.38769214094516
Clay,1.2182921607183042
rough_CEC,1.0712628710767835
rough_Surface.T,0.9045740549548659
