var,rel.inf
MAP,36.32139820161309
CEC,11.321674137548065
rough_Elevation,9.36897868977772
Elevation,8.628015104569245
rough_NDVI,6.679770305115419
rough_MAP,5.388523895802164
PDQ,5.205454181373395
Surface.T,4.426066490440125
rough_Soil.C,3.0615388877984766
pH,2.5728646797491863
rough_PDQ,2.4969997788084015
rough_CEC,1.6853791796076028
Clay,1.6566401031222482
rough_Surface.T,1.1866963646748565
