var,rel.inf
MAP,39.11736830553554
CEC,11.496698325993176
rough_Elevation,9.252151033750263
Elevation,8.182168987280305
rough_NDVI,6.584290971462757
PDQ,5.702337562138447
rough_MAP,4.974554705462469
Surface.T,4.399156834918243
rough_Soil.C,2.7285668256101103
rough_PDQ,2.3952984789143716
pH,2.3125272470166207
Clay,1.1386596890553564
rough_CEC,0.9162237986142111
rough_Surface.T,0.799997234248125
