nt,pseudo_r2,pred_obs_r2,pred_obs_r2_exp
3950,0.488983500653136,0.8311216401936312,0.7326219468197871
