var,rel.inf
MAP,38.61814269130651
CEC,11.555218351926513
rough_Elevation,9.275171624368964
Elevation,8.561552918322118
rough_NDVI,6.805989559936545
PDQ,5.60179474548479
Surface.T,4.344792232861393
rough_MAP,4.2240178977303096
rough_Soil.C,2.8662488523908203
rough_PDQ,2.4313062912422123
pH,2.290945757301564
rough_CEC,1.2747709473277586
Clay,1.2485041379664439
rough_Surface.T,0.901543991834057
