var,rel.inf
MAP,38.06008144312382
CEC,11.489242540959882
rough_Elevation,9.562488288075787
Elevation,8.326467877485445
rough_NDVI,6.641622922373986
PDQ,5.445068490245721
rough_MAP,5.092271531369189
Surface.T,4.214110848738622
rough_Soil.C,2.9102628029366397
rough_PDQ,2.4696583275664246
pH,2.4038654398962986
Clay,1.3418051408629443
rough_CEC,1.170930613144095
rough_Surface.T,0.8721237332211542
