var,rel.inf
MAP,38.95087267109173
CEC,11.26828302117553
rough_Elevation,9.528579502944364
Elevation,8.121631161687187
rough_NDVI,6.667989823201969
PDQ,5.709670420284286
rough_MAP,4.793508830949106
Surface.T,4.293498559294477
rough_Soil.C,2.9156242224031463
pH,2.4553513555797397
rough_PDQ,2.322945814685694
Clay,1.2135633106673647
rough_CEC,1.0283619445304848
rough_Surface.T,0.7301193615049235
