nt,pseudo_r2,pred_obs_r2,pred_obs_r2_exp
4850,0.48550880209114067,0.8514651259828855,0.7558158283710817
