nt,pseudo_r2,pred_obs_r2,pred_obs_r2_exp
4550,0.45674372942028896,0.8449280174534907,0.7477623397805412
