nt,pseudo_r2,pred_obs_r2,pred_obs_r2_exp
4550,0.49359810343009414,0.8440061507461458,0.7487062265932776
