nt,pseudo_r2,pred_obs_r2,pred_obs_r2_exp
5600,0.5092756701946933,0.8670363105921541,0.7750916882615859
