nt,pseudo_r2,pred_obs_r2,pred_obs_r2_exp
4600,0.47287468299862445,0.8463410872951163,0.7516900284995
