var,rel.inf
MAP,37.626888662456466
CEC,11.14154065823802
rough_Elevation,9.280219950557273
Elevation,8.455656347955012
rough_NDVI,6.809790163766418
PDQ,5.495241182009357
rough_MAP,4.814044508888824
Surface.T,4.290344201904852
rough_Soil.C,3.087063093063943
pH,2.7010523237156208
rough_PDQ,2.3423053194816155
rough_CEC,1.498639780312814
Clay,1.482275870841907
rough_Surface.T,0.974937936807877
