var,rel.inf
MAP,38.29578445758626
CEC,11.507165337677762
rough_Elevation,9.444105986846118
Elevation,8.259978004081365
rough_NDVI,6.996256923223559
PDQ,5.325048495338907
rough_MAP,4.846427061284934
Surface.T,4.261215719192526
rough_Soil.C,2.934685594196614
pH,2.4511839443799537
rough_PDQ,2.3544412589087744
Clay,1.2690139840254313
rough_CEC,1.2280667968988703
rough_Surface.T,0.8266264363589202
