var,rel.inf
MAP,36.96515768411918
CEC,10.868210591544184
rough_Elevation,9.263983816849356
Elevation,8.496800039739028
rough_NDVI,6.899422139785916
PDQ,5.598484647034595
rough_MAP,4.84156896159231
Surface.T,4.481451981778252
rough_Soil.C,3.006969679665045
pH,2.7749566005530313
rough_PDQ,2.524194621194682
rough_CEC,1.608435360940138
Clay,1.4693196941903317
rough_Surface.T,1.2010441810139483
