var,rel.inf
MAP,35.93099269673443
CEC,11.237258472558997
rough_Elevation,8.977496747402034
Elevation,8.713986635152327
rough_NDVI,6.721617192731294
PDQ,5.460160238622904
rough_MAP,4.676700575426395
Surface.T,4.428219298400083
rough_Soil.C,3.617326781430676
pH,2.719435775462864
rough_PDQ,2.410340808060673
rough_CEC,1.913711910553491
Clay,1.8350150857500471
rough_Surface.T,1.3577377817137861
