nt,pseudo_r2,pred_obs_r2,pred_obs_r2_exp
4250,0.5117760643586269,0.8381400989104713,0.7428471140014241
