var,rel.inf
MAP,38.75834166665051
CEC,11.50148333733147
rough_Elevation,9.360343390727236
Elevation,8.132549720129933
rough_NDVI,6.9526285763669655
PDQ,5.3496380827153
rough_MAP,4.9512662127242475
Surface.T,4.133471755670104
rough_Soil.C,2.9705911492125914
pH,2.4657410092258765
rough_PDQ,2.3473830643115075
Clay,1.1442487915643058
rough_CEC,1.0326266875634884
rough_Surface.T,0.8996865558064668
