nt,pseudo_r2,pred_obs_r2,pred_obs_r2_exp
4800,0.5216561150577494,0.851076995522535,0.7557621649704721
