var,rel.inf
MAP,39.0869822111332
CEC,11.496235685531737
rough_Elevation,9.266579568140402
Elevation,8.305524906486786
rough_NDVI,6.640248209929808
PDQ,5.553044047125237
rough_MAP,4.767444922720112
Surface.T,4.305917732554424
rough_Soil.C,2.796627882260342
rough_PDQ,2.440525923549228
pH,2.2812813140289503
Clay,1.1769281098294126
rough_CEC,1.1072415861904557
rough_Surface.T,0.7754179005199061
