nt,pseudo_r2,pred_obs_r2,pred_obs_r2_exp
8550,0.530777986681339,0.912043072567237,0.8322405522843287
