nt,pseudo_r2,pred_obs_r2,pred_obs_r2_exp
5950,0.47722927411535043,0.8746797651789994,0.7837307424957675
