var,rel.inf
MAP,38.76218934568454
CEC,11.543005008721599
rough_Elevation,9.182738031573129
Elevation,8.432564526902453
rough_NDVI,6.685043283535339
PDQ,5.474603082537138
Surface.T,4.377015876985943
rough_MAP,4.256051142849956
rough_Soil.C,2.998506861950637
pH,2.491690290044467
rough_PDQ,2.357758457687143
Clay,1.252588634531194
rough_CEC,1.2248970508950736
rough_Surface.T,0.9613484061013935
