var,rel.inf
MAP,35.88066232577483
CEC,11.116584075964635
rough_Elevation,9.14274062019281
Elevation,8.539447486725038
rough_NDVI,6.61670127993571
PDQ,5.504579833447008
rough_MAP,5.14988707481462
Surface.T,4.736982128060688
rough_Soil.C,3.4266795900016316
pH,2.592161200386667
rough_PDQ,2.453552595107521
rough_CEC,1.847715127639607
Clay,1.7381553784961392
rough_Surface.T,1.2541512834530943
