nt,pseudo_r2,pred_obs_r2,pred_obs_r2_exp
4e3,0.46191203675554504,0.8314965744187676,0.7346574438471996
