var,rel.inf
MAP,39.37448368310756
CEC,11.6535472632859
rough_Elevation,9.235646063407422
Elevation,8.09781401437619
rough_NDVI,6.681781754072942
PDQ,5.515327158624056
rough_MAP,4.649465723863788
Surface.T,4.203805495616511
rough_Soil.C,2.912800041906722
pH,2.448567092956715
rough_PDQ,2.4063200775235014
Clay,1.0585263144583228
rough_CEC,1.0166439285500573
rough_Surface.T,0.7452713882503175
