nt,pseudo_r2,pred_obs_r2,pred_obs_r2_exp
4950,0.4848090038336992,0.853496072859966,0.7598479914922819
