var,rel.inf
MAP,39.05426001960956
CEC,11.526128020307025
rough_Elevation,9.320203566140005
Elevation,8.393564606480275
rough_NDVI,6.537815332132186
PDQ,5.44944524006699
rough_MAP,4.790739168801901
Surface.T,4.330904836658145
rough_Soil.C,2.883436886636671
pH,2.3894611606866456
rough_PDQ,2.353698424229285
Clay,1.13146960709695
rough_Surface.T,0.9363090789452415
rough_CEC,0.9025640522091215
