var,rel.inf
MAP,37.98829857222109
CEC,11.563912843940022
rough_Elevation,9.191220017862804
Elevation,8.65052046807202
rough_NDVI,6.672477132700502
PDQ,5.514914031091823
Surface.T,4.395325821638047
rough_MAP,4.355295329598512
rough_Soil.C,3.1723141550240483
pH,2.5059579074416005
rough_PDQ,2.343973064765487
Clay,1.33581791331423
rough_CEC,1.3095385210862918
rough_Surface.T,1.0004342212435187
