nt,pseudo_r2,pred_obs_r2,pred_obs_r2_exp
4750,0.4983574045578808,0.8490281826126311,0.752604548260276
