var,rel.inf
MAP,40.44649542146921
CEC,11.389083771785662
rough_Elevation,9.337878532457706
Elevation,8.2406181330735
rough_NDVI,6.680101400605085
PDQ,5.616625375249037
Surface.T,4.294854079022392
rough_MAP,4.227462205078357
rough_Soil.C,2.836443042307803
pH,2.39961199963391
rough_PDQ,2.1898395679789604
Clay,0.9507390225204516
rough_Surface.T,0.7027182859057661
rough_CEC,0.6875291629121609
