nt,pseudo_r2,pred_obs_r2,pred_obs_r2_exp
4e3,0.4835634156541294,0.830862865234943,0.7365586551558608
