nt,pseudo_r2,pred_obs_r2,pred_obs_r2_exp
4950,0.5041917346303795,0.8541287481318057,0.7596262232946858
