var,rel.inf
MAP,39.14453739437993
CEC,11.489884089172739
rough_Elevation,9.274560240630775
Elevation,8.35664636592438
rough_NDVI,6.604789275781473
PDQ,5.532846639587254
Surface.T,4.396146457192144
rough_MAP,4.323008960820196
rough_Soil.C,3.0417053476402875
pH,2.3616461156153705
rough_PDQ,2.300152277814165
Clay,1.2083734475677466
rough_CEC,1.1105565965275859
rough_Surface.T,0.8551467913459612
