var,rel.inf
MAP,38.44880524410797
CEC,11.225663804596104
rough_Elevation,9.403096598974882
Elevation,8.505844188750617
rough_NDVI,6.667332272668278
PDQ,5.276571414609107
rough_MAP,4.699161861738053
Surface.T,4.483556380070893
rough_Soil.C,2.886605064712621
pH,2.563898263930633
rough_PDQ,2.2999206813468045
Clay,1.3070564439536903
rough_CEC,1.2945723753792209
rough_Surface.T,0.9379154051611112
