nt,pseudo_r2,pred_obs_r2,pred_obs_r2_exp
4750,0.4699962816280019,0.8498550953991661,0.753690164959222
