nt,pseudo_r2,pred_obs_r2,pred_obs_r2_exp
5450,0.5142847970848266,0.8636743643795556,0.7721233048120274
