nt,pseudo_r2,pred_obs_r2,pred_obs_r2_exp
5550,0.510458486618044,0.8658845566107255,0.7732372567941451
