nt,pseudo_r2,pred_obs_r2,pred_obs_r2_exp
4450,0.5053400621908768,0.8431388811669095,0.7452443620676937
