nt,pseudo_r2,pred_obs_r2,pred_obs_r2_exp
5550,0.5218936994710996,0.8663761033889843,0.7735087829992475
