var,rel.inf
MAP,40.00635412664342
CEC,11.710679144416964
rough_Elevation,9.291302740926849
Elevation,8.265881244710261
rough_NDVI,6.827394787445361
PDQ,5.39495017430857
rough_MAP,4.364949789198549
Surface.T,4.325380769026106
rough_Soil.C,2.8924723397103644
pH,2.195363026607538
rough_PDQ,2.189397904399376
Clay,0.929459554547758
rough_Surface.T,0.8218209456232799
rough_CEC,0.7845934524356015
