nt,pseudo_r2,pred_obs_r2,pred_obs_r2_exp
3950,0.4871343866853024,0.8297555745804361,0.7331663222222121
