var,rel.inf
MAP,38.80467091687415
CEC,11.216403355381555
rough_Elevation,9.56196269644264
Elevation,8.34927747227266
rough_NDVI,6.727495840130304
PDQ,5.392819032749031
rough_MAP,4.817014501898605
Surface.T,4.337406388736396
rough_Soil.C,2.9202206170535736
pH,2.427592058765536
rough_PDQ,2.290533061469294
Clay,1.2645058779819127
rough_CEC,0.99451646150231
rough_Surface.T,0.895581718742022
