var,rel.inf
MAP,38.417129481438515
CEC,11.185433556415777
rough_Elevation,9.215620045752678
Elevation,8.336958755938689
rough_NDVI,6.768017818174967
PDQ,5.59003297260908
rough_MAP,4.691205074337608
Surface.T,4.585442199697711
rough_Soil.C,2.9903229632713537
pH,2.388409603331492
rough_PDQ,2.3672324486948195
Clay,1.3015888091332377
rough_CEC,1.265733414102265
rough_Surface.T,0.8968728571018177
