var,rel.inf
MAP,38.91700137046505
CEC,11.42366581795295
rough_Elevation,9.216138100501567
Elevation,8.735753354389427
rough_NDVI,6.595910955872158
PDQ,5.628882500548737
rough_MAP,4.333074121810351
Surface.T,4.280595636768063
rough_Soil.C,2.964896812611533
pH,2.45725521719978
rough_PDQ,2.2766279737076727
Clay,1.2013785287461576
rough_CEC,1.054106706234021
rough_Surface.T,0.9147129031925325
