var,rel.inf
MAP,39.194576409582545
CEC,11.548822427367696
rough_Elevation,8.940888230795379
Elevation,8.38121205667321
rough_NDVI,6.957051733265745
PDQ,5.614164937573091
rough_MAP,4.221915511718507
Surface.T,4.185824595318241
rough_Soil.C,2.967117203115575
pH,2.636351803536494
rough_PDQ,2.366351695952662
Clay,1.1339075008076183
rough_CEC,1.0556251428209262
rough_Surface.T,0.7961907514723098
