nt,pseudo_r2,pred_obs_r2,pred_obs_r2_exp
4200,0.4838784733629391,0.8364102107629796,0.7391874812675575
