var,rel.inf
MAP,37.604668623373684
CEC,11.272225196545993
rough_Elevation,9.006314636247225
Elevation,8.982657579661607
rough_NDVI,6.768966378951616
PDQ,5.3447072203623325
Surface.T,4.557842767938848
rough_MAP,4.3679573716620155
rough_Soil.C,3.027380076878156
pH,2.4785708539297153
rough_PDQ,2.4682397497498716
rough_CEC,1.580500196516012
Clay,1.5340205975308168
rough_Surface.T,1.0059487506521012
