var,rel.inf
MAP,37.558962908754765
CEC,11.125663541728773
rough_Elevation,9.298961580583843
Elevation,8.477565941730163
rough_NDVI,6.694720917471325
PDQ,5.325265882367629
rough_MAP,4.848361088809287
Surface.T,4.776384014855927
rough_Soil.C,3.024181450271482
pH,2.513802759174702
rough_PDQ,2.4676576576526115
Clay,1.4721702376749362
rough_CEC,1.4270387720842284
rough_Surface.T,0.989263246840327
