nt,pseudo_r2,pred_obs_r2,pred_obs_r2_exp
5400,0.5012746848482874,0.8641052700647253,0.7693388920194848
