nt,pseudo_r2,pred_obs_r2,pred_obs_r2_exp
5150,0.48966497710054735,0.8588070493234201,0.7644971690305018
