nt,pseudo_r2,pred_obs_r2,pred_obs_r2_exp
5350,0.5105031177507753,0.8630369531125409,0.7675392653466204
