nt,pseudo_r2,pred_obs_r2,pred_obs_r2_exp
5e3,0.4832517241229468,0.8550875555848683,0.760112149325549
