var,rel.inf
MAP,38.627274021805306
CEC,11.303687387490339
rough_Elevation,9.137207668581375
Elevation,8.531822029539176
rough_NDVI,6.567953199298068
PDQ,5.712975165887878
rough_MAP,4.4848245273403
Surface.T,4.323511243876061
rough_Soil.C,3.0646832677718376
pH,2.5070639975477294
rough_PDQ,2.397967542584999
Clay,1.2658774861865565
rough_CEC,1.2114728019191165
rough_Surface.T,0.863679660171258
