var,rel.inf
MAP,38.03151789679929
CEC,11.39159270650954
rough_Elevation,9.271496526255504
Elevation,8.499612144983248
rough_NDVI,6.572477492688956
PDQ,5.502611937418661
rough_MAP,4.856719438912897
Surface.T,4.422439366516878
rough_Soil.C,2.914931869118073
pH,2.5673789829982914
rough_PDQ,2.4875771092048478
Clay,1.304914901296172
rough_CEC,1.2208250295534582
rough_Surface.T,0.9559045977441736
