nt,pseudo_r2,pred_obs_r2,pred_obs_r2_exp
5400,0.5072063937107321,0.8639891012105715,0.770338771448888
