nt,pseudo_r2,pred_obs_r2,pred_obs_r2_exp
6550,0.5165159339468348,0.8840292598532925,0.79523414883163
