nt,pseudo_r2,pred_obs_r2,pred_obs_r2_exp
5750,0.5090696937547292,0.87015223810068,0.7772897132453747
