var,rel.inf
MAP,37.42381123696526
CEC,11.383395791269619
rough_Elevation,9.569292602049373
Elevation,8.427166709031615
rough_NDVI,6.703840571746139
PDQ,5.561120136028556
rough_MAP,5.018199302979376
Surface.T,4.402096070435611
rough_Soil.C,3.0903695100948503
rough_PDQ,2.3964869530165993
pH,2.2502871788554772
Clay,1.4729871561259218
rough_CEC,1.3095801730041419
rough_Surface.T,0.9913666083974758
