var,rel.inf
MAP,38.33946048640145
CEC,11.27001080697657
rough_Elevation,9.503791772353784
Elevation,8.618178978245965
rough_NDVI,6.788650633889611
PDQ,5.404156811636003
Surface.T,4.454918662483388
rough_MAP,4.38723471485856
rough_Soil.C,2.791869257766266
pH,2.4533690906148724
rough_PDQ,2.371244621240572
rough_CEC,1.356411508268407
Clay,1.3206624905249476
rough_Surface.T,0.940040164739606
