nt,pseudo_r2,pred_obs_r2,pred_obs_r2_exp
6100,0.5288093258538775,0.877150061097377,0.7851559110942435
