var,rel.inf
MAP,38.41456007582863
CEC,10.932077102045483
rough_Elevation,9.324561105305307
Elevation,8.50174780184534
rough_NDVI,6.774504516596933
PDQ,5.6819818985420625
rough_MAP,4.581890898764179
Surface.T,4.410301752011659
rough_Soil.C,2.9531676349415568
pH,2.581460040521415
rough_PDQ,2.421885999192381
rough_CEC,1.3111710079943062
Clay,1.24791672639259
rough_Surface.T,0.8627734400181554
