var,rel.inf
MAP,38.233424112759806
CEC,11.308117236892068
rough_Elevation,9.307163372252338
Elevation,8.304161398820401
rough_NDVI,6.872328206355166
PDQ,5.553700600349591
rough_MAP,4.543337829627838
Surface.T,4.415663818114919
rough_Soil.C,3.065324238888484
pH,2.484431586045069
rough_PDQ,2.3712637911646683
Clay,1.362685457806499
rough_CEC,1.2148797720359432
rough_Surface.T,0.9635185788872093
