var,rel.inf
MAP,37.980153970985555
CEC,11.124411314898845
rough_Elevation,9.356461317990755
Elevation,8.701000547826022
rough_NDVI,6.714845814726823
PDQ,5.478420507318179
rough_MAP,4.642822613066031
Surface.T,4.62812853455322
rough_Soil.C,3.1109896630281635
pH,2.3513300003206763
rough_PDQ,2.2640364639075345
Clay,1.3634524403560049
rough_CEC,1.318650519367586
rough_Surface.T,0.9652962916546038
