nt,pseudo_r2,pred_obs_r2,pred_obs_r2_exp
6e3,0.5082931890207857,0.8760665161785007,0.7853481496596836
