var,rel.inf
MAP,38.72103560116036
CEC,11.302978601452299
rough_Elevation,9.097340282134192
Elevation,8.541869407129136
rough_NDVI,6.966743660197449
PDQ,5.464961488882239
rough_MAP,4.421491121697722
Surface.T,4.352020721233972
rough_Soil.C,2.8193563568560993
pH,2.5712118870443756
rough_PDQ,2.3854124176683893
Clay,1.2465100972483942
rough_CEC,1.1431108717175664
rough_Surface.T,0.9659574855778014
