nt,pseudo_r2,pred_obs_r2,pred_obs_r2_exp
4650,0.5280939585497761,0.846901471632644,0.7497986802830721
