nt,pseudo_r2,pred_obs_r2,pred_obs_r2_exp
4950,0.5177197895643173,0.8541262018921072,0.7586764557706206
