nt,pseudo_r2,pred_obs_r2,pred_obs_r2_exp
5100,0.471659960961774,0.8574581657251018,0.7613776809478383
