var,rel.inf
MAP,40.42262706375915
CEC,11.775144848086022
rough_Elevation,9.250450097409024
Elevation,7.96695234736514
rough_NDVI,6.649785628990654
PDQ,5.484090045417372
rough_MAP,4.542680489111656
Surface.T,4.254818340626059
rough_Soil.C,2.651079225898856
pH,2.531797466195072
rough_PDQ,2.205980416128196
Clay,0.9273124803668221
rough_Surface.T,0.680761994120007
rough_CEC,0.6565195565259682
