df,AIC
7,2365.3478697471583
4,2423.153775618946
