df,AIC
7,2977.0377377611485
4,3067.5983955831284
