test,U_p_value,CLES_value
mean_QDS_jaccard,1.6185400807749909e-12,0.7600024545900834
add_residual_turnover_prop,1.412043442482871e-4,0.6400957290132547
