nt,pseudo_r2,pred_obs_r2,pred_obs_r2_exp
350,-0.0035367295655193143,0.3574068855382328,0.2017467471598241
