var,rel.inf
PDQ,22.059029283078036
Elevation,21.677931507118743
rough_Surface.T,12.64175869443904
rough_MAP,9.42316091123416
Clay,7.245837025664225
rough_Elevation,6.014431454996606
rough_CEC,4.642907702186011
CEC,3.67557669493126
pH,3.6649606452735597
MAP,3.1993961873309114
rough_Clay,2.897826761353264
rough_Soil.C,2.85718313239419
