nt,pseudo_r2,pred_obs_r2,pred_obs_r2_exp
1350,-0.01425175332856976,0.5380622444222397,0.4138136687752028
