nt,pseudo_r2,pred_obs_r2,pred_obs_r2_exp
300,-0.036327398003817235,0.494061595867223,0.29584475406001876
