var,rel.inf
rough_Clay,25.225950792837747
rough_MAP,24.999634836822974
rough_Elevation,12.665590302612177
rough_Soil.C,9.527594671979049
rough_Surface.T,6.670939696135578
Clay,5.498912733181373
CEC,5.238065262706264
MAP,3.08936397351552
Elevation,2.6377947224176
PDQ,1.9986436999544832
pH,1.292147536188196
rough_CEC,1.1553617716490425
