var,rel.inf
rough_Elevation,25.231560464193063
rough_Soil.C,22.48217181454277
Elevation,11.118547468669101
rough_Surface.T,8.647530883051344
Clay,7.369291821517164
pH,7.179590788197626
PDQ,5.818242530923402
MAP,4.28105047972483
CEC,3.525706948492231
rough_CEC,1.914172554196547
rough_Clay,1.294094972020293
rough_MAP,1.1380392744716195
