nt,pseudo_r2,pred_obs_r2,pred_obs_r2_exp
500,-0.010824135239068333,0.47563301064251606,0.25257252707842254
