nt,pseudo_r2,pred_obs_r2,pred_obs_r2_exp
550,-0.03242832843450749,0.4706962543460573,0.23324704111741854
