var,rel.inf
rough_CEC,33.473612112718676
rough_Elevation,19.58804538681488
rough_Surface.T,16.413803232529936
CEC,9.059229202640008
rough_Clay,5.064587428060223
Elevation,4.464942756269429
rough_Soil.C,3.7246204053163394
rough_MAP,3.53956271916967
MAP,1.8739855470134485
Clay,1.3852520355644335
PDQ,1.087338464921579
pH,0.3250207089813708
