var,rel.inf
Clay,29.931864356211108
pH,16.789332030068113
rough_Soil.C,8.789679689440415
MAP,7.7492616659068965
rough_Surface.T,7.0284739011631725
rough_CEC,6.1249859609535635
rough_MAP,6.106512107110681
PDQ,5.83137296267384
Elevation,4.679992796868908
rough_Elevation,2.8400398182539726
rough_Clay,2.777200408805545
CEC,1.3512843025437904
