nt,pseudo_r2,pred_obs_r2,pred_obs_r2_exp
500,0.0036968768596846724,0.4055999084041967,0.2460867681203736
