nt,pseudo_r2,pred_obs_r2,pred_obs_r2_exp
700,0.0017937401378949058,0.39268066199003593,0.2093519105540471
