nt,pseudo_r2,pred_obs_r2,pred_obs_r2_exp
300,-0.009687005009972438,0.47508711769723055,0.2373348124251711
