nt,pseudo_r2,pred_obs_r2,pred_obs_r2_exp
1100,0.01639139409595214,0.5414596674531672,0.38894850316933954
