nt,pseudo_r2,pred_obs_r2,pred_obs_r2_exp
700,0.01173833314400674,0.5491105153001958,0.3304238401326925
