nt,pseudo_r2,pred_obs_r2,pred_obs_r2_exp
250,-0.008342382687127614,0.41714489921386855,0.32268647125643196
