nt,pseudo_r2,pred_obs_r2,pred_obs_r2_exp
1150,0.05930771224045239,0.5501156367525315,0.3616643890311045
