var,rel.inf
rough_Surface.T,35.33249246773842
rough_Soil.C,18.05356961207967
rough_Elevation,11.046656910917637
CEC,8.831390268886793
rough_CEC,7.205768530346716
rough_MAP,4.414654737724418
rough_Clay,4.149439916191111
MAP,4.145566970285477
Elevation,2.206049388180258
Clay,1.9388296752364733
PDQ,1.4838423822357885
pH,1.191739140177231
