nt,pseudo_r2,pred_obs_r2,pred_obs_r2_exp
400,-0.036061130851551715,0.4513908968954113,0.3216627988377776
