nt,pseudo_r2,pred_obs_r2,pred_obs_r2_exp
250,-0.002701458282936109,0.46879058743897456,0.3000638156401059
