var,rel.inf
pH,41.2943663670705
Elevation,12.280170841081516
MAP,9.584920960830825
rough_Clay,8.372946372256196
rough_Elevation,7.161525020745915
rough_CEC,5.552534794033297
PDQ,3.9038998404003094
rough_Surface.T,3.59754944139916
CEC,3.512865005414564
rough_MAP,1.9996925722675645
Clay,1.66316328407412
rough_Soil.C,1.0763655004260266
