nt,pseudo_r2,pred_obs_r2,pred_obs_r2_exp
600,0.03325621796877831,0.38341714828703455,0.30148998943396066
