var,rel.inf
PDQ,31.099540145760106
rough_Surface.T,12.61395118187812
rough_CEC,11.080923347016384
rough_Soil.C,8.495721679265301
CEC,8.266343771048115
Elevation,6.9330502709098925
rough_Elevation,6.50894137488745
pH,5.404759771940618
MAP,4.119664839172276
rough_Clay,2.8030445229139125
rough_MAP,1.9085908609123168
Clay,0.7654682342955126
