nt,pseudo_r2,pred_obs_r2,pred_obs_r2_exp
300,0.00887844716747499,0.37875253591342606,0.2655139172805748
