var,rel.inf
MAP,27.18959566134714
rough_Soil.C,23.16608926575495
rough_Surface.T,12.72855738768832
Clay,11.351450200167973
rough_CEC,6.3056602830589
CEC,4.398407224836314
rough_MAP,4.134903716787029
PDQ,4.133150163758574
rough_Elevation,2.6981724556843885
pH,1.5003874245270685
rough_Clay,1.3337479080345793
Elevation,1.059878308354758
