nt,pseudo_r2,pred_obs_r2,pred_obs_r2_exp
350,-0.02529399980464575,0.437225899463379,0.3309068239595621
