var,rel.inf
Clay,23.24903898233526
Elevation,22.97816352570387
MAP,17.40215636883239
rough_Elevation,8.714085010975783
rough_Surface.T,6.796583992395764
pH,5.846491208194791
PDQ,4.251043156588302
rough_MAP,3.36382828812977
rough_CEC,2.836153001097565
rough_Soil.C,1.9346628917042998
rough_Clay,1.6992928034410322
CEC,0.9285007706011701
