nt,pseudo_r2,pred_obs_r2,pred_obs_r2_exp
750,0.022002517147927003,0.4209371615627613,0.32304239887274955
