nt,pseudo_r2,pred_obs_r2,pred_obs_r2_exp
550,0.017316437376400318,0.3966297785484405,0.30134675697248037
