nt,pseudo_r2,pred_obs_r2,pred_obs_r2_exp
700,-0.017590649570677463,0.4652880472526557,0.33819320286816373
