var,rel.inf
rough_CEC,47.90852208979663
Clay,14.268537214029145
rough_MAP,11.454411040796472
CEC,5.606354615616101
PDQ,5.257318448885786
rough_Surface.T,3.3619856622128688
rough_Elevation,3.0163412095012854
rough_Soil.C,2.716559889123897
rough_Clay,2.467439350359861
Elevation,2.461902070908286
pH,0.9865027662321215
MAP,0.49412564253755237
