nt,pseudo_r2,pred_obs_r2,pred_obs_r2_exp
6550,0.11144595987333472,0.8771671242448542,0.7832350297046499
