nt,pseudo_r2,pred_obs_r2,pred_obs_r2_exp
5500,0.11646355686262477,0.8230837835559366,0.6751310024744603
