var,rel.inf
PDQ,27.465593421355287
rough_Soil.C,15.325607442329181
Clay,14.52581653010614
rough_Clay,12.741980422250796
MAP,5.962782504552847
rough_Elevation,5.475210762656019
rough_Surface.T,5.185843025706068
pH,4.782080459419509
CEC,3.932565835005744
rough_MAP,2.0150427584385864
rough_CEC,1.9590004899635154
Elevation,0.6284763482163133
