var,rel.inf
pH,19.273168095411435
PDQ,15.376364467055334
rough_Clay,14.806823306214467
rough_Elevation,9.7448887064845
MAP,8.086708963675138
Elevation,7.600071025943698
rough_MAP,6.397393114006398
rough_Soil.C,5.619951934387052
CEC,4.519629199789085
rough_Surface.T,3.7352433802286753
Clay,3.106179355621897
rough_CEC,1.733578451182315
