nt,pseudo_r2,pred_obs_r2,pred_obs_r2_exp
400,-0.012736393576152638,0.44719142577168053,0.2842921614337031
