var,rel.inf
rough_Soil.C,46.14931201887276
rough_MAP,15.402296343667757
rough_CEC,13.99077146624702
Elevation,4.245284460860643
rough_Clay,4.077683684854108
rough_Surface.T,3.2396173993184103
PDQ,3.231798527163084
pH,2.9067207543643145
rough_Elevation,2.7796161153660988
Clay,1.9299540593308602
CEC,1.2847083979586147
MAP,0.76223677199632
