nt,pseudo_r2,pred_obs_r2,pred_obs_r2_exp
700,0.023801890880565613,0.40836613828902807,0.3599057694839005
