nt,pseudo_r2,pred_obs_r2,pred_obs_r2_exp
600,0.006201025310782704,0.4672796256061758,0.25258883890631034
