nt,pseudo_r2,pred_obs_r2,pred_obs_r2_exp
200,-0.015550276006103925,0.4015354031680428,0.33462779903274653
