nt,pseudo_r2,pred_obs_r2,pred_obs_r2_exp
250,-0.011163427621331046,0.44633170381632054,0.3369085257344436
