nt,pseudo_r2,pred_obs_r2,pred_obs_r2_exp
500,0.029323589081864387,0.3643785962091136,0.3297439801334001
