nt,pseudo_r2,pred_obs_r2,pred_obs_r2_exp
950,0.07023987878317828,0.47472167164193163,0.34238142147952944
