nt,pseudo_r2,pred_obs_r2,pred_obs_r2_exp
350,0.003199816777988973,0.4614593436480232,0.3216325816889134
