nt,pseudo_r2,pred_obs_r2,pred_obs_r2_exp
400,-0.002651145868950655,0.35314759250981803,0.291991337293234
