nt,pseudo_r2,pred_obs_r2,pred_obs_r2_exp
400,0.00195799165411481,0.36115855793834,0.20581453228985616
