nt,pseudo_r2,pred_obs_r2,pred_obs_r2_exp
2200,0.08968126249519326,0.6762615450942395,0.5306402083044096
