nt,pseudo_r2,pred_obs_r2,pred_obs_r2_exp
900,0.07297999344377126,0.44928711506052565,0.3363638531347074
