var,rel.inf
pH,25.62991686890589
MAP,15.822733634778807
rough_CEC,15.252408046892933
rough_Soil.C,11.323884443241178
rough_Clay,9.10070867368912
Clay,6.611421682628327
rough_MAP,4.277841713085095
Elevation,3.673172093549975
rough_Surface.T,3.0505390958254255
rough_Elevation,2.310862749371461
CEC,2.1587427757539968
PDQ,0.787768222277779
