nt,pseudo_r2,pred_obs_r2,pred_obs_r2_exp
300,-0.020808816827726062,0.360741442199978,0.34382240763640765
