var,rel.inf
rough_Soil.C,28.322218547376547
rough_Elevation,21.907248346324053
rough_Surface.T,11.192222546750164
MAP,9.217861218634045
rough_CEC,6.282303159595891
rough_MAP,5.579865198352148
PDQ,3.973771055564159
Clay,3.734854550703537
Elevation,3.6838914741527864
rough_Clay,2.3992566748057844
CEC,2.301208503912895
pH,1.4052987238279808
