var,rel.inf
rough_Clay,26.495743190186783
CEC,14.731369653938767
rough_CEC,11.73347915864702
rough_Soil.C,10.302366940846085
Elevation,8.622954419174649
Clay,6.800627162719927
rough_Elevation,4.688478799636141
rough_Surface.T,4.322227923102647
pH,3.861261787718761
PDQ,3.7279824367933863
rough_MAP,3.2049211943963734
MAP,1.5085873328394674
