nt,pseudo_r2,pred_obs_r2,pred_obs_r2_exp
1700,0.03862252139158617,0.5698261988332065,0.3647031558272313
