nt,pseudo_r2,pred_obs_r2,pred_obs_r2_exp
550,0.00678649582990698,0.4057924598341072,0.23795072451922292
