nt,pseudo_r2,pred_obs_r2,pred_obs_r2_exp
350,-0.02313829352791119,0.42543634297417365,0.2657561266165015
