var,rel.inf
Clay,19.714238542629747
rough_CEC,14.539508333739862
rough_Elevation,13.62132295556621
MAP,11.763717981151496
PDQ,11.5123420604351
rough_Soil.C,7.603078707391014
CEC,5.45650018642744
Elevation,4.852581841113955
rough_Clay,4.3150073074712765
rough_MAP,2.897660987452842
rough_Surface.T,2.86910302101913
pH,0.8549380756019296
