var,rel.inf
rough_Soil.C,33.56062573855482
rough_Elevation,29.232280099755666
rough_Clay,5.488362640755472
pH,5.455716790889428
MAP,4.435863663719574
Elevation,4.3152987692483595
rough_CEC,3.2883119660143127
PDQ,3.1965973233599447
CEC,3.1349732297285984
Clay,3.0770803543669856
rough_MAP,2.634956739617516
rough_Surface.T,2.1799326839893243
