var,rel.inf
Elevation,21.28516894980404
rough_Elevation,15.0410521152171
rough_Soil.C,13.902295850574196
CEC,13.362618816070578
rough_CEC,6.451880530397959
MAP,6.286225262229254
rough_Surface.T,6.072020747083946
Clay,5.779085555285589
pH,4.386789770011901
rough_MAP,2.937984945547001
rough_Clay,2.752516749746786
PDQ,1.7423607080316479
