var,rel.inf
Clay,34.34615621170226
rough_CEC,24.298146604030407
rough_Elevation,8.409323319660174
MAP,7.554991348209482
pH,5.908709676763677
rough_Soil.C,3.7753310644059876
rough_Clay,3.7148097929540542
rough_Surface.T,3.513788251450682
rough_MAP,3.125894800954878
CEC,2.369010273612323
PDQ,1.915359783961525
Elevation,1.068478872294546
