nt,pseudo_r2,pred_obs_r2,pred_obs_r2_exp
1700,0.025471855539258126,0.6135317177939792,0.4114318055940918
