var,rel.inf
CEC,22.96812920421108
pH,17.077600186387283
rough_MAP,11.711592359659575
PDQ,9.010132033101668
Clay,8.706557343675833
rough_Surface.T,7.635715495657782
MAP,6.558781919970214
rough_Clay,5.3432567554471735
rough_Elevation,3.830464099520716
Elevation,3.5298166997260343
rough_CEC,2.878629376422499
rough_Soil.C,0.749324526220136
