nt,pseudo_r2,pred_obs_r2,pred_obs_r2_exp
2450,0.043914788257958914,0.6608474982849156,0.5523462334740634
