nt,pseudo_r2,pred_obs_r2,pred_obs_r2_exp
1400,0.105673424065304,0.5200538622168505,0.40446024592296587
