var,rel.inf
rough_MAP,29.635445551512845
pH,13.31897985993918
PDQ,11.239582450694522
Elevation,10.389588106318532
MAP,9.288165721830666
CEC,8.012928741285931
rough_CEC,4.2511670994463095
Clay,3.7576086107286044
rough_Soil.C,2.963985253871061
rough_Elevation,2.961968418380145
rough_Surface.T,2.595630320772068
rough_Clay,1.5849498652201455
