var,rel.inf
Elevation,14.445413380218891
rough_Surface.T,11.787459338523593
pH,11.38614251722581
rough_CEC,11.097610017003335
rough_Clay,10.900483234359783
rough_Elevation,10.361838746996517
rough_MAP,10.321743426640637
CEC,9.84503106884041
MAP,3.545610460513573
rough_Soil.C,2.9569221602212226
Clay,2.5777582923107003
PDQ,0.7739873571455261
