nt,pseudo_r2,pred_obs_r2,pred_obs_r2_exp
750,-0.001553068049333417,0.48473039352209174,0.3389654342837904
