var,rel.inf
pH,30.753781926617478
rough_Elevation,17.367515859023662
rough_Surface.T,12.392981444096213
rough_Clay,10.779526930316536
PDQ,6.935812982687397
rough_CEC,6.931586397953081
rough_Soil.C,5.841942814381379
Clay,3.1975180380673724
CEC,2.773892890204739
rough_MAP,1.2330109858565728
Elevation,1.2085921124072136
MAP,0.5838376183883606
