var,rel.inf
rough_Surface.T,23.47197798998623
rough_Elevation,20.376004271400543
pH,15.941758394896324
Clay,9.01375778503044
rough_Soil.C,8.771526095597544
rough_Clay,5.299746288534337
MAP,4.569216619020641
rough_CEC,4.417307561606271
Elevation,3.018275336264055
CEC,2.6820687354712587
rough_MAP,1.4988093664151085
PDQ,0.9395515557772558
