var,rel.inf
rough_MAP,15.34235296431592
pH,13.138722420005884
rough_Soil.C,12.540649678738669
rough_Clay,12.527936237398727
rough_Elevation,10.238136449595348
rough_CEC,8.90608432002005
Elevation,7.628751654286278
rough_Surface.T,6.702956765585711
CEC,4.007828662007166
PDQ,3.614284855271134
MAP,2.9491171790506594
Clay,2.40317881372445
