nt,pseudo_r2,pred_obs_r2,pred_obs_r2_exp
200,-0.015073479446864324,0.3551677010283788,0.24574341905924324
