var,rel.inf
rough_MAP,54.71870742971409
PDQ,9.069026054190777
Clay,7.693098487989817
rough_Elevation,6.994605253091607
rough_Soil.C,6.239268703242041
Elevation,4.214237011608779
rough_CEC,2.7026707661505567
CEC,2.4721835071025207
MAP,1.9142056955304634
rough_Surface.T,1.8205667825488558
rough_Clay,1.258166273637128
pH,0.9032640351933632
