var,rel.inf
CEC,26.849917851437134
rough_Clay,14.169937763206361
rough_CEC,11.884665480580871
rough_Surface.T,10.264376683305722
pH,9.362944126040002
MAP,7.668165795130417
PDQ,7.222662626601833
Elevation,7.012022273975899
Clay,2.7446941091859807
rough_MAP,1.4339580223134931
rough_Elevation,0.9976967814165331
rough_Soil.C,0.3889584868057637
