nt,pseudo_r2,pred_obs_r2,pred_obs_r2_exp
850,0.0016324025683510657,0.537993644993899,0.3532957543253687
