nt,pseudo_r2,pred_obs_r2,pred_obs_r2_exp
1050,0.02822936244401275,0.49948911914675337,0.3947151012887711
