nt,pseudo_r2,pred_obs_r2,pred_obs_r2_exp
450,-0.005611927675079453,0.42450202812577564,0.2814263633915896
