var,rel.inf
rough_MAP,22.102985759200344
pH,14.996988345966741
Elevation,14.588908954444063
rough_Clay,14.40431479133597
rough_CEC,11.084683499096052
Clay,5.6465112680093315
CEC,3.824084433963915
rough_Surface.T,2.939768832074625
rough_Elevation,2.93098184083455
rough_Soil.C,2.710188045618162
PDQ,2.6689578981454662
MAP,2.101626331310774
