var,rel.inf
rough_Elevation,12.975833744478317
PDQ,12.489843391183246
rough_CEC,11.594761808269748
rough_Surface.T,10.917373515765357
Elevation,10.63225712402474
rough_MAP,9.127008270140887
CEC,8.706506349380122
MAP,7.8771452495020755
rough_Soil.C,6.604067097096545
Clay,4.095014629692813
rough_Clay,3.340255923067007
pH,1.6399328973991427
