var,rel.inf
rough_Surface.T,26.77235355293915
rough_Clay,12.718767130799673
CEC,11.629230248838201
Clay,11.239784097566357
rough_MAP,9.436659949434514
rough_Elevation,7.757649492194739
Elevation,6.678317851729158
pH,4.597276940589638
rough_Soil.C,3.8663152155605998
MAP,2.069758792849912
PDQ,1.783568985529835
rough_CEC,1.4503177419682176
