var,rel.inf
CEC,27.791415575596837
Clay,16.309798023241353
rough_CEC,9.128319628776383
rough_Soil.C,7.813678091591521
rough_MAP,7.685673257788009
MAP,7.645419604064358
Elevation,7.493627129620166
pH,4.177294830240324
rough_Elevation,3.8565799708777333
rough_Clay,3.5384024109266976
PDQ,2.548423539592051
rough_Surface.T,2.011367937684561
