nt,pseudo_r2,pred_obs_r2,pred_obs_r2_exp
1100,0.040964582478378864,0.5199022203902746,0.39765233226817076
