var,rel.inf
rough_Elevation,21.30985672829617
rough_Surface.T,18.139432093315175
rough_Soil.C,12.866653975479366
rough_Clay,12.571641778894861
Elevation,7.12248306498518
Clay,5.823240567373306
CEC,5.707789855996729
rough_MAP,5.535453012091148
pH,4.093119312598305
PDQ,3.520582766368876
rough_CEC,1.7870251502034484
MAP,1.52272169439743
