nt,pseudo_r2,pred_obs_r2,pred_obs_r2_exp
600,-0.012496167001095904,0.4547318188501071,0.3478994134747584
