var,rel.inf
MAP,24.01103619839813
rough_CEC,21.317068217322372
CEC,16.784981601788598
pH,12.951590097699892
Elevation,4.797620989719501
rough_Elevation,4.261966459190502
Clay,3.5637113919628702
rough_Clay,3.0089383069651605
PDQ,2.9264475066289024
rough_Soil.C,2.7217547336424897
rough_MAP,2.007174095838302
rough_Surface.T,1.6477104008432737
