nt,pseudo_r2,pred_obs_r2,pred_obs_r2_exp
650,0.03568746799274658,0.41413889206246624,0.34963103486473407
