nt,pseudo_r2,pred_obs_r2,pred_obs_r2_exp
2450,0.030812493560498977,0.6782619752429312,0.5775593688760383
