var,rel.inf
MAP,31.39666190032388
rough_Soil.C,17.67546259636378
rough_CEC,11.993645564773816
Clay,9.549258569579992
rough_Elevation,7.237672260715265
rough_MAP,6.888832681885531
Elevation,3.429691431579749
rough_Surface.T,3.4121699419550016
pH,2.7654450734313016
rough_Clay,1.9908250576167672
CEC,1.8352956742705835
PDQ,1.8250392475043231
