var,rel.inf
Clay,27.23671397902244
CEC,25.32751415820375
pH,11.951560128112554
rough_MAP,7.372825959088531
MAP,5.236129149001624
rough_Elevation,4.416558844322011
Elevation,4.295514442055862
PDQ,4.1188221864369465
rough_Surface.T,3.881587560447563
rough_Soil.C,3.3037408577836933
rough_CEC,2.2699941333679394
rough_Clay,0.5890386021570875
