var,rel.inf
CEC,43.960842745625456
rough_MAP,21.27676867565899
MAP,10.531772608708057
rough_Surface.T,6.3669578179597375
Clay,3.571167914821973
pH,3.4854742269366965
PDQ,3.2459957661082517
rough_Elevation,2.413470651882391
rough_Soil.C,1.5368905969486952
Elevation,1.383415176272173
rough_Clay,1.2212987555313495
rough_CEC,1.005945063546227
