nt,pseudo_r2,pred_obs_r2,pred_obs_r2_exp
550,-0.045952017033206616,0.45970159031577096,0.308527836629192
