nt,pseudo_r2,pred_obs_r2,pred_obs_r2_exp
500,-0.006722740815593875,0.4749721538561511,0.39766528345273394
