var,rel.inf
rough_Soil.C,51.22316039681199
rough_Clay,10.428697823726656
CEC,7.602592132451595
Elevation,6.688321528667445
Clay,6.16177861911192
rough_CEC,5.302528179234269
rough_Elevation,3.826680583272219
MAP,2.9057900081619845
PDQ,2.0258708790153945
pH,1.969576354232382
rough_MAP,1.1459999615360519
rough_Surface.T,0.7190035337780869
