nt,pseudo_r2,pred_obs_r2,pred_obs_r2_exp
1400,0.058405455234604386,0.5696235435557266,0.3761053013964215
