var,rel.inf
rough_Clay,41.4608671839205
Elevation,12.784457979869032
rough_Soil.C,10.6395324767973
rough_Surface.T,7.129957427654407
CEC,6.812088448969855
rough_MAP,6.397716940180375
Clay,3.9026037600773105
rough_Elevation,3.0432578932336662
MAP,2.8452658815182006
PDQ,1.9142144588198098
rough_CEC,1.7457876302413786
pH,1.3242499187181667
