nt,pseudo_r2,pred_obs_r2,pred_obs_r2_exp
200,-0.0070532389382600424,0.4105824894177759,0.29871755883854456
