nt,pseudo_r2,pred_obs_r2,pred_obs_r2_exp
950,0.037396708031128933,0.44885290849387166,0.26058000057664255
