nt,pseudo_r2,pred_obs_r2,pred_obs_r2_exp
650,-0.004377695616232247,0.5406715604052925,0.3349251832453229
