nt,pseudo_r2,pred_obs_r2,pred_obs_r2_exp
350,0.006692029421631163,0.4334649284835339,0.2062688648683233
