nt,pseudo_r2,pred_obs_r2,pred_obs_r2_exp
200,-0.018781220242544583,0.39518844024259725,0.2200509065411448
