var,rel.inf
rough_Surface.T,40.09007039520889
Elevation,20.35537122057234
rough_Soil.C,10.188584969002006
rough_Clay,6.328406812182791
rough_Elevation,5.563902493168206
Clay,4.5257513312527164
CEC,4.096359760385484
PDQ,3.078208538879409
rough_MAP,2.3811378645816323
rough_CEC,1.8285603957730734
pH,1.0044908890282427
MAP,0.5591553299652056
