var,rel.inf
rough_Elevation,17.194418772824363
MAP,16.4422305783676
rough_Soil.C,11.617992679728472
Clay,10.907298061277308
pH,10.335852530631165
rough_Surface.T,7.5969381975393
rough_Clay,6.484470951870233
PDQ,6.310563474444062
CEC,5.69128473670147
rough_CEC,3.7181026181739685
rough_MAP,2.3463079299280682
Elevation,1.3545394685139993
