var,rel.inf
rough_Clay,31.914080930623445
rough_Surface.T,21.828866439229124
PDQ,7.660184631950238
rough_CEC,7.1431053616900915
pH,6.854846592778134
Clay,5.210694490497219
rough_Elevation,4.482512531441622
CEC,4.250672242280358
rough_Soil.C,3.4152996376359694
MAP,2.9306525150816607
rough_MAP,2.621329965133769
Elevation,1.6877546616583616
