var,rel.inf
rough_Surface.T,25.02015668266669
Clay,24.484704656694582
Elevation,10.886518605144111
rough_Soil.C,9.489780671643215
rough_CEC,7.57854379865115
rough_MAP,5.591278488004702
rough_Elevation,4.343749482326975
MAP,3.768906110017193
pH,2.531506748401781
PDQ,2.489932088395197
CEC,2.0163529549603663
rough_Clay,1.7985697130940421
