nt,pseudo_r2,pred_obs_r2,pred_obs_r2_exp
250,-0.004657542522678693,0.42229281332518326,0.23262464359922502
