nt,pseudo_r2,pred_obs_r2,pred_obs_r2_exp
350,-0.003789335956021933,0.48633844873528453,0.298729723146266
