nt,pseudo_r2,pred_obs_r2,pred_obs_r2_exp
350,-0.012315271971834019,0.33449519124842886,0.31046426180804354
