nt,pseudo_r2,pred_obs_r2,pred_obs_r2_exp
200,-0.009712823294169892,0.36529627955960353,0.2196593564530365
