nt,pseudo_r2,pred_obs_r2,pred_obs_r2_exp
600,0.011438133589023236,0.42249818430309527,0.395859793562719
