var,rel.inf
rough_MAP,24.189985991007894
rough_Elevation,15.378626258867518
MAP,14.316983361699501
Clay,10.309084738834546
rough_Soil.C,8.999973056065485
CEC,5.50451138222139
pH,4.590543985816155
Elevation,4.1192861000935155
rough_Clay,3.7286014573173745
rough_Surface.T,3.5598775190791043
rough_CEC,2.7319777001280823
PDQ,2.5705484488694283
