nt,pseudo_r2,pred_obs_r2,pred_obs_r2_exp
400,-0.00786238133540107,0.41574323083322323,0.32117536654146234
