nt,pseudo_r2,pred_obs_r2,pred_obs_r2_exp
900,0.0610263221397459,0.46016356385687585,0.37265733038175053
