var,rel.inf
Elevation,51.1432597461925
rough_MAP,9.2734783228323
rough_CEC,7.784610489243137
rough_Surface.T,6.650857155564249
Clay,5.0640900054865
pH,4.8546993856676695
rough_Soil.C,4.661950346146028
rough_Clay,2.583107614072418
MAP,2.061919797154955
PDQ,2.0126476686326407
CEC,2.0084703467075733
rough_Elevation,1.900909122300038
