var,rel.inf
rough_Soil.C,18.111159907546792
MAP,13.958054060648774
rough_Elevation,13.494190097047355
rough_MAP,9.031291260881943
rough_CEC,8.476058768178703
CEC,7.536650335450122
pH,7.243273658678775
Elevation,6.52182533446218
rough_Surface.T,5.568482078688271
Clay,4.675919374714743
PDQ,4.305215714244841
rough_Clay,1.0778794094575044
