nt,pseudo_r2,pred_obs_r2,pred_obs_r2_exp
250,-0.0062224513777044965,0.4016640178240461,0.28020932674405624
