var,rel.inf
Elevation,40.43919664689953
rough_Clay,13.73498617726435
rough_Soil.C,10.20259330993367
rough_Surface.T,7.368474003935839
MAP,5.978688602731153
rough_MAP,5.580201388138204
rough_CEC,4.415534487253535
PDQ,3.85206526425877
CEC,3.2399668292870856
Clay,2.2489536847488747
pH,1.7212015618908165
rough_Elevation,1.2181380436581741
