nt,pseudo_r2,pred_obs_r2,pred_obs_r2_exp
450,0.011391928839192489,0.4081309268434164,0.2693948616851648
