nt,pseudo_r2,pred_obs_r2,pred_obs_r2_exp
300,-0.017493286531406582,0.35441491890062043,0.28370081319616536
