nt,pseudo_r2,pred_obs_r2,pred_obs_r2_exp
600,-0.008009694169684778,0.4908040630828212,0.36915852590170684
