nt,pseudo_r2,pred_obs_r2,pred_obs_r2_exp
250,-0.008229828569162212,0.3382551850839907,0.19036086825016824
