var,rel.inf
rough_Soil.C,29.05681775066418
rough_MAP,18.391530218239268
Clay,18.09958137884674
pH,11.123566605668135
CEC,6.498411353723156
rough_CEC,3.917499073980841
Elevation,3.3296956495641594
MAP,3.2087260477602326
rough_Surface.T,2.724817515200136
rough_Elevation,2.512717371897261
rough_Clay,0.7601894099656105
PDQ,0.37644762449027097
