nt,pseudo_r2,pred_obs_r2,pred_obs_r2_exp
650,0.0036747305806419384,0.5173982759585648,0.452085554876389
