nt,pseudo_r2,pred_obs_r2,pred_obs_r2_exp
200,-0.020784698091763865,0.31130580716025136,0.24302555348173127
