var,rel.inf
rough_Soil.C,46.861682444752525
rough_Elevation,23.212846923087916
rough_MAP,11.902431875982053
Clay,3.7626820814643085
pH,3.1126783278760364
rough_Surface.T,2.9068408789786604
rough_Clay,2.832971584697072
Elevation,1.9213098304048544
MAP,1.5407867569983609
CEC,0.7206866376923733
rough_CEC,0.66001879657807
PDQ,0.5650638614877721
