nt,pseudo_r2,pred_obs_r2,pred_obs_r2_exp
450,-0.010269411607793266,0.4651727361827674,0.3609828549047013
