var,rel.inf
CEC,60.79621498409496
rough_Surface.T,11.542616775871641
PDQ,6.8121576612944414
rough_CEC,4.603250855479212
rough_Elevation,4.174113248397779
rough_Clay,2.10938632441612
rough_Soil.C,2.0655140251232003
Clay,1.8345408277911932
rough_MAP,1.7270193300112222
pH,1.704697819501608
Elevation,1.4244738308333498
MAP,1.2060143171852662
