nt,pseudo_r2,pred_obs_r2,pred_obs_r2_exp
200,-0.008710037064369569,0.3183001145260707,0.1695411008195457
