nt,pseudo_r2,pred_obs_r2,pred_obs_r2_exp
1300,0.04009836821937596,0.604313997046892,0.3520518459822941
