nt,pseudo_r2,pred_obs_r2,pred_obs_r2_exp
400,-6.20919572309031e-4,0.4762691601035245,0.3023840734524878
