nt,pseudo_r2,pred_obs_r2,pred_obs_r2_exp
600,0.005450367014999236,0.4068703865808776,0.32510122319757695
