var,rel.inf
rough_PDQ,27.088019136719588
pH,15.446872173494652
rough_NDVI,13.360529531966487
rough_CEC,12.246588924371718
Clay,10.53168942615555
rough_Soil.C,5.044904251155142
CEC,3.7889566930949705
rough_MAP,3.672497425684068
MAP,2.9717467981892294
PDQ,2.110868087865986
rough_Surface.T,1.7934430164850546
rough_Elevation,0.9174748027329604
Surface.T,0.5442260131065514
Elevation,0.4821837189780466
