var,rel.inf
pH,22.09378822403215
rough_Surface.T,17.290436875781968
Clay,15.460000714940797
Elevation,9.747376822379145
rough_MAP,7.455815429044891
MAP,5.604297316008349
rough_Elevation,4.121045012355001
CEC,3.636891190134476
rough_NDVI,2.7935882202506543
rough_CEC,2.7239804007577786
PDQ,2.7192790497364547
Surface.T,2.576718466106112
rough_Soil.C,2.1910508511768083
rough_PDQ,1.585731427295419
