var,rel.inf
rough_Elevation,35.63412664647982
Surface.T,15.960228810331458
rough_Surface.T,11.406326529070224
rough_PDQ,10.453783016851293
CEC,5.015691142431437
pH,4.632110891043724
rough_Soil.C,4.1559675116835635
PDQ,3.0444550307011102
rough_MAP,2.655955141287603
Clay,1.6402395820800457
Elevation,1.6033263849715353
MAP,1.5589560005719068
rough_CEC,1.2034425559224258
rough_NDVI,1.035390756573854
