nt,pseudo_r2,pred_obs_r2,pred_obs_r2_exp
250,-0.04016859079822788,0.3424903860888867,0.18615792358012098
