nt,pseudo_r2,pred_obs_r2,pred_obs_r2_exp
800,0.020515690780279927,0.2940309506738002,0.20522930995686028
