nt,pseudo_r2,pred_obs_r2,pred_obs_r2_exp
200,-0.015999339908965515,0.3684137296724411,0.28062190995489844
