var,rel.inf
rough_MAP,36.62176760888787
rough_NDVI,19.66254419907801
Clay,8.32487983125446
rough_Elevation,8.01047119840681
Elevation,5.792778158603895
rough_CEC,4.899278827935608
rough_Surface.T,4.829504502277077
pH,3.781971423905612
rough_PDQ,3.2171085015262917
MAP,1.9022852715368566
rough_Soil.C,1.5584014546693634
CEC,0.7591728571715457
PDQ,0.3219058611568221
Surface.T,0.3179303035897729
