var,rel.inf
CEC,22.849110635591497
rough_Surface.T,16.027483053572254
PDQ,10.388104443311349
rough_PDQ,9.963189469230027
Surface.T,8.33947213668514
rough_NDVI,7.041889028494904
Elevation,6.502995563526319
rough_CEC,5.912438951528181
rough_Elevation,3.2556607927425043
MAP,3.054316885492425
pH,2.5655053598713877
rough_Soil.C,2.0165491913643367
Clay,1.5369226419713131
rough_MAP,0.54636184661835685
