var,rel.inf
Clay,23.671139641583604
Surface.T,11.922113739573902
rough_MAP,11.810663974429213
rough_NDVI,10.192878599086502
rough_Soil.C,8.937130026298176
CEC,8.02839392238154
rough_PDQ,7.356855462603337
rough_Surface.T,5.696603595114024
MAP,4.851600733001361
Elevation,3.3964866512749294
pH,1.5102155770187888
rough_Elevation,1.183038821808311
rough_CEC,0.9237068723772264
PDQ,0.5191723834490886
