nt,pseudo_r2,pred_obs_r2,pred_obs_r2_exp
200,-0.010282499732297001,0.2933297562339844,0.21691132756113096
