nt,pseudo_r2,pred_obs_r2,pred_obs_r2_exp
650,0.021286821535905,0.35505794377359606,0.20446135809330518
