nt,pseudo_r2,pred_obs_r2,pred_obs_r2_exp
900,0.00883661949715997,0.4423666185448813,0.25203780412503496
