var,rel.inf
rough_PDQ,49.4387664294666
rough_CEC,10.283188137283261
PDQ,8.406954242718408
CEC,6.834292412568771
rough_MAP,4.8791311689742765
pH,3.813290289813731
MAP,3.231139333024546
rough_NDVI,3.182910403562058
rough_Elevation,3.099379472582314
Surface.T,2.910785701220166
Clay,1.240978955275417
Elevation,1.2343520993366381
rough_Soil.C,0.9940779831604696
rough_Surface.T,0.4507533710133417
