var,rel.inf
CEC,21.105047618133987
Surface.T,11.474555591258326
rough_Soil.C,10.65671577679938
rough_CEC,10.471928888125303
Clay,10.021625122267146
rough_NDVI,9.78694463733859
pH,7.098127766892232
PDQ,6.902893110543066
rough_PDQ,4.018850480684423
rough_Surface.T,2.5327069344799273
Elevation,2.1735071121427927
rough_Elevation,1.6352312413611416
MAP,1.5310466423903004
rough_MAP,0.5908190775833777
