var,rel.inf
rough_PDQ,29.47738297496407
Elevation,15.423388135647313
Surface.T,11.608324685934798
rough_Surface.T,8.987481975928407
CEC,6.729887165433349
PDQ,4.944695183704633
rough_Soil.C,4.35096126582953
Clay,4.040366385822685
rough_MAP,3.1864600839776656
rough_CEC,2.8488738919893577
rough_Elevation,2.5701123835656916
rough_NDVI,2.5688434917487237
pH,1.7728891110811367
MAP,1.4903332643726357
