var,rel.inf
rough_CEC,41.50807633767274
rough_PDQ,16.84279725652434
rough_Elevation,10.007174809351119
Surface.T,8.512826160865226
rough_Surface.T,6.829890593103476
rough_NDVI,5.043740554232653
pH,2.907437224246581
Elevation,1.6282366780892206
Clay,1.4748877888262415
PDQ,1.4221266972622653
rough_MAP,1.3142707304358237
rough_Soil.C,0.8622350256689582
CEC,0.8339184966726229
MAP,0.8123816470487291
