nt,pseudo_r2,pred_obs_r2,pred_obs_r2_exp
450,0.0017005841319441828,0.3556666836135034,0.19175026974052256
