var,rel.inf
Clay,21.196964645829347
CEC,20.7961312949488
rough_PDQ,19.131779821137467
rough_CEC,10.290104872362061
rough_Surface.T,6.584598621463165
MAP,5.098244817025026
rough_MAP,3.1197613093453307
rough_NDVI,3.0722957896374927
rough_Elevation,2.8329865800851683
Surface.T,2.508781338187525
pH,2.3240996999999215
rough_Soil.C,1.6805268384615684
PDQ,0.7283751951630756
Elevation,0.6353491763540533
