var,rel.inf
rough_Elevation,33.8724176812239
PDQ,13.879058119133196
MAP,12.674147982190688
rough_Soil.C,8.838314870736117
Surface.T,6.418644928282313
rough_MAP,5.028629919487872
rough_PDQ,4.683709743847036
rough_NDVI,3.6943081584794326
Elevation,2.317517023713682
CEC,2.179091227368621
rough_Surface.T,1.949392134564397
rough_CEC,1.7744367853971288
Clay,1.5552188502838853
pH,1.1351125752917397
