nt,pseudo_r2,pred_obs_r2,pred_obs_r2_exp
750,-0.019067467183232267,0.40695611450053243,0.32719086558970484
