nt,pseudo_r2,pred_obs_r2,pred_obs_r2_exp
950,-0.004333887333643371,0.46494936958687777,0.337993770513388
