nt,pseudo_r2,pred_obs_r2,pred_obs_r2_exp
450,0.02049191165146469,0.26301943000945815,0.15844361181664665
