nt,pseudo_r2,pred_obs_r2,pred_obs_r2_exp
250,-0.007318158549544318,0.2927827745119183,0.1593225317658516
