nt,pseudo_r2,pred_obs_r2,pred_obs_r2_exp
400,-0.008798550634512514,0.35295981200130366,0.25796925202190335
