var,rel.inf
Clay,31.02859382685147
rough_Surface.T,23.33217330045901
CEC,13.51870358331694
rough_CEC,8.573103724082346
rough_Soil.C,5.105092132530714
MAP,4.634502530116787
PDQ,4.50299653549869
rough_MAP,2.2666726811806535
rough_Elevation,2.1464179680451205
rough_NDVI,1.4794461728683184
Elevation,1.179033398723382
pH,1.059552483541726
Surface.T,0.6705019656734886
rough_PDQ,0.5032096971113511
