nt,pseudo_r2,pred_obs_r2,pred_obs_r2_exp
1200,0.02690245952064718,0.5150292765555567,0.2960113470614208
