nt,pseudo_r2,pred_obs_r2,pred_obs_r2_exp
200,-0.011235647227022083,0.3220791987990313,0.23336752048381335
