var,rel.inf
rough_PDQ,31.199077225633285
Surface.T,13.445267345044032
rough_CEC,10.279394208079836
MAP,9.811976113143057
rough_Surface.T,6.757199998096787
rough_Elevation,6.459632911188439
rough_NDVI,4.611543106341343
Elevation,4.106316522996294
pH,3.5580166761742387
rough_Soil.C,3.132656877629138
Clay,2.389781214540704
CEC,1.9571367081522015
PDQ,1.7436523941160156
rough_MAP,0.5483486988646249
