var,rel.inf
CEC,13.533180052607253
PDQ,12.15074745766846
rough_NDVI,11.353340790057917
Clay,10.683101081426145
pH,8.710842704735724
rough_Soil.C,8.603248280393563
rough_Surface.T,7.974782440121161
MAP,6.084760213657258
Surface.T,5.160580339241833
rough_Elevation,4.112499304290405
rough_PDQ,3.6247901376960785
rough_MAP,3.0282843162838935
rough_CEC,3.008029834021348
Elevation,1.9718130477989515
