nt,pseudo_r2,pred_obs_r2,pred_obs_r2_exp
600,0.010633095557123773,0.3515025989515195,0.18662190757115615
