nt,pseudo_r2,pred_obs_r2,pred_obs_r2_exp
400,0.007379316167062777,0.2776792911852569,0.2185598870717704
