var,rel.inf
rough_CEC,30.90921886192665
Surface.T,13.00550108517135
rough_Soil.C,10.965900941150219
rough_NDVI,8.879902529132421
rough_PDQ,8.505752986895216
Elevation,7.598362089445812
rough_Elevation,4.462984190827021
pH,3.0652063066152038
rough_Surface.T,2.7558686571725652
PDQ,2.6104744720523394
CEC,2.0377126607778853
Clay,1.7760002903106922
rough_MAP,1.7188319937139076
MAP,1.70828293480871
