var,rel.inf
rough_Soil.C,25.033656703670207
CEC,14.344638210132356
rough_Elevation,10.536622574313922
rough_NDVI,10.42928487559511
rough_PDQ,7.636141005300808
Elevation,5.449659669052024
MAP,4.827543646505773
pH,4.490000474761387
Clay,3.866714468124538
rough_Surface.T,3.544666911432513
Surface.T,3.4928534659066752
rough_CEC,3.180880983040219
rough_MAP,1.8093483941378565
PDQ,1.3579886180266139
