nt,pseudo_r2,pred_obs_r2,pred_obs_r2_exp
350,0.0012923362737247146,0.2932454337878644,0.24230743751274966
