nt,pseudo_r2,pred_obs_r2,pred_obs_r2_exp
750,0.017751416402246978,0.35421981197209584,0.21006844392641255
