var,rel.inf
rough_PDQ,20.041655523181916
rough_NDVI,17.736651711737284
rough_MAP,16.246460113093722
rough_Elevation,12.032967497079966
rough_Surface.T,7.573463805931111
Clay,6.484209805409592
pH,4.547599490359371
Elevation,3.706802161587905
MAP,3.0248477822325586
CEC,2.4477594319597253
rough_CEC,2.223686702098242
rough_Soil.C,1.8978026681323508
PDQ,1.0380374042479963
Surface.T,0.9980559029482593
