nt,pseudo_r2,pred_obs_r2,pred_obs_r2_exp
900,0.01276214407598697,0.34658867645748004,0.2294501377963287
