nt,pseudo_r2,pred_obs_r2,pred_obs_r2_exp
350,-0.010577532999284545,0.2082837846518444,0.1386027998851257
