var,rel.inf
rough_NDVI,18.043753560365463
Elevation,14.899611863341047
rough_Elevation,11.695462505499185
rough_Soil.C,11.515560567840895
rough_MAP,7.568691631085674
Clay,6.267058419666893
rough_CEC,6.0449510514133475
MAP,5.466992934018781
PDQ,4.547263124000209
rough_PDQ,4.509355891114975
pH,3.260966284127486
Surface.T,2.6965888082452634
CEC,1.8816959243608389
rough_Surface.T,1.6020474349199432
