var,rel.inf
rough_Elevation,35.49397958863366
Surface.T,16.340300477516717
Clay,9.652587665392183
PDQ,8.408742839585278
rough_PDQ,5.541912061880047
rough_Soil.C,5.261186404305751
pH,4.487639614725497
MAP,2.9601804020477354
rough_CEC,2.854536562850023
Elevation,2.535687005000728
CEC,2.4857123985553717
rough_MAP,2.060281276268865
rough_NDVI,0.9713529130664567
rough_Surface.T,0.9459007901716912
