nt,pseudo_r2,pred_obs_r2,pred_obs_r2_exp
950,0.0013808514632225322,0.4542542494355984,0.26966867560558805
