nt,pseudo_r2,pred_obs_r2,pred_obs_r2_exp
500,9.900428366342862e-4,0.35158603938317967,0.2705500023791236
