nt,pseudo_r2,pred_obs_r2,pred_obs_r2_exp
800,0.016288471848068364,0.4543051834008956,0.3799528746887898
