nt,pseudo_r2,pred_obs_r2,pred_obs_r2_exp
750,0.009173677630362809,0.34048607326981584,0.19747137572782336
