var,rel.inf
Clay,27.15439336830213
MAP,15.048991333661707
rough_CEC,10.855257514171695
rough_Soil.C,8.218556483115634
rough_Elevation,8.199131803091682
rough_NDVI,6.46085157619604
Elevation,4.469220932626535
PDQ,4.420653405634001
rough_MAP,3.6601897148691607
rough_PDQ,3.1657060749656667
CEC,2.680609932265564
rough_Surface.T,2.2163773996275324
pH,2.1727520257329003
Surface.T,1.2773084357397562
