var,rel.inf
pH,20.48766598593792
rough_MAP,17.63362832084922
Surface.T,15.298780102179705
Elevation,11.499756766122738
rough_CEC,7.704835630087433
rough_PDQ,7.019009760457055
Clay,5.66941027794361
rough_Surface.T,4.103053450582856
rough_Soil.C,3.5886470558126393
rough_Elevation,2.015903652165166
CEC,1.8389259828358209
MAP,1.3547303871991483
PDQ,1.0975474756409798
rough_NDVI,0.6881051521857112
