var,rel.inf
rough_Elevation,29.755064325688043
rough_CEC,13.634713979998843
rough_Soil.C,11.058345101887797
rough_NDVI,9.79324378543596
Clay,7.913542150462732
PDQ,7.227119567362793
Surface.T,5.622371732913877
rough_MAP,5.0631184014972455
rough_Surface.T,2.98480467488979
rough_PDQ,2.193724089790515
CEC,1.584841225156511
pH,1.4573534493753408
Elevation,1.3100434879158362
MAP,0.40171402762471736
