var,rel.inf
rough_Elevation,20.070541282530648
pH,14.721143468309421
rough_PDQ,11.678207706850646
rough_CEC,8.41891650413875
MAP,7.5108341312917135
rough_MAP,6.610758906174137
Surface.T,6.208632837463762
Elevation,5.955028842359297
CEC,5.061642987810741
PDQ,4.28905979357213
Clay,3.5837829777841557
rough_Soil.C,3.472722897992398
rough_NDVI,1.3784286030505668
rough_Surface.T,1.0402990606716407
