nt,pseudo_r2,pred_obs_r2,pred_obs_r2_exp
1100,0.036259880759828444,0.4569450491494852,0.21477727753561782
