var,rel.inf
rough_Elevation,48.12501484602389
rough_Surface.T,11.453467479193648
CEC,11.094112077158995
rough_NDVI,7.416968656476773
rough_Soil.C,5.40710644641874
rough_MAP,3.1676667252964705
Clay,2.9150167321652294
rough_PDQ,2.844796350993594
PDQ,2.2226677567371347
MAP,1.5054781802567674
Elevation,1.1904784792757712
Surface.T,1.1648994653873592
rough_CEC,1.1239307761620538
pH,0.3683960284535802
