nt,pseudo_r2,pred_obs_r2,pred_obs_r2_exp
700,0.007278057040133401,0.4182295565125219,0.25603412831250194
