nt,pseudo_r2,pred_obs_r2,pred_obs_r2_exp
800,-0.0045385474202734866,0.4361478021461436,0.3252258320101702
