var,rel.inf
rough_MAP,27.216201718042306
rough_NDVI,12.481935447935369
rough_PDQ,10.47459264840504
Elevation,9.180441374631098
PDQ,9.045725091471448
Clay,5.925559821462664
MAP,5.305742616485497
Surface.T,5.192141430280944
rough_Elevation,4.062531401720724
rough_CEC,3.782769650532412
pH,2.915997786418769
rough_Soil.C,2.572554093021712
CEC,1.177274968444928
rough_Surface.T,0.6665319511471018
