var,rel.inf
rough_PDQ,32.708790997991926
rough_Surface.T,11.483521308076151
rough_Soil.C,11.460448131108448
rough_NDVI,8.959079493661793
Elevation,8.901545926318063
rough_Elevation,6.508493070116221
MAP,6.012930405267462
PDQ,4.190314180005236
Clay,2.4289093945517974
CEC,2.0873516247082797
rough_CEC,1.8309398326005413
Surface.T,1.2324833545087097
rough_MAP,1.173456063980966
pH,1.0217362171044047
