var,rel.inf
rough_Soil.C,30.292303033901092
rough_PDQ,14.651356255181074
rough_NDVI,11.434750094155673
rough_Elevation,11.286763122672438
PDQ,5.400891436951407
Elevation,5.176902205543021
rough_Surface.T,4.905298025238554
Clay,4.022743813262782
rough_CEC,3.65848332219923
rough_MAP,3.1259869218356924
MAP,2.4154764008658507
CEC,2.046242060884221
pH,0.9110053393337354
Surface.T,0.6717979679752301
