nt,pseudo_r2,pred_obs_r2,pred_obs_r2_exp
200,-0.008639826469502898,0.3012826893724448,0.1674009291784882
