var,rel.inf
rough_Soil.C,22.212925558257208
rough_Surface.T,15.158412679670969
rough_NDVI,12.956162098860977
PDQ,9.29824498822901
Elevation,8.47701233090274
rough_PDQ,7.780899727457232
CEC,5.365979717811117
rough_Elevation,4.967593827004587
rough_CEC,3.320293562623302
Clay,2.9256810222723018
rough_MAP,2.822139888113559
Surface.T,2.068435938790686
pH,1.4530143433305778
MAP,1.1932043166757371
