nt,pseudo_r2,pred_obs_r2,pred_obs_r2_exp
300,-0.006189835618632289,0.33524976462582057,0.2058896362160632
