nt,pseudo_r2,pred_obs_r2,pred_obs_r2_exp
1150,0.0068430486803880974,0.41135453150554574,0.272284951451167
