nt,pseudo_r2,pred_obs_r2,pred_obs_r2_exp
250,-6.712151637815467e-4,0.3401703681597093,0.19951088360118033
