nt,pseudo_r2,pred_obs_r2,pred_obs_r2_exp
400,0.014185394441851185,0.2832573181420456,0.1607367265651724
