nt,pseudo_r2,pred_obs_r2,pred_obs_r2_exp
1300,0.012979040709135248,0.5089266085046406,0.33198908325973225
