nt,pseudo_r2,pred_obs_r2,pred_obs_r2_exp
350,1.2853740669560576e-4,0.4393156493264516,0.3099237888518295
