nt,pseudo_r2,pred_obs_r2,pred_obs_r2_exp
1150,0.00599960461973259,0.48038650100137786,0.30490928164689773
