var,rel.inf
rough_PDQ,27.813037865139453
rough_Elevation,17.31011690173204
rough_NDVI,11.181193022501196
rough_CEC,9.634933610840152
Elevation,7.9755231952352466
rough_Surface.T,5.049199135730058
rough_Soil.C,4.367201123690962
rough_MAP,3.8595011692016543
CEC,3.6954319291478663
pH,2.951806309890874
PDQ,2.1178826490318174
Surface.T,1.9687232180313514
Clay,1.2975704159848958
MAP,0.7778794538424307
