nt,pseudo_r2,pred_obs_r2,pred_obs_r2_exp
450,-0.013475986062485568,0.4013205418789429,0.20287905871527404
