nt,pseudo_r2,pred_obs_r2,pred_obs_r2_exp
250,-0.005091257966024276,0.3053794908297509,0.22884954966578952
