nt,pseudo_r2,pred_obs_r2,pred_obs_r2_exp
400,-2.636919716920705e-4,0.37602123104331286,0.23739814983520363
