var,rel.inf
PDQ,22.770018467950802
Surface.T,19.394774344740053
rough_Surface.T,17.28742433747516
rough_Elevation,8.80248605814577
CEC,8.436748708372441
rough_NDVI,7.112251995404275
Clay,4.899508832262942
rough_Soil.C,3.0999623231093447
rough_PDQ,2.3381218613424495
MAP,1.5834527890644754
Elevation,1.3973123533080447
rough_MAP,1.3741531106946219
rough_CEC,1.2243100474810134
pH,0.27947477064860204
