nt,pseudo_r2,pred_obs_r2,pred_obs_r2_exp
900,0.009672008953460431,0.4402406856354583,0.2817009913591184
