nt,pseudo_r2,pred_obs_r2,pred_obs_r2_exp
800,-0.0015105770688204068,0.48594896795952736,0.3553709091587741
