var,rel.inf
rough_MAP,40.56821727331512
rough_Elevation,16.775377889380255
rough_CEC,11.13979906315037
rough_Soil.C,4.941823375030477
rough_Surface.T,4.354872912868883
rough_NDVI,3.6626013245323388
Surface.T,3.48304852766617
Clay,3.018468821388353
MAP,2.6946108804309548
CEC,2.6433597251175023
Elevation,2.432316097258035
rough_PDQ,1.6660104134364873
pH,1.4822302773461715
PDQ,1.137263419078872
