nt,pseudo_r2,pred_obs_r2,pred_obs_r2_exp
200,-0.002551412512590945,0.33841206629668924,0.25050902329069447
