var,rel.inf
rough_PDQ,38.204796712664034
rough_Elevation,18.805125569626806
MAP,11.438939630873989
rough_NDVI,6.073948038465608
rough_MAP,5.746998523032241
Surface.T,3.303677526991423
pH,2.9910504605390202
CEC,2.8271072097835312
rough_Surface.T,2.2347855816621256
PDQ,2.21381864382496
rough_Soil.C,1.7207903225314947
Clay,1.6777971545429529
Elevation,1.4790071239568712
rough_CEC,1.2821575015049425
