var,rel.inf
rough_Surface.T,26.69271393663437
rough_NDVI,26.37712609191087
rough_MAP,8.467647959287492
MAP,8.19721475968144
rough_PDQ,6.03697457437544
CEC,3.8316612216209007
PDQ,3.6406370251408857
Elevation,3.596999330782573
pH,3.293606355973435
rough_Elevation,2.52112491799697
Surface.T,1.9848694858617304
Clay,1.8476889361322688
rough_CEC,1.7997886525099729
rough_Soil.C,1.7119467520916452
