var,rel.inf
PDQ,18.201298904854784
rough_PDQ,18.013568923155525
rough_NDVI,16.01362368074218
rough_Soil.C,9.84762565861426
rough_CEC,8.862100339340802
Clay,4.7916535963346405
rough_Elevation,3.981949765885129
pH,3.840422682623465
MAP,3.7258264587139913
rough_Surface.T,3.5742411344782288
Elevation,3.2595010823128003
rough_MAP,2.5153667806169193
Surface.T,2.2274415349391252
CEC,1.1453794573881406
