var,rel.inf
Surface.T,17.70199980354831
Elevation,16.045713964998612
MAP,15.363314289557291
Clay,12.177869453140028
rough_Surface.T,8.077166998597578
rough_MAP,5.589762970316264
PDQ,5.434236588569738
rough_Elevation,4.383991363565183
CEC,4.026678026804054
rough_NDVI,3.653822506894598
rough_Soil.C,2.116422263037986
rough_CEC,1.9604065273458875
rough_PDQ,1.8552030871511929
pH,1.613412156473281
