nt,pseudo_r2,pred_obs_r2,pred_obs_r2_exp
250,-0.0029899604132022084,0.2981752992980258,0.16599224832877443
