nt,pseudo_r2,pred_obs_r2,pred_obs_r2_exp
400,-0.008713169520542463,0.38553522590118017,0.24178166563833303
