nt,pseudo_r2,pred_obs_r2,pred_obs_r2_exp
200,-0.007655374060955289,0.3646395674972619,0.2486406049352637
