nt,pseudo_r2,pred_obs_r2,pred_obs_r2_exp
350,-0.013928935224698957,0.3741867654900661,0.2334949575995875
