nt,pseudo_r2,pred_obs_r2,pred_obs_r2_exp
800,0.018810654071360178,0.4454230625682625,0.2771528792368833
