nt,pseudo_r2,pred_obs_r2,pred_obs_r2_exp
1200,0.0067674742246435216,0.44934786212627176,0.2737644077302675
