nt,pseudo_r2,pred_obs_r2,pred_obs_r2_exp
500,-0.01734122386162129,0.29326831756590493,0.2316470884333617
