var,rel.inf
PDQ,30.591985387571167
rough_PDQ,27.386764603211223
rough_Soil.C,8.733871182111193
rough_NDVI,6.721873686498881
Clay,4.284230724302603
Elevation,3.940649497377659
CEC,3.655280140636167
rough_Elevation,3.5162534484718178
pH,3.1642398729212218
rough_CEC,2.843391514958033
rough_Surface.T,1.557077691492787
rough_MAP,1.445286014086107
MAP,1.1695768690052988
Surface.T,0.9895193673558382
