nt,pseudo_r2,pred_obs_r2,pred_obs_r2_exp
500,0.002451697788005469,0.3155823413256817,0.2168703247009112
