var,rel.inf
CEC,33.738237855224625
rough_Surface.T,14.79042336454727
rough_PDQ,9.257410770820078
rough_NDVI,6.7076395270903575
PDQ,6.110843786006963
Surface.T,6.0030686431479205
pH,5.642980662261756
Clay,5.029645321766832
Elevation,3.4628925886470094
MAP,2.646406773972379
rough_Soil.C,2.0046116441534543
rough_Elevation,1.7786952506792801
rough_MAP,1.7351110578202444
rough_CEC,1.0920327538618266
