nt,pseudo_r2,pred_obs_r2,pred_obs_r2_exp
500,0.005988030119288834,0.36622287342153015,0.2637693811385648
