nt,pseudo_r2,pred_obs_r2,pred_obs_r2_exp
1500,0.02852203760464067,0.5145839646776817,0.38380215720799427
