var,rel.inf
rough_PDQ,51.121425610352375
rough_CEC,9.561859066479654
Clay,7.174092015886355
rough_Soil.C,6.741083350246065
rough_Surface.T,4.032677787772318
Surface.T,3.8670015456358673
pH,3.06511365438347
CEC,2.856609738173666
rough_Elevation,2.5896053971364243
MAP,2.25483007766251
PDQ,2.097010455708906
rough_NDVI,1.8844302385540836
Elevation,1.571490092983879
rough_MAP,1.1827709690244281
