nt,pseudo_r2,pred_obs_r2,pred_obs_r2_exp
500,-0.0027961744474207517,0.32066074157562585,0.17976891807468617
