var,rel.inf
pH,24.00884606390264
rough_CEC,19.920992490396312
rough_NDVI,10.022220536962829
Elevation,8.87191237220338
rough_Elevation,8.395885219204105
rough_Soil.C,5.973350573483145
Clay,4.121206242295119
rough_PDQ,3.4489889967679823
Surface.T,3.414957632743392
CEC,3.205889696452529
rough_MAP,3.1540417879795752
MAP,2.226862172977592
rough_Surface.T,1.7321179442558867
PDQ,1.5027282703755112
