nt,pseudo_r2,pred_obs_r2,pred_obs_r2_exp
400,0.0071289455615434205,0.24106987142845895,0.14820654595752644
