nt,pseudo_r2,pred_obs_r2,pred_obs_r2_exp
800,-0.027167840551080236,0.4473168565640293,0.3544913777863348
