var,rel.inf
rough_Surface.T,63.101992876201464
Clay,8.11289567324269
rough_CEC,7.1583102613332095
PDQ,4.495389502785282
rough_MAP,4.256527352220452
Elevation,3.561388444835825
rough_NDVI,2.2056268039691367
pH,1.7630860308059098
rough_PDQ,1.5602689582693356
Surface.T,1.0000689404680942
MAP,0.7705180179557016
CEC,0.7405135053877354
rough_Elevation,0.6662436900699219
rough_Soil.C,0.6071699424552466
