nt,pseudo_r2,pred_obs_r2,pred_obs_r2_exp
1150,0.01608623421770705,0.48917568965444036,0.3346041560512317
