nt,pseudo_r2,pred_obs_r2,pred_obs_r2_exp
350,-7.824821995052744e-4,0.35098598633792505,0.24244381406534843
