nt,pseudo_r2,pred_obs_r2,pred_obs_r2_exp
350,-4.6088026909729685e-4,0.3563073990777799,0.2258579406497643
