nt,pseudo_r2,pred_obs_r2,pred_obs_r2_exp
650,0.0016848362445880394,0.4187369369847485,0.2101978648839716
