nt,pseudo_r2,pred_obs_r2,pred_obs_r2_exp
850,0.013597925139830491,0.44801957642782325,0.3089928573795295
