nt,pseudo_r2,pred_obs_r2,pred_obs_r2_exp
750,0.0176362077989759,0.35529972854298353,0.19299297047758937
