var,rel.inf
rough_Surface.T,18.01265470305969
rough_MAP,16.042803245929303
PDQ,12.699583953391082
rough_CEC,8.727361479265259
rough_Elevation,8.042629291417706
rough_NDVI,6.864952196380966
pH,6.3510802567059645
MAP,5.695486006506708
rough_PDQ,4.470782837377238
Surface.T,3.7892493192042833
Elevation,3.765817226809579
CEC,2.172598574962045
rough_Soil.C,2.0485748912292565
Clay,1.3164260177609308
