var,rel.inf
pH,22.58387869925355
MAP,15.122368374925806
CEC,12.290961022067988
rough_PDQ,8.08346078405111
Elevation,8.051255513719665
rough_Surface.T,7.155114414733338
rough_Elevation,7.035761723311987
rough_CEC,5.052104653159265
rough_NDVI,4.114009351186143
Surface.T,3.2010188687711576
rough_Soil.C,2.5360090886696236
rough_MAP,2.1717434040080676
PDQ,1.6570558654679124
Clay,0.9452582366743866
