nt,pseudo_r2,pred_obs_r2,pred_obs_r2_exp
250,2.4164732591003268e-4,0.3398011387128038,0.21809245489299628
