nt,pseudo_r2,pred_obs_r2,pred_obs_r2_exp
250,-0.011626724015148193,0.268193440707119,0.15802249707633204
