var,rel.inf
rough_MAP,19.116533412420296
rough_CEC,13.885405182723003
MAP,11.989449047407158
rough_NDVI,10.946967348949247
Surface.T,6.757164972281103
pH,5.733728505526229
PDQ,5.406514664382199
rough_Soil.C,4.152050545543078
rough_Elevation,4.056728651567583
CEC,4.042815623996312
Elevation,3.8772584211200227
rough_Surface.T,3.707781691736617
Clay,3.2130168383545357
rough_PDQ,3.1145850939926216
