var,rel.inf
Surface.T,19.163431830288904
rough_Surface.T,17.343111156566014
rough_Elevation,16.328487931243835
rough_CEC,11.346773326799577
CEC,10.24063384394214
Elevation,5.802079573628494
PDQ,5.423358359936617
rough_PDQ,4.619933957825154
Clay,4.415276123278814
rough_MAP,1.4596316083743335
pH,1.4591849829522159
rough_Soil.C,1.109236115224019
MAP,0.8423291721090265
rough_NDVI,0.44653201783085655
