var,rel.inf
rough_Surface.T,26.489810343657055
rough_Soil.C,8.80850073360496
MAP,8.445366510669066
Elevation,8.350511464792975
Surface.T,7.849790030003422
PDQ,7.208439827262094
rough_MAP,6.647112445111875
rough_PDQ,5.632923450641822
rough_Elevation,5.558309064095767
rough_CEC,4.780992248279734
pH,4.132716600417549
rough_NDVI,2.4971227358324954
CEC,1.8660614198328749
Clay,1.7323431257983113
