nt,pseudo_r2,pred_obs_r2,pred_obs_r2_exp
200,-0.012608806919604199,0.2696034804515705,0.16562937320902688
