nt,pseudo_r2,pred_obs_r2,pred_obs_r2_exp
200,-0.0021230205579960693,0.30859449536544703,0.207527594352951
