nt,pseudo_r2,pred_obs_r2,pred_obs_r2_exp
1100,0.01775831897805613,0.4507849183223623,0.2509408113863818
