nt,pseudo_r2,pred_obs_r2,pred_obs_r2_exp
700,-2.386430290979291e-5,0.461188312460621,0.2417127344629776
