var,rel.inf
CEC,18.313301813608128
rough_MAP,12.420464776958317
rough_Surface.T,10.320135518192114
rough_PDQ,8.693478798948641
rough_CEC,8.601863446018054
Elevation,7.580693503166025
PDQ,6.630260063404711
MAP,6.364513962065879
rough_NDVI,4.500871053463175
Clay,3.991289074829439
pH,3.6876542940495387
rough_Soil.C,3.176176589402436
rough_Elevation,2.8698304040506533
Surface.T,2.849466701842885
