var,rel.inf
Surface.T,21.677785874357077
PDQ,15.6239954305699
Clay,14.12086349090381
rough_MAP,11.529091468750506
rough_Elevation,7.1664322155179345
rough_NDVI,6.759196527808686
rough_Soil.C,5.750844945144071
rough_Surface.T,4.432299692270659
rough_CEC,3.2145147092971817
pH,2.7005977158485615
Elevation,2.2759393698340387
CEC,1.7682504995054316
rough_PDQ,1.5313858961681457
MAP,1.4488021640239968
