var,rel.inf
rough_Soil.C,26.76896577551855
Elevation,21.680883636344817
rough_Elevation,7.228138677456883
MAP,6.975467370321021
rough_NDVI,6.030718522668311
pH,5.388617354539312
rough_PDQ,4.5552046222136
rough_Surface.T,4.4408642153134705
rough_MAP,4.413714431578594
rough_CEC,4.248350393852041
Surface.T,3.5720846953253167
PDQ,2.29672214312743
Clay,1.3702979141244898
CEC,1.02997024761616
