var,rel.inf
rough_Elevation,33.716004160460876
pH,25.66562143045829
Elevation,7.845083133493077
rough_Soil.C,5.766119719861099
MAP,5.2204427576838
rough_PDQ,4.703799651750192
rough_CEC,3.090066258062283
rough_NDVI,2.923706915133615
rough_Surface.T,2.8146701560438223
Surface.T,2.374677147184283
Clay,2.045062829606918
CEC,1.8169706859200192
rough_MAP,1.1219581494830242
PDQ,0.8958170048586982
