nt,pseudo_r2,pred_obs_r2,pred_obs_r2_exp
1350,0.044415266235541484,0.4177258611987116,0.20209337145123316
