var,rel.inf
PDQ,17.66364831834311
rough_Surface.T,17.369857460616394
Elevation,15.703553933368168
rough_NDVI,8.894912273206934
Surface.T,7.073157558194022
rough_PDQ,7.063023501024316
rough_MAP,5.244752467118064
Clay,4.6603695285424696
MAP,3.277983741198159
rough_Soil.C,3.1104443012142395
CEC,2.826804493350774
rough_Elevation,2.6951943838853407
rough_CEC,2.3559357012181974
pH,2.060362338719824
