nt,pseudo_r2,pred_obs_r2,pred_obs_r2_exp
400,0.018854252640349234,0.3243177545433006,0.17701437650092425
