nt,pseudo_r2,pred_obs_r2,pred_obs_r2_exp
800,0.004679276619443673,0.4160741806720377,0.23017724393350064
