nt,pseudo_r2,pred_obs_r2,pred_obs_r2_exp
1e3,0.03812776131882134,0.3760404535144227,0.17244517220499228
