nt,pseudo_r2,pred_obs_r2,pred_obs_r2_exp
850,0.006881204667019469,0.4128347729094492,0.2840247735679482
