var,rel.inf
rough_PDQ,22.783116545106502
CEC,15.765161319172078
rough_Elevation,12.047174234316643
rough_MAP,11.921590935353596
PDQ,6.702197941099375
Surface.T,5.3630974777781395
rough_CEC,5.352753199304674
MAP,5.1667551189356615
pH,4.080049239629655
rough_NDVI,2.9366692155422713
rough_Soil.C,2.524274901908215
Elevation,2.4363460237955343
rough_Surface.T,2.0895186072259246
Clay,0.8312952408317282
