var,rel.inf
rough_NDVI,21.74771293296454
rough_PDQ,13.6725516536213
rough_Soil.C,13.342110451875886
rough_CEC,10.103238442347353
rough_Elevation,8.218465992221038
rough_MAP,7.374300528445594
PDQ,6.045294561405103
Clay,4.794577328810852
pH,4.381730977755315
Elevation,2.946777956110362
MAP,2.2667425926834768
rough_Surface.T,2.178568606418601
CEC,1.8355744634883187
Surface.T,1.0923535118522614
