var,rel.inf
rough_NDVI,17.413282401312387
rough_Surface.T,15.143250914559308
Surface.T,12.804076915040582
rough_CEC,9.471552823289503
rough_MAP,9.068121945070931
rough_Elevation,9.04318306090863
MAP,7.330157284233543
CEC,7.143118881536406
rough_Soil.C,3.653792972668351
pH,2.7290497042176636
rough_PDQ,2.1892026391816093
PDQ,2.124415706383149
Clay,0.9434006810542279
Elevation,0.9433940705437037
