var,rel.inf
Elevation,19.347059265836553
pH,15.493898721721054
rough_Elevation,11.536369052202309
rough_Soil.C,11.514229882692913
rough_Surface.T,10.985160506843682
PDQ,8.845017549947611
rough_CEC,7.825714607321498
Clay,3.4353635414022388
Surface.T,2.8286760502633217
rough_PDQ,2.1780869859425023
rough_NDVI,2.0964155151787307
MAP,1.9374403068674635
CEC,1.5610778953817317
rough_MAP,0.41549011839838645
