var,rel.inf
rough_NDVI,27.531557818985345
rough_Surface.T,12.764830117552158
rough_Soil.C,11.46778327941751
rough_PDQ,9.907282816868154
PDQ,8.828971621537159
rough_Elevation,5.5697786287027204
Clay,4.74083221953083
CEC,4.497772692351837
MAP,3.6747544437066324
rough_MAP,3.189927897445188
Elevation,2.6844428114668535
pH,2.4724824903374225
rough_CEC,1.4777051118509188
Surface.T,1.191878050247274
