var,rel.inf
Elevation,32.662856373927035
rough_MAP,12.516230011725295
rough_Elevation,10.757685554328363
rough_PDQ,8.666437791530988
Clay,8.627891563657895
rough_NDVI,6.794933263133572
rough_CEC,6.459563462563042
CEC,4.618949700796893
PDQ,3.092291476267623
Surface.T,1.6365972409889513
pH,1.466274333808007
MAP,1.2130435279462954
rough_Soil.C,1.0345061939798224
rough_Surface.T,0.45273950534621793
