nt,pseudo_r2,pred_obs_r2,pred_obs_r2_exp
400,-0.015017787162640905,0.3005023365636566,0.22810388691753472
