nt,pseudo_r2,pred_obs_r2,pred_obs_r2_exp
300,-0.013316631025021453,0.33530748029235463,0.2055007867154563
