var,rel.inf
rough_Elevation,20.952320138293707
rough_Surface.T,15.201486470204424
rough_MAP,12.40964522961835
Elevation,10.33575494293198
rough_CEC,8.195515228331642
MAP,7.360470936041332
PDQ,6.65303690263563
rough_Soil.C,5.658536048680536
Clay,4.820004324484566
CEC,3.2508584898209314
rough_Clay,3.120271119286841
pH,2.0421001696700594
