nt,pseudo_r2,pred_obs_r2,pred_obs_r2_exp
2400,0.12251500607988286,0.6815799525255198,0.6850710610515911
