var,rel.inf
rough_Elevation,20.097018639151152
rough_Surface.T,15.534569329775893
rough_MAP,11.853391649746113
Elevation,10.562809827638779
rough_CEC,8.092639415617068
MAP,7.832482386103525
PDQ,7.0181072417672965
rough_Soil.C,5.331360493986135
Clay,5.198081176274823
CEC,3.322881196935091
rough_Clay,3.267956601720781
pH,1.8887020412833482
