nt,pseudo_r2,pred_obs_r2,pred_obs_r2_exp
4150,0.12952605681257467,0.7695518848560623,0.7711228132974048
