var,rel.inf
rough_Elevation,21.434168295308652
rough_Surface.T,16.258005177614383
rough_MAP,11.88968210530539
Elevation,11.005023138026413
MAP,7.964166294702543
rough_CEC,7.835536382217362
PDQ,5.990770224753017
rough_Soil.C,5.343535346707199
Clay,4.492780441950548
CEC,3.045165898381951
rough_Clay,2.8230072699939215
pH,1.9181594250386211
