var,rel.inf
rough_Elevation,17.84405444012895
rough_Surface.T,14.058903029997262
rough_MAP,11.822931505937634
Elevation,10.468324466291293
rough_CEC,7.886188810222079
MAP,7.820534122324435
PDQ,7.670452544609626
Clay,6.405116512533067
rough_Soil.C,5.3904417158152285
rough_Clay,3.7971423738733687
CEC,3.7814477727700897
pH,3.0544627054969706
