nt,pseudo_r2,pred_obs_r2,pred_obs_r2_exp
2250,0.1211875637326345,0.6787846510943661,0.6822865921850395
