nt,pseudo_r2,pred_obs_r2,pred_obs_r2_exp
2800,0.11852579768443572,0.7104397884354124,0.7129577548511432
