var,rel.inf
rough_Elevation,17.81319681767093
rough_Surface.T,13.896913212574585
rough_MAP,12.08277244311893
Elevation,10.666586820267284
rough_CEC,8.073570211493323
MAP,8.032719643254758
PDQ,7.6125026111483995
Clay,6.1489863988482
rough_Soil.C,5.51001176803247
rough_Clay,3.7943677359025467
CEC,3.718827090532788
pH,2.6495452471557837
