var,rel.inf
rough_Elevation,22.95376966088869
rough_Surface.T,16.18371086958079
rough_MAP,12.161721005881434
Elevation,10.953826282586638
rough_CEC,8.286051304196274
MAP,7.156830249023714
PDQ,5.281233601430528
rough_Soil.C,5.235701465293276
Clay,4.137736316850835
CEC,3.0159433987154145
rough_Clay,2.9243246115810857
pH,1.709151233971326
