nt,pseudo_r2,pred_obs_r2,pred_obs_r2_exp
2650,0.08959044665520255,0.6997485655912983,0.7029217371749119
