var,rel.inf
rough_Elevation,20.647433266465605
rough_Surface.T,15.250554935082976
rough_MAP,11.802221648412589
Elevation,10.861447160960967
rough_CEC,8.26347596817605
MAP,7.55667453615448
PDQ,6.4480374640901426
rough_Soil.C,5.722039749328272
Clay,5.107408462924096
rough_Clay,3.2328667068531414
CEC,3.1202501501785664
pH,1.9875899513731101
