var,rel.inf
rough_Elevation,19.47829697650244
rough_Surface.T,14.97533504575145
rough_MAP,12.05927836258307
Elevation,10.60320646210867
rough_CEC,8.032335180036089
MAP,7.840395034121575
PDQ,6.902077759406719
Clay,5.509655999331248
rough_Soil.C,5.396042230641554
CEC,3.3794814222309615
rough_Clay,3.3077052791933017
pH,2.516190248092922
