nt,pseudo_r2,pred_obs_r2,pred_obs_r2_exp
4200,0.17645418274149804,0.772032440031363,0.7735531949561714
