var,rel.inf
rough_Elevation,18.33666439091891
rough_Surface.T,14.264138020404719
rough_MAP,11.83944444011576
Elevation,10.608918919177647
rough_CEC,8.189619081770115
MAP,8.100413139157617
PDQ,7.662098253946418
Clay,5.899497018044672
rough_Soil.C,5.11570924337633
CEC,3.5984267309354214
rough_Clay,3.567781501874201
pH,2.817289260278196
