var,rel.inf
rough_Elevation,19.465332419009187
rough_Surface.T,15.121625125283089
rough_MAP,12.127403707140147
Elevation,10.711488614615233
rough_CEC,7.845919786325785
MAP,7.709003446331825
PDQ,7.330975035803502
Clay,5.625667654444004
rough_Soil.C,5.250095757244934
rough_Clay,3.5538473553097405
CEC,3.1797514131305324
pH,2.0788896853620202
