var,rel.inf
rough_Elevation,20.016586172463594
rough_Surface.T,15.050380596671632
rough_MAP,12.207475616873225
Elevation,10.629383842068512
MAP,8.227916622179409
rough_CEC,7.828822941231355
PDQ,7.173297030488156
rough_Soil.C,5.4296608003068
Clay,5.111098451295348
CEC,3.2166706955275854
rough_Clay,3.007744181455333
pH,2.100963049439059
