nt,pseudo_r2,pred_obs_r2,pred_obs_r2_exp
2700,0.12948916994078252,0.7052315246530614,0.7083104859545918
