nt,pseudo_r2,pred_obs_r2,pred_obs_r2_exp
3400,0.15017353679719103,0.7370080725021048,0.7396107704907742
