var,rel.inf
rough_Elevation,20.06973445483753
rough_Surface.T,15.421821670704892
rough_MAP,11.825959729179388
Elevation,10.521557428876356
rough_CEC,8.071218887106005
MAP,7.536641561491151
PDQ,6.790761663593924
rough_Soil.C,5.584073114947182
Clay,5.266066405067917
rough_Clay,3.2978975134020128
CEC,3.287476069059593
pH,2.326791501734055
