nt,pseudo_r2,pred_obs_r2,pred_obs_r2_exp
3750,0.18394681315145078,0.7531177659854126,0.754931345116481
