var,rel.inf
rough_Elevation,19.350488108404452
rough_Surface.T,15.005438989158204
rough_MAP,12.383513178583438
Elevation,10.32337269534881
rough_CEC,8.137906268437334
MAP,7.855424070117957
PDQ,7.02831006608585
rough_Soil.C,5.722770172973158
Clay,5.341814953805524
CEC,3.348010152085073
rough_Clay,3.2100149934678934
pH,2.29293635153231
