var,rel.inf
rough_Elevation,20.479629215823813
rough_Surface.T,16.24849980862872
rough_MAP,11.548019348610486
Elevation,10.749748777510458
rough_CEC,7.942535378839302
MAP,7.507909649615212
PDQ,6.69988379618395
rough_Soil.C,5.4312224237604685
Clay,5.125855991104346
CEC,3.0407717346535983
rough_Clay,2.9108960277417877
pH,2.315027847527864
