var,rel.inf
rough_Elevation,20.18672687477245
rough_Surface.T,15.323334087895752
rough_MAP,12.0095428891698
Elevation,10.902410693185795
rough_CEC,7.999471354869604
MAP,7.4164094012449775
PDQ,6.706483975238187
rough_Soil.C,5.559584863196985
Clay,5.326963386154578
CEC,3.2698822800607035
rough_Clay,3.063967185484428
pH,2.2352230087267477
