nt,pseudo_r2,pred_obs_r2,pred_obs_r2_exp
3050,0.10222204481388497,0.7219261441833565,0.724278875918653
