var,rel.inf
rough_Elevation,19.22292182225194
rough_Surface.T,14.856444497142224
rough_MAP,12.070851327685602
Elevation,10.595184566854497
MAP,8.111273112004264
rough_CEC,7.936048561494353
PDQ,6.981935543025146
Clay,5.598882244614677
rough_Soil.C,5.290927048305293
CEC,3.4972004804982406
rough_Clay,3.4512550646722544
pH,2.387075731451506
