var,rel.inf
rough_Elevation,20.94315696591161
rough_Surface.T,15.832570187718314
rough_MAP,11.967601945987628
Elevation,10.677381698167746
rough_CEC,8.186079892170808
MAP,7.59349841693905
PDQ,6.295300844502134
rough_Soil.C,5.908488707176517
Clay,4.941593604777401
rough_Clay,3.0606176706438095
CEC,2.9411727612356966
pH,1.652537304769283
