nt,pseudo_r2,pred_obs_r2,pred_obs_r2_exp
3600,0.11371423857673135,0.7472643476665307,0.7491939245502088
