var,rel.inf
rough_Elevation,19.063471806139596
rough_Surface.T,14.614277526344315
rough_MAP,11.68117171215847
Elevation,10.640883396083588
rough_CEC,7.922316906755002
MAP,7.780591032238829
PDQ,7.41089170138314
Clay,5.852055323473927
rough_Soil.C,5.643986656680402
CEC,3.4973038777605776
rough_Clay,3.4190651494237976
pH,2.4739849115583574
