nt,pseudo_r2,pred_obs_r2,pred_obs_r2_exp
3300,0.1858058487489932,0.7345849881152905,0.7370501793877342
