nt,pseudo_r2,pred_obs_r2,pred_obs_r2_exp
2150,0.1238968316143697,0.6685919084765864,0.6717473852162311
