var,rel.inf
rough_Elevation,18.803159995864714
rough_Surface.T,14.476313808736894
rough_MAP,11.68391098030111
Elevation,10.465698120667174
rough_CEC,8.224958203774486
MAP,8.054302096795329
PDQ,7.262385714544717
Clay,5.930880303520558
rough_Soil.C,5.610650335083746
rough_Clay,3.734237738728474
CEC,3.35770966133678
pH,2.395793040646028
