var,rel.inf
rough_Elevation,19.695170380495707
rough_Surface.T,14.767179869596628
rough_MAP,12.125234703586488
Elevation,10.56582649808788
rough_CEC,7.919659719042818
MAP,7.88833640281533
PDQ,6.982485024846583
Clay,5.792637664369994
rough_Soil.C,5.377378700998013
CEC,3.3834462063297828
rough_Clay,3.3259071431592884
pH,2.176737686671492
