var,rel.inf
rough_Elevation,18.337467834140387
rough_Surface.T,14.384750540153771
rough_MAP,12.120496591509463
Elevation,10.349327831201848
MAP,8.332771319374688
rough_CEC,8.028094471578887
PDQ,7.331063976347029
Clay,5.909266733398577
rough_Soil.C,5.680198557537904
rough_Clay,3.5087818211625525
CEC,3.3849543377408335
pH,2.6328259858540655
