var,rel.inf
rough_Elevation,17.885056083481658
rough_Surface.T,14.475966753589665
rough_MAP,11.667158252030083
Elevation,10.73811057615991
MAP,8.08097182218855
rough_CEC,7.762565633500253
PDQ,7.653202924224177
Clay,6.036634355958303
rough_Soil.C,5.646926997400592
rough_Clay,3.8207494719990778
CEC,3.6781127369369053
pH,2.554544392530832
