nt,pseudo_r2,pred_obs_r2,pred_obs_r2_exp
3850,0.13970732964217314,0.7578895668232916,0.7598950543025623
