nt,pseudo_r2,pred_obs_r2,pred_obs_r2_exp
2250,0.13454691012389552,0.6809059920525572,0.6839413301587208
