var,rel.inf
rough_Elevation,19.35826951776931
rough_Surface.T,14.98952150664593
rough_MAP,12.276504495760975
Elevation,10.787407113524319
MAP,7.844126576253138
rough_CEC,7.759170146139218
PDQ,7.097918183343108
Clay,5.547710648443787
rough_Soil.C,5.264275285569152
rough_Clay,3.4013612015715644
CEC,3.1899634736229925
pH,2.4837718513565035
