var,rel.inf
rough_Elevation,18.765731919043468
rough_Surface.T,14.765391022330842
rough_MAP,12.118721660747804
Elevation,10.504122799938951
MAP,8.246276203482376
rough_CEC,7.602331577415412
PDQ,7.338216362872639
rough_Soil.C,5.700048998786275
Clay,5.694762317807029
rough_Clay,3.6205284119036687
CEC,3.2410142798811536
pH,2.402854445790375
