nt,pseudo_r2,pred_obs_r2,pred_obs_r2_exp
3900,0.21282462386791068,0.7579178635469368,0.759600899227356
