nt,pseudo_r2,pred_obs_r2,pred_obs_r2_exp
3500,0.17612417331966967,0.7422924551681104,0.744492275015065
