var,rel.inf
rough_Elevation,19.62801726729608
rough_Surface.T,15.106204143605813
rough_MAP,11.83778500632751
Elevation,10.67296907623039
rough_CEC,8.11456661880217
MAP,7.639486936753635
PDQ,6.866892890239551
rough_Soil.C,5.560762299150756
Clay,5.425735106267553
rough_Clay,3.38916650864545
CEC,3.3385594750408742
pH,2.419854671640217
