nt,pseudo_r2,pred_obs_r2,pred_obs_r2_exp
3e3,0.14409465656707188,0.7202070266629078,0.7226345860408998
