nt,pseudo_r2,pred_obs_r2,pred_obs_r2_exp
3e3,0.18402423827263092,0.7186422326557879,0.7210133596096515
