var,rel.inf
rough_Elevation,19.859593227985044
rough_Surface.T,15.36088058062595
rough_MAP,12.116920653283541
Elevation,10.710159412272372
rough_CEC,8.37074857684214
MAP,7.34248767161899
PDQ,6.826531135927901
Clay,5.667752157317512
rough_Soil.C,5.383149057636773
rough_Clay,3.2496005197197317
CEC,3.0098929652263093
pH,2.102284041543744
