nt,pseudo_r2,pred_obs_r2,pred_obs_r2_exp
3750,0.19672996639241846,0.7524990726856289,0.7544866928103353
