var,rel.inf
rough_Elevation,19.262980873913087
rough_Surface.T,15.102828167201833
rough_MAP,12.293342048216804
Elevation,10.428495723883026
rough_CEC,8.08516558544662
MAP,7.629805849562975
PDQ,7.423319308982402
Clay,5.411329652811927
rough_Soil.C,5.360141916991768
CEC,3.3734360846319316
rough_Clay,3.3730059167740323
pH,2.2561488715836018
