var,rel.inf
rough_Elevation,19.003238713412102
rough_Surface.T,15.03163953941919
rough_MAP,12.449691768036795
Elevation,10.693441609070018
rough_CEC,7.910874208805593
MAP,7.5581795307153
PDQ,7.117422911775555
Clay,5.803596059044018
rough_Soil.C,5.240129878860009
rough_Clay,3.5140359720591383
CEC,3.1198945442139205
pH,2.5578552645883628
