var,rel.inf
rough_Elevation,24.112326005260833
rough_Surface.T,16.710832251318084
rough_MAP,11.922051216465828
Elevation,11.23740073197422
rough_CEC,7.892683488667606
MAP,7.026433598089853
rough_Soil.C,5.722718866641433
PDQ,4.86767061425384
Clay,3.9203766248641627
CEC,2.6781501545642934
rough_Clay,2.6015023873609233
pH,1.3078540605389142
