var,rel.inf
rough_Elevation,20.392793330596298
rough_Surface.T,15.827277535874718
rough_MAP,11.939725258540513
Elevation,10.564177286996909
rough_CEC,8.020318265020288
MAP,7.364276798645508
PDQ,6.50829641119588
rough_Soil.C,5.679356710259782
Clay,5.065968405615786
rough_Clay,3.4221071584861567
CEC,3.137561836235804
pH,2.078141002532355
