nt,pseudo_r2,pred_obs_r2,pred_obs_r2_exp
3200,0.12578327031525127,0.7281272378593272,0.7303885522125294
