nt,pseudo_r2,pred_obs_r2,pred_obs_r2_exp
2300,0.09936795360588069,0.6797460013213552,0.6831515607673889
