nt,pseudo_r2,pred_obs_r2,pred_obs_r2_exp
2e3,0.09991756071873847,0.6553763595486373,0.6592730109739225
