nt,pseudo_r2,pred_obs_r2,pred_obs_r2_exp
3600,0.14840267503135762,0.7470155619897884,0.7492382163752982
