var,rel.inf
rough_Elevation,19.504333175923673
rough_Surface.T,15.344515548860327
rough_MAP,11.856666608070348
Elevation,10.730846991758126
rough_CEC,8.186320738832622
MAP,7.752064964339298
PDQ,7.0194593408743104
Clay,5.495748202915829
rough_Soil.C,5.111083170771347
CEC,3.430269889256205
rough_Clay,3.359938666599893
pH,2.20875270179801
