var,rel.inf
rough_Elevation,19.234063935117135
rough_Surface.T,14.989777894275324
rough_MAP,11.578174504426936
Elevation,10.429748192166631
MAP,7.981672843630276
rough_CEC,7.7771721350901375
PDQ,7.514378975536198
Clay,5.774446561242131
rough_Soil.C,5.6022528210617475
rough_Clay,3.4105539982630053
CEC,3.2578583428337367
pH,2.449899796356744
