nt,pseudo_r2,pred_obs_r2,pred_obs_r2_exp
2450,0.14149704781171846,0.6902714410778726,0.693416821639542
