nt,pseudo_r2,pred_obs_r2,pred_obs_r2_exp
2850,0.09750604711323163,0.7091994006402718,0.7118855042809957
