nt,pseudo_r2,pred_obs_r2,pred_obs_r2_exp
2950,0.10772901273034619,0.7134140161568966,0.7160131463773725
