nt,pseudo_r2,pred_obs_r2,pred_obs_r2_exp
3850,0.12360051071873213,0.7572030413933739,0.7592921047799777
