nt,pseudo_r2,pred_obs_r2,pred_obs_r2_exp
3450,0.1239946702078153,0.7394575156112395,0.741505243929826
