var,rel.inf
rough_Elevation,18.697700503587505
rough_Surface.T,14.977737257784435
rough_MAP,12.020389899149105
Elevation,10.694807966277676
rough_CEC,8.070581843367863
MAP,7.648784082947692
PDQ,7.149654836671151
Clay,5.83766172584514
rough_Soil.C,5.479825283904148
CEC,3.4878999309264063
rough_Clay,3.468323261197309
pH,2.4666334083415626
