var,rel.inf
rough_Elevation,20.521337676112438
rough_Surface.T,15.687531907841553
rough_MAP,12.049338568796095
Elevation,10.706945955582627
rough_CEC,8.249073450518285
MAP,7.3781002004246625
PDQ,6.798567615913606
rough_Soil.C,5.236260271030845
Clay,4.853634384476315
CEC,3.172995708507514
rough_Clay,3.1391932975001433
pH,2.2070209632959075
