var,rel.inf
rough_Elevation,22.11497681712605
rough_Surface.T,15.982101247140767
rough_MAP,11.962832904804083
Elevation,10.985661774148744
rough_CEC,7.98341669670237
MAP,7.643016246658515
PDQ,5.961396243534274
rough_Soil.C,5.386942641863615
Clay,4.505460991154828
rough_Clay,2.915996400940123
CEC,2.6906784615064816
pH,1.8675195744201467
