var,rel.inf
rough_Elevation,18.38787154877184
rough_Surface.T,14.534749181276334
rough_MAP,11.831431233739693
Elevation,10.358409728347352
rough_CEC,7.9360792146897765
MAP,7.901142507232369
PDQ,7.713502703238461
Clay,6.12502385077571
rough_Soil.C,5.386296779140597
rough_Clay,3.6848340025016846
CEC,3.6426118231983247
pH,2.4980474270878608
