var,rel.inf
rough_Elevation,20.173221043261552
rough_Surface.T,16.048659556193083
rough_MAP,11.749417845146848
Elevation,10.637638300626767
MAP,7.589401854250974
rough_CEC,7.533978805777805
PDQ,6.940616339371529
rough_Soil.C,5.635025753534531
Clay,5.221916882029107
CEC,3.1149918188134347
rough_Clay,3.0307079024840866
pH,2.324423898510282
