nt,pseudo_r2,pred_obs_r2,pred_obs_r2_exp
3900,0.18958986359381103,0.7608432031072541,0.7624797961400939
