var,rel.inf
rough_Elevation,19.302760244510782
rough_Surface.T,15.487379847124522
rough_MAP,11.706004305415677
Elevation,10.638842730036169
MAP,8.089657364512355
rough_CEC,7.926108627713853
PDQ,6.9154982841534824
Clay,5.685663171953763
rough_Soil.C,5.336805536666496
rough_Clay,3.329578376770534
CEC,3.2748261993894463
pH,2.306875311752927
