nt,pseudo_r2,pred_obs_r2,pred_obs_r2_exp
2750,0.10919587027104605,0.7056230826429922,0.708209534827799
