var,rel.inf
rough_Elevation,20.049740379617013
rough_Surface.T,15.150456255042117
rough_MAP,11.81645812597408
Elevation,10.343627332623049
rough_CEC,8.090409342422623
MAP,7.72281819742532
PDQ,7.098330539081674
Clay,5.696221113935794
rough_Soil.C,5.151319194857318
rough_Clay,3.5516268209416366
CEC,2.9361463280849205
pH,2.392846369994456
