nt,pseudo_r2,pred_obs_r2,pred_obs_r2_exp
2700,0.12151808863375035,0.6993261337898171,0.7022410131613276
