nt,pseudo_r2,pred_obs_r2,pred_obs_r2_exp
4600,0.19947221624790357,0.7843349958194337,0.785683317582423
