var,rel.inf
rough_Elevation,19.088590725593477
rough_Surface.T,14.879143332076733
rough_MAP,11.81514095206168
Elevation,10.45865249289259
rough_CEC,7.989696746699664
MAP,7.8060398113815745
PDQ,7.365241094347084
Clay,5.660758563554644
rough_Soil.C,5.626212519371676
rough_Clay,3.46886139799631
CEC,3.418943646018207
pH,2.4227187180063594
