var,rel.inf
rough_Elevation,19.23148604547418
rough_Surface.T,15.250636016445958
rough_MAP,12.167366243793865
Elevation,10.817719881245996
rough_CEC,8.007658825866663
MAP,7.505080025903897
PDQ,6.93844257492949
Clay,5.781675948845139
rough_Soil.C,5.2827430297609315
rough_Clay,3.3526929581962053
CEC,3.249547883045107
pH,2.414950566492572
