var,rel.inf
rough_Elevation,19.411989525165076
rough_Surface.T,14.825782919254456
rough_MAP,11.789216991297643
Elevation,10.461958340475068
rough_CEC,7.973562613310073
MAP,7.895484046877872
PDQ,7.236557348056126
rough_Soil.C,5.6149027562318965
Clay,5.603640615154761
CEC,3.4270943343489337
rough_Clay,3.2776679469266687
pH,2.4821425629014273
