nt,pseudo_r2,pred_obs_r2,pred_obs_r2_exp
3250,0.12508357287022775,0.7310924689425405,0.7332883224241072
