var,rel.inf
rough_Elevation,19.334063002114917
rough_Surface.T,15.240230943054005
rough_MAP,11.681886253929186
Elevation,10.420131616123486
MAP,8.003871018609313
rough_CEC,7.826007097859998
PDQ,7.427205964357665
Clay,5.583070719873021
rough_Soil.C,5.259458709409193
rough_Clay,3.565107385533266
CEC,3.3180245102486983
pH,2.3409427788872574
