nt,pseudo_r2,pred_obs_r2,pred_obs_r2_exp
2850,0.14201895648480012,0.7096406972644578,0.7125104702193656
