nt,pseudo_r2,pred_obs_r2,pred_obs_r2_exp
3050,0.11448542763141811,0.7206096979103896,0.7231348756055904
