nt,pseudo_r2,pred_obs_r2,pred_obs_r2_exp
3600,0.0883947848739094,0.7469836240807743,0.7489431781547248
