var,rel.inf
rough_Elevation,18.05170458736762
rough_Surface.T,14.13697837074983
rough_MAP,11.932681296234815
Elevation,10.247956036025474
PDQ,7.943450599962585
rough_CEC,7.911235432465739
MAP,7.873363348149238
Clay,6.146386965421159
rough_Soil.C,5.700261059980771
CEC,3.741587730320599
rough_Clay,3.56581913292358
pH,2.748575440398596
