var,rel.inf
rough_Elevation,18.813516810481214
rough_Surface.T,14.835603588890763
rough_MAP,11.940735880690276
Elevation,11.082771047592482
rough_CEC,7.925366507537446
MAP,7.585080327021988
PDQ,7.275204799483665
Clay,5.65939655285371
rough_Soil.C,5.464133491781695
rough_Clay,3.5609997355359946
CEC,3.392392740284362
pH,2.4647985178464022
