nt,pseudo_r2,pred_obs_r2,pred_obs_r2_exp
2250,0.1383606860959642,0.6776365855841276,0.6805155269115977
