nt,pseudo_r2,pred_obs_r2,pred_obs_r2_exp
3300,0.15998471532500547,0.7327759763461913,0.7353027272530211
