nt,pseudo_r2,pred_obs_r2,pred_obs_r2_exp
2200,0.1247739193423264,0.6740332036437433,0.6776319140098381
