nt,pseudo_r2,pred_obs_r2,pred_obs_r2_exp
3700,0.16584871673898838,0.7509199516743047,0.7527989336852268
