var,rel.inf
rough_Elevation,20.00650242780976
rough_Surface.T,15.65695181935377
rough_MAP,12.06015286611059
Elevation,10.58131510030489
rough_CEC,7.833882984422015
MAP,7.768329087658071
PDQ,6.876009443304593
rough_Soil.C,5.589287192716297
Clay,5.034616098447982
rough_Clay,3.266047898595397
CEC,3.0383941700454984
pH,2.288510911231138
