var,rel.inf
rough_Elevation,19.40302455978315
rough_Surface.T,14.835435326714844
rough_MAP,11.532671604288934
Elevation,10.746209808750372
rough_CEC,8.095051261044667
MAP,8.01791877303893
PDQ,6.814936501705586
rough_Soil.C,5.623538040859269
Clay,5.468987160616217
CEC,3.657480239458412
rough_Clay,3.5289226337716886
pH,2.2758240899679376
