nt,pseudo_r2,pred_obs_r2,pred_obs_r2_exp
2750,0.11349942242314082,0.7049135935778051,0.7077738897322203
