nt,pseudo_r2,pred_obs_r2,pred_obs_r2_exp
3450,0.16364975997920128,0.74158925122177,0.7437676419594158
