var,rel.inf
rough_Elevation,23.803547254056486
rough_Surface.T,17.279625425081235
rough_MAP,11.819139208120262
Elevation,11.161079047052986
rough_CEC,7.700676416394693
MAP,6.677365977544321
PDQ,5.546442347995197
rough_Soil.C,5.213537516167627
Clay,4.200087108235401
CEC,2.815498950886798
rough_Clay,2.338707534922982
pH,1.4442932135420112
