var,rel.inf
rough_Elevation,18.87242442609307
rough_Surface.T,14.953366803103306
rough_MAP,11.839703909219532
Elevation,10.619499793774153
rough_CEC,8.219832431545932
MAP,7.679661416475876
PDQ,7.09637201220292
Clay,5.757181261715325
rough_Soil.C,5.421706733539826
rough_Clay,3.5758386095060595
CEC,3.33006918755486
pH,2.6343434152691403
