nt,pseudo_r2,pred_obs_r2,pred_obs_r2_exp
3350,0.14825397990108458,0.7360858474580168,0.7384145450825653
