var,rel.inf
rough_Elevation,19.80245927701021
rough_Surface.T,15.504168971866246
rough_MAP,12.083697070961927
Elevation,10.337340199839204
rough_CEC,8.008101995387287
MAP,7.6068033741018715
PDQ,7.060415097066765
rough_Soil.C,5.33032576191835
Clay,5.256309641190715
CEC,3.3393101485496075
rough_Clay,3.306665842847905
pH,2.364402619259913
