nt,pseudo_r2,pred_obs_r2,pred_obs_r2_exp
3050,0.1183563413114459,0.7220906808290474,0.7245742589126858
