var,rel.inf
rough_Elevation,18.261236680316483
rough_Surface.T,14.228657893946965
rough_MAP,11.664021682057266
Elevation,10.110013802488913
MAP,8.30919323864743
rough_CEC,8.19197304021668
PDQ,7.518503814373672
Clay,5.77773253677479
rough_Soil.C,5.558941341077043
rough_Clay,3.8835394213700547
CEC,3.7000813130028596
pH,2.7961052357278433
