var,rel.inf
rough_Elevation,18.235735109607003
rough_Surface.T,14.479722635914905
rough_MAP,11.527069619078267
Elevation,10.427409047157342
MAP,8.318784470057844
rough_CEC,8.300235229705429
PDQ,7.711609275448823
Clay,5.875231125338101
rough_Soil.C,5.516898824409597
rough_Clay,3.548117042591644
CEC,3.352534517419833
pH,2.7066531032712184
