var,rel.inf
rough_Elevation,19.435273054111367
rough_Surface.T,15.28560318507268
rough_MAP,12.04292565906442
Elevation,10.673321530758768
MAP,7.95799204256009
rough_CEC,7.8130007790859555
PDQ,6.950370397748444
Clay,5.450797273536833
rough_Soil.C,5.37644955720156
rough_Clay,3.4150303609608725
CEC,3.232829371867807
pH,2.366406788031199
