nt,pseudo_r2,pred_obs_r2,pred_obs_r2_exp
3450,0.17873059676740433,0.7391154831220071,0.7411453463871994
