nt,pseudo_r2,pred_obs_r2,pred_obs_r2_exp
3250,0.13702690281086083,0.732993718004098,0.7353157132736294
