var,rel.inf
rough_Elevation,19.78235467825627
rough_Surface.T,15.172152037213351
rough_MAP,12.037431933583344
Elevation,10.966430512234073
rough_CEC,8.01292607652966
MAP,7.801704822295993
PDQ,7.128006900284368
rough_Soil.C,5.266588042277113
Clay,5.125105309470969
rough_Clay,3.433577270509466
CEC,3.011531079902532
pH,2.2621913374428595
