nt,pseudo_r2,pred_obs_r2,pred_obs_r2_exp
3e3,0.15009858503731177,0.7185424231847942,0.7209920987052957
