nt,pseudo_r2,pred_obs_r2,pred_obs_r2_exp
3100,0.17036892172027274,0.7250711882483286,0.7275815981825623
