var,rel.inf
rough_Elevation,18.82013507470895
rough_Surface.T,15.116699804600193
rough_MAP,12.177365833035442
Elevation,10.619673551361695
rough_CEC,8.084702176064434
MAP,7.983724935607932
PDQ,7.103373034618738
Clay,5.764128192950412
rough_Soil.C,5.296745826083994
CEC,3.389330235269506
rough_Clay,3.3571656737532605
pH,2.286955661945435
