var,rel.inf
rough_Elevation,19.930274017473266
rough_Surface.T,14.351659041891478
rough_MAP,11.883939530245174
Elevation,10.708948114789733
rough_CEC,8.315024130129459
MAP,7.882214547270672
PDQ,7.4720341054347745
rough_Soil.C,5.354949631127291
Clay,5.321893357633429
CEC,3.1361978985375494
rough_Clay,3.0975270531187005
pH,2.5453385723484723
