var,rel.inf
rough_Elevation,19.02833818172052
rough_Surface.T,15.415479442724813
rough_MAP,11.854174167048122
Elevation,10.331909020148402
rough_CEC,8.201116947584325
MAP,7.740100629239664
PDQ,7.2202764017211845
Clay,5.640758651619241
rough_Soil.C,5.484202093867718
rough_Clay,3.4302513261482286
CEC,3.1872218774744745
pH,2.466171260703317
