var,rel.inf
rough_Elevation,18.336481186987704
rough_Surface.T,14.515769416107917
rough_MAP,11.823910646027393
Elevation,10.04037825760295
rough_CEC,7.994847769368163
MAP,7.98045975214078
PDQ,7.930521216186985
Clay,5.915352871718599
rough_Soil.C,5.721586612215063
rough_Clay,3.4899114852470463
CEC,3.380436928010921
pH,2.870343858386481
