var,rel.inf
rough_Elevation,21.545393461878092
rough_Surface.T,15.71711747244133
rough_MAP,12.57046165993442
Elevation,10.666310928089004
rough_CEC,7.711569236545519
MAP,7.642837947375794
PDQ,6.48922198919303
rough_Soil.C,5.513801229135687
Clay,4.489428969827742
rough_Clay,2.993095063694927
CEC,2.927027942742802
pH,1.733734099141654
