var,rel.inf
rough_Elevation,19.381430591103292
rough_Surface.T,14.641338983058718
rough_MAP,12.125429400889912
Elevation,10.459630560013677
rough_CEC,8.04032185363647
MAP,7.887106804503791
PDQ,7.323884304074169
rough_Soil.C,5.516855506135391
Clay,5.4183304822003295
CEC,3.5317104428692514
rough_Clay,3.468997817992689
pH,2.2049632535223096
