var,rel.inf
rough_Elevation,19.23625088385991
rough_Surface.T,15.13306771582021
rough_MAP,11.95069174924289
Elevation,10.65318779771373
rough_CEC,7.995099808396651
MAP,7.358639859900654
PDQ,7.237637324106573
Clay,5.722743504219047
rough_Soil.C,5.540826911127557
rough_Clay,3.4067294012678495
CEC,3.3726670285256604
pH,2.392458015819261
