nt,pseudo_r2,pred_obs_r2,pred_obs_r2_exp
4150,0.14528521903305402,0.7678867508219143,0.7694480237518807
