nt,pseudo_r2,pred_obs_r2,pred_obs_r2_exp
3100,0.15052197354290175,0.7247859961501376,0.727474416860819
