var,rel.inf
rough_Elevation,18.643836600687344
rough_Surface.T,14.546832037003627
rough_MAP,11.706892915391098
Elevation,10.925548610585006
rough_CEC,8.14969008019376
MAP,7.731744981997853
PDQ,7.374822476840586
Clay,6.065647573068094
rough_Soil.C,5.234433668049787
rough_Clay,3.481006441248991
CEC,3.461935011125666
pH,2.67760960380819
