var,rel.inf
rough_Elevation,19.244827220635734
rough_Surface.T,14.896945349393237
rough_MAP,12.003805853525884
Elevation,11.168583664787311
rough_CEC,8.349705270208469
MAP,7.692430734625898
PDQ,6.760742283805056
rough_Soil.C,5.5086477209754685
Clay,5.43316740181296
CEC,3.4014715743132955
rough_Clay,3.292433738416393
pH,2.2472391875002926
