nt,pseudo_r2,pred_obs_r2,pred_obs_r2_exp
2950,0.17088860217257573,0.7157016755144404,0.7184726014383397
