nt,pseudo_r2,pred_obs_r2,pred_obs_r2_exp
3e3,0.15326238529812108,0.7170801889255788,0.7192528821020272
