nt,pseudo_r2,pred_obs_r2,pred_obs_r2_exp
3550,0.17542962614512492,0.7437825745792903,0.7460627792555702
