var,rel.inf
rough_Elevation,17.65962514009085
rough_Surface.T,14.021496384521596
rough_MAP,11.716563247533585
Elevation,10.171189533318941
MAP,8.097282240074032
PDQ,7.961408626147327
rough_CEC,7.82841579886887
Clay,6.485149081023426
rough_Soil.C,5.686212332268824
rough_Clay,3.9223188124509822
CEC,3.4547230236572988
pH,2.9956157800442655
