nt,pseudo_r2,pred_obs_r2,pred_obs_r2_exp
3200,0.1292765411268727,0.7283594604028859,0.7307714426375715
