nt,pseudo_r2,pred_obs_r2,pred_obs_r2_exp
4500,0.13455256530861148,0.7821211262227857,0.7834652811569285
