nt,pseudo_r2,pred_obs_r2,pred_obs_r2_exp
3550,0.13728882599191372,0.746585949222713,0.7488019620995122
