nt,pseudo_r2,pred_obs_r2,pred_obs_r2_exp
3250,0.10892276854445537,0.7310339261186714,0.7333779560629181
