var,rel.inf
rough_Elevation,25.038968853365887
rough_Surface.T,16.0265001284651
rough_MAP,11.962763607726343
Elevation,11.106614603929202
rough_CEC,8.328780238413444
MAP,7.163379111640416
rough_Soil.C,5.467115921295144
PDQ,5.0828321207585985
Clay,3.551650661231225
CEC,2.4548966336922375
rough_Clay,2.2990133533603383
pH,1.517484766122068
