var,rel.inf
rough_Elevation,18.78853469959484
rough_Surface.T,14.380709646256246
rough_MAP,11.394197026136714
Elevation,10.725595409780624
rough_CEC,8.260052110519485
MAP,7.726352367773783
PDQ,7.464721093567567
Clay,5.791512308433206
rough_Soil.C,5.505315840852754
CEC,3.625333301490016
rough_Clay,3.5426263334784265
pH,2.795049862116335
