var,rel.inf
rough_Elevation,19.103435883667537
rough_Surface.T,14.524401638624061
rough_MAP,12.299344237493253
Elevation,10.473094190557434
MAP,8.108413869411836
rough_CEC,8.010038223082763
PDQ,7.514694366963537
Clay,5.586107878480026
rough_Soil.C,5.54487655862313
CEC,3.3026238495803986
rough_Clay,3.2976322853248274
pH,2.2353370181912
