nt,pseudo_r2,pred_obs_r2,pred_obs_r2_exp
2500,0.14459837682849197,0.6937437604419404,0.6966327271264539
