nt,pseudo_r2,pred_obs_r2,pred_obs_r2_exp
3250,0.1422749775373492,0.73043316126797,0.7326649006907471
