nt,pseudo_r2,pred_obs_r2,pred_obs_r2_exp
2450,0.1332036927295479,0.688681266588445,0.6921521265652428
