nt,pseudo_r2,pred_obs_r2,pred_obs_r2_exp
3700,0.15183216570228908,0.7471674797901471,0.7495076770554844
