nt,pseudo_r2,pred_obs_r2,pred_obs_r2_exp
2650,0.11980280645872521,0.7009120443772796,0.7042067012572554
