var,rel.inf
rough_Elevation,19.639739458190054
rough_Surface.T,15.458446590265876
rough_MAP,11.484959741929533
Elevation,10.35233055604647
rough_CEC,8.149543179227576
MAP,7.979769341852063
PDQ,6.578893575933476
rough_Soil.C,5.541725892845324
Clay,5.450854244756402
rough_Clay,3.555919878000142
CEC,3.366997713641469
pH,2.440819827311623
