var,rel.inf
rough_Elevation,18.871212588571908
rough_Surface.T,14.868763668846249
rough_MAP,11.763470551806751
Elevation,10.44191739402246
rough_CEC,8.288635670494417
MAP,7.800819857069363
PDQ,7.134210441317033
Clay,5.711522755108121
rough_Soil.C,5.586207976740705
rough_Clay,3.6280899232973045
CEC,3.2133060972496357
pH,2.6918430754760534
