var,rel.inf
rough_Elevation,18.940804398706128
rough_Surface.T,14.832656939096125
rough_MAP,11.584720462727208
Elevation,10.165215602199135
MAP,8.389711370457418
rough_CEC,7.991325902712422
PDQ,7.372727425685604
Clay,5.8765921791073525
rough_Soil.C,5.563920251027958
rough_Clay,3.474658429640692
CEC,3.43579362050958
pH,2.3718734181303724
