var,rel.inf
rough_Elevation,19.501914735631907
rough_Surface.T,14.91358242121474
rough_MAP,11.997346749484926
Elevation,10.197024663737613
rough_CEC,8.188616440336626
MAP,7.8086679500495455
PDQ,6.915487307997558
Clay,5.634076671671067
rough_Soil.C,5.490290729368417
CEC,3.605250088219603
rough_Clay,3.267848966475592
pH,2.4798932758124086
