nt,pseudo_r2,pred_obs_r2,pred_obs_r2_exp
3700,0.16473804499483113,0.7503707613262027,0.7524267436622695
