nt,pseudo_r2,pred_obs_r2,pred_obs_r2_exp
3250,0.13979651311827468,0.731318059054655,0.7338826813830973
