var,rel.inf
rough_Elevation,18.747225721646007
rough_Surface.T,14.144541580287807
rough_MAP,11.820153133825684
Elevation,10.72279333597616
MAP,7.832845959813554
rough_CEC,7.804634604583787
PDQ,7.651314518373009
Clay,5.961962951523341
rough_Soil.C,5.427147056507884
rough_Clay,3.7776252454998756
CEC,3.6177991516323607
pH,2.491956740330528
