var,rel.inf
rough_Elevation,19.17356889831422
rough_Surface.T,14.268959841505616
rough_MAP,12.311310072027887
Elevation,10.581979426272033
MAP,8.040603037071008
rough_CEC,7.867300468746912
PDQ,7.489578209583245
rough_Soil.C,5.705008537529471
Clay,5.379189564025328
rough_Clay,3.4781394005853206
CEC,3.2670292287875315
pH,2.4373333155514225
