var,rel.inf
rough_Elevation,19.39912294223194
rough_Surface.T,15.080181536565865
rough_MAP,11.82359288701354
Elevation,10.772336716023958
rough_CEC,8.04530508460354
MAP,7.91640986769882
PDQ,6.893757561930142
Clay,5.773186356925748
rough_Soil.C,5.76232954252485
CEC,3.3144413090202995
rough_Clay,3.20893691295899
pH,2.010399282502308
