nt,pseudo_r2,pred_obs_r2,pred_obs_r2_exp
2650,0.07895462127703212,0.6996554553970447,0.7030290210857818
