nt,pseudo_r2,pred_obs_r2,pred_obs_r2_exp
3600,0.17099748723112818,0.747739838315979,0.7494968125270935
