var,rel.inf
rough_Elevation,19.371069471522677
rough_Surface.T,14.14902663491667
rough_MAP,12.098324643344826
Elevation,10.229991898586086
rough_CEC,8.120539128682214
MAP,8.086171379160938
PDQ,7.441791579540363
Clay,5.646998978786957
rough_Soil.C,5.4186140406322885
rough_Clay,3.700309642915634
CEC,3.195004659040039
pH,2.5421579428713144
