nt,pseudo_r2,pred_obs_r2,pred_obs_r2_exp
4150,0.12617838030237905,0.7688436818183043,0.770810701528275
