nt,pseudo_r2,pred_obs_r2,pred_obs_r2_exp
3250,0.1565127516906083,0.7318069048476435,0.7340200851760567
