var,rel.inf
rough_Elevation,18.477342476229072
rough_Surface.T,14.603810286538824
rough_MAP,12.532332725732987
Elevation,10.540532357805422
MAP,7.933345668373667
rough_CEC,7.580420295088699
PDQ,7.384569085196014
Clay,5.780809614832571
rough_Soil.C,5.636684396602676
CEC,3.4683739543399055
rough_Clay,3.456515829735852
pH,2.605263309524312
