var,rel.inf
rough_Elevation,21.567521507010323
rough_Surface.T,16.393028540391718
rough_MAP,11.791923332465341
Elevation,11.06521383822687
rough_CEC,8.00601513758944
MAP,6.911778828849857
PDQ,6.143095669553689
rough_Soil.C,5.589528005209713
Clay,4.8822809874744
CEC,2.850457839772802
rough_Clay,2.8393091544363234
pH,1.959847159019523
