nt,pseudo_r2,pred_obs_r2,pred_obs_r2_exp
2950,0.13624857611476526,0.7190152079655259,0.7215371707766838
