var,rel.inf
rough_Elevation,18.685805460727465
rough_Surface.T,14.61876560693813
rough_MAP,11.877903588347767
Elevation,10.620245118544826
MAP,8.107571854219607
rough_CEC,7.987444656355042
PDQ,7.35823168416833
Clay,5.990464558654835
rough_Soil.C,5.420449724341461
rough_Clay,3.465774787592252
CEC,3.326279711572269
pH,2.541063248538017
