nt,pseudo_r2,pred_obs_r2,pred_obs_r2_exp
2750,0.15218958305157582,0.7060370714538654,0.7093685362521733
