var,rel.inf
rough_Elevation,20.501379646113264
rough_Surface.T,15.792740423203952
rough_MAP,12.501007807483745
Elevation,10.803277205102987
rough_CEC,8.094774950304336
MAP,7.308423095636622
PDQ,6.381143491997853
rough_Soil.C,5.585812479687518
Clay,4.790744376465219
rough_Clay,3.210203353339954
CEC,2.90029277516949
pH,2.130200395495069
