nt,pseudo_r2,pred_obs_r2,pred_obs_r2_exp
3300,0.1562868670744848,0.7331541721617516,0.735672220350148
