var,rel.inf
rough_Elevation,19.103920516310104
rough_Surface.T,14.77808507478872
rough_MAP,11.601375736817253
Elevation,10.244978605628738
rough_CEC,8.310724056973289
MAP,7.643817613002811
PDQ,7.508432050855857
rough_Soil.C,5.817115476478136
Clay,5.517050244901642
CEC,3.4746059318684384
rough_Clay,3.4203193994704875
pH,2.579575292904533
