var,rel.inf
rough_Elevation,20.12374887327132
rough_Surface.T,15.477134183459729
rough_MAP,12.206132048286031
Elevation,10.860176721161817
rough_CEC,7.808691450155564
MAP,7.196476342950671
PDQ,7.013038553398322
rough_Soil.C,5.629396182341375
Clay,5.1874293930608975
CEC,3.231933345942043
rough_Clay,3.0978959286962
pH,2.1679469772760376
