var,rel.inf
rough_Elevation,18.28884555920185
rough_Surface.T,14.80394822185402
rough_MAP,12.197847243443299
Elevation,10.886391603212413
rough_CEC,8.177100842948986
MAP,8.000516633456565
PDQ,7.490211014749416
Clay,5.621845348452948
rough_Soil.C,5.287497914770133
rough_Clay,3.6701303823750644
CEC,3.2729213604124467
pH,2.302743875122854
