var,rel.inf
rough_Elevation,18.310369064211717
rough_Surface.T,14.48194318200098
rough_MAP,11.409261609153267
Elevation,10.63013578502763
rough_CEC,8.145451613370733
MAP,7.942673629711974
PDQ,7.4559178624939495
Clay,6.050197836720152
rough_Soil.C,5.653764946199295
rough_Clay,3.7810962696466786
CEC,3.471138869613512
pH,2.6680493318501184
