nt,pseudo_r2,pred_obs_r2,pred_obs_r2_exp
3600,0.17286739775921267,0.7455717079947526,0.7478262653790866
