var,rel.inf
rough_Elevation,19.65867902159791
rough_Surface.T,14.966847098483122
rough_MAP,12.402077217197556
Elevation,10.633325830075085
rough_CEC,7.9458640295819905
MAP,7.335251657989422
PDQ,7.025306011804951
rough_Soil.C,5.417931218370722
Clay,5.403900001062232
rough_Clay,3.5092785477091186
CEC,3.3671236199118164
pH,2.3344157462160684
