var,rel.inf
rough_Elevation,18.430939896056454
rough_Surface.T,14.477557104889156
rough_MAP,11.875808842236484
Elevation,10.669970613546559
MAP,8.155930868565418
rough_CEC,7.8021922083031665
PDQ,7.662916883890822
Clay,5.887489087222683
rough_Soil.C,5.179175963613728
rough_Clay,3.729301087921107
CEC,3.4967238497393844
pH,2.6319935940150447
