nt,pseudo_r2,pred_obs_r2,pred_obs_r2_exp
3750,0.1663465648695175,0.7529338523869004,0.7546424757406404
