var,rel.inf
rough_Elevation,20.416767671461294
rough_Surface.T,15.196077125837977
rough_MAP,11.931897440963466
Elevation,10.626456929760444
rough_CEC,8.23506933180448
MAP,7.528833054271552
PDQ,6.95852858856143
rough_Soil.C,5.387632912859936
Clay,5.17317373591924
rough_Clay,3.2120957654987716
CEC,3.0561120462642477
pH,2.2773553967971596
