nt,pseudo_r2,pred_obs_r2,pred_obs_r2_exp
2400,0.14951564596988842,0.6856326743522293,0.6888299432514244
