nt,pseudo_r2,pred_obs_r2,pred_obs_r2_exp
3250,0.142762224076748,0.7313777600128595,0.7335559530161476
