nt,pseudo_r2,pred_obs_r2,pred_obs_r2_exp
2900,0.11878353396179686,0.7173193834999834,0.7197057635437294
