nt,pseudo_r2,pred_obs_r2,pred_obs_r2_exp
3200,0.1562594728981257,0.726980423487689,0.7292787798194135
