var,rel.inf
rough_Elevation,21.071395907662883
rough_Surface.T,15.244925877741453
rough_MAP,11.693216119770556
Elevation,10.908299737425029
rough_CEC,8.43788315223526
MAP,7.621326452135377
PDQ,6.934694022913342
rough_Soil.C,5.0970324048310625
Clay,4.70468990993579
CEC,3.2845179310606896
rough_Clay,2.941621529510602
pH,2.060396954777948
