nt,pseudo_r2,pred_obs_r2,pred_obs_r2_exp
2900,0.16922456026905897,0.7126400298711698,0.7153644388854912
