var,rel.inf
rough_Elevation,19.354701315876557
rough_Surface.T,15.094420670373403
rough_MAP,11.851065376999685
Elevation,10.466518684861592
rough_CEC,7.983097285490406
MAP,7.694955562217841
PDQ,7.174625239513414
rough_Soil.C,5.735727491780987
Clay,5.609803464870145
CEC,3.2382874449830563
rough_Clay,3.1871746835286414
pH,2.609622779504274
