var,rel.inf
rough_Elevation,20.032584390626234
rough_Surface.T,15.535782870328584
rough_MAP,11.69516831115848
Elevation,10.813102281845183
rough_CEC,8.121293852034638
MAP,7.522603211237587
PDQ,6.652942851401765
rough_Soil.C,5.636704392677874
Clay,5.540776435554815
rough_Clay,3.2240828220207614
CEC,3.1963063463929187
pH,2.0286522347211595
