var,rel.inf
rough_Elevation,19.318434687525745
rough_Surface.T,14.949738345263397
rough_MAP,12.106752502248252
Elevation,10.46835372338842
MAP,8.128206554594689
rough_CEC,7.931540892261624
PDQ,7.068410827258978
rough_Soil.C,5.500665103870813
Clay,5.487511692191386
rough_Clay,3.590364649903701
CEC,3.2094782165455595
pH,2.2405428049474434
