nt,pseudo_r2,pred_obs_r2,pred_obs_r2_exp
3050,0.14667045995606798,0.7211534945114858,0.7236476128004944
