var,rel.inf
rough_Elevation,20.23901997301237
rough_Surface.T,15.51246438047025
rough_MAP,11.873320930501277
Elevation,10.994270607315306
rough_CEC,8.530581618347115
MAP,7.229108566008003
PDQ,6.621490243873299
rough_Soil.C,5.509718462048579
Clay,5.05931045291545
CEC,3.417696981026327
rough_Clay,3.1841035119325882
pH,1.8289142725494285
