nt,pseudo_r2,pred_obs_r2,pred_obs_r2_exp
3350,0.11678691723500245,0.7364948885487905,0.7387619920959397
