var,rel.inf
rough_Elevation,19.50885153026954
rough_Surface.T,15.023137324444246
rough_MAP,12.108775740850987
Elevation,10.191675929398626
rough_CEC,8.009486994652036
MAP,7.776712256105891
PDQ,6.842046502562356
rough_Soil.C,5.768738359826954
Clay,5.457860050362038
rough_Clay,3.6888219725606874
CEC,3.3177827534325077
pH,2.3061105855341335
