nt,pseudo_r2,pred_obs_r2,pred_obs_r2_exp
3450,0.1413796165089244,0.7424500528212246,0.7446226607533873
