nt,pseudo_r2,pred_obs_r2,pred_obs_r2_exp
3050,0.1276673657805597,0.7236351498607788,0.7261811222810328
