var,rel.inf
rough_Elevation,19.414630132840312
rough_Surface.T,15.609161138786096
rough_MAP,11.94281133204498
Elevation,10.818687005695615
rough_CEC,8.119333643626389
MAP,7.511031233314756
PDQ,7.153696764148245
rough_Soil.C,5.372425428985777
Clay,5.323692711105744
rough_Clay,3.454348234138703
CEC,3.166832495866741
pH,2.1133498794466363
