var,rel.inf
rough_Elevation,18.1407385554174
rough_Surface.T,13.992441403263769
rough_MAP,11.562456917244106
Elevation,10.360247693453235
MAP,8.220915967982927
rough_CEC,7.938503819616029
PDQ,7.800895930932452
Clay,6.272417669986546
rough_Soil.C,5.4606449096436815
CEC,3.61458927190819
rough_Clay,3.6048574411994947
pH,3.031290419352172
