var,rel.inf
rough_Elevation,20.26394184753005
rough_Surface.T,15.150621943434713
rough_MAP,12.086007954490151
Elevation,10.742509719350508
MAP,8.082088864436757
rough_CEC,8.037427810518171
PDQ,6.324517219015788
rough_Soil.C,5.467381715183342
Clay,5.111097783969438
rough_Clay,3.4137102200567075
CEC,3.1209005248263204
pH,2.199794397188063
