nt,pseudo_r2,pred_obs_r2,pred_obs_r2_exp
3500,0.16524245056723108,0.7420820498052869,0.7441139364073579
