var,rel.inf
rough_Elevation,18.818154123302637
rough_Surface.T,14.758777090997043
rough_MAP,11.868507065628881
Elevation,10.3548881457519
MAP,8.020772214701692
rough_CEC,7.963985533287926
PDQ,7.579369038507979
Clay,5.816686174965414
rough_Soil.C,5.297811899439224
rough_Clay,3.736234518478757
CEC,3.186002797514103
pH,2.598811397424452
