var,rel.inf
rough_Elevation,18.963136261447637
rough_Surface.T,15.053910954791046
rough_MAP,12.098777310668003
Elevation,10.91807653348205
rough_CEC,7.726650648891846
MAP,7.570379731863122
PDQ,7.473383829690094
Clay,5.782345395329431
rough_Soil.C,5.324009677791406
rough_Clay,3.3839343603155148
CEC,3.3572641255688604
pH,2.348131170160985
