var,rel.inf
rough_Elevation,18.536738257446167
rough_Surface.T,14.308102790895477
rough_MAP,11.523378384437947
Elevation,10.697896715461889
MAP,7.780458098984552
rough_CEC,7.737170709764112
PDQ,7.658910964368071
Clay,5.958312593129473
rough_Soil.C,5.8501366680267655
CEC,3.603911138696278
rough_Clay,3.5545786580541794
pH,2.790405020735091
