nt,pseudo_r2,pred_obs_r2,pred_obs_r2_exp
4050,0.1678164087698375,0.7654842918318564,0.7671406469153931
