var,rel.inf
rough_Elevation,18.2348844553565
rough_Surface.T,14.411414633290287
rough_MAP,12.1173882456182
Elevation,10.345450614117958
rough_CEC,7.991378025778937
MAP,7.638807687047171
PDQ,7.353294667137064
Clay,6.083419597287193
rough_Soil.C,5.811518435342568
rough_Clay,3.677998497010153
CEC,3.6329359221617206
pH,2.7015092198522495
