var,rel.inf
rough_Elevation,19.292731008197794
rough_Surface.T,14.709191801681971
rough_MAP,11.497557623284342
Elevation,10.891069610469057
rough_CEC,7.934703175051845
MAP,7.708869737570884
PDQ,7.370222752743746
Clay,5.69970219450611
rough_Soil.C,5.540189007151646
rough_Clay,3.3799741286771328
CEC,3.331527600934126
pH,2.644261359731346
