var,rel.inf
rough_Elevation,20.5113793317358
rough_Surface.T,15.631847014632296
rough_MAP,11.910646833130293
Elevation,10.723084075008146
rough_CEC,8.027739780888021
MAP,7.456039431697275
PDQ,6.5403827361952525
rough_Soil.C,5.818064169827197
Clay,5.16040368812941
rough_Clay,3.2733345893523316
CEC,2.9542996663777235
pH,1.9927786830262604
