nt,pseudo_r2,pred_obs_r2,pred_obs_r2_exp
2650,0.10552414008880162,0.6978465389548625,0.7008933931991487
