var,rel.inf
rough_Elevation,18.74842813473848
rough_Surface.T,14.449201439055622
rough_MAP,11.976940454676841
Elevation,11.176464548044997
MAP,8.11303220564972
rough_CEC,7.4685735850129635
PDQ,7.4670061819010085
Clay,5.931663010480551
rough_Soil.C,5.551604752935865
rough_Clay,3.5677155149516837
CEC,3.187631186295533
pH,2.361738986256729
