var,rel.inf
rough_Elevation,18.627338679828437
rough_Surface.T,14.353574578557613
rough_MAP,11.295752688626122
Elevation,10.68499201239058
rough_CEC,7.95045934101923
MAP,7.937416059046228
PDQ,7.715126765999729
Clay,5.973916505206553
rough_Soil.C,5.695329980654668
CEC,3.619548965457745
rough_Clay,3.516011695061608
pH,2.6305327281514934
