nt,pseudo_r2,pred_obs_r2,pred_obs_r2_exp
3750,0.1747094697455398,0.753047979296467,0.7551761506496568
