nt,pseudo_r2,pred_obs_r2,pred_obs_r2_exp
2950,0.18538199691988255,0.7148392313440064,0.7174634064580594
