var,rel.inf
rough_Elevation,20.19257210418146
rough_Surface.T,14.879242761078558
rough_MAP,11.843211163639776
Elevation,10.815213898307729
rough_CEC,8.091236577779792
MAP,8.012460988814672
PDQ,6.148139523764455
rough_Soil.C,5.585853287021788
Clay,5.19521634400397
CEC,3.548443679844511
rough_Clay,3.2280659121131956
pH,2.460343759450092
