nt,pseudo_r2,pred_obs_r2,pred_obs_r2_exp
3450,0.15152729852962787,0.7405292130466398,0.7427478907156709
