var,rel.inf
rough_Elevation,18.712408578493655
rough_Surface.T,14.848349064060605
rough_MAP,11.875201916943315
Elevation,10.485600115641029
rough_CEC,8.29321397085077
MAP,7.806650864470955
PDQ,7.2749514207479455
Clay,6.02527576226876
rough_Soil.C,5.568381427464277
rough_Clay,3.4284123799974004
CEC,3.267536039962685
pH,2.414018459098615
