var,rel.inf
rough_Elevation,18.641400875710328
rough_Surface.T,14.748490783068616
rough_MAP,11.873479868895242
Elevation,10.310833906141585
MAP,8.280161916412824
rough_CEC,8.242983132530332
PDQ,7.353411726501043
Clay,5.864359708848259
rough_Soil.C,5.403986573949161
rough_Clay,3.4467964754225586
CEC,3.4073150135983465
pH,2.4267800189217157
