var,rel.inf
rough_Elevation,22.659984627307995
rough_Surface.T,15.915074454495114
rough_MAP,12.380708792449097
Elevation,10.853372361693175
rough_CEC,8.308795024205004
MAP,6.7892811333869965
PDQ,6.061293833502422
rough_Soil.C,5.422977694271863
Clay,4.3593150163217995
rough_Clay,2.897152259510745
CEC,2.6622948011508156
pH,1.6897500017049778
