nt,pseudo_r2,pred_obs_r2,pred_obs_r2_exp
3e3,0.14491090700668174,0.7189769600609099,0.7215321219872745
