nt,pseudo_r2,pred_obs_r2,pred_obs_r2_exp
3100,0.0973793259689072,0.7236987299824267,0.7263094358496375
