nt,pseudo_r2,pred_obs_r2,pred_obs_r2_exp
3500,0.1607200689238486,0.7420068073825694,0.7441230500824798
