nt,pseudo_r2,pred_obs_r2,pred_obs_r2_exp
4100,0.1605876290416045,0.7678663550580558,0.7695774004064093
