var,rel.inf
rough_Elevation,20.45990362067209
rough_Surface.T,15.419852209976977
rough_MAP,11.878866192480059
Elevation,10.624155820349301
rough_CEC,8.028989425945081
MAP,7.653277104717783
PDQ,6.66539483649467
rough_Soil.C,5.569766004989757
Clay,4.9638410275411315
rough_Clay,3.2769854937763174
CEC,3.162015469583282
pH,2.2969527934735443
