nt,pseudo_r2,pred_obs_r2,pred_obs_r2_exp
2600,0.09682909580827259,0.6977890914397211,0.7001539894214394
