nt,pseudo_r2,pred_obs_r2,pred_obs_r2_exp
3750,0.14458236023720383,0.7532848183712669,0.7550668426932606
