nt,pseudo_r2,pred_obs_r2,pred_obs_r2_exp
4300,0.19505403349365025,0.7742713611281286,0.7756024651721036
