var,rel.inf
rough_Elevation,19.00730792676659
rough_Surface.T,14.692083365034305
rough_MAP,11.420314530719494
Elevation,10.423091324280053
rough_CEC,8.176969218395906
MAP,7.915798702211833
PDQ,7.659689080137987
Clay,6.031382540883945
rough_Soil.C,5.378208551092683
rough_Clay,3.6441160502320824
CEC,3.1185441948616224
pH,2.532494515383503
