nt,pseudo_r2,pred_obs_r2,pred_obs_r2_exp
2650,0.12394434105189944,0.6993942302309859,0.7021948051263833
