nt,pseudo_r2,pred_obs_r2,pred_obs_r2_exp
2600,0.0969828854435213,0.7008386859051369,0.7037668517508457
