var,rel.inf
rough_Elevation,18.23948114285505
rough_Surface.T,14.205062935140866
rough_MAP,11.741039391553848
Elevation,10.591184578794696
MAP,8.333053905800439
PDQ,7.7023579872309025
rough_CEC,7.481056228674822
Clay,6.066811515931652
rough_Soil.C,5.693309572979399
rough_Clay,3.796453395927978
CEC,3.3444839826302983
pH,2.805705362480046
