nt,pseudo_r2,pred_obs_r2,pred_obs_r2_exp
3200,0.19024480011848854,0.7302680373805964,0.7323445772300389
