nt,pseudo_r2,pred_obs_r2,pred_obs_r2_exp
3100,0.16900888957893978,0.7233150515310578,0.7259338371088677
