nt,pseudo_r2,pred_obs_r2,pred_obs_r2_exp
3050,0.16646803287853096,0.7212658512986639,0.7241537307390264
