nt,pseudo_r2,pred_obs_r2,pred_obs_r2_exp
1950,0.10690798077753749,0.6546924708583668,0.6583141081840616
