var,rel.inf
rough_Elevation,19.74638474000122
rough_Surface.T,15.34371600038331
rough_MAP,11.964351042658011
Elevation,10.243349833416383
MAP,7.775895000437871
rough_CEC,7.707655168497154
PDQ,7.259278772360967
rough_Soil.C,5.577901950900906
Clay,5.089429188967028
rough_Clay,3.648328212723262
CEC,3.1148616335720516
pH,2.52884845608184
