nt,pseudo_r2,pred_obs_r2,pred_obs_r2_exp
3400,0.1568993872438902,0.7384643159308605,0.7404958316481961
