var,rel.inf
rough_Elevation,18.656791643853218
rough_Surface.T,14.105436078880329
rough_MAP,12.183808726115025
Elevation,10.569129583046982
rough_CEC,7.96335652776801
MAP,7.961848450558591
PDQ,7.817087665953611
Clay,6.049184908881803
rough_Soil.C,5.281620684712784
rough_Clay,3.523677618343369
CEC,3.3350449887296105
pH,2.553013123156677
