var,rel.inf
rough_Elevation,19.95151766292873
rough_Surface.T,15.154305267354008
rough_MAP,12.032833961185847
Elevation,11.160480012719331
rough_CEC,8.040616094130081
MAP,7.244935727743222
PDQ,6.870925850355426
rough_Soil.C,5.514546419741112
Clay,5.271114222392711
CEC,3.3308813821128402
rough_Clay,3.009808292086327
pH,2.4180351072503643
