nt,pseudo_r2,pred_obs_r2,pred_obs_r2_exp
4100,0.1697423176497732,0.7667948383760259,0.7684747733386019
