var,rel.inf
rough_Elevation,18.92282274843725
rough_Surface.T,14.902681110987487
rough_MAP,11.865789170040934
Elevation,10.359881075244843
MAP,8.202592800764855
PDQ,7.501645040188945
rough_CEC,7.361590331290413
Clay,5.828302652640073
rough_Soil.C,5.434804928819047
CEC,3.597311283731026
rough_Clay,3.4763143921948547
pH,2.5462644656602738
