nt,pseudo_r2,pred_obs_r2,pred_obs_r2_exp
3100,0.11377723077390745,0.7260132993397342,0.7283357707384294
