var,rel.inf
rough_Elevation,18.989911128859994
rough_Surface.T,15.36631390364021
rough_MAP,11.742816214023602
Elevation,10.557166999392951
rough_CEC,7.975037247742767
MAP,7.826938392406804
PDQ,7.051431606115577
rough_Soil.C,5.589087363104431
Clay,5.583363662164214
rough_Clay,3.578591177005628
CEC,3.3440752728921748
pH,2.395267032651657
