nt,pseudo_r2,pred_obs_r2,pred_obs_r2_exp
2950,0.13167912913613755,0.7182994073127441,0.7207312612401058
