var,rel.inf
rough_Elevation,18.54219365987196
rough_Surface.T,14.336783432796901
rough_MAP,11.90647602759037
Elevation,10.549596465432128
rough_CEC,8.123186468660705
MAP,7.800503265292291
PDQ,7.493655015362104
Clay,5.9201508980923965
rough_Soil.C,5.560404570389691
CEC,3.652568562803256
rough_Clay,3.377510246322017
pH,2.736971387386188
