var,rel.inf
rough_Elevation,18.36965658068211
rough_Surface.T,14.436710788752823
rough_MAP,11.733405498341716
Elevation,10.762549173820352
rough_CEC,8.56923868490067
MAP,7.61647636285884
PDQ,7.146971989080772
Clay,5.791140384566611
rough_Soil.C,5.656917980913339
rough_Clay,3.6823739780021305
CEC,3.672302609386885
pH,2.562255968693756
