nt,pseudo_r2,pred_obs_r2,pred_obs_r2_exp
3500,0.16479195026905702,0.7418707446500273,0.7440133579291216
