var,rel.inf
rough_Elevation,18.289934106031616
rough_Surface.T,14.743273708828447
rough_MAP,11.801017978294357
Elevation,10.798309039481524
MAP,7.834618354508502
rough_CEC,7.671527691210496
PDQ,7.639304473352762
Clay,5.884508910334902
rough_Soil.C,5.507713187770561
CEC,3.6484909071110727
rough_Clay,3.5563050194698578
pH,2.6249966236059015
