nt,pseudo_r2,pred_obs_r2,pred_obs_r2_exp
3350,0.16272762987490996,0.7359125583950367,0.738358052358955
