var,rel.inf
rough_Elevation,18.894675133919932
rough_Surface.T,14.56912257606317
rough_MAP,11.77723061735844
Elevation,10.183134346488611
MAP,8.120756446904684
rough_CEC,7.92398957277231
PDQ,7.629018022449216
Clay,6.054794390527258
rough_Soil.C,5.700873971037069
rough_Clay,3.4037710367699554
CEC,3.2156320584500286
pH,2.5270018272593284
