var,rel.inf
rough_Elevation,23.36266677949636
rough_Surface.T,16.747531655354138
rough_MAP,11.497834271237297
Elevation,11.114987062978512
rough_CEC,8.005003753412938
MAP,7.277974937713692
rough_Soil.C,5.7446328597486715
PDQ,5.08683651362463
Clay,3.9484875927116954
CEC,2.9890176786260554
rough_Clay,2.6584896466248478
pH,1.5665372484711584
