nt,pseudo_r2,pred_obs_r2,pred_obs_r2_exp
1750,0.1206574590663213,0.6459636541827755,0.6497809401779796
