nt,pseudo_r2,pred_obs_r2,pred_obs_r2_exp
3100,0.13331390353321904,0.7225752810838372,0.7253051450851022
