nt,pseudo_r2,pred_obs_r2,pred_obs_r2_exp
3150,0.1036546978348587,0.7285970436818057,0.7310701684805468
