var,rel.inf
rough_Elevation,21.239276571270644
rough_Surface.T,15.678368073391376
rough_MAP,12.180392078485378
Elevation,11.32827967261457
rough_CEC,8.354741738128885
MAP,7.215458793380655
PDQ,6.366629414672989
rough_Soil.C,5.6794940712094
Clay,4.715698281717364
CEC,2.706286185560387
rough_Clay,2.667001956447389
pH,1.86837316312096
