var,rel.inf
rough_Elevation,20.01230362162246
rough_Surface.T,15.106694000255386
rough_MAP,11.720462613175533
Elevation,10.571871819201776
rough_CEC,8.111870514100625
MAP,7.445637061048584
PDQ,7.282801870826638
rough_Soil.C,5.428952065896068
Clay,5.2558612887387035
CEC,3.3224057894183625
rough_Clay,3.287844528978394
pH,2.4532948267374626
