var,rel.inf
rough_Elevation,22.27602920989849
rough_Surface.T,16.427760974324325
rough_MAP,11.703843077758505
Elevation,11.287370326940229
rough_CEC,8.850587489948005
MAP,6.978092477045624
PDQ,5.680849007429422
rough_Soil.C,5.134674605640001
Clay,4.338177969684371
rough_Clay,2.9573192406833724
CEC,2.6854251074393223
pH,1.6798705132083402
