var,rel.inf
rough_Elevation,19.061410268854434
rough_Surface.T,14.893147622433025
rough_MAP,11.463913029686676
Elevation,10.854422336272897
MAP,8.131210924909384
rough_CEC,7.855095115535133
PDQ,7.211363588664048
Clay,5.848910331819619
rough_Soil.C,5.3750506838581815
rough_Clay,3.521703169823552
CEC,3.285970822170846
pH,2.4978021059721973
