var,rel.inf
rough_Elevation,20.767474514908887
rough_Surface.T,15.30660905827599
rough_MAP,11.851247189327763
Elevation,11.080532671336481
rough_CEC,8.224722828425817
MAP,7.559977336095597
PDQ,6.671838780174813
rough_Soil.C,5.574729208069576
Clay,4.787291515372787
rough_Clay,3.2507506954765653
CEC,3.006943465908089
pH,1.9178827366276425
