var,rel.inf
rough_Elevation,19.779799077183636
rough_Surface.T,15.234125177133894
rough_MAP,12.210716882397495
Elevation,11.154775284057255
rough_CEC,7.848693891865002
MAP,7.602039818623713
PDQ,6.6909183756015995
rough_Soil.C,5.41896056509501
Clay,5.221117610411944
CEC,3.3264726328385152
rough_Clay,3.2536985515804324
pH,2.258682133211497
