nt,pseudo_r2,pred_obs_r2,pred_obs_r2_exp
2100,0.10548065351712999,0.665529707324555,0.6694102205832969
