nt,pseudo_r2,pred_obs_r2,pred_obs_r2_exp
4e3,0.15644938108285789,0.7625751006756922,0.7644614144509069
