nt,pseudo_r2,pred_obs_r2,pred_obs_r2_exp
3700,0.11790140269579619,0.7478342836533062,0.7500124082201276
