nt,pseudo_r2,pred_obs_r2,pred_obs_r2_exp
3200,0.11834506042890469,0.7267727009943775,0.7291237345592031
