var,rel.inf
rough_Elevation,18.46455344575037
rough_Surface.T,14.429181974869051
rough_MAP,12.140492110312925
Elevation,10.446238451468087
MAP,8.090563698276991
rough_CEC,7.830278321920728
PDQ,7.545225402888919
Clay,5.920379202352824
rough_Soil.C,5.449260029294006
rough_Clay,3.897621084799958
CEC,3.1922859497668243
pH,2.5939203282993213
