nt,pseudo_r2,pred_obs_r2,pred_obs_r2_exp
3200,0.15644965976661263,0.7289472634568507,0.7313094938215152
