nt,pseudo_r2,pred_obs_r2,pred_obs_r2_exp
2900,0.09274458343695047,0.7156886635226163,0.7181407204198248
