var,rel.inf
rough_Elevation,19.791938995444546
rough_Surface.T,14.739491340827577
rough_MAP,12.024931237405356
Elevation,11.189591728103144
rough_CEC,8.307565273638298
MAP,7.364153480302306
PDQ,6.8490878115438365
rough_Soil.C,5.492914535528174
Clay,5.415900526477046
CEC,3.7059926690058944
rough_Clay,3.0365109308794764
pH,2.08192147084434
