nt,pseudo_r2,pred_obs_r2,pred_obs_r2_exp
3150,0.11362589742465601,0.7259870926174704,0.7284375207163869
