var,rel.inf
rough_Elevation,19.233465274817387
rough_Surface.T,14.920863770224228
rough_MAP,11.922845207094237
Elevation,10.571288499903412
rough_CEC,8.09571357010133
MAP,7.609698990746686
PDQ,7.4015534969041115
Clay,5.815903442548783
rough_Soil.C,5.712894541573311
CEC,3.3033158674413055
rough_Clay,3.1667385220695228
pH,2.2457188165756863
