nt,pseudo_r2,pred_obs_r2,pred_obs_r2_exp
3500,0.18581380511506151,0.7425824483581168,0.744773657044341
