nt,pseudo_r2,pred_obs_r2,pred_obs_r2_exp
3100,0.1365292440824335,0.7247411767262326,0.7268769194999657
