nt,pseudo_r2,pred_obs_r2,pred_obs_r2_exp
2750,0.1404878219347513,0.7045525531263173,0.707829087652178
