nt,pseudo_r2,pred_obs_r2,pred_obs_r2_exp
1800,0.0997539369792092,0.640365624553962,0.6441515256038282
