var,rel.inf
rough_Elevation,21.126347903867988
rough_Surface.T,16.12386024713539
rough_MAP,11.846667982151184
Elevation,11.145669475691497
rough_CEC,8.433802386809118
MAP,7.2977786404722185
PDQ,6.196407572610218
rough_Soil.C,5.314942862913982
Clay,4.61299766318689
rough_Clay,3.032610810709847
CEC,2.982445934745994
pH,1.8864685197056728
