var,rel.inf
rough_Elevation,20.170174119517633
rough_Surface.T,15.035885798900592
rough_MAP,12.23429519993162
Elevation,10.691617268332482
rough_CEC,8.240084577696582
MAP,7.580039654221531
PDQ,6.858340717098489
rough_Soil.C,5.328423651765092
Clay,5.235204145944947
rough_Clay,3.40803458165145
CEC,3.0274595466791494
pH,2.190440738260427
