var,rel.inf
rough_Elevation,20.763558602518472
rough_Surface.T,15.453706305243113
rough_MAP,11.830625652251548
Elevation,10.448504469678609
rough_CEC,8.165274727426755
MAP,7.5827557232785
PDQ,6.9603143034769435
rough_Soil.C,5.538641462683246
Clay,4.808185928112596
CEC,3.1408320138880055
rough_Clay,3.1086472234635756
pH,2.1989535879786306
