nt,pseudo_r2,pred_obs_r2,pred_obs_r2_exp
3600,0.1703886399803558,0.746521533261802,0.748560876071193
