nt,pseudo_r2,pred_obs_r2,pred_obs_r2_exp
3800,0.09886908673254091,0.7554355535871954,0.7574442388973328
