var,rel.inf
rough_Elevation,18.386485000280974
rough_Surface.T,14.053690536242577
rough_MAP,12.17120132229599
Elevation,10.582563550303796
rough_CEC,8.162037302867951
MAP,7.952974235374935
PDQ,7.405237481017502
Clay,5.799590213958515
rough_Soil.C,5.580670070502151
rough_Clay,3.789897800365725
CEC,3.429452509529692
pH,2.6861999772601903
