var,rel.inf
rough_Elevation,19.75508894716232
rough_Surface.T,15.609954294499314
rough_MAP,12.239731428576532
Elevation,10.40207682589001
MAP,8.058039466894805
rough_CEC,7.884548299994953
PDQ,7.295174431963029
Clay,5.4118637856601755
rough_Soil.C,4.968025911835588
rough_Clay,3.215160310311652
CEC,3.0408396151678234
pH,2.1194966820437964
