nt,pseudo_r2,pred_obs_r2,pred_obs_r2_exp
3550,0.1994553172993616,0.7415351345600194,0.7441290571191941
