var,rel.inf
rough_Elevation,19.221590204400698
rough_Surface.T,14.675925187377134
rough_MAP,12.158293101036891
Elevation,10.271298128767533
MAP,7.685245732591005
rough_CEC,7.54908747080472
PDQ,7.538749831878034
Clay,5.827351680505557
rough_Soil.C,5.762131899651076
CEC,3.4269532672991985
rough_Clay,3.373562787479906
pH,2.5098107082082497
