var,rel.inf
rough_Elevation,19.31090877218874
rough_Surface.T,14.754304889418396
rough_MAP,11.658563266528922
Elevation,10.24796586140414
rough_CEC,8.14908061578269
MAP,7.599586652268486
PDQ,7.420149308432538
Clay,5.887531184759912
rough_Soil.C,5.357964670070127
rough_Clay,3.5495279563374047
CEC,3.4247318412720107
pH,2.6396849815366368
