nt,pseudo_r2,pred_obs_r2,pred_obs_r2_exp
3600,0.1904970526411902,0.7478823890976434,0.7499520718810211
