var,rel.inf
rough_Elevation,19.924374063450042
rough_Surface.T,14.95698723100772
rough_MAP,11.910656238345169
Elevation,10.523007507288394
rough_CEC,8.172124285117194
MAP,8.057020186681019
PDQ,6.974682510401886
rough_Soil.C,5.439888229078298
Clay,5.393993548113659
CEC,3.323369710678847
rough_Clay,3.1909693020450165
pH,2.1329271877927596
