var,rel.inf
rough_Elevation,20.71835009448033
rough_Surface.T,15.67504505572113
rough_MAP,12.071740446658179
Elevation,10.598944690133843
rough_CEC,8.277681546852843
MAP,7.452193754023821
PDQ,6.22921367396044
rough_Soil.C,5.42768686956256
Clay,5.2009453211259515
CEC,3.429926104944551
rough_Clay,2.9600607515195794
pH,1.9582116910167797
