var,rel.inf
rough_Elevation,23.56267517872941
rough_Surface.T,16.91082906552027
rough_MAP,11.744355584163317
Elevation,11.37493365667179
rough_CEC,7.847809929486855
MAP,7.149736468742544
rough_Soil.C,5.524258229806734
PDQ,4.944180749360657
Clay,3.8422627811395995
rough_Clay,2.8947853500829366
CEC,2.582007504524298
pH,1.6221655017715755
