nt,pseudo_r2,pred_obs_r2,pred_obs_r2_exp
3e3,0.16052307237554175,0.7210170292260629,0.7238313559495324
