nt,pseudo_r2,pred_obs_r2,pred_obs_r2_exp
2750,0.10980769364711684,0.7062132114897504,0.7091704162864034
