var,rel.inf
rough_Elevation,18.57871538042883
rough_Surface.T,14.603100531665373
rough_MAP,11.95510392320696
Elevation,10.189650442381197
MAP,8.194469740845214
PDQ,7.833716081821719
rough_CEC,7.600862668702564
rough_Soil.C,5.618018887399747
Clay,5.593598278189412
rough_Clay,3.7874305223679707
CEC,3.527119535210769
pH,2.5182140077802417
