nt,pseudo_r2,pred_obs_r2,pred_obs_r2_exp
1900,0.07721898773667346,0.6477088429456679,0.6518834482339229
