var,rel.inf
rough_Elevation,20.372119442621624
rough_Surface.T,15.25591028799161
rough_MAP,11.986604859308153
Elevation,10.846484268773091
rough_CEC,8.181248669504033
MAP,7.706998959505971
PDQ,6.7232332158220975
rough_Soil.C,5.433676868753919
Clay,4.978928210330727
rough_Clay,3.1093925251245507
CEC,3.090645769457466
pH,2.3147569228067546
