var,rel.inf
rough_Elevation,20.91365951203075
rough_Surface.T,15.405656801718658
rough_MAP,11.834075624324147
Elevation,10.548471845673586
rough_CEC,8.462573453679692
MAP,7.112399883303201
PDQ,6.547546010267043
rough_Soil.C,5.816439935985873
Clay,4.935004840307577
CEC,3.2669952051352387
rough_Clay,2.980898914881231
pH,2.176277972692997
