nt,pseudo_r2,pred_obs_r2,pred_obs_r2_exp
3550,0.1691647571612257,0.7431741131173576,0.7454083005862931
