var,rel.inf
rough_Elevation,20.629808891925034
rough_Surface.T,15.321921672012655
rough_MAP,11.960686522732814
Elevation,11.472891279351217
rough_CEC,8.291218184080195
MAP,7.492439336106174
PDQ,6.399340019074957
rough_Soil.C,5.332319570632664
Clay,4.971275636420301
rough_Clay,3.3813643661466246
CEC,2.829710519656722
pH,1.9170240018606395
