var,rel.inf
rough_Elevation,19.036177501134684
rough_Surface.T,14.768200208874674
rough_MAP,11.829877165450535
Elevation,10.810038466024746
rough_CEC,7.793744782080083
MAP,7.724027672486717
PDQ,7.649228172507826
Clay,5.6883522959838535
rough_Soil.C,5.2839916878793725
rough_Clay,3.510029994849514
CEC,3.422451043935728
pH,2.4838810087922627
