nt,pseudo_r2,pred_obs_r2,pred_obs_r2_exp
2850,0.18314120551848712,0.709872441150313,0.7124687718527565
