nt,pseudo_r2,pred_obs_r2,pred_obs_r2_exp
2750,0.13709342197133645,0.7058476612421096,0.7088783972853995
