nt,pseudo_r2,pred_obs_r2,pred_obs_r2_exp
3350,0.13055634356382573,0.7354438409938724,0.7377590207594523
