var,rel.inf
rough_Elevation,18.172324650939103
rough_Surface.T,14.378864875623307
rough_MAP,12.1156794653958
Elevation,10.57143638216727
MAP,8.130671731219532
rough_CEC,7.840220968254586
PDQ,7.463162496453433
Clay,6.1092160009480585
rough_Soil.C,5.5526741226415535
rough_Clay,3.7357520727987192
CEC,3.3161417126559085
pH,2.61385552090273
