var,rel.inf
rough_Elevation,18.732225223039958
rough_Surface.T,14.585139667943023
rough_MAP,11.39097184924154
Elevation,10.257879518778703
rough_CEC,8.092112252691408
MAP,7.684658853267623
PDQ,7.626249063292431
Clay,6.019506511248181
rough_Soil.C,5.620350871329166
rough_Clay,3.7176294107072607
CEC,3.6894019831865608
pH,2.583874795274146
