nt,pseudo_r2,pred_obs_r2,pred_obs_r2_exp
4350,0.1950898343338281,0.7758782378714129,0.7774483882359221
