var,rel.inf
rough_Elevation,19.00166118968727
rough_Surface.T,14.535608669480167
rough_MAP,11.943667969186894
Elevation,10.70782974898244
rough_CEC,7.875268669678115
MAP,7.739582911007765
PDQ,7.503966781830477
Clay,5.880386943746172
rough_Soil.C,5.334453134000306
rough_Clay,3.506303232676892
CEC,3.4774758219055815
pH,2.493794927817922
