var,rel.inf
rough_Elevation,19.10716443544582
rough_Surface.T,14.752095999395994
rough_MAP,12.032944705893721
Elevation,10.781399686467706
rough_CEC,7.913744919499772
MAP,7.694893623127562
PDQ,7.3561854152735515
Clay,5.6285113504316655
rough_Soil.C,5.384043761526057
rough_Clay,3.474460661169023
CEC,3.313364842093804
pH,2.5611905996753266
