var,rel.inf
rough_Elevation,18.5660840402274
rough_Surface.T,14.565918706815689
rough_MAP,12.00821079343326
Elevation,10.44433807418093
rough_CEC,7.919461440865133
MAP,7.7733574482331775
PDQ,7.649400030653471
Clay,5.920833015279871
rough_Soil.C,5.36063876300238
rough_Clay,3.6844859284281646
CEC,3.4011591104971917
pH,2.706112648383338
