nt,pseudo_r2,pred_obs_r2,pred_obs_r2_exp
3050,0.1193499834174584,0.7218575812294877,0.7243686041012873
