nt,pseudo_r2,pred_obs_r2,pred_obs_r2_exp
3350,0.15637076233642933,0.734180220495518,0.7368563142204749
