var,rel.inf
rough_Elevation,23.362032087630677
rough_Surface.T,16.164194112342233
rough_MAP,11.972573060620807
Elevation,11.391939037724333
rough_CEC,8.33038585487258
MAP,6.64633114910978
rough_Soil.C,5.729308003959562
PDQ,5.003196304127909
Clay,4.406137018143296
CEC,2.805419324362727
rough_Clay,2.7018187958241353
pH,1.486665251281968
