var,rel.inf
rough_Elevation,18.586906920592998
rough_Surface.T,14.696758371988873
rough_MAP,11.723646072910373
Elevation,10.383328333139122
rough_CEC,7.949783247602627
MAP,7.652222140388672
PDQ,7.616984943011907
Clay,5.960518930073429
rough_Soil.C,5.626906960371856
rough_Clay,3.676092305487321
CEC,3.5451443064146844
pH,2.5817074680181262
