nt,pseudo_r2,pred_obs_r2,pred_obs_r2_exp
1600,0.10739596811407048,0.6310349944160649,0.6350964590805707
