var,rel.inf
rough_Elevation,19.938594185903156
rough_Surface.T,14.927154029716357
rough_MAP,12.108943347456997
Elevation,10.576346033180268
rough_CEC,8.225703993529795
MAP,7.62579052110622
PDQ,6.7020236491212035
Clay,5.556095903819521
rough_Soil.C,5.391480190568999
rough_Clay,3.60283798170826
CEC,3.1147046675495718
pH,2.230325496339657
