var,rel.inf
rough_Elevation,20.719503823115048
rough_Surface.T,15.263767871909831
rough_MAP,12.031338604295527
Elevation,10.676253416153411
rough_CEC,8.70627570115515
MAP,7.179681487660125
PDQ,6.481891867430252
rough_Soil.C,5.6104343157668035
Clay,5.073202649427187
rough_Clay,3.1308223403080384
CEC,3.090926782535902
pH,2.035901140242729
