var,rel.inf
rough_Elevation,20.14742763223783
rough_Surface.T,15.315248448603622
rough_MAP,11.847480985234759
Elevation,10.896414337926469
rough_CEC,8.090807364420323
MAP,7.754133734480422
PDQ,6.716986578849748
rough_Soil.C,5.535547075812615
Clay,5.112309380829402
rough_Clay,3.315583170599307
CEC,3.2082536188778046
pH,2.0598076721276946
