nt,pseudo_r2,pred_obs_r2,pred_obs_r2_exp
2900,0.15867595210760266,0.7152200387507488,0.7178622528672475
