var,rel.inf
rough_Elevation,19.0266001685642
rough_Surface.T,15.018182980821269
rough_MAP,12.212818915060469
Elevation,10.245340151023244
rough_CEC,7.957135058723106
MAP,7.753641655903118
PDQ,7.29786219246194
Clay,5.543061819195917
rough_Soil.C,5.473189649366883
rough_Clay,3.6133746069193946
CEC,3.544229201050984
pH,2.3145636009094708
