var,rel.inf
rough_Elevation,19.125950661428035
rough_Surface.T,14.830115428828968
rough_MAP,12.143560819855958
Elevation,10.756698352755718
rough_CEC,8.285849543946364
MAP,7.823502736709045
PDQ,7.089283675941904
Clay,5.433403659672604
rough_Soil.C,5.099431307191172
rough_Clay,3.627258849293398
CEC,3.1530801894386076
pH,2.631864774938231
