nt,pseudo_r2,pred_obs_r2,pred_obs_r2_exp
3800,0.1151790775433369,0.7564473754181287,0.758383911871201
