var,rel.inf
rough_Elevation,18.913032534072233
rough_Surface.T,14.852358564869613
rough_MAP,11.708737474162469
Elevation,10.573457763233078
rough_CEC,7.979134717278522
MAP,7.727101918173977
PDQ,7.444070784918818
Clay,5.760423112354049
rough_Soil.C,5.480888577201374
rough_Clay,3.523766163743203
CEC,3.508349440390319
pH,2.528678949602343
