nt,pseudo_r2,pred_obs_r2,pred_obs_r2_exp
3900,0.15682566716369417,0.7598408704258625,0.7617208583501887
