nt,pseudo_r2,pred_obs_r2,pred_obs_r2_exp
3500,0.1564331162569974,0.7418978931356905,0.7440378912828586
