nt,pseudo_r2,pred_obs_r2,pred_obs_r2_exp
3700,0.1560821609244707,0.7489054690336224,0.751107890145069
