var,rel.inf
rough_Elevation,21.70333251315152
rough_Surface.T,16.474304383805087
rough_MAP,12.102837668921525
Elevation,10.448913761220673
rough_CEC,8.197461282413649
MAP,7.25685798304782
PDQ,6.230062703508112
rough_Soil.C,5.608649793420547
Clay,4.538712620188327
rough_Clay,2.9116681015139187
CEC,2.704945384686036
pH,1.822253804122793
