var,rel.inf
rough_Elevation,19.523435345766664
rough_Surface.T,15.104627031481538
rough_MAP,12.024083502999098
Elevation,10.631450198491295
rough_CEC,7.87597816878765
MAP,7.844081410626492
PDQ,6.990804362663774
rough_Soil.C,5.458644335019336
Clay,5.3939507847032475
CEC,3.572366535311935
rough_Clay,3.1541184615502327
pH,2.426459862598742
