nt,pseudo_r2,pred_obs_r2,pred_obs_r2_exp
3700,0.18533101460722623,0.7515734003157638,0.7535856026696209
