nt,pseudo_r2,pred_obs_r2,pred_obs_r2_exp
3650,0.1939009247173804,0.7482792625165834,0.7502957108217431
