var,rel.inf
rough_Elevation,20.670830154780695
rough_Surface.T,15.768843256067374
rough_MAP,12.020975256868862
Elevation,11.03547629316734
rough_CEC,8.120908981737877
MAP,7.3850702636877195
PDQ,6.421259263270514
rough_Soil.C,5.775624781455419
Clay,5.021122702789096
CEC,3.012660925992445
rough_Clay,2.851583128030534
pH,1.9156449921521315
