var,rel.inf
rough_Elevation,18.809106550297177
rough_Surface.T,14.92774826295299
rough_MAP,11.945622902965267
Elevation,10.432399087104725
MAP,8.02001420522646
rough_CEC,7.871022399301863
PDQ,7.334726978243879
Clay,5.813212072449407
rough_Soil.C,5.345135765434603
rough_Clay,3.581262860872104
CEC,3.3526736654364417
pH,2.567075249715088
