var,rel.inf
rough_Elevation,19.037468617221155
rough_Surface.T,14.79697646743716
rough_MAP,12.009136104071127
Elevation,10.618212513019936
rough_CEC,7.802621495585827
MAP,7.764809837122724
PDQ,7.37628981099093
rough_Soil.C,5.6380595004837115
Clay,5.522690452356808
rough_Clay,3.342184164067859
CEC,3.2827034673069555
pH,2.808847570335803
