nt,pseudo_r2,pred_obs_r2,pred_obs_r2_exp
3850,0.14656754423128504,0.7573649348046939,0.759092095638639
