var,rel.inf
rough_Elevation,19.974080624201488
rough_Surface.T,15.165371436040443
rough_MAP,11.540530614481414
Elevation,10.81231093959396
rough_CEC,7.981688022034926
MAP,7.926847925097218
PDQ,6.797940553326048
Clay,5.694193976149096
rough_Soil.C,5.6518540478561885
CEC,3.245692285903231
rough_Clay,3.0269691406038692
pH,2.1825204347121216
