nt,pseudo_r2,pred_obs_r2,pred_obs_r2_exp
2850,0.15546189030367275,0.7100076654957942,0.713119671777141
