var,rel.inf
rough_Elevation,21.1769686555178
rough_Surface.T,15.645912372581886
rough_MAP,12.19057703984711
Elevation,10.613871373807495
rough_CEC,7.948569453128559
MAP,7.793690871805938
PDQ,6.3599030203418385
rough_Soil.C,5.512004276253456
Clay,4.756507264553567
rough_Clay,3.0420835417662655
CEC,2.842500764166127
pH,2.117411366229958
