nt,pseudo_r2,pred_obs_r2,pred_obs_r2_exp
3450,0.1496136054833236,0.739241593479934,0.7415740660047435
