var,rel.inf
rough_Elevation,18.853501700327392
rough_Surface.T,14.749183029022852
rough_MAP,12.008632527486549
Elevation,10.255396281517232
MAP,7.896046348678409
rough_CEC,7.8734001551167685
PDQ,7.218139779766998
Clay,5.782987851850401
rough_Soil.C,5.5567552817761134
CEC,3.5804625125718323
rough_Clay,3.459014745625299
pH,2.766479786260156
