var,rel.inf
rough_Elevation,20.752742254891018
rough_Surface.T,16.4949599281073
rough_MAP,12.453587665468438
Elevation,10.860362337110315
rough_CEC,8.117420062081376
MAP,6.8698132956896725
PDQ,6.561141385665556
rough_Soil.C,5.272766680481704
Clay,4.577312638393021
CEC,3.318327209126449
rough_Clay,2.896662978239588
pH,1.8249035647455718
