var,rel.inf
rough_Elevation,20.52060477480683
rough_Surface.T,15.636479901596083
rough_MAP,12.203726068775675
Elevation,11.049732904988526
rough_CEC,7.962464744469264
MAP,7.527194803518889
PDQ,6.193164873584415
rough_Soil.C,5.502111710565446
Clay,4.99273686461845
CEC,3.0844429435297798
rough_Clay,3.0788800588547858
pH,2.24846035069185
