var,rel.inf
rough_Elevation,19.47400549170552
rough_Surface.T,15.080726120930665
rough_MAP,11.883997670560039
Elevation,10.419070892269007
rough_CEC,8.07256509393529
MAP,7.563652460417959
PDQ,7.21446908819944
rough_Soil.C,5.5520800200460885
Clay,5.5413818381499205
CEC,3.4292867213205995
rough_Clay,3.3192657186380123
pH,2.4494988838274576
