nt,pseudo_r2,pred_obs_r2,pred_obs_r2_exp
3650,0.15919325903740578,0.7489170880313049,0.7513799183284886
