var,rel.inf
rough_Elevation,19.070543627870165
rough_Surface.T,15.207700130159289
rough_MAP,11.938409423863718
Elevation,10.711044259401055
rough_CEC,7.751081312958888
MAP,7.629251877994447
PDQ,7.1416619902537395
Clay,5.651307839512081
rough_Soil.C,5.49896849837351
rough_Clay,3.5617404123072274
CEC,3.5090767503086338
pH,2.3292138769972413
