var,rel.inf
rough_Elevation,20.000272680174213
rough_Surface.T,15.762858633022887
rough_MAP,11.994953036884324
Elevation,10.607150884483431
rough_CEC,8.088768151787752
MAP,7.55559033401547
PDQ,7.152242326647746
Clay,5.142774131983923
rough_Soil.C,4.960101913065264
CEC,3.234113520090899
rough_Clay,3.1189758187700996
pH,2.382198569073995
