nt,pseudo_r2,pred_obs_r2,pred_obs_r2_exp
2950,0.10298360874751378,0.7154872302703196,0.7179785093827632
