var,rel.inf
rough_Elevation,18.587254112584198
rough_Surface.T,14.72681835095669
rough_MAP,11.688847401711442
Elevation,10.48969831203115
MAP,8.393466406365693
rough_CEC,7.785923363053703
PDQ,7.682837405777644
Clay,5.990277832702109
rough_Soil.C,5.362711282295459
rough_Clay,3.6289818764729893
CEC,3.2645798612559216
pH,2.3986037947929963
