var,rel.inf
rough_Elevation,19.37084132858456
rough_Surface.T,14.797523813457842
rough_MAP,11.425494265587021
Elevation,10.732221481926143
rough_CEC,7.703864788097938
MAP,7.700355337715864
PDQ,7.613616300507354
rough_Soil.C,5.836246523742029
Clay,5.662241227842659
CEC,3.4103573600016683
rough_Clay,3.3451649333168265
pH,2.402072639220093
