var,rel.inf
rough_Elevation,18.212751286670002
rough_Surface.T,14.903810780541273
rough_MAP,11.63543310922549
Elevation,10.18204546001865
rough_CEC,8.065026939575539
MAP,7.841897082842435
PDQ,7.571238772038958
Clay,5.921803206455891
rough_Soil.C,5.832837787082917
CEC,3.575680509059059
rough_Clay,3.5670782989359737
pH,2.6903967675538136
