var,rel.inf
rough_Elevation,20.032008750337113
rough_Surface.T,15.591255571722286
rough_MAP,11.879998182621762
Elevation,10.799357222112695
rough_CEC,7.918314598791555
MAP,7.798324017835464
PDQ,7.048055473498915
rough_Soil.C,5.491485476064637
Clay,4.971676720679565
rough_Clay,3.152716384523457
CEC,3.055380292269694
pH,2.261427309542859
