var,rel.inf
rough_Elevation,19.626372265632163
rough_Surface.T,14.470317660114434
rough_MAP,12.117587807243364
Elevation,10.63954125366817
rough_CEC,8.307987265144178
MAP,7.972003199646661
PDQ,7.240728415346273
Clay,5.51323708697777
rough_Soil.C,5.412181547931624
rough_Clay,3.3581343000565598
CEC,3.207109783013995
pH,2.134799415224802
