nt,pseudo_r2,pred_obs_r2,pred_obs_r2_exp
3050,0.13600917001830637,0.7202491548416516,0.7225986784557017
