var,rel.inf
rough_Elevation,23.32545198813217
rough_Surface.T,16.70852139363573
rough_MAP,11.4363673873058
Elevation,11.403054000834505
rough_CEC,9.054273904455638
MAP,7.289117928080994
rough_Soil.C,5.304429217754845
PDQ,5.215681159224385
Clay,3.9464870529170897
CEC,2.610091238385928
rough_Clay,2.412772657143049
pH,1.2937520721298783
