nt,pseudo_r2,pred_obs_r2,pred_obs_r2_exp
2400,0.07824558814477911,0.6858384950810972,0.6892048538133749
