nt,pseudo_r2,pred_obs_r2,pred_obs_r2_exp
3400,0.1661782646372757,0.7376890762167402,0.7397027325033871
