nt,pseudo_r2,pred_obs_r2,pred_obs_r2_exp
4e3,0.15593992213407482,0.7614331147054175,0.7633201563323982
