var,rel.inf
rough_Elevation,19.62180083132975
rough_Surface.T,15.316045248235366
rough_MAP,11.763823162923574
Elevation,10.909498460381462
rough_CEC,8.258620911581637
MAP,7.709363760890109
PDQ,6.972553515821511
rough_Soil.C,5.6345395561328235
Clay,5.208964693834568
rough_Clay,3.359341144696085
CEC,3.220667703723499
pH,2.0247810104496167
