var,rel.inf
rough_Elevation,18.98655561634657
rough_Surface.T,14.972767549831886
rough_MAP,11.924168976144957
Elevation,10.600431565385051
MAP,8.117489618724049
rough_CEC,7.841872116658651
PDQ,7.592971199727645
Clay,5.6147888055992405
rough_Soil.C,5.381709630994268
CEC,3.3698340568807907
rough_Clay,3.227089760305019
pH,2.3703211034018703
