nt,pseudo_r2,pred_obs_r2,pred_obs_r2_exp
2750,0.14448285497644853,0.7047827526512049,0.7074080304681348
