nt,pseudo_r2,pred_obs_r2,pred_obs_r2_exp
2550,0.1104044684975104,0.6980838332946346,0.7005080497258532
