nt,pseudo_r2,pred_obs_r2,pred_obs_r2_exp
2850,0.15222990103458267,0.7124587701626706,0.7154186499367925
