var,rel.inf
rough_Elevation,19.745960007454258
rough_Surface.T,15.945675132585789
rough_MAP,11.816892483728196
Elevation,10.687821500248905
rough_CEC,7.943025223680719
MAP,7.388004802504507
PDQ,7.0342945794439595
rough_Soil.C,5.643509327096301
Clay,4.962794204569577
CEC,3.4243851539622887
rough_Clay,3.162899044750059
pH,2.244738539975449
