var,rel.inf
rough_Elevation,20.110549553507163
rough_Surface.T,15.584936922376766
rough_MAP,11.410797518824124
Elevation,11.019972080303244
rough_CEC,7.908950886303469
MAP,7.588489545653544
PDQ,6.928637846497888
rough_Soil.C,5.602996201021213
Clay,5.468580630698742
rough_Clay,3.235847434791801
CEC,3.058469691262138
pH,2.0817716887599036
