nt,pseudo_r2,pred_obs_r2,pred_obs_r2_exp
3350,0.09154641038698308,0.7353090870226732,0.7374357394491424
