nt,pseudo_r2,pred_obs_r2,pred_obs_r2_exp
2800,0.13788558019804287,0.7109289635773276,0.7134288429096488
