nt,pseudo_r2,pred_obs_r2,pred_obs_r2_exp
2600,0.13372523276781434,0.6990471078372814,0.7020311331804889
