nt,pseudo_r2,pred_obs_r2,pred_obs_r2_exp
3e3,0.12462987379533608,0.7181574274837274,0.7208279979823223
