nt,pseudo_r2,pred_obs_r2,pred_obs_r2_exp
3800,0.15344277491899216,0.7541810033076013,0.7561482701457545
