var,rel.inf
rough_Elevation,20.56287113065966
rough_Surface.T,15.673730333884453
rough_MAP,12.149853816093099
Elevation,10.93379231177495
rough_CEC,7.951277659949799
MAP,7.491462090332709
PDQ,6.435071434244273
rough_Soil.C,5.455880634359495
Clay,5.147642647327304
CEC,3.1843619709036024
rough_Clay,3.0222953771833585
pH,1.991760593287297
