var,rel.inf
rough_Elevation,19.274014585254598
rough_Surface.T,15.020234750912307
rough_MAP,11.808447877446431
Elevation,10.395874327579886
rough_CEC,8.099058839225895
MAP,7.936239871375711
PDQ,7.288020106854073
Clay,5.669344077930146
rough_Soil.C,5.13484460104115
CEC,3.66996328390455
rough_Clay,3.3262107363494002
pH,2.3777469421258637
