var,rel.inf
rough_Elevation,19.970605680282894
rough_Surface.T,14.92916894142761
rough_MAP,12.10580428443343
Elevation,10.361427790513288
rough_CEC,7.97321852967949
MAP,7.812959493641513
PDQ,7.0907478446465975
rough_Soil.C,5.506365304432904
Clay,5.271828337653904
rough_Clay,3.4356392085374594
CEC,3.251824150885522
pH,2.2904104338653823
