nt,pseudo_r2,pred_obs_r2,pred_obs_r2_exp
3350,0.16080097885804012,0.7365925623455183,0.7388989925712669
