var,rel.inf
rough_Elevation,20.135580693155305
rough_Surface.T,15.240092898122203
rough_MAP,11.810937479113024
Elevation,10.789112867417135
rough_CEC,7.90390880561809
MAP,7.845519548858449
PDQ,6.7796202496049
rough_Soil.C,5.40008860861337
Clay,5.042125161317995
CEC,3.413540431255999
rough_Clay,3.230802126947186
pH,2.4086711299763404
