var,rel.inf
rough_Elevation,20.932572705417073
rough_Surface.T,15.488531148975353
rough_MAP,12.04277941271426
Elevation,11.221030506562986
rough_CEC,8.626793951791651
MAP,6.9876049031564165
PDQ,6.234408951321738
rough_Soil.C,5.177114314939981
Clay,4.9197564050861
rough_Clay,3.299557818419269
CEC,3.1493586585399824
pH,1.9204912230751896
