nt,pseudo_r2,pred_obs_r2,pred_obs_r2_exp
3150,0.18107309855384845,0.7254803286992842,0.7282238528391486
