var,rel.inf
rough_Elevation,18.888110570267628
rough_Surface.T,14.834732758293885
rough_MAP,12.178563096216267
Elevation,10.338989895433933
rough_CEC,7.844924833052351
MAP,7.739816874333314
PDQ,7.274884583881027
Clay,5.75830082375579
rough_Soil.C,5.570204793252071
rough_Clay,3.5368848481404065
CEC,3.391513135647586
pH,2.6430737877257418
