var,rel.inf
rough_Elevation,18.438064080691635
rough_Surface.T,14.188364114808863
rough_MAP,11.872564670481054
Elevation,10.91921166204304
MAP,7.979346974853625
rough_CEC,7.9472162354102744
PDQ,7.475238421209731
Clay,5.866070841788277
rough_Soil.C,5.30598862930867
CEC,3.6806804346037727
rough_Clay,3.64089703415096
pH,2.686356900650101
