nt,pseudo_r2,pred_obs_r2,pred_obs_r2_exp
3150,0.10088492244016345,0.7262074922940329,0.728627214799171
