nt,pseudo_r2,pred_obs_r2,pred_obs_r2_exp
2500,0.12527918098171786,0.6895948743347055,0.6927932879716485
