nt,pseudo_r2,pred_obs_r2,pred_obs_r2_exp
3400,0.13366522566611883,0.7398515531823854,0.7419851954554092
