var,rel.inf
rough_Elevation,19.0426669558743
rough_Surface.T,15.121758103826453
rough_MAP,12.125562940240894
Elevation,10.288114506109448
rough_CEC,7.606922151197987
MAP,7.509168572822489
PDQ,7.161273299437205
Clay,5.695916990252536
rough_Soil.C,5.601579773264427
rough_Clay,3.766377804932647
CEC,3.542808077465717
pH,2.5378508245759037
