var,rel.inf
rough_Elevation,19.912759955825496
rough_Surface.T,15.224678843441891
rough_MAP,11.820691749246475
Elevation,10.407884352381938
rough_CEC,8.580950972784374
MAP,7.7528758021683295
PDQ,6.700103717369566
rough_Soil.C,5.415364106466695
Clay,5.275930478191487
CEC,3.266958343487439
rough_Clay,3.2559620129265014
pH,2.3858396657098
