nt,pseudo_r2,pred_obs_r2,pred_obs_r2_exp
2650,0.11341479267820453,0.6997927199277059,0.7030081921250222
