var,rel.inf
rough_Elevation,20.450610871456316
rough_Surface.T,15.688125142231621
rough_MAP,11.97210943536818
Elevation,10.35867624959661
rough_CEC,8.09797872543239
MAP,7.365883177276952
PDQ,6.591822242852684
rough_Soil.C,5.45005087919969
Clay,5.199120552017067
CEC,3.5082857533041585
rough_Clay,3.164226495468513
pH,2.1531104757958217
