var,rel.inf
rough_Elevation,19.58701488785094
rough_Surface.T,15.438672593773838
rough_MAP,11.92034029330611
Elevation,10.622005492688418
rough_CEC,7.965777215805401
MAP,7.807334763241483
PDQ,6.945963038098093
rough_Soil.C,5.575139907752316
Clay,5.326498355970894
rough_Clay,3.526730699347595
CEC,3.1979403678872558
pH,2.0865823842776527
