nt,pseudo_r2,pred_obs_r2,pred_obs_r2_exp
2500,0.10754384664807493,0.6938169894581291,0.6969156194549773
