var,rel.inf
rough_Elevation,18.48647020682094
rough_Surface.T,14.544610524557886
rough_MAP,11.938061373680451
Elevation,10.590175546037345
rough_CEC,8.049469584592668
PDQ,7.596315444519672
MAP,7.573893103527195
Clay,5.847139932476137
rough_Soil.C,5.446601849169354
rough_Clay,3.519192195357594
CEC,3.501306708096032
pH,2.906763531164732
