nt,pseudo_r2,pred_obs_r2,pred_obs_r2_exp
3300,0.1678777617271462,0.7301664512586249,0.7326507243617469
