nt,pseudo_r2,pred_obs_r2,pred_obs_r2_exp
2900,0.1317597661186627,0.7142292802639669,0.7170190819020772
