var,rel.inf
rough_Elevation,18.68276796658857
rough_Surface.T,14.34813496737555
rough_MAP,11.744665734294179
Elevation,10.815220529019495
rough_CEC,7.859033287706264
MAP,7.839780242899651
PDQ,7.6357965771776
Clay,5.837002599116309
rough_Soil.C,5.619260808507233
CEC,3.6897116724065464
rough_Clay,3.486460639116912
pH,2.4421649757916915
