var,rel.inf
rough_Elevation,20.830717754724652
rough_Surface.T,15.900078751169538
rough_MAP,11.993195815023281
Elevation,10.894014196958326
rough_CEC,8.130171018643011
MAP,7.390670534327857
PDQ,6.468998874469785
rough_Soil.C,5.456361042371122
Clay,4.822828200396653
CEC,3.3107238481142454
rough_Clay,2.936170549446293
pH,1.866069414355242
