var,rel.inf
rough_Elevation,19.325840504636382
rough_Surface.T,14.861216852349937
rough_MAP,12.096432814323316
Elevation,10.519728273839995
MAP,7.824292692192894
rough_CEC,7.763674216962653
PDQ,7.2543515547528825
rough_Soil.C,5.608191752222371
Clay,5.511700930814381
CEC,3.5425910726120446
rough_Clay,3.278469229531733
pH,2.4135101057614103
