nt,pseudo_r2,pred_obs_r2,pred_obs_r2_exp
3e3,0.1047522359319839,0.7189507832592099,0.7214996483575286
