var,rel.inf
rough_Elevation,19.462219732955404
rough_Surface.T,14.772198268675064
rough_MAP,11.963706901236582
Elevation,10.83317201234421
rough_CEC,8.45030039259691
MAP,7.708268828530012
PDQ,6.901670997201132
rough_Soil.C,5.939255112621824
Clay,5.381846943653161
rough_Clay,3.2039739490790207
CEC,2.963926525842147
pH,2.419460335264542
