nt,pseudo_r2,pred_obs_r2,pred_obs_r2_exp
2500,0.13417757768185334,0.6907071894576912,0.693618835304918
