var,rel.inf
rough_Elevation,18.92768979257569
rough_Surface.T,14.843329629546359
rough_MAP,11.771951801754435
Elevation,10.435310940167584
MAP,8.274478711738716
rough_CEC,7.591111695323278
PDQ,7.522279954396879
Clay,5.854461754779037
rough_Soil.C,5.281309868313302
rough_Clay,3.7277141241540392
CEC,3.2408518181226826
pH,2.529509909127998
