nt,pseudo_r2,pred_obs_r2,pred_obs_r2_exp
3150,0.13111523658385116,0.726149731632203,0.7283432161565035
