var,rel.inf
rough_Elevation,22.4599051690386
rough_Surface.T,15.895636728735852
rough_MAP,12.196090616037889
Elevation,10.964386062279765
rough_CEC,8.184388646329646
MAP,7.158803864005485
PDQ,5.934485508917935
rough_Soil.C,5.605434434444222
Clay,4.278839768657054
CEC,2.8974215541052506
rough_Clay,2.884051250400402
pH,1.5405563970478966
