nt,pseudo_r2,pred_obs_r2,pred_obs_r2_exp
2700,0.13708490500224357,0.7021929306807376,0.7052826709383493
