var,rel.inf
rough_Elevation,20.260834680245484
rough_Surface.T,15.465905779368178
rough_MAP,11.674944943573376
Elevation,10.776471123706132
rough_CEC,8.132382027501034
MAP,7.499602376418044
PDQ,6.693433804998775
rough_Soil.C,5.662675300321165
Clay,5.014473810689152
CEC,3.4622643603419516
rough_Clay,3.106430978349289
pH,2.250580814487419
