nt,pseudo_r2,pred_obs_r2,pred_obs_r2_exp
2850,0.16323457175364786,0.7131510085290189,0.7157679690214522
