var,rel.inf
rough_Elevation,18.199436920451753
rough_Surface.T,14.36240780972876
rough_MAP,12.071839970049986
Elevation,10.322167490717208
rough_CEC,8.097260477264541
MAP,8.020833242294378
PDQ,7.392039236160792
Clay,5.9513318504855155
rough_Soil.C,5.699833577715253
CEC,3.685397567718319
rough_Clay,3.5851652151915188
pH,2.612286642221973
