var,rel.inf
rough_Elevation,18.191933192206598
rough_Surface.T,14.610501864900879
rough_MAP,12.083560868196324
Elevation,10.613690354099568
MAP,8.039777749834919
rough_CEC,8.00340081528928
PDQ,7.496088902100846
Clay,6.003909413954742
rough_Soil.C,5.393293632574165
rough_Clay,3.683547904477087
CEC,3.5331164711410876
pH,2.3471788312245003
