var,rel.inf
rough_Elevation,18.3062137375239
rough_Surface.T,14.402596687104715
rough_MAP,11.98354186790401
Elevation,10.618232559671704
MAP,7.954456100952617
rough_CEC,7.8253414264342736
PDQ,7.683608288138803
Clay,5.9869763771771005
rough_Soil.C,5.421411312585024
rough_Clay,3.8006025699173787
CEC,3.5248037558769094
pH,2.492215316713558
