nt,pseudo_r2,pred_obs_r2,pred_obs_r2_exp
3550,0.12369917084771109,0.746327501390373,0.7482526176992228
