var,rel.inf
rough_Elevation,18.9379976821625
rough_Surface.T,14.793066932143294
rough_MAP,12.228586719813258
Elevation,10.925945286490714
MAP,8.050917766544728
PDQ,7.697902469219042
rough_CEC,7.679606239088735
Clay,5.695416779426384
rough_Soil.C,5.192907163512451
rough_Clay,3.1986925391624044
CEC,3.1795559100777675
pH,2.419404512358723
