var,rel.inf
rough_Elevation,19.748235595385076
rough_Surface.T,15.41277568289573
rough_MAP,11.827778290090025
Elevation,10.621578978478144
rough_CEC,8.202057382580866
MAP,7.817772082786449
PDQ,6.588147907523633
Clay,5.64079591998073
rough_Soil.C,5.312552891692196
rough_Clay,3.5472620862249515
CEC,3.041248614271916
pH,2.239794568090274
