var,rel.inf
rough_Elevation,21.398035139796935
rough_Surface.T,16.203035894519356
rough_MAP,12.189694068860627
Elevation,10.87221586574554
rough_CEC,7.739827346744324
MAP,7.040641308453998
PDQ,6.586658507049735
rough_Soil.C,5.441473830513537
Clay,4.7058197009803004
CEC,3.0599194738806794
rough_Clay,3.0449794639726413
pH,1.717699399482319
