nt,pseudo_r2,pred_obs_r2,pred_obs_r2_exp
3800,0.15028876742417585,0.7571295749639558,0.7589673667494469
