var,rel.inf
rough_Elevation,19.086633118246723
rough_Surface.T,14.347705467481159
rough_MAP,12.46843649619284
Elevation,10.430039272658117
rough_CEC,8.101089029448318
MAP,7.706502317128519
PDQ,7.1402117639313225
Clay,5.711636227004163
rough_Soil.C,5.329260943709994
rough_Clay,3.8266664513860937
CEC,3.3131303283709315
pH,2.538688584441811
