nt,pseudo_r2,pred_obs_r2,pred_obs_r2_exp
3e3,0.10468366015075137,0.7188989294457748,0.7213448470486381
