nt,pseudo_r2,pred_obs_r2,pred_obs_r2_exp
2950,0.14424243444457274,0.7159933402228359,0.7185506826183273
