var,rel.inf
rough_Elevation,18.53131300999762
rough_Surface.T,14.60490788376565
rough_MAP,11.416799236005005
Elevation,10.798664030759094
MAP,8.262059546362458
rough_CEC,7.632878688692514
PDQ,7.576124395550032
Clay,5.8808891862464945
rough_Soil.C,5.6031861140578485
CEC,3.5862625763286458
rough_Clay,3.548865692606885
pH,2.5580496396277574
