nt,pseudo_r2,pred_obs_r2,pred_obs_r2_exp
2250,0.13436955151474628,0.6766055890534123,0.6801967668224768
