var,rel.inf
rough_Elevation,18.467010709260496
rough_Surface.T,14.44614396532633
rough_MAP,11.762044997210271
Elevation,10.360997471596908
MAP,8.448971397213283
rough_CEC,8.079217323698124
PDQ,7.523758939514164
Clay,5.730262799567525
rough_Soil.C,5.375235129220102
rough_Clay,3.805849012448502
CEC,3.4834066866729083
pH,2.5171015682713813
