nt,pseudo_r2,pred_obs_r2,pred_obs_r2_exp
3550,0.16473787827432818,0.7448973109629244,0.7468322874087211
