var,rel.inf
rough_Elevation,19.29109447917028
rough_Surface.T,14.95244345705924
rough_MAP,11.591889788578163
Elevation,10.826029453879807
rough_CEC,8.119117150176773
MAP,7.817488236070608
PDQ,6.993793799383169
rough_Soil.C,5.4985386918815955
Clay,5.491116575617021
rough_Clay,3.504315589797719
CEC,3.354161573332193
pH,2.5600112050534247
