nt,pseudo_r2,pred_obs_r2,pred_obs_r2_exp
2600,0.14740044917986972,0.6960687388263996,0.6989097743890939
