var,rel.inf
rough_Elevation,19.832955654031664
rough_Surface.T,15.090010365267643
rough_MAP,11.788450826841615
Elevation,10.848838249699275
rough_CEC,7.851675813200861
MAP,7.363634695648193
PDQ,7.02632431298625
rough_Soil.C,5.879200992082048
Clay,5.40611108108126
rough_Clay,3.4001606688739736
CEC,3.33757510377297
pH,2.175062236514246
