nt,pseudo_r2,pred_obs_r2,pred_obs_r2_exp
2150,0.12894342333879627,0.6706393078471096,0.6739403083075816
