nt,pseudo_r2,pred_obs_r2,pred_obs_r2_exp
2900,0.1469525521424474,0.7145963707100917,0.7173965460562716
