nt,pseudo_r2,pred_obs_r2,pred_obs_r2_exp
4200,0.12444486773146157,0.7720806321032617,0.7738476946373584
