var,rel.inf
rough_Elevation,19.02059085591139
rough_Surface.T,14.878698996912004
rough_MAP,11.60614801608036
Elevation,10.68013219993864
rough_CEC,8.03243475527625
MAP,7.678144461445964
PDQ,7.26164840666278
Clay,5.7355171712395485
rough_Soil.C,5.470541236264747
rough_Clay,3.6615858798453167
CEC,3.6178079367300784
pH,2.3567500836929245
