var,rel.inf
rough_Elevation,18.873691346760854
rough_Surface.T,14.9626892447594
rough_MAP,11.629007523009342
Elevation,10.083656559631956
MAP,8.316019767437952
rough_CEC,7.771756159375528
PDQ,7.45386333575486
Clay,5.732271796056394
rough_Soil.C,5.433262436803544
rough_Clay,3.6987532898470605
CEC,3.4480115542705745
pH,2.597016986292534
