nt,pseudo_r2,pred_obs_r2,pred_obs_r2_exp
4050,0.1714430123713151,0.7643722639626424,0.7660174773294258
