var,rel.inf
rough_Elevation,20.186013597899315
rough_Surface.T,15.459604409008795
rough_MAP,12.100586889424322
Elevation,10.517699265377452
rough_CEC,8.47321393018217
MAP,7.5250530269915
PDQ,6.710622901085191
rough_Soil.C,5.6969725706087155
Clay,5.016434708617765
rough_Clay,3.1570513178237176
CEC,3.020223860527122
pH,2.1365235224539396
