nt,pseudo_r2,pred_obs_r2,pred_obs_r2_exp
2850,0.13922891818292993,0.7129810502301542,0.7156021683816768
