var,rel.inf
rough_Elevation,19.602116215971332
rough_Surface.T,15.56907309249809
rough_MAP,11.650127844877039
Elevation,10.68764243949838
rough_CEC,8.220493937013607
MAP,7.546467616439049
PDQ,6.989368830151887
rough_Soil.C,5.461597934427846
Clay,5.315328984093301
rough_Clay,3.367861258273145
CEC,3.3246862146651095
pH,2.26523563209121
