nt,pseudo_r2,pred_obs_r2,pred_obs_r2_exp
3500,0.13301705060073643,0.7415405219263721,0.7438493410665871
