var,rel.inf
rough_Elevation,19.160331978462676
rough_Surface.T,15.16343934889523
rough_MAP,11.548518810742125
Elevation,10.411144589083893
rough_CEC,8.308191252691433
MAP,7.582227568150907
PDQ,7.462543547500776
Clay,5.633096730586257
rough_Soil.C,5.414432059828736
rough_Clay,3.4639144552135206
CEC,3.3323330722096367
pH,2.5198265866347995
