var,rel.inf
rough_Elevation,19.34797138454196
rough_Surface.T,15.091359344187289
rough_MAP,11.72965998252545
Elevation,10.660676969613597
MAP,8.004186923317684
rough_CEC,7.9176471149441
PDQ,7.1413108332604756
Clay,5.6484132576486346
rough_Soil.C,5.281770717915532
CEC,3.603508681668404
rough_Clay,3.3469441373534843
pH,2.226550653023386
