var,rel.inf
rough_Elevation,19.93662320363312
rough_Surface.T,15.164384182068728
rough_MAP,11.873927467474694
Elevation,10.883701895171324
rough_CEC,8.031358203890985
MAP,7.444421488529183
PDQ,6.689097676228257
Clay,5.597832434961153
rough_Soil.C,5.429550538904281
CEC,3.3930964081968935
rough_Clay,3.1122761873299427
pH,2.4437303136114337
