nt,pseudo_r2,pred_obs_r2,pred_obs_r2_exp
3500,0.12838392224743167,0.7432747652415598,0.7451665915189448
