nt,pseudo_r2,pred_obs_r2,pred_obs_r2_exp
2700,0.12032306934988113,0.7041597912222376,0.7072294556181606
