nt,pseudo_r2,pred_obs_r2,pred_obs_r2_exp
2650,0.10040476916171726,0.6997278527200843,0.7026854410071601
