nt,pseudo_r2,pred_obs_r2,pred_obs_r2_exp
3e3,0.1588343455990755,0.719413643464462,0.721764388357238
