var,rel.inf
rough_Elevation,22.11832224345427
rough_Surface.T,16.064621497348323
rough_MAP,11.697408471338585
Elevation,10.765818569161825
rough_CEC,8.458696545757052
MAP,7.59762447728549
PDQ,6.115759601727396
rough_Soil.C,5.374697707941597
Clay,4.066486458623992
CEC,3.0748962600560352
rough_Clay,2.8285731510248175
pH,1.837095016280624
