var,rel.inf
rough_Elevation,18.725251273652244
rough_Surface.T,15.169694036938568
rough_MAP,11.814350160835339
Elevation,10.607103978769734
MAP,7.89110040975126
rough_CEC,7.492760937405595
PDQ,7.265890426949578
Clay,5.924988939322402
rough_Soil.C,5.4777570673942675
rough_Clay,3.8184555296681917
CEC,3.455070559402441
pH,2.357576679910388
