nt,pseudo_r2,pred_obs_r2,pred_obs_r2_exp
3650,0.1947426429914464,0.7477182148621809,0.7495779663461862
