var,rel.inf
rough_Elevation,18.605922740172684
rough_Surface.T,15.145363209470197
rough_MAP,11.500504439044319
Elevation,10.373958096966975
rough_CEC,7.9980772619014475
MAP,7.814050355419344
PDQ,7.4078370244408385
Clay,5.935262964843519
rough_Soil.C,5.706475954402408
rough_Clay,3.5148768214240063
CEC,3.3776456342414565
pH,2.6200254976728137
