nt,pseudo_r2,pred_obs_r2,pred_obs_r2_exp
3150,0.1227264742345896,0.7268702263250332,0.7295486327854845
