nt,pseudo_r2,pred_obs_r2,pred_obs_r2_exp
3500,0.147954850108166,0.7411721926873296,0.7433707045634806
