var,rel.inf
rough_Elevation,20.830096742958606
rough_Surface.T,15.773631396417583
rough_MAP,12.27684337754468
Elevation,11.054725814954322
rough_CEC,7.9071568893970925
MAP,7.550473176056419
PDQ,6.1789963556007494
rough_Soil.C,5.486069865155442
Clay,5.013605814111862
rough_Clay,3.051725573906884
CEC,2.9072154658703804
pH,1.9694595280259741
