nt,pseudo_r2,pred_obs_r2,pred_obs_r2_exp
3300,0.16745802925744824,0.7337973758284013,0.7361664338799323
