var,rel.inf
rough_Elevation,19.828947791605092
rough_Surface.T,15.944834665905736
rough_MAP,11.848120463646435
Elevation,10.803132860121588
MAP,7.775144190462241
rough_CEC,7.660597744260107
PDQ,7.16089800051788
rough_Soil.C,5.4064793333552235
Clay,5.140898383228852
rough_Clay,3.2793624640526753
CEC,3.105568107997769
pH,2.0460159948464054
