nt,pseudo_r2,pred_obs_r2,pred_obs_r2_exp
3e3,0.20371362002559423,0.7179425429501521,0.7205970499711511
