nt,pseudo_r2,pred_obs_r2,pred_obs_r2_exp
2550,0.13545259584024183,0.6938422216928921,0.6971277177801506
