var,rel.inf
rough_Elevation,17.654448650023046
rough_Surface.T,14.128651784089165
rough_MAP,11.774380818073062
Elevation,10.545427356941667
MAP,7.941145076943102
rough_CEC,7.91963949686094
PDQ,7.81944709073831
Clay,6.3237637229933545
rough_Soil.C,5.318332127371661
CEC,3.8542633408583797
rough_Clay,3.7565409023419147
pH,2.9639596327653943
