nt,pseudo_r2,pred_obs_r2,pred_obs_r2_exp
3350,0.14779452653080505,0.7341105961976853,0.7364234191958097
