nt,pseudo_r2,pred_obs_r2,pred_obs_r2_exp
2950,0.08426476575032771,0.7206865287824152,0.7229845664988269
