nt,pseudo_r2,pred_obs_r2,pred_obs_r2_exp
3550,0.14919785755956605,0.7443218528122506,0.7463685888286364
