var,rel.inf
rough_Elevation,20.626596055913318
rough_Surface.T,15.936723418398829
rough_MAP,11.698283730053307
Elevation,10.579397763562351
rough_CEC,8.289500455269021
MAP,7.263096032277706
PDQ,6.499657956676474
rough_Soil.C,5.516697769018819
Clay,4.890808933994184
CEC,3.4037858439679507
rough_Clay,3.2481971066792106
pH,2.047254934188834
