var,rel.inf
rough_Elevation,19.72255709435499
rough_Surface.T,15.216362528687625
rough_MAP,12.16990292584536
Elevation,10.279475593237484
rough_CEC,8.36230373723471
MAP,7.655346145978516
PDQ,7.2651863917069
rough_Soil.C,5.4038918713316475
Clay,5.074032112391931
rough_Clay,3.4997517423327023
CEC,3.06558902359279
pH,2.285600833305353
