nt,pseudo_r2,pred_obs_r2,pred_obs_r2_exp
3750,0.178816995026007,0.7513507003794115,0.753466167863354
