nt,pseudo_r2,pred_obs_r2,pred_obs_r2_exp
4350,0.1609449436460666,0.7759742927825434,0.7774341643318652
