var,rel.inf
rough_Elevation,20.57236576958742
rough_Surface.T,15.748725177877159
rough_MAP,11.730393063942124
Elevation,10.64079997857276
rough_CEC,8.089771887539479
MAP,7.684120254347678
PDQ,6.769878929932889
rough_Soil.C,5.6661866429568555
Clay,4.963698367553956
rough_Clay,3.1499799600516396
CEC,3.101510034997047
pH,1.8825699326409921
