nt,pseudo_r2,pred_obs_r2,pred_obs_r2_exp
3100,0.1107583652309595,0.7269706375111575,0.7294556220268983
