nt,pseudo_r2,pred_obs_r2,pred_obs_r2_exp
2750,0.13456882517497137,0.7052509485598344,0.7080506382472878
