nt,pseudo_r2,pred_obs_r2,pred_obs_r2_exp
3050,0.12381592486718251,0.7202277404103345,0.7226077747563329
