var,rel.inf
rough_Elevation,19.09262584063879
rough_Surface.T,14.480754016500187
rough_MAP,11.803926752161681
Elevation,10.92991217376406
rough_CEC,7.988588068692935
MAP,7.58713402338025
PDQ,7.248533331448039
Clay,6.029831602655379
rough_Soil.C,5.335311431040985
rough_Clay,3.3865455598787095
CEC,3.3864541829237744
pH,2.73038301691521
