nt,pseudo_r2,pred_obs_r2,pred_obs_r2_exp
2450,0.13359140966786776,0.6906758249342357,0.6940277309034052
