nt,pseudo_r2,pred_obs_r2,pred_obs_r2_exp
3050,0.1897113313591574,0.7209233718895107,0.7233763040825105
