var,rel.inf
rough_Elevation,19.194849959378594
rough_Surface.T,14.389763976613969
rough_MAP,11.275431920805172
Elevation,10.55970836487851
rough_CEC,8.26694379155245
MAP,7.889103722169676
PDQ,7.5123274627448655
Clay,6.079640682221872
rough_Soil.C,5.742732237783883
rough_Clay,3.602866452331574
CEC,3.389441232450057
pH,2.0971901970693825
