nt,pseudo_r2,pred_obs_r2,pred_obs_r2_exp
3650,0.18216400033247493,0.7487135706664313,0.7505478945428071
