nt,pseudo_r2,pred_obs_r2,pred_obs_r2_exp
3450,0.1302757948667861,0.7395368235743883,0.7416864967805201
