nt,pseudo_r2,pred_obs_r2,pred_obs_r2_exp
3550,0.08788738746026559,0.7434342332451893,0.74588001660935
