nt,pseudo_r2,pred_obs_r2,pred_obs_r2_exp
2900,0.11906113752562075,0.7151825693568792,0.7175234976481437
