var,rel.inf
rough_Elevation,19.4008859035347
rough_Surface.T,14.844372024122745
rough_MAP,11.849904196056874
Elevation,10.530759847346244
rough_CEC,8.16731573505059
MAP,7.5626432920627105
PDQ,7.305251318229658
rough_Soil.C,5.724693146315383
Clay,5.449497676127105
CEC,3.5381249534207178
rough_Clay,3.221603178420221
pH,2.4049487293130483
