nt,pseudo_r2,pred_obs_r2,pred_obs_r2_exp
3300,0.15936861585399775,0.737176425164033,0.739095305713134
