var,rel.inf
rough_Elevation,17.82385876369207
rough_Surface.T,13.901452051391322
rough_MAP,11.909734982902759
Elevation,10.123828708743703
rough_CEC,8.202039935651445
MAP,8.0111771409825
PDQ,7.656314017849738
Clay,6.081487136426084
rough_Soil.C,5.6433008162382485
rough_Clay,3.966324341579505
CEC,3.652965341651764
pH,3.027516762890865
