var,rel.inf
rough_Elevation,18.74519386077172
rough_Surface.T,14.52432592323418
rough_MAP,11.84950464675484
Elevation,10.638508404065512
MAP,8.152377722647975
rough_CEC,7.842593513377136
PDQ,7.4414364835927325
Clay,5.641115387901639
rough_Soil.C,5.5747008681093115
rough_Clay,3.6838219141898656
CEC,3.295559510450793
pH,2.6108617649043016
