var,rel.inf
rough_Elevation,18.778605947365342
rough_Surface.T,14.641076278309411
rough_MAP,11.834522480691076
Elevation,10.403363763234722
MAP,7.967211503001116
rough_CEC,7.83723405347869
PDQ,7.47801656895865
Clay,6.157626288181545
rough_Soil.C,5.579004826216962
rough_Clay,3.4760080070481494
CEC,3.205226344686935
pH,2.6421039388274004
