var,rel.inf
rough_Elevation,19.12967066717587
rough_Surface.T,14.887063009087282
rough_MAP,12.394896099914318
Elevation,10.456025553658188
MAP,7.813876292812574
rough_CEC,7.752014856087785
PDQ,7.5921866944056164
Clay,5.592739445802998
rough_Soil.C,5.148057126825648
rough_Clay,3.5415679848816985
CEC,3.2927798317703374
pH,2.3991224375776867
