nt,pseudo_r2,pred_obs_r2,pred_obs_r2_exp
3700,0.1578611286504975,0.7516794383301174,0.7540076514910171
