nt,pseudo_r2,pred_obs_r2,pred_obs_r2_exp
3500,0.1802781622442733,0.7442884641434074,0.7465230946678661
