var,rel.inf
rough_Elevation,18.60578175177524
rough_Surface.T,15.009297430655037
rough_MAP,12.007096195519201
Elevation,10.343363316712892
rough_CEC,7.966659321090125
MAP,7.4861577279754075
PDQ,7.280033401863773
Clay,5.961383327164815
rough_Soil.C,5.40536704814713
rough_Clay,3.9049549401064145
CEC,3.617880736978167
pH,2.412024802011798
