nt,pseudo_r2,pred_obs_r2,pred_obs_r2_exp
4650,0.19636216085702118,0.7862026764023992,0.7874324884707734
