var,rel.inf
rough_Elevation,18.59629262153753
rough_Surface.T,14.638024075070796
rough_MAP,12.07004712323125
Elevation,10.780207085284461
rough_CEC,7.977789672296396
MAP,7.547295585205464
PDQ,7.47840890164281
Clay,5.834660816669385
rough_Soil.C,5.3781183310682295
rough_Clay,3.5723533629298965
CEC,3.522767875149849
pH,2.604034549913939
