var,rel.inf
rough_Elevation,18.31311816580678
rough_Surface.T,14.037845376662148
rough_MAP,11.607659958153627
Elevation,10.646075989662775
MAP,7.852003249763399
rough_CEC,7.806148088021003
PDQ,7.7914260469149355
Clay,6.365976910428297
rough_Soil.C,5.67352534704203
CEC,3.714618389681929
rough_Clay,3.6241920048469685
pH,2.5674104730161122
