var,rel.inf
rough_Elevation,19.513969534829545
rough_Surface.T,15.169914973070107
rough_MAP,11.435988739179106
Elevation,10.352029853897303
MAP,8.001323205528855
rough_CEC,7.632503268834536
PDQ,7.538910029466962
Clay,5.545403194482137
rough_Soil.C,5.453870720886878
CEC,3.5373641872083597
rough_Clay,3.499947249564496
pH,2.318775043051707
