nt,pseudo_r2,pred_obs_r2,pred_obs_r2_exp
3150,0.18288205673542457,0.7265421018566405,0.7289978344341606
