nt,pseudo_r2,pred_obs_r2,pred_obs_r2_exp
3350,0.15100491705747632,0.7366039194127284,0.7388974139449936
