nt,pseudo_r2,pred_obs_r2,pred_obs_r2_exp
3100,0.13850802272555862,0.7238771900822556,0.7263821897970603
