var,rel.inf
rough_Elevation,21.434111209861797
rough_Surface.T,15.812179646289483
rough_MAP,12.113052380552373
Elevation,11.045155858619257
rough_CEC,8.272339388486715
MAP,7.706087140885047
PDQ,6.403926926718427
rough_Soil.C,5.094391959878261
Clay,4.485513313810825
rough_Clay,3.11545909756865
CEC,2.812400750774858
pH,1.7053823265543029
