nt,pseudo_r2,pred_obs_r2,pred_obs_r2_exp
4100,0.1515083438114042,0.766684902662265,0.7686812146837121
