nt,pseudo_r2,pred_obs_r2,pred_obs_r2_exp
3100,0.15999618989143094,0.7250693609904828,0.7279231758027565
