nt,pseudo_r2,pred_obs_r2,pred_obs_r2_exp
3e3,0.17568366364652666,0.717314898693567,0.7197725552865005
