var,rel.inf
rough_Elevation,19.409908082989368
rough_Surface.T,15.170147625988537
rough_MAP,12.184172011784892
Elevation,10.589896128635814
rough_CEC,8.372388231360267
MAP,7.67401229276695
PDQ,6.80793533560669
Clay,5.379940305205945
rough_Soil.C,5.242169140537123
rough_Clay,3.413008786111511
CEC,3.372158752334104
pH,2.384263306678799
