var,rel.inf
rough_Elevation,21.09783655112157
rough_Surface.T,15.468836837820582
rough_MAP,12.028254140961048
Elevation,11.122280687704729
rough_CEC,8.423435162928762
MAP,7.200550830573949
PDQ,6.387478732304818
rough_Soil.C,5.340987002605443
Clay,4.741339566422942
CEC,3.0746792625096617
rough_Clay,3.044794340294289
pH,2.0695268847521975
