var,rel.inf
rough_Elevation,18.14337831727666
rough_Surface.T,14.238792948130149
rough_MAP,11.944043053293644
Elevation,10.267233400976826
MAP,7.866171153897356
rough_CEC,7.81993666348699
PDQ,7.701552326211126
Clay,6.272117358745263
rough_Soil.C,5.733088377354113
rough_Clay,3.8254244682995666
CEC,3.404637345290578
pH,2.783624587037724
