nt,pseudo_r2,pred_obs_r2,pred_obs_r2_exp
4450,0.20160407665647073,0.7795610687728215,0.7813001342456832
