nt,pseudo_r2,pred_obs_r2,pred_obs_r2_exp
3850,0.1647646837268083,0.7573348359433046,0.7590556625966052
