nt,pseudo_r2,pred_obs_r2,pred_obs_r2_exp
3900,0.22235361017133948,0.7608665411395431,0.7624892373038836
