var,rel.inf
rough_Elevation,18.120406290370102
rough_Surface.T,14.101027511460567
rough_MAP,11.572265418826795
Elevation,10.380857227043029
MAP,8.480252800459592
rough_CEC,7.861016823377524
PDQ,7.691952476942915
Clay,6.052942863247299
rough_Soil.C,5.602655895457999
rough_Clay,3.749982851127729
CEC,3.656233631889961
pH,2.7304062097964867
