var,rel.inf
rough_Elevation,19.047832948465196
rough_Surface.T,14.757878550087149
rough_MAP,11.825682958686219
Elevation,11.08227289120094
rough_CEC,7.979267520466635
MAP,7.504836679056915
PDQ,7.224755726511121
Clay,5.852575976950503
rough_Soil.C,5.548161573796252
rough_Clay,3.4362259890841638
CEC,3.295325488725425
pH,2.4451836969694867
