nt,pseudo_r2,pred_obs_r2,pred_obs_r2_exp
3500,0.15871894354085525,0.7420847325403185,0.7443361051420823
