nt,pseudo_r2,pred_obs_r2,pred_obs_r2_exp
3150,0.160096352974319,0.727178702877587,0.7295518748116953
