nt,pseudo_r2,pred_obs_r2,pred_obs_r2_exp
3e3,0.13895871795685888,0.7189148555720272,0.7217195009249299
