var,rel.inf
rough_Elevation,18.80874577693756
rough_Surface.T,14.527044238075336
rough_MAP,11.944504348940338
Elevation,10.792008932860464
MAP,7.7992302842313475
rough_CEC,7.757174738955383
PDQ,7.416968956536027
Clay,5.990490337274669
rough_Soil.C,5.455283189019267
rough_Clay,3.560126896609152
CEC,3.524193194852362
pH,2.424229105708102
