var,rel.inf
rough_Elevation,18.94532039636527
rough_Surface.T,14.926054296042485
rough_MAP,11.908172036944896
Elevation,11.015221693368646
rough_CEC,7.727430532207137
MAP,7.650378391902655
PDQ,7.268498558369542
Clay,5.625911299720218
rough_Soil.C,5.496909471653467
CEC,3.5274948165045
rough_Clay,3.501906381596696
pH,2.4067021253244887
