var,rel.inf
rough_Elevation,23.84708443517741
rough_Surface.T,16.71514568873446
rough_MAP,11.762232755654614
Elevation,11.679482306994036
rough_CEC,8.121558350486007
MAP,6.869682384253212
PDQ,5.569507865398005
rough_Soil.C,5.303897526640885
Clay,3.9636386538705213
CEC,2.719625726691116
rough_Clay,2.1513706648297948
pH,1.296773641269945
