var,rel.inf
rough_Elevation,17.607472113830813
rough_Surface.T,14.392572050125255
rough_MAP,11.735840718323196
Elevation,10.529392372989237
MAP,8.111603538944742
rough_CEC,7.812340977384188
PDQ,7.807526783634702
Clay,5.985057851853526
rough_Soil.C,5.612355982663221
rough_Clay,3.749874360024674
CEC,3.5232422334858313
pH,3.1327210167406205
