var,rel.inf
rough_Elevation,19.77319964917648
rough_Surface.T,15.757438878409884
rough_MAP,11.880738233640692
Elevation,10.969444358749772
rough_CEC,7.938810516251274
MAP,7.419821592012055
PDQ,6.824036817750047
rough_Soil.C,5.373000464362874
Clay,5.249601919457151
CEC,3.2726037912113966
rough_Clay,3.219846689757485
pH,2.321457089220888
