var,rel.inf
rough_Elevation,19.426729446904226
rough_Surface.T,15.536994441410409
rough_MAP,11.926772189011391
Elevation,10.14946421360848
MAP,8.10800850813295
rough_CEC,7.886689276255265
PDQ,7.189414092218147
rough_Soil.C,5.4238285017059535
Clay,5.40101020889137
rough_Clay,3.5832327304847675
CEC,3.2113046570980712
pH,2.1565517342789664
