var,rel.inf
rough_Elevation,20.08868423222697
rough_Surface.T,15.616464808445803
rough_MAP,11.390887215415898
Elevation,10.479028918433393
rough_CEC,8.374781008833722
MAP,7.874291408278455
PDQ,6.753309573452134
rough_Soil.C,5.560030897820646
Clay,5.489357121209603
rough_Clay,3.304923256941836
CEC,3.141635457049287
pH,1.92660610189225
