var,rel.inf
rough_Elevation,18.46881343863557
rough_Surface.T,14.589877479316812
rough_MAP,11.8694782909337
Elevation,10.582460978872966
MAP,8.028109286115335
rough_CEC,7.834356571976051
PDQ,7.538606275125016
Clay,5.667355259138994
rough_Soil.C,5.4411413324494555
rough_Clay,3.808861609642863
CEC,3.5198917620481303
pH,2.6510477157451056
