nt,pseudo_r2,pred_obs_r2,pred_obs_r2_exp
2600,0.11872263197641297,0.6963257287457638,0.6994883990427692
