var,rel.inf
rough_Elevation,20.494227571785892
rough_Surface.T,15.433347358801791
rough_MAP,11.978947664884693
Elevation,10.531815093698892
rough_CEC,7.97465813740539
MAP,7.876721449241017
PDQ,6.840680855716317
rough_Soil.C,5.395756131049871
Clay,4.857862135407858
CEC,3.195367100240703
rough_Clay,3.1757548575970027
pH,2.2448616441705815
