var,rel.inf
rough_Elevation,19.404023610112073
rough_Surface.T,14.928727034980957
rough_MAP,12.17013269036304
Elevation,10.833543165985203
rough_CEC,7.927136302896182
MAP,7.68938215664255
PDQ,7.116184004865657
rough_Soil.C,5.291102040979055
Clay,5.28030548891903
CEC,3.6452282492173698
rough_Clay,3.325955795933377
pH,2.388279459105509
