nt,pseudo_r2,pred_obs_r2,pred_obs_r2_exp
3850,0.1590731351432465,0.7559508313431412,0.7577380904719274
