nt,pseudo_r2,pred_obs_r2,pred_obs_r2_exp
2800,0.10238271682422118,0.7088998466251898,0.7117592352365018
