nt,pseudo_r2,pred_obs_r2,pred_obs_r2_exp
2650,0.11275078831329488,0.69788823842557135,0.7008743674553987
