var,rel.inf
rough_Elevation,21.73901957145521
rough_Surface.T,15.811912229630428
rough_MAP,12.285909398434756
Elevation,10.770305024383934
rough_CEC,8.080156281691849
MAP,7.675373107651259
PDQ,6.059083995171198
rough_Soil.C,5.67463790537934
Clay,4.453408427405628
CEC,3.0715903106178883
rough_Clay,2.50325912259893
pH,1.8753446255795758
