nt,pseudo_r2,pred_obs_r2,pred_obs_r2_exp
3450,0.13484536664879132,0.7410704033965093,0.743338142565903
