nt,pseudo_r2,pred_obs_r2,pred_obs_r2_exp
2850,0.13849008867993362,0.7122567034458239,0.7150947701814327
