nt,pseudo_r2,pred_obs_r2,pred_obs_r2_exp
3600,0.18018003160886642,0.7459251684478687,0.7484311828794832
