nt,pseudo_r2,pred_obs_r2,pred_obs_r2_exp
3500,0.16909822632001625,0.7424593099341579,0.744463596769655
