var,rel.inf
rough_Elevation,19.13209731761057
rough_Surface.T,14.828704859811348
rough_MAP,11.745754476840762
Elevation,10.257173009309094
rough_CEC,7.869077080143317
MAP,7.846464489723939
PDQ,7.248862666639436
Clay,5.802266024233413
rough_Soil.C,5.60088987738444
rough_Clay,3.6700282779473286
CEC,3.531729814187202
pH,2.4669521061691513
