var,rel.inf
rough_Elevation,18.75971014635246
rough_Surface.T,14.292270497166305
rough_MAP,11.924216230238994
Elevation,10.2242957154799
rough_CEC,8.165584761985698
MAP,7.962877938780169
PDQ,7.399555007902172
Clay,5.694167119986112
rough_Soil.C,5.579657789563228
rough_Clay,3.8004228275677425
CEC,3.419602396350047
pH,2.7776395686271735
