var,rel.inf
rough_Elevation,18.53021413919217
rough_Surface.T,14.74822907862909
rough_MAP,11.581773444964828
Elevation,10.478648244161128
rough_CEC,8.160305941528877
MAP,8.052294995423473
PDQ,7.338305875823136
Clay,6.028380809727011
rough_Soil.C,5.357313112774334
CEC,3.4668652640571986
rough_Clay,3.383485541259779
pH,2.874183552458974
