nt,pseudo_r2,pred_obs_r2,pred_obs_r2_exp
3900,0.16124287450110575,0.7604109474012902,0.7620813985161168
