nt,pseudo_r2,pred_obs_r2,pred_obs_r2_exp
3350,0.1566816979989588,0.7376358160756594,0.7396425529174309
