var,rel.inf
rough_Elevation,19.539704206382748
rough_Surface.T,15.036999795755085
rough_MAP,11.830357778006134
Elevation,10.517904221009086
MAP,7.86147597780333
rough_CEC,7.834750044362015
PDQ,7.24675312895551
Clay,5.442678184715607
rough_Soil.C,5.395831939886483
CEC,3.5141906464838875
rough_Clay,3.381391136920166
pH,2.3979629397199496
