nt,pseudo_r2,pred_obs_r2,pred_obs_r2_exp
2850,0.12414682469889793,0.7096309698923327,0.7124847542012234
