nt,pseudo_r2,pred_obs_r2,pred_obs_r2_exp
3200,0.1685437337088167,0.7275617301659725,0.7303309416769824
