nt,pseudo_r2,pred_obs_r2,pred_obs_r2_exp
3550,0.18279055178560777,0.7453900948578007,0.7473664862041837
