nt,pseudo_r2,pred_obs_r2,pred_obs_r2_exp
3250,0.13905748636992366,0.7307106870775262,0.7332711724129797
