nt,pseudo_r2,pred_obs_r2,pred_obs_r2_exp
3400,0.10228898729410396,0.7365413252324927,0.7388914141819015
