var,rel.inf
rough_Elevation,19.37593674698379
rough_Surface.T,14.998254273007987
rough_MAP,12.247128628890769
Elevation,10.565803858055526
MAP,7.964067490691572
rough_CEC,7.8276550533338805
PDQ,6.961827652060471
Clay,5.502874514330644
rough_Soil.C,5.369384986569373
rough_Clay,3.5336099713759297
CEC,3.279134944997608
pH,2.374321879702454
