nt,pseudo_r2,pred_obs_r2,pred_obs_r2_exp
3250,0.1626762825776319,0.7322177010685322,0.7347427495528808
