var,rel.inf
rough_Elevation,20.801742249195133
rough_Surface.T,15.558884792864236
rough_MAP,11.542820707389053
Elevation,10.905763139896425
MAP,7.765302145658739
rough_CEC,7.728158472178263
PDQ,6.585108499160109
rough_Soil.C,5.350172411628468
Clay,5.220222134265767
CEC,3.3578156144017592
rough_Clay,3.196880558666356
pH,1.987129274695686
