var,rel.inf
rough_Elevation,18.79182807506734
rough_Surface.T,14.572199082746385
rough_MAP,12.077908782192907
Elevation,10.278405032043391
MAP,8.048963851578845
rough_CEC,8.038093207111457
PDQ,7.508387141481234
Clay,5.833038507749304
rough_Soil.C,5.578352423473715
rough_Clay,3.3963790195774695
CEC,3.260526227304276
pH,2.6159186496736733
