nt,pseudo_r2,pred_obs_r2,pred_obs_r2_exp
4700,0.13399066332227672,0.7859163349104513,0.7870864854850891
