nt,pseudo_r2,pred_obs_r2,pred_obs_r2_exp
2400,0.15034753004549373,0.6867699077837933,0.6900659549718094
