nt,pseudo_r2,pred_obs_r2,pred_obs_r2_exp
3050,0.11823515180422972,0.7217125805136949,0.724296930405512
