nt,pseudo_r2,pred_obs_r2,pred_obs_r2_exp
3500,0.15191469398291524,0.741438233054068,0.7435846907770675
