nt,pseudo_r2,pred_obs_r2,pred_obs_r2_exp
3350,0.14313171205138775,0.7347495226512101,0.7371265487673664
