nt,pseudo_r2,pred_obs_r2,pred_obs_r2_exp
2700,0.160093513710321,0.7024223415277416,0.7055286394373683
