nt,pseudo_r2,pred_obs_r2,pred_obs_r2_exp
3400,0.12796100816786027,0.7370691349505247,0.7393500357903829
