nt,pseudo_r2,pred_obs_r2,pred_obs_r2_exp
3700,0.11080101991448144,0.7505423372172203,0.7524044894380082
