nt,pseudo_r2,pred_obs_r2,pred_obs_r2_exp
3550,0.16567677789383495,0.7437224189804454,0.7459687975987702
