var,rel.inf
rough_Elevation,20.56489182283738
rough_Surface.T,15.75665771040742
rough_MAP,11.730995356547762
Elevation,10.927446128746803
rough_CEC,8.155941668496238
MAP,7.414042717380569
PDQ,7.036827506606882
rough_Soil.C,5.319233478228561
Clay,4.9994670184497885
CEC,3.2092934498978343
rough_Clay,2.9156547224932083
pH,1.96954841990756
