var,rel.inf
rough_Elevation,20.753285958585824
rough_Surface.T,14.948752942886049
rough_MAP,12.096401356073239
Elevation,11.126806557048699
rough_CEC,8.17133468609048
MAP,7.503954286965753
PDQ,6.228332295552642
rough_Soil.C,5.300307476048028
Clay,5.181140925343701
CEC,3.4772528185321425
rough_Clay,3.197081864846707
pH,2.0153488320267368
