nt,pseudo_r2,pred_obs_r2,pred_obs_r2_exp
2850,0.1151425453818119,0.7091094332783197,0.7123145865239218
