var,rel.inf
rough_Elevation,18.878925502280808
rough_Surface.T,14.980900780271348
rough_MAP,11.820070072128555
Elevation,10.557487143902602
rough_CEC,7.913985633886394
MAP,7.79501163062253
PDQ,7.372326219950439
rough_Soil.C,5.701740428354297
Clay,5.675097368139785
rough_Clay,3.612920900687359
CEC,3.256979240776475
pH,2.434555078999399
