var,rel.inf
rough_Elevation,21.853305764029425
rough_Surface.T,16.097607362492354
rough_MAP,11.88564604366183
Elevation,11.012933090324983
rough_CEC,8.222127993872636
MAP,7.16305137939218
PDQ,5.908828516892389
rough_Soil.C,5.620871396448271
Clay,4.345759890944557
rough_Clay,3.071887561543268
CEC,3.005712047565067
pH,1.8122689528330282
