nt,pseudo_r2,pred_obs_r2,pred_obs_r2_exp
2700,0.14608101292837872,0.7042277961847243,0.7070061734770395
