var,rel.inf
rough_Elevation,18.727270702745425
rough_Surface.T,14.458487706291088
rough_MAP,11.969691648908594
Elevation,10.922706978713576
rough_CEC,7.945008972539861
MAP,7.597511464289906
PDQ,7.54714370792327
Clay,5.912211887409105
rough_Soil.C,5.4519485787866415
rough_Clay,3.5196531041673933
CEC,3.3861532519495467
pH,2.5622119962755905
