nt,pseudo_r2,pred_obs_r2,pred_obs_r2_exp
2150,0.14238509867185833,0.6706238065120722,0.6742675199915111
