nt,pseudo_r2,pred_obs_r2,pred_obs_r2_exp
3550,0.14432005978814555,0.745140807706203,0.7469793403895671
