var,rel.inf
rough_Elevation,19.59541846109081
rough_Surface.T,15.356727290895254
rough_MAP,11.553922214131237
Elevation,10.917243405536995
MAP,7.736608538465277
rough_CEC,7.688430566421904
PDQ,7.088742129686292
rough_Soil.C,5.746740112714237
Clay,5.662633740964897
rough_Clay,3.2653254047613367
CEC,2.932872146647384
pH,2.455335988684378
