nt,pseudo_r2,pred_obs_r2,pred_obs_r2_exp
3250,0.17556177621705882,0.730502577780136,0.7330158699234985
