var,rel.inf
rough_Elevation,18.398282247639518
rough_Surface.T,14.728870555592652
rough_MAP,11.671780559669077
Elevation,10.207713534971196
MAP,8.015972115992312
rough_CEC,7.97730171950294
PDQ,7.696770909935022
Clay,5.801286325881365
rough_Soil.C,5.594687692490141
CEC,3.6848957299882135
rough_Clay,3.5565969758933877
pH,2.66584163244417
