nt,pseudo_r2,pred_obs_r2,pred_obs_r2_exp
1350,0.0780649643059923,0.6023962705625733,0.6080583702495169
