nt,pseudo_r2,pred_obs_r2,pred_obs_r2_exp
3300,0.14310972488075602,0.7330837283728211,0.7358291640772712
