var,rel.inf
rough_Elevation,18.75944442877574
rough_Surface.T,15.017544993904256
rough_MAP,12.150367942490377
Elevation,9.989753263310254
rough_CEC,8.016136189019216
MAP,7.691989500325273
PDQ,7.284309979586842
Clay,5.97790966749303
rough_Soil.C,5.591675277689334
rough_Clay,3.6321334970571484
CEC,3.3617965994925587
pH,2.526938660855968
