nt,pseudo_r2,pred_obs_r2,pred_obs_r2_exp
2850,0.11753560378013717,0.7089663486895605,0.7118825704316067
