nt,pseudo_r2,pred_obs_r2,pred_obs_r2_exp
2350,0.1094790929821029,0.6804417342588333,0.6838689437261458
