nt,pseudo_r2,pred_obs_r2,pred_obs_r2_exp
2950,0.08776635114618536,0.7150960797422355,0.7174850814329126
