var,rel.inf
rough_Elevation,19.18539587881256
rough_Surface.T,15.225200885693877
rough_MAP,12.073976477873813
Elevation,10.921331099769564
rough_CEC,8.199350111170244
MAP,7.576277685245764
PDQ,7.1989705712128655
Clay,5.44739286756112
rough_Soil.C,5.130253763700365
rough_Clay,3.6122097159915505
CEC,3.198658068839853
pH,2.2309828741284328
