nt,pseudo_r2,pred_obs_r2,pred_obs_r2_exp
3150,0.16032332266167348,0.726306672147617,0.7289107993840594
