nt,pseudo_r2,pred_obs_r2,pred_obs_r2_exp
1900,0.10463886105871822,0.6499133812607293,0.6537414276186713
