var,rel.inf
rough_Elevation,18.37544733486512
rough_Surface.T,14.55645611304734
rough_MAP,11.888100141716777
Elevation,10.301195274251807
MAP,8.371721794504051
PDQ,7.7778278540954755
rough_CEC,7.776019694924638
Clay,6.237934306358994
rough_Soil.C,5.695207116249082
rough_Clay,3.3711477202754496
CEC,3.2141763826651295
pH,2.434766267046137
