nt,pseudo_r2,pred_obs_r2,pred_obs_r2_exp
3500,0.167928848532374,0.7442588929140473,0.7465058410760834
