nt,pseudo_r2,pred_obs_r2,pred_obs_r2_exp
2950,0.13510782040889835,0.7161805140971589,0.7189207728574669
