nt,pseudo_r2,pred_obs_r2,pred_obs_r2_exp
3150,0.14495607935605404,0.7301606342902454,0.7322312762885298
