nt,pseudo_r2,pred_obs_r2,pred_obs_r2_exp
3500,0.1556618219190835,0.7427781387198688,0.7449583575288004
