var,rel.inf
rough_Elevation,18.683713831297197
rough_Surface.T,14.505325609018838
rough_MAP,12.09920002196216
Elevation,11.088982307819863
MAP,7.7920541053803305
rough_CEC,7.764882762575744
PDQ,7.116308216717705
Clay,6.032149414729157
rough_Soil.C,5.238922641641202
rough_Clay,3.5224415674615313
CEC,3.5195039402849493
pH,2.636515581111323
