var,rel.inf
rough_Elevation,19.992206420442095
rough_Surface.T,15.111763406673097
rough_MAP,11.896908690384514
Elevation,10.788795270160833
rough_CEC,7.857799841274267
MAP,7.675982992401529
PDQ,6.927285893167544
rough_Soil.C,5.887614512266915
Clay,5.242798221112438
rough_Clay,3.372630671798542
CEC,3.3560249024974635
pH,1.890189177820759
