var,rel.inf
rough_Elevation,19.520464857750873
rough_Surface.T,15.55023027176825
rough_MAP,11.809726243311118
Elevation,10.805812941228421
MAP,7.80735734708062
rough_CEC,7.7816224820938515
PDQ,7.014741162093648
rough_Soil.C,5.579917087884956
Clay,5.178349774653317
rough_Clay,3.342175716645004
CEC,3.210210921514617
pH,2.3993911939753305
