nt,pseudo_r2,pred_obs_r2,pred_obs_r2_exp
4500,0.4687108159431369,0.7861678708691555,0.7854979347860036
