nt,pseudo_r2,pred_obs_r2,pred_obs_r2_exp
4550,0.4480204709111708,0.7867577007512236,0.7857093115079519
