var,rel.inf
MAP,34.914197478075955
rough_Elevation,13.542371001962616
CEC,10.705875864024831
rough_MAP,6.675865235067352
PDQ,6.327894411392031
Elevation,5.3111526995653495
rough_NDVI,5.100649977020355
rough_Soil.C,4.2253086422435215
rough_CEC,3.7095695007138465
pH,2.2263412356301022
Surface.T,2.0454728528631936
rough_Surface.T,2.015831105328665
Clay,1.6560799687168983
rough_PDQ,1.5433900273952867
