var,rel.inf
MAP,35.764127927149076
rough_Elevation,13.737473178203246
CEC,10.822894490525456
rough_MAP,6.822720319653971
PDQ,6.726570793806634
Elevation,5.22096531736313
rough_NDVI,5.161456496334758
rough_Soil.C,4.141869215775588
rough_CEC,3.3054480697708257
pH,2.220912837445679
Surface.T,1.8626906165185626
rough_Surface.T,1.6167220818985226
Clay,1.391546167818297
rough_PDQ,1.204602487736256
