var,rel.inf
MAP,33.23286273498033
rough_Elevation,13.544584401643455
CEC,10.161516238407899
rough_MAP,6.574475158333137
PDQ,6.504016623894011
rough_NDVI,5.5428847700874915
Elevation,5.417981646177799
rough_Soil.C,4.616777860719155
rough_CEC,4.039575159119147
pH,2.612256625201212
rough_Surface.T,2.1577977323100876
Surface.T,2.109213091089182
Clay,1.9399766011240185
rough_PDQ,1.546081356913066
