var,rel.inf
MAP,33.59327420243898
rough_Elevation,13.50216591044454
CEC,10.500329503309795
rough_MAP,7.164904238525113
PDQ,6.36223139488305
Elevation,5.564656051093302
rough_NDVI,5.314763439054457
rough_Soil.C,4.350921046354918
rough_CEC,3.6370966703441767
pH,2.374349182050218
Surface.T,2.20444177501349
rough_Surface.T,2.188614028306328
Clay,1.8123894673772456
rough_PDQ,1.4298630908043801
