nt,pseudo_r2,pred_obs_r2,pred_obs_r2_exp
4050,0.4287979064404088,0.7728035435420497,0.7716630706003531
