nt,pseudo_r2,pred_obs_r2,pred_obs_r2_exp
4200,0.4403407351497084,0.7779464929720555,0.7769905811096962
