var,rel.inf
MAP,35.445905603169415
rough_Elevation,13.354980234591913
CEC,10.91111216273135
rough_MAP,6.802402703672948
PDQ,6.418362863132385
rough_NDVI,5.378601413247672
Elevation,5.307484627402373
rough_Soil.C,4.011785923020974
rough_CEC,3.7892808283900306
pH,2.177615769432105
rough_Surface.T,1.9313353301146388
Surface.T,1.8319792030813127
Clay,1.4198742079164595
rough_PDQ,1.2192791300964325
