var,rel.inf
MAP,33.934781277407886
rough_Elevation,13.63402822649502
CEC,10.590155294565534
rough_MAP,7.332050566321717
PDQ,6.37485322362677
rough_NDVI,5.412619132044164
Elevation,5.211454894100897
rough_Soil.C,4.0735938898383095
rough_CEC,3.9949305794310477
pH,2.374094624468425
rough_Surface.T,2.0125024368723694
Surface.T,1.9857252066210818
Clay,1.6349487630080763
rough_PDQ,1.4342618851986928
