nt,pseudo_r2,pred_obs_r2,pred_obs_r2_exp
4e3,0.41161634285164694,0.7718641190667782,0.7706360930079885
