nt,pseudo_r2,pred_obs_r2,pred_obs_r2_exp
3950,0.4178288654708705,0.7701697876160151,0.768960634171874
