nt,pseudo_r2,pred_obs_r2,pred_obs_r2_exp
4e3,0.4579536991285281,0.7722842013272848,0.7712380746780129
