nt,pseudo_r2,pred_obs_r2,pred_obs_r2_exp
4850,0.4507731881536672,0.79636909807337,0.7955393831298101
