nt,pseudo_r2,pred_obs_r2,pred_obs_r2_exp
3850,0.452283763647508,0.7653130243876878,0.7638592791740123
