nt,pseudo_r2,pred_obs_r2,pred_obs_r2_exp
3550,0.4246878438772188,0.7567626518141393,0.7555001249940749
