var,rel.inf
MAP,35.18915569686526
rough_Elevation,13.81686733130068
CEC,10.973262235387677
rough_MAP,6.884475757712371
PDQ,6.439998695176715
Elevation,5.244672178220728
rough_NDVI,5.212301104085438
rough_Soil.C,4.171544029722795
rough_CEC,3.260698671673308
pH,2.240149190909666
Surface.T,2.023741873854353
rough_Surface.T,1.9160500259559867
Clay,1.426149894808331
rough_PDQ,1.2009333143267018
