var,rel.inf
MAP,33.684633519328386
rough_Elevation,13.511164294966632
CEC,10.670869428248963
rough_MAP,6.812584464856692
PDQ,6.188276941407894
rough_NDVI,5.641252983374306
Elevation,5.501746346251113
rough_Soil.C,4.49409987863569
rough_CEC,3.482196977807418
pH,2.4944568216102803
rough_Surface.T,2.172426340758105
Surface.T,2.031733668457328
Clay,1.6970063154507276
rough_PDQ,1.6175520188464625
