var,rel.inf
MAP,33.35142300414071
rough_Elevation,13.618689430266807
CEC,10.4009010744132
rough_MAP,6.7420957325476785
PDQ,6.057243975963792
Elevation,5.578649987336253
rough_NDVI,5.358619697385163
rough_Soil.C,4.475140083531311
rough_CEC,4.151863642719388
pH,2.4386860689856364
Surface.T,2.212294433889949
rough_Surface.T,2.099041477623048
Clay,1.9139318782049197
rough_PDQ,1.6014195129921363
