nt,pseudo_r2,pred_obs_r2,pred_obs_r2_exp
3800,0.4371079605510302,0.764611086097803,0.7633785829444666
