var,rel.inf
MAP,35.63777787672308
rough_Elevation,13.498754188151784
CEC,10.901387897148455
rough_MAP,6.84472521607019
PDQ,6.357153076258135
Elevation,5.30214419186259
rough_NDVI,5.121983282932276
rough_Soil.C,4.091878640763196
rough_CEC,3.5285751510473062
pH,2.162592365426188
rough_Surface.T,1.967515126949266
Surface.T,1.9151745587313929
Clay,1.4329996130257026
rough_PDQ,1.237338814910437
