nt,pseudo_r2,pred_obs_r2,pred_obs_r2_exp
3900,0.4491828115967179,0.7684228112963901,0.7673992200346478
