nt,pseudo_r2,pred_obs_r2,pred_obs_r2_exp
3450,0.443120768134715,0.7536016944310332,0.7521628700681087
