var,rel.inf
MAP,35.15822864686503
rough_Elevation,13.813106434644151
CEC,10.549814467590176
rough_MAP,6.911656447319917
PDQ,6.479489961728705
Elevation,5.191332975725466
rough_NDVI,4.91628110545838
rough_Soil.C,4.36621171862114
rough_CEC,3.571420330545882
pH,2.2643397885422325
rough_Surface.T,1.9651867723109582
Surface.T,1.8462284619607285
Clay,1.572946238161375
rough_PDQ,1.393756650525869
