nt,pseudo_r2,pred_obs_r2,pred_obs_r2_exp
3750,0.4292059803506775,0.7644011548005227,0.7631066756067018
