var,rel.inf
MAP,37.32399628715435
rough_Elevation,13.454088704833966
CEC,10.996877092718883
PDQ,6.698917010754855
rough_MAP,6.535475836116399
rough_NDVI,5.1205165630440215
Elevation,4.8587194373103175
rough_Soil.C,3.643110702147486
rough_CEC,3.342696164141323
rough_Surface.T,2.0914571400458657
pH,1.8796399862140403
Surface.T,1.8547398506067079
Clay,1.1846636490353615
rough_PDQ,1.0151015758764217
