var,rel.inf
MAP,35.1906263771108
rough_Elevation,13.77272186603554
CEC,10.66989343958765
rough_MAP,6.7955313301323015
PDQ,6.482667423921209
Elevation,5.057312390341245
rough_NDVI,5.040720591322883
rough_Soil.C,4.270902940639102
rough_CEC,3.6843489310219364
pH,2.305725229390851
Surface.T,2.008954274675913
rough_Surface.T,1.8024300418523855
Clay,1.6430977812204317
rough_PDQ,1.2750673827477403
