var,rel.inf
MAP,34.64962304744708
rough_Elevation,13.457009462781405
CEC,10.758202990041102
rough_MAP,6.96378735001948
PDQ,6.37417117547749
Elevation,5.440857774241096
rough_NDVI,5.083880205704226
rough_Soil.C,4.368598006283903
rough_CEC,3.488462107794864
pH,2.366435726908162
rough_Surface.T,2.1208155760122316
Surface.T,1.9970319257789029
Clay,1.4932180656050142
rough_PDQ,1.4379065859050475
