nt,pseudo_r2,pred_obs_r2,pred_obs_r2_exp
3250,0.41717429232957304,0.7450414569851954,0.7435262898988086
