nt,pseudo_r2,pred_obs_r2,pred_obs_r2_exp
4300,0.4107293293048181,0.7816770388060438,0.7807007579315702
