var,rel.inf
MAP,34.60486863901588
rough_Elevation,13.457256734891144
CEC,10.538489257208141
rough_MAP,7.0194090196347325
PDQ,6.31638744465739
Elevation,5.48053156270487
rough_NDVI,5.025322376308706
rough_Soil.C,4.47118806061187
rough_CEC,3.691464750694456
pH,2.4122911456709337
rough_Surface.T,1.9838939470103432
Surface.T,1.8807570755538996
Clay,1.7360967015905684
rough_PDQ,1.3820432844470578
