nt,pseudo_r2,pred_obs_r2,pred_obs_r2_exp
4450,0.43835673847154866,0.7863166170012882,0.7854200236287817
