nt,pseudo_r2,pred_obs_r2,pred_obs_r2_exp
4150,0.4492381972976477,0.7766338633766406,0.7754704727583688
