nt,pseudo_r2,pred_obs_r2,pred_obs_r2_exp
4250,0.41105573515489635,0.7790809127192119,0.7780021194873481
