nt,pseudo_r2,pred_obs_r2,pred_obs_r2_exp
3650,0.4100233153385753,0.7596676584521046,0.7582082384831917
