nt,pseudo_r2,pred_obs_r2,pred_obs_r2_exp
4100,0.46252368352252293,0.7755979201799552,0.7744689188335301
