nt,pseudo_r2,pred_obs_r2,pred_obs_r2_exp
4050,0.44509461824529384,0.7738214597781902,0.7726764545633802
