nt,pseudo_r2,pred_obs_r2,pred_obs_r2_exp
3850,0.4149404997707541,0.7682854395193888,0.7668561486497036
