var,rel.inf
MAP,34.2330740344012
rough_Elevation,13.601360259018648
CEC,10.86841188984619
rough_MAP,6.724010208650214
PDQ,6.297123614724696
Elevation,5.549453772959354
rough_NDVI,5.1888151735303785
rough_Soil.C,4.438822547047909
rough_CEC,3.8212318494194166
pH,2.2809994116194447
Surface.T,1.939709550718144
rough_Surface.T,1.9075455514480595
Clay,1.6903171974294398
rough_PDQ,1.4591249391869021
