nt,pseudo_r2,pred_obs_r2,pred_obs_r2_exp
4500,0.4591532669743783,0.786909898793396,0.7859938575844513
