nt,pseudo_r2,pred_obs_r2,pred_obs_r2_exp
4500,0.4644401429191035,0.7870990098285375,0.7860898752463644
