var,rel.inf
MAP,36.36187140187132
rough_Elevation,13.65175108060711
CEC,10.679232518511794
rough_MAP,6.928914975558381
PDQ,6.762908772736278
rough_NDVI,5.145719923022617
Elevation,4.8748965439095935
rough_Soil.C,3.9018824569726673
rough_CEC,3.3058315137610235
pH,2.1798547591922315
Surface.T,1.9520546820395634
rough_Surface.T,1.842834108822894
Clay,1.3238026976709114
rough_PDQ,1.0884445653236237
