nt,pseudo_r2,pred_obs_r2,pred_obs_r2_exp
3700,0.4187498667985161,0.7616177718805223,0.7603169868872107
