nt,pseudo_r2,pred_obs_r2,pred_obs_r2_exp
4100,0.4237194659296184,0.7740589998435506,0.7729685363608708
