nt,pseudo_r2,pred_obs_r2,pred_obs_r2_exp
4150,0.4443098020641626,0.7758839036176853,0.7748779055867266
