nt,pseudo_r2,pred_obs_r2,pred_obs_r2_exp
3700,0.446699630959952,0.7617245241148174,0.760316236189425
