nt,pseudo_r2,pred_obs_r2,pred_obs_r2_exp
3500,0.44261672711078837,0.7543237889342286,0.752674345118455
