var,rel.inf
MAP,35.910542892089396
rough_Elevation,13.912493416003715
CEC,10.553085855732714
PDQ,6.79152429447774
rough_MAP,6.750198907992941
rough_NDVI,5.325586952460368
Elevation,5.11129641874031
rough_Soil.C,4.01993471168829
rough_CEC,3.249047219909998
pH,2.1101229793614578
rough_Surface.T,1.8842095381195287
Surface.T,1.7445248112928349
Clay,1.41455397722778
rough_PDQ,1.2228780249029352
