nt,pseudo_r2,pred_obs_r2,pred_obs_r2_exp
4150,0.431820133163218,0.7763995973546639,0.7752786790189473
