nt,pseudo_r2,pred_obs_r2,pred_obs_r2_exp
3800,0.43442750580834066,0.7647108707180021,0.7634295286250229
