nt,pseudo_r2,pred_obs_r2,pred_obs_r2_exp
4e3,0.43307718068967993,0.7716108613066304,0.7705391118654864
