var,rel.inf
MAP,33.70506762104638
rough_Elevation,13.640188957648409
CEC,10.3792804055837
rough_MAP,7.033521263677659
PDQ,6.308246827798112
rough_NDVI,5.316655609871857
Elevation,5.24804495130354
rough_Soil.C,4.4919189279625265
rough_CEC,3.8923330452374088
pH,2.5838933001896405
rough_Surface.T,2.1532846177435117
Surface.T,1.967921552216681
Clay,1.7537335282621591
rough_PDQ,1.5259093914584154
