nt,pseudo_r2,pred_obs_r2,pred_obs_r2_exp
4200,0.43362742125353615,0.7782816293470196,0.7770805320716107
