nt,pseudo_r2,pred_obs_r2,pred_obs_r2_exp
3700,0.4326646719955711,0.7625144759063405,0.7611961003358763
