var,rel.inf
MAP,36.48439244611636
rough_Elevation,13.852295369575256
CEC,10.730554509938276
rough_MAP,7.661434418771768
PDQ,6.707634052713517
rough_NDVI,5.182031972456717
Elevation,4.6853282070348214
rough_Soil.C,3.537847378805046
rough_CEC,3.371329156986183
Surface.T,1.9810429273171828
pH,1.9573587152644871
rough_Surface.T,1.7953566725530405
Clay,1.0870423634629458
rough_PDQ,0.9663518090044088
