nt,pseudo_r2,pred_obs_r2,pred_obs_r2_exp
3650,0.4281524926633835,0.7590519306768237,0.7575894095133519
