nt,pseudo_r2,pred_obs_r2,pred_obs_r2_exp
4300,0.4099109610097197,0.7810352298156595,0.7801111583062623
