var,rel.inf
MAP,34.32595794455885
rough_Elevation,13.964942617861478
CEC,10.553776373774197
rough_MAP,7.358891208316083
PDQ,6.401113616572992
Elevation,5.253005144844932
rough_NDVI,4.993241919555023
rough_Soil.C,4.176200657914707
rough_CEC,3.853678389122365
pH,2.2500871836972065
rough_Surface.T,2.0984817949160828
Surface.T,1.9172628911060643
Clay,1.5568851127500338
rough_PDQ,1.2964751450099852
