var,rel.inf
MAP,31.782373307702517
rough_Elevation,13.487280497603995
CEC,10.372565997195899
rough_MAP,6.738004536455176
PDQ,6.112524021274245
Elevation,5.755329066920878
rough_NDVI,5.3250305485714655
rough_Soil.C,4.786007686329375
rough_CEC,4.270095150803283
pH,2.8249728383087094
rough_Surface.T,2.3276219037586268
Surface.T,2.2940896318887036
Clay,2.1658245188848735
rough_PDQ,1.7582802943022604
