var,rel.inf
MAP,35.5798573458975
rough_Elevation,13.657410870607064
CEC,10.651088905785702
rough_MAP,6.836813086591329
PDQ,6.418725811851354
Elevation,5.278671184865822
rough_NDVI,4.611557543076876
rough_Soil.C,4.070421385457728
rough_CEC,3.818735772930277
pH,2.188416772473295
rough_Surface.T,2.1544444095907838
Surface.T,1.7797379649144578
Clay,1.5762776078893725
rough_PDQ,1.3778413380684342
