nt,pseudo_r2,pred_obs_r2,pred_obs_r2_exp
4700,0.4604696174053261,0.7937098318619915,0.7927260502746671
