nt,pseudo_r2,pred_obs_r2,pred_obs_r2_exp
4600,0.47837539348746316,0.7888876258547691,0.7879362828706087
