var,rel.inf
MAP,37.00359891700077
rough_Elevation,13.447597495889443
CEC,10.941900621014813
rough_MAP,6.524171389800764
PDQ,6.481428851316628
rough_NDVI,5.168512226827442
Elevation,5.075235969267281
rough_Soil.C,3.7409707124747693
rough_CEC,3.3145675033104656
pH,2.0248289573251577
rough_Surface.T,1.9918889915038405
Surface.T,1.9461302434781516
rough_PDQ,1.2504045286503325
Clay,1.0887635921401504
