var,rel.inf
MAP,35.39601215249273
rough_Elevation,13.719007747509513
CEC,10.55017237244296
rough_MAP,7.0923451344421515
PDQ,6.313217041275256
Elevation,5.268321740178523
rough_NDVI,5.255045342220735
rough_Soil.C,4.034483485697655
rough_CEC,3.2992899443323784
pH,2.2369125432540184
rough_Surface.T,2.1056229801821607
Surface.T,1.9656405190674215
Clay,1.4661176678791965
rough_PDQ,1.2978113290252946
