var,rel.inf
MAP,35.00713232539279
rough_Elevation,13.321788149281343
CEC,10.751766013408123
rough_MAP,6.820357747287393
PDQ,6.257832819880402
rough_NDVI,5.354349248911237
Elevation,5.227702327431376
rough_Soil.C,4.344486934134134
rough_CEC,3.670681912395642
pH,2.321073528542672
rough_Surface.T,2.0027135048026996
Surface.T,1.8880402048292193
Clay,1.584754532616421
rough_PDQ,1.4473207510865458
