nt,pseudo_r2,pred_obs_r2,pred_obs_r2_exp
3450,0.4199859192760421,0.752814551623679,0.7511817211045663
