nt,pseudo_r2,pred_obs_r2,pred_obs_r2_exp
5200,0.4534946219509971,0.8056656249835844,0.8051120372045973
