nt,pseudo_r2,pred_obs_r2,pred_obs_r2_exp
4400,0.4106850821423026,0.7841695301853309,0.7831785311292745
