var,rel.inf
MAP,34.6605914449064
rough_Elevation,13.694453976101943
CEC,10.571723550287007
PDQ,6.568422668864666
rough_MAP,6.5633719308924015
Elevation,5.291774372318737
rough_NDVI,5.017222110236861
rough_Soil.C,4.399815568294696
rough_CEC,3.517375245425478
pH,2.324715089500455
Surface.T,2.125175349990212
rough_Surface.T,2.0769241373828464
Clay,1.7254879257664244
rough_PDQ,1.4629466300318716
