nt,pseudo_r2,pred_obs_r2,pred_obs_r2_exp
4200,0.41979872542000707,0.7784241751471036,0.7776881678945308
