var,rel.inf
MAP,34.39207142567799
rough_Elevation,14.058753176638552
CEC,10.48193153519804
rough_MAP,7.089828071147616
PDQ,6.765295250964073
rough_NDVI,5.29907328082457
Elevation,4.969914059556581
rough_Soil.C,4.1749711284765585
rough_CEC,3.5330685285604697
pH,2.352442831921242
Surface.T,1.9936595232041363
rough_Surface.T,1.8801411415717384
Clay,1.5849436008431834
rough_PDQ,1.4239064454152501
