var,rel.inf
MAP,34.397572966137325
rough_Elevation,13.934534072002842
CEC,10.601130769404227
PDQ,6.623330992556046
rough_MAP,6.531703533638131
rough_NDVI,5.25243201343653
Elevation,5.185091429991163
rough_Soil.C,4.225138391609886
rough_CEC,3.6481089602642554
pH,2.3463584044689365
Surface.T,2.1166268763557303
rough_Surface.T,2.0192484705400737
Clay,1.689488392393194
rough_PDQ,1.4292347272016634
