nt,pseudo_r2,pred_obs_r2,pred_obs_r2_exp
4400,0.43911762788059083,0.7841502701533046,0.7832524934628324
