var,rel.inf
MAP,35.728639104029305
rough_Elevation,13.826732420208947
CEC,10.709862418819236
rough_MAP,6.805905233823869
PDQ,6.396220005781342
Elevation,5.1247648054894634
rough_NDVI,5.021199181956247
rough_Soil.C,4.208038739603044
rough_CEC,3.3630304813202114
pH,2.2584782309268925
rough_Surface.T,2.115050791148752
Surface.T,1.894596971085413
Clay,1.3585964395654442
rough_PDQ,1.188885176241836
