var,rel.inf
MAP,34.49595350600111
rough_Elevation,13.452652870777833
CEC,10.290930507073135
rough_MAP,6.980162333443242
PDQ,6.576475118046231
Elevation,5.38214391525797
rough_NDVI,5.353069947245852
rough_Soil.C,4.196173754424623
rough_CEC,3.8005713310546776
pH,2.4060689960256645
rough_Surface.T,2.1401488560172446
Surface.T,1.8604485584610535
Clay,1.6794158255492286
rough_PDQ,1.3857844806221369
