nt,pseudo_r2,pred_obs_r2,pred_obs_r2_exp
3650,0.41776389885386433,0.7600015344988597,0.75865559031433
