var,rel.inf
MAP,34.09011194985776
rough_Elevation,13.611199066556152
CEC,10.576135879589781
rough_MAP,6.482453369697616
PDQ,6.113501609528503
Elevation,5.470144560113389
rough_NDVI,5.174638579348665
rough_Soil.C,4.351871466462319
rough_CEC,3.947950598161906
pH,2.4076394705126254
Surface.T,2.2790658603247116
rough_Surface.T,2.0356657572026187
Clay,1.8125103712918125
rough_PDQ,1.6471114613521436
