nt,pseudo_r2,pred_obs_r2,pred_obs_r2_exp
3950,0.4136850550098222,0.7705189543863318,0.7694865304725471
