nt,pseudo_r2,pred_obs_r2,pred_obs_r2_exp
4550,0.44568909631191145,0.789199373342065,0.788266842276801
