nt,pseudo_r2,pred_obs_r2,pred_obs_r2_exp
3900,0.4314841602886422,0.768843383357869,0.7674487981332045
