nt,pseudo_r2,pred_obs_r2,pred_obs_r2_exp
4300,0.42229540843518043,0.7802321948047222,0.7794467392636443
