nt,pseudo_r2,pred_obs_r2,pred_obs_r2_exp
4350,0.4291951614350711,0.7814848791440097,0.7806038102101677
