var,rel.inf
MAP,36.46681499511902
rough_Elevation,13.734947436416594
CEC,10.407291306942966
rough_MAP,7.095259441671266
PDQ,6.879053762968581
Elevation,5.046276708214977
rough_NDVI,4.932683320990852
rough_Soil.C,3.8813272651821467
rough_CEC,3.3895786312980496
pH,2.0517315460064065
rough_Surface.T,1.873235072802512
Surface.T,1.7226064522848752
Clay,1.3753289018537846
rough_PDQ,1.1438651582479669
