nt,pseudo_r2,pred_obs_r2,pred_obs_r2_exp
4150,0.4561961344856238,0.7757136474797592,0.7744400683555824
