nt,pseudo_r2,pred_obs_r2,pred_obs_r2_exp
3800,0.4253231707448337,0.7640909232333805,0.762818071436228
