nt,pseudo_r2,pred_obs_r2,pred_obs_r2_exp
3900,0.39553837284941673,0.7701789780422374,0.7688945002857783
