nt,pseudo_r2,pred_obs_r2,pred_obs_r2_exp
4350,0.4211560824036349,0.7828785288388832,0.781760169666117
