nt,pseudo_r2,pred_obs_r2,pred_obs_r2_exp
4400,0.44093111539637864,0.784969869169943,0.7843046346244942
