nt,pseudo_r2,pred_obs_r2,pred_obs_r2_exp
6150,0.4745628279143129,0.8283245561752902,0.8281049458860603
