nt,pseudo_r2,pred_obs_r2,pred_obs_r2_exp
4300,0.4381358865616525,0.7810439709000182,0.7801432831795585
