var,rel.inf
MAP,35.24940274419145
rough_Elevation,13.566366823094945
CEC,10.687990339058516
rough_MAP,7.236126075166455
PDQ,6.5452852953171
Elevation,5.10344920426035
rough_NDVI,5.045902670881684
rough_Soil.C,4.072549842347143
rough_CEC,3.510172271017816
pH,2.1745289112443276
Surface.T,2.030891509901027
rough_Surface.T,1.8757818429817417
Clay,1.5566000475079027
rough_PDQ,1.3449524230295413
