var,rel.inf
MAP,33.882466114731145
rough_Elevation,13.652772387050218
CEC,10.3550546778037
rough_MAP,6.384776332844985
PDQ,6.343598173621062
Elevation,5.443480946332109
rough_NDVI,5.175347525725652
rough_Soil.C,4.546768253654162
rough_CEC,3.9213285906724242
pH,2.5127464059609728
Surface.T,2.0880809204036925
rough_Surface.T,2.0627230966431926
Clay,1.9439566299873323
rough_PDQ,1.6868999445693655
