var,rel.inf
MAP,35.528570621737295
rough_Elevation,13.549670177480346
CEC,10.692241853868559
rough_MAP,6.869070568203898
PDQ,6.635848897960842
rough_NDVI,5.348435539612154
Elevation,5.172498794651013
rough_Soil.C,4.11307398476458
rough_CEC,3.324619127928008
pH,2.256863865961782
Surface.T,1.9792377593347297
rough_Surface.T,1.9678025888246873
Clay,1.2936603948548386
rough_PDQ,1.268405824817269
