nt,pseudo_r2,pred_obs_r2,pred_obs_r2_exp
3150,0.40577084163208255,0.742310218187087,0.7404635009135816
