nt,pseudo_r2,pred_obs_r2,pred_obs_r2_exp
4700,0.45305126642213644,0.7922864443129093,0.7915096972873289
