nt,pseudo_r2,pred_obs_r2,pred_obs_r2_exp
4e3,0.4330585832471704,0.7719495605327528,0.7708021013254577
