nt,pseudo_r2,pred_obs_r2,pred_obs_r2_exp
3800,0.4024459868490903,0.7653195008597508,0.7641909054376212
