nt,pseudo_r2,pred_obs_r2,pred_obs_r2_exp
4800,0.46328183690859503,0.7948537435143899,0.7942706790977898
