var,rel.inf
MAP,35.7563759172218
rough_Elevation,13.630098814921507
CEC,10.568413892235837
rough_MAP,6.613758339722615
PDQ,6.447640153011802
Elevation,5.249436501384502
rough_NDVI,5.12242303681839
rough_Soil.C,3.9316224267967717
rough_CEC,3.556623393522932
pH,2.2494064544222683
Surface.T,2.0905425914515683
rough_Surface.T,1.9585755313781361
Clay,1.5618965026220517
rough_PDQ,1.2631864444898113
