var,rel.inf
MAP,34.310025443904976
rough_Elevation,13.47346981447797
CEC,10.538412372281302
rough_MAP,7.228759210082479
PDQ,6.322905495770626
Elevation,5.516128421383713
rough_NDVI,5.401689381771743
rough_Soil.C,4.184493791020807
rough_CEC,3.773242458522056
pH,2.24047093301905
Surface.T,1.9700154333157665
rough_Surface.T,1.8626320439728112
Clay,1.7775619048414262
rough_PDQ,1.4001932956352778
