nt,pseudo_r2,pred_obs_r2,pred_obs_r2_exp
4600,0.42369068825629597,0.7899866918379992,0.7889647561008066
