nt,pseudo_r2,pred_obs_r2,pred_obs_r2_exp
3650,0.4133683710662083,0.7605090580743572,0.7588821303749882
