var,rel.inf
MAP,35.79132234109781
rough_Elevation,13.661643861593836
CEC,11.058079058040496
rough_MAP,6.403622361420431
PDQ,6.343126963313949
rough_NDVI,5.285237503791744
Elevation,5.217613233417898
rough_Soil.C,4.090605342452614
rough_CEC,3.3047227409555413
pH,2.0939133617729473
rough_Surface.T,2.092146192115357
Surface.T,2.004849375372561
Clay,1.3642153903859044
rough_PDQ,1.2889022742689036
