var,rel.inf
MAP,34.815734226239385
rough_Elevation,13.616032177077452
CEC,10.7323841182715
rough_MAP,6.635787799802269
PDQ,6.331809036803301
Elevation,5.299202215495102
rough_NDVI,4.920247035619467
rough_Soil.C,4.3483357880988756
rough_CEC,3.8331982229492123
pH,2.32513282538865
Surface.T,1.9794140730949552
rough_Surface.T,1.939305477218846
Clay,1.7302689220211696
rough_PDQ,1.4931480819198109
