nt,pseudo_r2,pred_obs_r2,pred_obs_r2_exp
3850,0.4567920583647217,0.7666923784705364,0.7655859993587472
