nt,pseudo_r2,pred_obs_r2,pred_obs_r2_exp
3850,0.4271069714642497,0.7666951150198454,0.7651779265660396
