nt,pseudo_r2,pred_obs_r2,pred_obs_r2_exp
3900,0.4273368458643887,0.7688571310340149,0.7675887294828478
