var,rel.inf
MAP,32.89478170614963
rough_Elevation,13.471218770985532
CEC,10.44816857574765
rough_MAP,6.640838041481411
PDQ,6.387494930549679
Elevation,5.699421028188815
rough_NDVI,5.440035459235298
rough_Soil.C,4.630222934614501
rough_CEC,4.138572549009496
pH,2.6525619392978226
Surface.T,2.1800583315561664
rough_Surface.T,1.951660638264333
Clay,1.917309312386457
rough_PDQ,1.547655782533215
