var,rel.inf
MAP,34.59756991724257
rough_Elevation,13.315334127683537
CEC,10.502128807966855
rough_MAP,6.761516484821176
PDQ,6.518466965135308
Elevation,5.435375035908079
rough_NDVI,5.239572318109907
rough_Soil.C,4.562343006466616
rough_CEC,3.7005440274254235
pH,2.272923345087669
rough_Surface.T,2.036599470028967
Surface.T,2.01155748438955
Clay,1.6533553732037125
rough_PDQ,1.3927136365306196
