var,rel.inf
MAP,35.405829510586095
rough_Elevation,13.93377596740778
CEC,10.51035641383922
rough_MAP,6.654197981996625
PDQ,6.534137075240112
rough_NDVI,5.152310611089776
Elevation,5.0592341313633975
rough_Soil.C,4.081792078075859
rough_CEC,3.51731805670393
pH,2.255236390324839
rough_Surface.T,2.135087513005782
Surface.T,1.8044697086788462
rough_PDQ,1.5549298937735638
Clay,1.4013246679141764
