var,rel.inf
MAP,34.079232655204855
rough_Elevation,13.218286192859889
CEC,10.61191187376081
rough_MAP,6.635886051319737
PDQ,6.112082762732246
Elevation,5.445662439051606
rough_NDVI,5.2352512261136805
rough_Soil.C,4.511637357619472
rough_CEC,3.8558457539900663
pH,2.450163454505035
Surface.T,2.3221364217767544
rough_Surface.T,2.1657747131176355
Clay,1.7932421211390936
rough_PDQ,1.5628869768091254
