nt,pseudo_r2,pred_obs_r2,pred_obs_r2_exp
4400,0.4689577511193942,0.7837777208098673,0.7830161003960355
