nt,pseudo_r2,pred_obs_r2,pred_obs_r2_exp
4950,0.4631133746245183,0.7992380334121084,0.7984834718181595
