nt,pseudo_r2,pred_obs_r2,pred_obs_r2_exp
3900,0.44125144092219004,0.7690495795895271,0.7678406447434583
