nt,pseudo_r2,pred_obs_r2,pred_obs_r2_exp
4850,0.4506639119884267,0.7971250569724743,0.7963132537715651
