var,rel.inf
MAP,35.11186287607309
rough_Elevation,13.749471663446512
CEC,10.58932273085939
rough_MAP,6.717851647060449
PDQ,6.495535745259023
rough_NDVI,5.443241638656451
Elevation,5.24051855235124
rough_Soil.C,4.073550517641965
rough_CEC,3.495310051938929
pH,2.3219142532008243
rough_Surface.T,2.034089244760475
Surface.T,1.9125035426469368
Clay,1.5536800884780413
rough_PDQ,1.2611474476266737
