var,rel.inf
MAP,35.32211704233374
rough_Elevation,13.496461979528346
CEC,10.667340361072224
rough_MAP,6.791173176787003
PDQ,6.624964178184104
rough_NDVI,5.197407016226995
Elevation,5.064513414652744
rough_Soil.C,4.209274636122966
rough_CEC,3.628881904843209
pH,2.207541904968933
rough_Surface.T,1.9344921401210986
Surface.T,1.895131361449139
Clay,1.6034549795011188
rough_PDQ,1.3572459042083715
