nt,pseudo_r2,pred_obs_r2,pred_obs_r2_exp
3400,0.421306372328353,0.750585414128277,0.7490928405191872
