nt,pseudo_r2,pred_obs_r2,pred_obs_r2_exp
3850,0.45005324093269483,0.7671623673120888,0.7658989171009589
