var,rel.inf
MAP,33.936588704666384
rough_Elevation,13.593368218848031
CEC,10.649867852835127
rough_MAP,7.022362260019024
PDQ,6.232153901913083
Elevation,5.487454685460998
rough_NDVI,5.216209443172853
rough_Soil.C,4.4838114671093825
rough_CEC,3.8183948026470347
pH,2.465591266580789
rough_Surface.T,1.9401237489293846
Surface.T,1.9012627894817278
Clay,1.7975646640583818
rough_PDQ,1.4552461942777943
