var,rel.inf
MAP,35.60346028248226
rough_Elevation,14.021479472860515
CEC,10.347313789103815
rough_MAP,7.015053725818945
PDQ,6.659304313932218
rough_NDVI,5.518517291222145
Elevation,5.30275214434033
rough_Soil.C,3.735568838287195
rough_CEC,3.263073197589174
pH,2.1479515064637718
Surface.T,1.9719849734445447
rough_Surface.T,1.8878583230357897
Clay,1.3244602210082606
rough_PDQ,1.2012219204110415
