var,rel.inf
MAP,34.37456767243528
rough_Elevation,13.566808944758753
CEC,10.54109586551786
rough_MAP,6.9538672506662085
PDQ,6.408793792222545
rough_NDVI,5.490872707516694
Elevation,5.194834959880299
rough_Soil.C,4.443469118978223
rough_CEC,3.665323413725748
pH,2.2746819747251763
rough_Surface.T,2.004517725897458
Surface.T,1.9730758817942105
Clay,1.6832832104801057
rough_PDQ,1.4248074814014404
