nt,pseudo_r2,pred_obs_r2,pred_obs_r2_exp
4550,0.43328964265015335,0.7890174451976935,0.788137858238929
