nt,pseudo_r2,pred_obs_r2,pred_obs_r2_exp
4950,0.4363745879522397,0.7989147152339031,0.7983595405768047
