var,rel.inf
MAP,35.22422014033653
rough_Elevation,13.588478640520663
CEC,10.722277051600436
PDQ,6.240345721387862
rough_MAP,6.031629786098308
rough_NDVI,5.260666873903107
Elevation,5.215081776193444
rough_Soil.C,4.348227175443407
rough_CEC,3.6903256684595247
pH,2.3516873571489496
rough_Surface.T,2.259204149858359
Surface.T,2.034895550281223
Clay,1.608587861241409
rough_PDQ,1.424372247526782
