var,rel.inf
MAP,35.42463092857441
rough_Elevation,13.697162534024306
CEC,10.786536082352201
rough_MAP,7.1405948776664285
PDQ,6.3707359254091775
rough_NDVI,5.050201109877652
Elevation,5.0167603946847965
rough_Soil.C,4.264096857548515
rough_CEC,3.4570920296061574
pH,2.1689382296483815
rough_Surface.T,1.9980812275339999
Surface.T,1.9857507628414552
Clay,1.4339782952946893
rough_PDQ,1.2054407449378268
