var,rel.inf
MAP,35.87910369501848
rough_Elevation,13.801291443041766
CEC,10.397868128963811
rough_MAP,6.7409419822251815
PDQ,6.730652022706414
Elevation,5.183909516843408
rough_NDVI,5.169913674570404
rough_Soil.C,4.185389491604981
rough_CEC,3.5560352055603364
pH,2.1372929987083378
Surface.T,1.8617208471490356
rough_Surface.T,1.774875448344808
Clay,1.3761755928871053
rough_PDQ,1.2048299523759254
