var,rel.inf
MAP,34.936532539621254
rough_Elevation,14.159245642321721
CEC,10.59258594558956
rough_MAP,7.501857318379284
PDQ,6.459605580436956
Elevation,5.24373167201933
rough_NDVI,4.880574601408081
rough_Soil.C,4.171454557743077
rough_CEC,3.3814767572331035
pH,2.1847315607892743
rough_Surface.T,1.829376654437633
Surface.T,1.7921152542453263
Clay,1.584821540691195
rough_PDQ,1.2818903750842126
