nt,pseudo_r2,pred_obs_r2,pred_obs_r2_exp
3700,0.42177311096093795,0.7626658384141173,0.7615187692116723
