var,rel.inf
MAP,35.99528010853274
rough_Elevation,14.026490496651448
CEC,10.80676080475261
rough_MAP,6.932943019496099
PDQ,6.549761567707944
rough_NDVI,5.18973673995867
Elevation,5.084383803840067
rough_Soil.C,3.8265759757785625
rough_CEC,3.349779032095439
rough_Surface.T,2.069064511419285
Surface.T,1.9545817539882813
pH,1.8895249397067573
Clay,1.1956498295517501
rough_PDQ,1.1294674165203558
