var,rel.inf
MAP,35.17109375530252
rough_Elevation,13.656891382253935
CEC,10.6593608509202
rough_MAP,6.761521632898549
PDQ,6.596941914596291
Elevation,5.363954971368466
rough_NDVI,5.335554568403227
rough_Soil.C,4.077669032214592
rough_CEC,3.4461236886610678
pH,2.2171525217838797
Surface.T,2.132675896688692
rough_Surface.T,1.8530569623424815
Clay,1.4207960050795287
rough_PDQ,1.3072068174865732
