var,rel.inf
MAP,34.91747084058786
rough_Elevation,13.470062560174627
CEC,10.626070172644981
rough_MAP,6.434913489747119
PDQ,6.418838666620195
rough_NDVI,5.543360928636679
Elevation,5.378640051999778
rough_Soil.C,4.206969871152378
rough_CEC,3.494540254578479
pH,2.2865471816225282
Surface.T,2.0691927502822502
rough_Surface.T,2.06564943897361
Clay,1.6587366458649153
rough_PDQ,1.4290071471146077
