var,rel.inf
MAP,35.16089976951775
rough_Elevation,13.323441619852904
CEC,10.61687904082626
rough_MAP,6.936048698718699
PDQ,6.357823502567933
Elevation,5.584456665281949
rough_NDVI,5.104294887528701
rough_Soil.C,4.213133308326169
rough_CEC,3.6031481107375245
pH,2.1824353682183615
Surface.T,1.9123591760611311
rough_Surface.T,1.7792386402582931
Clay,1.737544072346099
rough_PDQ,1.4882971397582243
