nt,pseudo_r2,pred_obs_r2,pred_obs_r2_exp
3600,0.4280865783545291,0.7582718957885314,0.7568246023876702
