var,rel.inf
MAP,35.08507909519115
rough_Elevation,13.785273945258904
CEC,10.575042559212278
rough_MAP,6.594132925971996
PDQ,6.2335365268890435
Elevation,5.360322821042095
rough_NDVI,5.2596923663313495
rough_Soil.C,4.330441079593254
rough_CEC,3.5614068632795277
pH,2.26728206834715
Surface.T,2.1075303459878354
rough_Surface.T,1.8313114908937373
Clay,1.736409728877947
rough_PDQ,1.2725381831237297
