nt,pseudo_r2,pred_obs_r2,pred_obs_r2_exp
5450,0.48178014970060723,0.8129223787217928,0.812334355297875
