nt,pseudo_r2,pred_obs_r2,pred_obs_r2_exp
4350,0.45836068847454525,0.7825331277040583,0.7813213511132601
