var,rel.inf
MAP,34.048329196219186
rough_Elevation,13.837702534772676
CEC,10.900315100845537
rough_MAP,6.900449854185689
PDQ,6.126669748364796
rough_NDVI,5.523040406823791
Elevation,5.467958334996005
rough_Soil.C,4.128808228066069
rough_CEC,3.5898560581440675
pH,2.3109573553832456
rough_Surface.T,2.1943692016912264
Surface.T,1.9462625999211474
Clay,1.5501071091501442
rough_PDQ,1.4751742714364255
