var,rel.inf
MAP,35.68536689418652
rough_Elevation,13.314042379673433
CEC,10.755289025095022
rough_MAP,6.934232773047718
PDQ,6.5008929373217255
rough_NDVI,5.270583270629488
Elevation,5.096842321294812
rough_Soil.C,4.031502150657567
rough_CEC,3.521032418794091
pH,2.226943423396781
rough_Surface.T,2.096934918421262
Surface.T,1.8603549273050306
Clay,1.5053929933610768
rough_PDQ,1.200589566815473
