var,rel.inf
MAP,35.8420496619961
rough_Elevation,13.536546726738703
CEC,10.895322633703609
rough_MAP,6.960099698680065
PDQ,6.351750309519686
Elevation,5.175779371455742
rough_NDVI,4.937344660690463
rough_Soil.C,4.08382304774838
rough_CEC,3.4921703063526537
rough_Surface.T,1.9901956122090214
pH,1.9837318872038985
Surface.T,1.9663519567045795
Clay,1.5378885913148734
rough_PDQ,1.2469455356822206
