var,rel.inf
MAP,36.19015075294326
rough_Elevation,13.73098637743533
CEC,10.895184054152226
PDQ,6.448686694227527
rough_MAP,6.384840375928763
rough_NDVI,5.378988074824989
Elevation,4.900842620576691
rough_Soil.C,3.977233342166099
rough_CEC,3.439762714604958
rough_Surface.T,2.0223061491846863
pH,2.0209547613643735
Surface.T,1.917496123863432
Clay,1.4503695277977358
rough_PDQ,1.2421984309299199
