var,rel.inf
MAP,33.88404990468495
rough_Elevation,13.646311834788131
CEC,10.565952413418973
rough_MAP,6.992485953737839
PDQ,6.3022249808969795
Elevation,5.495253073062858
rough_NDVI,5.2535290626983
rough_Soil.C,4.506565167509744
rough_CEC,3.535149018016945
pH,2.27220209319814
rough_Surface.T,2.203746687596759
Surface.T,2.0425450726415035
Clay,1.8007020003249634
rough_PDQ,1.499282737423914
