var,rel.inf
MAP,34.51563098215153
rough_Elevation,13.344027887185273
CEC,10.698225353175436
rough_MAP,6.615946099756901
PDQ,6.470429442272947
Elevation,5.4161898528290955
rough_NDVI,5.335521368283574
rough_Soil.C,4.399369837798952
rough_CEC,3.710176566172296
pH,2.2417188692265344
Surface.T,2.077155263107292
rough_Surface.T,1.9017797467585085
Clay,1.6634417551158984
rough_PDQ,1.610386976165769
