nt,pseudo_r2,pred_obs_r2,pred_obs_r2_exp
3900,0.41917077994251495,0.7680183814673174,0.7666026845027349
