nt,pseudo_r2,pred_obs_r2,pred_obs_r2_exp
4e3,0.4120687348233242,0.7721569481769197,0.7707851503110504
