var,rel.inf
MAP,34.292021652405964
rough_Elevation,13.58318173880939
CEC,10.682312774098152
rough_MAP,6.639226575247773
PDQ,6.633776949501006
Elevation,5.576079566241371
rough_NDVI,5.312349696702144
rough_Soil.C,4.122072450287348
rough_CEC,3.846796603709961
pH,2.3195739965585513
Surface.T,2.0239677534477925
rough_Surface.T,1.9751514229208702
Clay,1.633503395493605
rough_PDQ,1.3599854245760772
