var,rel.inf
MAP,34.539670987467474
rough_Elevation,13.503203717801116
CEC,10.493694349208356
rough_MAP,7.2072557872531
PDQ,6.4478196279952655
Elevation,5.317259755708233
rough_NDVI,5.0996574117487885
rough_Soil.C,4.270865737599241
rough_CEC,3.577396222747724
pH,2.2798988486178766
Surface.T,2.076492542230349
rough_Surface.T,1.9907825296866986
Clay,1.7447680663792087
rough_PDQ,1.4512344155565564
