var,rel.inf
MAP,35.90951414583791
rough_Elevation,13.31342323893529
CEC,10.864430283038141
rough_MAP,6.726144223652185
PDQ,6.476750355986254
Elevation,5.198602534164005
rough_NDVI,5.1010120688736
rough_Soil.C,4.061847525850032
rough_CEC,3.373153954633919
pH,2.220368680917767
rough_Surface.T,2.1302106547547526
Surface.T,1.9142082611388154
Clay,1.4435642874275
rough_PDQ,1.266769784789832
