var,rel.inf
MAP,34.73917733131069
rough_Elevation,13.960624319623992
CEC,10.918956063838852
rough_MAP,7.032397584594601
PDQ,6.119148226299988
Elevation,5.350784954854907
rough_NDVI,5.078832532832723
rough_Soil.C,4.264318915873139
rough_CEC,3.525016140738298
pH,2.2416068578834825
rough_Surface.T,2.1241724946412424
Surface.T,1.9005041129861355
Clay,1.4806387472206888
rough_PDQ,1.2638217173012491
