nt,pseudo_r2,pred_obs_r2,pred_obs_r2_exp
3900,0.4211822908076579,0.76859165425986,0.7673736502679883
