nt,pseudo_r2,pred_obs_r2,pred_obs_r2_exp
3800,0.3995604687675096,0.7664556471500206,0.7651004414409524
