nt,pseudo_r2,pred_obs_r2,pred_obs_r2_exp
4400,0.4460103196066182,0.7841532723611103,0.7832978480789003
