nt,pseudo_r2,pred_obs_r2,pred_obs_r2_exp
4100,0.4625692642800735,0.77538099816758,0.774333695021223
