nt,pseudo_r2,pred_obs_r2,pred_obs_r2_exp
4350,0.4587274684200293,0.7827274677453414,0.7816577903180715
