var,rel.inf
MAP,35.34123537208436
rough_Elevation,13.788821953618685
CEC,10.909653363399316
rough_MAP,7.1316602492999595
PDQ,6.358319724230988
rough_NDVI,5.080353297588942
Elevation,5.0129372274521495
rough_Soil.C,4.1322163242636485
rough_CEC,3.540915660396436
pH,2.151487193486009
rough_Surface.T,1.9488978611609131
Surface.T,1.8663617391795493
Clay,1.4161746242713267
rough_PDQ,1.3209654095677266
