var,rel.inf
MAP,34.96397264008554
rough_Elevation,14.19865144367537
CEC,10.691747811186579
rough_MAP,6.5344837929108275
PDQ,6.354038057987409
rough_NDVI,5.300369361645872
Elevation,5.273680343749598
rough_Soil.C,4.221008467059745
rough_CEC,3.5163608271696605
pH,2.1835299118734293
Surface.T,2.0578656923172574
rough_Surface.T,1.876330578701607
Clay,1.5626013191455872
rough_PDQ,1.2653597524915146
