var,rel.inf
MAP,35.59015154462556
rough_Elevation,13.717299222249125
CEC,10.460104623648595
rough_MAP,7.863856603123544
PDQ,6.743448744333258
Elevation,4.927937846918074
rough_NDVI,4.869739274339977
rough_Soil.C,4.150347029583972
rough_CEC,3.4350300463754238
pH,2.122343703886511
Surface.T,1.824260818495565
rough_Surface.T,1.6844157549044039
Clay,1.3468607372909291
rough_PDQ,1.2642040502250684
