nt,pseudo_r2,pred_obs_r2,pred_obs_r2_exp
3750,0.4206517933641065,0.7630938375773608,0.7616906480962956
