nt,pseudo_r2,pred_obs_r2,pred_obs_r2_exp
3850,0.4198002107330673,0.7661376584557427,0.7650389643774838
