nt,pseudo_r2,pred_obs_r2,pred_obs_r2_exp
4550,0.4374796423470403,0.7880354701109397,0.7873199574747204
