nt,pseudo_r2,pred_obs_r2,pred_obs_r2_exp
5750,0.4871987197080129,0.8199046168156445,0.8196669947480052
