var,rel.inf
MAP,34.30327004355241
rough_Elevation,13.677298519650522
CEC,10.810270648803511
rough_MAP,7.334168823651736
PDQ,6.468292494881605
rough_NDVI,5.218625614953599
Elevation,5.179128189666479
rough_Soil.C,4.203089767220111
rough_CEC,3.6446858449170536
pH,2.058291323533354
rough_Surface.T,1.917067772605074
Surface.T,1.9056710792707279
Clay,1.7294558272175768
rough_PDQ,1.5506840500762327
