nt,pseudo_r2,pred_obs_r2,pred_obs_r2_exp
4e3,0.4206537886984707,0.7714943046919499,0.7701620991344807
