var,rel.inf
MAP,35.923341665493545
rough_Elevation,13.914351816676161
CEC,10.7064495681853
PDQ,6.475750916598982
rough_MAP,6.4565189071613736
rough_NDVI,5.577498031673555
Elevation,5.022548167457925
rough_Soil.C,4.068342780033878
rough_CEC,3.3116549777306052
pH,2.2178257899139675
rough_Surface.T,1.9444580459866705
Surface.T,1.7980272023989454
Clay,1.4745418242352069
rough_PDQ,1.1086903064538873
