var,rel.inf
MAP,34.208615405379334
rough_Elevation,13.711862051172005
CEC,10.08028417962499
rough_MAP,6.8879607784180985
PDQ,6.533682155081173
Elevation,5.470059739797562
rough_NDVI,5.255383709377337
rough_Soil.C,4.3592072157248944
rough_CEC,3.696575754181913
pH,2.4234553473731864
Surface.T,2.231948964337361
rough_Surface.T,2.0361275093411457
Clay,1.6700141039429497
rough_PDQ,1.434823086248045
