var,rel.inf
MAP,34.14054253048307
rough_Elevation,13.422587467518182
CEC,10.46025097328904
rough_MAP,6.406147717719077
PDQ,6.3396701886081495
rough_NDVI,5.467007057543053
Elevation,5.423360558088955
rough_Soil.C,4.546210409305197
rough_CEC,3.815773732869248
pH,2.443584260330432
rough_Surface.T,2.3321553079540953
Surface.T,2.078324348888901
Clay,1.7226717035315076
rough_PDQ,1.401713743871092
