var,rel.inf
MAP,34.91103466235609
rough_Elevation,13.635212712738053
CEC,10.631190811261336
PDQ,6.492431204692356
rough_MAP,6.151165993752761
Elevation,5.4674737977157255
rough_NDVI,5.342074038910876
rough_Soil.C,4.394396754200269
rough_CEC,3.562563175584453
pH,2.3455519311261446
rough_Surface.T,2.066532118547604
Surface.T,1.9205777851337493
Clay,1.6953215680441702
rough_PDQ,1.384473445936409
