nt,pseudo_r2,pred_obs_r2,pred_obs_r2_exp
3850,0.4649605960366483,0.7666914496871534,0.7653525560311577
