var,rel.inf
MAP,35.64444970065231
rough_Elevation,13.643483104258152
CEC,10.592022802990648
rough_MAP,7.2113007917445335
PDQ,6.785248311763355
Elevation,5.069352275193391
rough_NDVI,4.9986668053150085
rough_Soil.C,3.911572582532133
rough_CEC,3.457304857526727
pH,2.2037439179336813
Surface.T,1.9601692952680922
rough_Surface.T,1.8901877357514274
Clay,1.433343715836825
rough_PDQ,1.1991541032337156
