nt,pseudo_r2,pred_obs_r2,pred_obs_r2_exp
4600,0.424296321203416,0.7894848332644807,0.7887405033126165
