nt,pseudo_r2,pred_obs_r2,pred_obs_r2_exp
4050,0.4220785464233088,0.774366245086022,0.7731960189613196
