var,rel.inf
MAP,33.631442955124385
rough_Elevation,13.20695368558146
CEC,10.476066743359855
rough_MAP,7.095995084261482
PDQ,6.211020724650713
Elevation,5.554238483824103
rough_NDVI,5.2279868339769635
rough_Soil.C,4.444466820322693
rough_CEC,3.868192302583144
pH,2.4729407640271166
rough_Surface.T,2.1648508168457417
Surface.T,2.117373561675407
Clay,1.9294128047521322
rough_PDQ,1.5990584190148045
