nt,pseudo_r2,pred_obs_r2,pred_obs_r2_exp
4250,0.43564991291595756,0.7785988992593891,0.7772737161878045
