nt,pseudo_r2,pred_obs_r2,pred_obs_r2_exp
3750,0.419797491640003,0.7636829324340881,0.7621737482607387
