nt,pseudo_r2,pred_obs_r2,pred_obs_r2_exp
3450,0.4214489832700009,0.7534853046739931,0.7522566749943751
