var,rel.inf
MAP,34.659465858080594
rough_Elevation,13.233259981222874
CEC,10.24048914446824
rough_MAP,6.726965779308569
PDQ,6.72242520944037
rough_NDVI,5.469341785958574
Elevation,5.333241355933357
rough_Soil.C,4.161686493848569
rough_CEC,3.6824954038305515
pH,2.4763463895611832
Surface.T,2.0759998176851986
rough_Surface.T,2.0308539065307496
Clay,1.7801184629886406
rough_PDQ,1.4073104111425354
