var,rel.inf
MAP,32.89548215951542
rough_Elevation,13.083597928343037
CEC,10.249718189535926
rough_MAP,6.453500800913177
PDQ,6.31076145721261
Elevation,5.787560425214362
rough_NDVI,5.397952093705114
rough_Soil.C,4.590884108672421
rough_CEC,4.133921934880469
pH,2.6375465729697862
rough_Surface.T,2.446787369043832
Clay,2.1630076636301743
Surface.T,2.06779623470868
rough_PDQ,1.7814830616549981
