nt,pseudo_r2,pred_obs_r2,pred_obs_r2_exp
3900,0.4251242866887466,0.7684643316450952,0.7672037313543767
