var,rel.inf
MAP,34.281714918688266
rough_Elevation,13.429174919550196
CEC,10.528685408064604
rough_MAP,7.265259441499481
PDQ,6.353410610170282
Elevation,5.460116442801953
rough_NDVI,5.162571129084949
rough_Soil.C,4.285877116415266
rough_CEC,3.808780556578797
pH,2.387125021707769
rough_Surface.T,2.0594664075298614
Surface.T,1.8375466643847893
Clay,1.7740762367909044
rough_PDQ,1.3661951267328911
