var,rel.inf
MAP,35.087756683948584
rough_Elevation,13.738215480673771
CEC,10.717862592108185
rough_MAP,6.916299092816862
PDQ,6.812540390738798
rough_NDVI,5.292696446210316
Elevation,4.949472393042268
rough_Soil.C,4.137669785058983
rough_CEC,3.6368288884788265
pH,2.2016980606842425
rough_Surface.T,1.8793168825718223
Surface.T,1.7719367931515577
Clay,1.5149415673381539
rough_PDQ,1.3427649431776385
