var,rel.inf
MAP,35.00109644822968
rough_Elevation,13.641444409659085
CEC,10.648451533314221
rough_MAP,6.78428114942543
PDQ,6.092269865190661
Elevation,5.396635526455519
rough_NDVI,5.241051453745163
rough_Soil.C,4.48758500590596
rough_CEC,3.690103213395769
pH,2.118396835981093
Surface.T,2.008478130693903
rough_Surface.T,1.936325999191808
Clay,1.6692789239415085
rough_PDQ,1.2846015048702086
