var,rel.inf
MAP,34.32121122983101
rough_Elevation,13.657389545885676
CEC,10.160043883325825
rough_MAP,7.2960086681790095
PDQ,6.728594297505785
Elevation,5.430798765950913
rough_NDVI,5.123670340536686
rough_Soil.C,4.027153806856135
rough_CEC,3.7397598573425896
pH,2.6097010625097705
Surface.T,2.0039144635232846
rough_Surface.T,1.8871670416056747
Clay,1.6856297122845487
rough_PDQ,1.328957324663101
