var,rel.inf
MAP,35.29633745806975
rough_Elevation,13.887915784277917
CEC,10.695257809761355
rough_MAP,6.854979940857807
PDQ,6.434411072483051
rough_NDVI,5.176083927947817
Elevation,4.982597301095648
rough_Soil.C,4.053702583140887
rough_CEC,3.5226922054965453
pH,2.2852820240237093
Surface.T,2.0438350746577125
rough_Surface.T,1.9540309138444936
Clay,1.5816789426964553
rough_PDQ,1.2311949616468514
