nt,pseudo_r2,pred_obs_r2,pred_obs_r2_exp
3950,0.44484165636724715,0.7693550494985533,0.7682439946499885
