var,rel.inf
MAP,36.15845109577931
rough_Elevation,13.666783079274964
CEC,10.534552110682357
PDQ,6.696921944293536
rough_MAP,6.6562850853910085
Elevation,5.288492548377297
rough_NDVI,5.095296785508487
rough_Soil.C,3.930532071880223
rough_CEC,3.28478841117704
pH,2.211796296884052
rough_Surface.T,1.91310191114043
Surface.T,1.837512011830784
Clay,1.4119025444993805
rough_PDQ,1.313584103281121
