var,rel.inf
MAP,36.8965156598853
rough_Elevation,13.632683573583316
CEC,10.933463484141054
rough_MAP,7.2360942983976715
PDQ,6.546339302696125
rough_NDVI,5.107392740030624
Elevation,4.891118811935584
rough_Soil.C,3.5402914143344857
rough_CEC,3.4121112838350016
pH,1.904168303644658
rough_Surface.T,1.8446344668437085
Surface.T,1.7542366894519972
Clay,1.2337806778488325
rough_PDQ,1.0671692933716328
