nt,pseudo_r2,pred_obs_r2,pred_obs_r2_exp
4050,0.455656846842018,0.7736566155720795,0.7724017739439194
