var,rel.inf
MAP,35.091117939381725
rough_Elevation,13.57048984103777
CEC,10.88810518671042
rough_MAP,6.685984463294156
PDQ,6.276008940961866
Elevation,5.261061671236403
rough_NDVI,5.243200227994306
rough_Soil.C,4.223314671841391
rough_CEC,3.432653934915111
pH,2.2481544164488967
Surface.T,2.1079511335327075
rough_Surface.T,2.0669473302842674
Clay,1.6339565059410037
rough_PDQ,1.2710537364199697
