nt,pseudo_r2,pred_obs_r2,pred_obs_r2_exp
3800,0.4267844787439391,0.7648736826653582,0.7634499095238426
