var,rel.inf
MAP,34.15481551545378
rough_Elevation,13.668463125935324
CEC,10.50541142264026
PDQ,6.584574282129686
rough_MAP,6.465946179356231
Elevation,5.524143045153918
rough_NDVI,5.309658220346477
rough_Soil.C,4.252480376119557
rough_CEC,3.81669877936402
pH,2.5062970327211316
rough_Surface.T,2.1157181958992735
Surface.T,1.8789352123906178
Clay,1.717617540196813
rough_PDQ,1.4992410722929095
