nt,pseudo_r2,pred_obs_r2,pred_obs_r2_exp
3700,0.43817800972875287,0.7610985291306557,0.7597038141337207
