var,rel.inf
MAP,35.98112275940314
rough_Elevation,13.235964152845783
CEC,10.88234495839646
rough_MAP,7.005723176911896
PDQ,6.389630834164984
rough_NDVI,5.3648233442263376
Elevation,5.261022198084413
rough_Soil.C,3.9974520694922084
rough_CEC,3.122994616118192
pH,2.1430211668967933
rough_Surface.T,1.9825372599356508
Surface.T,1.9437592011797546
Clay,1.571850448131658
rough_PDQ,1.1177538142127215
