var,rel.inf
MAP,35.681667869800194
rough_Elevation,13.592289538126854
CEC,10.340126858555928
rough_MAP,6.9596877030169555
PDQ,6.6368793509093
Elevation,5.010813810079326
rough_NDVI,5.0108049504269525
rough_Soil.C,4.25906704672057
rough_CEC,3.5938729664414972
pH,2.0718121790021358
Surface.T,1.9648704866864979
rough_Surface.T,1.9073590751475609
Clay,1.6097544580105325
rough_PDQ,1.3609937070756861
