var,rel.inf
MAP,36.963040120446244
rough_Elevation,13.47052330590879
CEC,10.658276660700398
rough_MAP,7.116921903495631
PDQ,6.75844303850395
rough_NDVI,5.030105576395172
Elevation,4.856170641102461
rough_Soil.C,3.5718629497449927
rough_CEC,3.3066462609117693
pH,2.1124269112724363
rough_Surface.T,1.9528991607538388
Surface.T,1.8777418948533402
Clay,1.1817536969369709
rough_PDQ,1.1431878789740026
