var,rel.inf
MAP,34.88724524947268
rough_Elevation,14.013487834386359
CEC,10.96413798711817
rough_MAP,6.851476635607506
PDQ,6.375844232479309
Elevation,5.006503776705674
rough_NDVI,4.984056740145318
rough_Soil.C,4.40498192637032
rough_CEC,3.5762936428732903
pH,2.1933457066148594
Surface.T,2.1085320320164835
rough_Surface.T,1.7594580757543938
Clay,1.5133109511593397
rough_PDQ,1.3613252092962937
