nt,pseudo_r2,pred_obs_r2,pred_obs_r2_exp
3050,0.3965157280440327,0.7384860848995226,0.736705210932459
