nt,pseudo_r2,pred_obs_r2,pred_obs_r2_exp
3750,0.4471818423113131,0.7635922619609027,0.7620713917002425
