nt,pseudo_r2,pred_obs_r2,pred_obs_r2_exp
3900,0.43178203280691385,0.7690477450806809,0.7675984136551243
