nt,pseudo_r2,pred_obs_r2,pred_obs_r2_exp
3700,0.42471858811426566,0.7619424622084909,0.7605422386835824
