nt,pseudo_r2,pred_obs_r2,pred_obs_r2_exp
4350,0.41634629618648167,0.7832878376189583,0.7823711245016943
