nt,pseudo_r2,pred_obs_r2,pred_obs_r2_exp
4450,0.46200341879932005,0.785395836920279,0.784392319953975
