var,rel.inf
MAP,35.51299350831032
rough_Elevation,13.719332256268185
CEC,10.525890220616573
rough_MAP,6.9102251862556585
PDQ,6.569631087223057
Elevation,5.151769353550691
rough_NDVI,5.075667397882396
rough_Soil.C,4.142748691534431
rough_CEC,3.575049586158328
pH,2.0507000528397556
rough_Surface.T,1.9756962089970735
Surface.T,1.7453255127967493
Clay,1.7039021609939924
rough_PDQ,1.3410687765727811
