var,rel.inf
MAP,35.52886452853517
rough_Elevation,13.558099193922317
CEC,10.881836896246977
rough_MAP,6.906645680727022
PDQ,6.519640325353612
Elevation,5.22072440010027
rough_NDVI,5.120743844585635
rough_Soil.C,4.020816732960357
rough_CEC,3.5071751425582436
pH,2.1498114725017183
Surface.T,2.0750560516517016
rough_Surface.T,1.8366744902689747
Clay,1.4249990998921354
rough_PDQ,1.2489121406958656
