nt,pseudo_r2,pred_obs_r2,pred_obs_r2_exp
4200,0.4279815163736568,0.7789782522665321,0.7778845264721251
