nt,pseudo_r2,pred_obs_r2,pred_obs_r2_exp
5350,0.4730458350404837,0.8102914566776375,0.8095497403734306
