var,rel.inf
MAP,36.159173921799876
rough_Elevation,13.365501273622735
CEC,10.878959444626128
rough_MAP,6.6715091893554
PDQ,6.168177044311202
Elevation,5.213444230210209
rough_NDVI,5.117785537034609
rough_Soil.C,3.993230040919665
rough_CEC,3.481892793604014
pH,2.1339304164872734
rough_Surface.T,1.9879790852570571
Surface.T,1.9638796613897076
Clay,1.479589817452728
rough_PDQ,1.3849475439293888
