var,rel.inf
MAP,35.39253132250974
rough_Elevation,13.644688137959456
CEC,10.631745768086216
rough_MAP,7.270875534358223
PDQ,6.596024763292449
Elevation,5.3097491433820965
rough_NDVI,5.0736448276738475
rough_Soil.C,3.927521730919986
rough_CEC,3.696588718346413
pH,2.047368033460566
Surface.T,2.0078497779680955
rough_Surface.T,1.7784010243901953
Clay,1.454727800360766
rough_PDQ,1.1682834172919472
