nt,pseudo_r2,pred_obs_r2,pred_obs_r2_exp
4100,0.45593025087589556,0.7745296288629928,0.7736144212710143
