var,rel.inf
MAP,34.736831621519286
rough_Elevation,13.669128769628072
CEC,10.586736821172089
rough_MAP,7.463968268625452
PDQ,6.580930149516392
Elevation,5.238553693818137
rough_NDVI,5.087514194219155
rough_Soil.C,4.231667372258449
rough_CEC,3.4706726674926105
pH,2.2180442114430146
Surface.T,2.151276949210177
rough_Surface.T,1.617055933354852
Clay,1.5027392608229366
rough_PDQ,1.4448800869193856
