nt,pseudo_r2,pred_obs_r2,pred_obs_r2_exp
4450,0.45081131230852345,0.7872494856518467,0.7865189549631834
