nt,pseudo_r2,pred_obs_r2,pred_obs_r2_exp
4e3,0.4615610358925962,0.7732205128014435,0.7721195244777672
