nt,pseudo_r2,pred_obs_r2,pred_obs_r2_exp
4650,0.45655403203791345,0.7906571225783278,0.7897063215842086
