var,rel.inf
MAP,35.298725260780365
rough_Elevation,13.364100851318385
CEC,10.403590396775266
rough_MAP,6.414620212200263
PDQ,6.396156240276818
Elevation,5.35642592429405
rough_NDVI,5.33195580092653
rough_Soil.C,4.300078230717183
rough_CEC,3.4040003093488753
pH,2.3543251726359187
Surface.T,2.2049709461559965
rough_Surface.T,2.1255834391949113
Clay,1.6570143158074495
rough_PDQ,1.3884528995679868
