nt,pseudo_r2,pred_obs_r2,pred_obs_r2_exp
4e3,0.43301595587066466,0.7729896377786444,0.771940023014396
