nt,pseudo_r2,pred_obs_r2,pred_obs_r2_exp
3800,0.4321108027173882,0.7653483795281477,0.7640889797106466
