var,rel.inf
MAP,36.94502025675791
rough_Elevation,13.64270988644083
CEC,10.8826144808028
PDQ,6.410121135201142
rough_MAP,6.325786799877941
rough_NDVI,5.181464221362019
Elevation,5.054267268695545
rough_Soil.C,3.8248234070858387
rough_CEC,3.18613886205712
rough_Surface.T,2.1107091322028246
pH,2.01373261513483
Surface.T,1.9488405445011394
rough_PDQ,1.3084645322262491
Clay,1.1653068576538177
