nt,pseudo_r2,pred_obs_r2,pred_obs_r2_exp
4600,0.4562719805178598,0.7898264244240546,0.7889038330839426
