nt,pseudo_r2,pred_obs_r2,pred_obs_r2_exp
4850,0.44333246985058516,0.7968645156686837,0.7961091511121623
