nt,pseudo_r2,pred_obs_r2,pred_obs_r2_exp
4550,0.4549744078331813,0.7891242763146866,0.788143087194125
