nt,pseudo_r2,pred_obs_r2,pred_obs_r2_exp
4100,0.4329614810296446,0.7745735354009124,0.7736844217316469
