var,rel.inf
MAP,35.06306780951895
rough_Elevation,13.50949258769859
CEC,10.586726052337449
rough_MAP,6.99500753159253
PDQ,6.343239187183924
rough_NDVI,5.387141856481612
Elevation,5.251458381361522
rough_Soil.C,4.137704877094491
rough_CEC,3.547465775724947
pH,2.2293444032085006
Surface.T,2.0964829871051647
rough_Surface.T,1.9843742342498878
Clay,1.5324151722926311
rough_PDQ,1.3360791441498086
