nt,pseudo_r2,pred_obs_r2,pred_obs_r2_exp
4950,0.4508320166176697,0.7996197518813405,0.7991179391970877
