nt,pseudo_r2,pred_obs_r2,pred_obs_r2_exp
4600,0.43407349686452223,0.7898537829693449,0.789132515286459
