var,rel.inf
MAP,34.19571055768266
rough_Elevation,13.640311309569402
CEC,10.482567775703584
PDQ,6.508267609989914
rough_MAP,6.489441901386651
Elevation,5.50710524187364
rough_NDVI,5.225228187900277
rough_Soil.C,4.519118231182394
rough_CEC,3.6775478040063163
pH,2.4727491023261075
Surface.T,2.1023987479858537
rough_Surface.T,2.037296651318415
Clay,1.7053797681059868
rough_PDQ,1.436877110968806
