var,rel.inf
MAP,35.43089916430522
rough_Elevation,13.825895223316934
CEC,10.791924803478317
rough_MAP,6.839574088700023
PDQ,6.406314712297221
Elevation,5.190113319401144
rough_NDVI,5.023326332704209
rough_Soil.C,3.9614110816721064
rough_CEC,3.5434435192429
pH,2.1999804891497052
rough_Surface.T,1.969186892655478
Surface.T,1.9656968766164722
Clay,1.449981711288056
rough_PDQ,1.402251785172214
