nt,pseudo_r2,pred_obs_r2,pred_obs_r2_exp
4300,0.43024830618001,0.7805780717603898,0.7795655378348196
