nt,pseudo_r2,pred_obs_r2,pred_obs_r2_exp
4400,0.4486726918453233,0.7839597655870677,0.7832331684311307
