nt,pseudo_r2,pred_obs_r2,pred_obs_r2_exp
3750,0.4197311596535953,0.7631215137183411,0.7618652880163748
