var,rel.inf
MAP,34.49912128027915
rough_Elevation,13.363093766416473
CEC,10.558248828359968
rough_MAP,7.025546570065577
PDQ,6.369472824767483
rough_NDVI,5.277837503303206
Elevation,5.223730578614774
rough_Soil.C,4.14142222271747
rough_CEC,3.719582289712621
pH,2.3359803972796334
rough_Surface.T,2.1648416207637693
Surface.T,2.04597750023728
Clay,1.73132305415128
rough_PDQ,1.543821563331324
