nt,pseudo_r2,pred_obs_r2,pred_obs_r2_exp
4450,0.435204426665037,0.78426130245542,0.783333958911083
