var,rel.inf
MAP,34.843987565451414
rough_Elevation,13.577040415049316
CEC,10.567258955513779
PDQ,6.4136028600535075
rough_MAP,6.395487550010723
Elevation,5.280079582472237
rough_NDVI,5.276753373850561
rough_Soil.C,4.456209141777066
rough_CEC,3.382073616438497
pH,2.5352028389161716
rough_Surface.T,2.170687827237614
Surface.T,2.1474386984954608
Clay,1.6524250250047747
rough_PDQ,1.3017525497288873
