nt,pseudo_r2,pred_obs_r2,pred_obs_r2_exp
3650,0.4443333173006685,0.7602087551216001,0.7588250833512254
