nt,pseudo_r2,pred_obs_r2,pred_obs_r2_exp
3850,0.42016126587400027,0.7668051744433485,0.765285295391425
