nt,pseudo_r2,pred_obs_r2,pred_obs_r2_exp
4600,0.44128857050793757,0.7895029168911953,0.7886623652404918
