nt,pseudo_r2,pred_obs_r2,pred_obs_r2_exp
4650,0.4473004263995286,0.7908208586480775,0.7898933186582113
