var,rel.inf
MAP,38.15772346521792
rough_Elevation,13.6496265015343
CEC,10.675788895724427
rough_MAP,6.892140691704239
PDQ,6.782409642136628
rough_NDVI,5.056766048103537
Elevation,4.640691188100198
rough_Soil.C,3.349975218824044
rough_CEC,3.234116867726824
rough_Surface.T,1.9899709645771224
pH,1.8934606485313032
Surface.T,1.6937715207747568
Clay,1.0154555612589355
rough_PDQ,0.968102785785769
