nt,pseudo_r2,pred_obs_r2,pred_obs_r2_exp
4350,0.4688933414736558,0.7811895889993131,0.7803049483287774
