var,rel.inf
MAP,34.532157480559334
rough_Elevation,13.800639338859355
CEC,10.771525980629294
rough_MAP,6.758975151450436
PDQ,6.386697541530244
Elevation,5.359513024543063
rough_NDVI,5.294035850290562
rough_Soil.C,4.454377789807322
rough_CEC,3.7788553841077244
pH,2.1538978965973423
rough_Surface.T,2.015394887623818
Surface.T,1.8359870951757078
Clay,1.5505131653022306
rough_PDQ,1.307429413523576
