nt,pseudo_r2,pred_obs_r2,pred_obs_r2_exp
3950,0.43575952500074766,0.7701805115641985,0.769053509052958
