nt,pseudo_r2,pred_obs_r2,pred_obs_r2_exp
4750,0.43402862914258755,0.7934439780109612,0.7922843866232104
