var,rel.inf
MAP,35.6754475637706
rough_Elevation,13.638560336436127
CEC,10.67232129352502
rough_MAP,7.456967441240089
PDQ,6.231406139301175
rough_NDVI,5.223333877778898
Elevation,5.054419929867137
rough_Soil.C,4.0741724059232185
rough_CEC,3.4007360976430507
pH,2.215615686760273
rough_Surface.T,1.8869030401403584
Surface.T,1.8319444735677837
Clay,1.4379555295182442
rough_PDQ,1.200216184528039
