nt,pseudo_r2,pred_obs_r2,pred_obs_r2_exp
4450,0.41739003453211443,0.7854241990046836,0.7844574634501901
