var,rel.inf
MAP,33.944085700816885
rough_Elevation,13.472965871151176
CEC,10.368033267299316
rough_MAP,6.556394248025219
PDQ,6.325897983863609
rough_NDVI,5.617585648580545
Elevation,5.602823245487651
rough_Soil.C,4.364123818316579
rough_CEC,3.756449566569761
pH,2.443910498545217
Surface.T,2.264927124985706
rough_Surface.T,2.0958898949098304
Clay,1.7561253384243614
rough_PDQ,1.4307877930241442
