var,rel.inf
MAP,35.08873490966114
rough_Elevation,13.281700169720445
CEC,10.687295000126243
rough_MAP,6.6512861837735295
PDQ,6.372905552109253
rough_NDVI,5.22195769848427
Elevation,5.183604523590455
rough_Soil.C,4.3387375594519115
rough_CEC,3.611039035353556
pH,2.3278690832601088
rough_Surface.T,2.142228423755971
Surface.T,2.0367367037575055
Clay,1.6192018860185582
rough_PDQ,1.4367032709370435
