var,rel.inf
MAP,35.84228148433575
rough_Elevation,13.46837929654925
CEC,10.865055292612263
rough_MAP,6.783129624413346
PDQ,6.512593569476657
rough_NDVI,5.305596459530665
Elevation,5.14168899268771
rough_Soil.C,4.214638017245741
rough_CEC,3.4054572407766863
pH,2.031302872423961
Surface.T,1.8222420944651376
rough_Surface.T,1.8170310514191257
Clay,1.479242514382098
rough_PDQ,1.3113614896816244
