nt,pseudo_r2,pred_obs_r2,pred_obs_r2_exp
4100,0.4397612516510223,0.7744526688875065,0.7733164884689828
