nt,pseudo_r2,pred_obs_r2,pred_obs_r2_exp
4400,0.43602621981245204,0.7842236889565006,0.7832730446468907
