nt,pseudo_r2,pred_obs_r2,pred_obs_r2_exp
3900,0.4420801389388944,0.7690457832297228,0.7678651840205517
