nt,pseudo_r2,pred_obs_r2,pred_obs_r2_exp
4600,0.4315109147195876,0.7900610185194085,0.7892605607884188
