var,rel.inf
MAP,35.400360953470404
rough_Elevation,13.811232853586914
CEC,10.833049167752538
rough_MAP,6.646644592926001
PDQ,6.175096792323185
Elevation,5.110886807207951
rough_NDVI,5.079008513444218
rough_Soil.C,4.51044912802532
rough_CEC,3.637367477205898
pH,2.2673520656222887
rough_Surface.T,2.1506598919292186
Surface.T,1.7348981882868226
Clay,1.354048015868671
rough_PDQ,1.2889455523505793
