nt,pseudo_r2,pred_obs_r2,pred_obs_r2_exp
4350,0.43874321044176334,0.783265804802303,0.7822372442134787
