nt,pseudo_r2,pred_obs_r2,pred_obs_r2_exp
4500,0.4328413863290631,0.7860468470572031,0.7852365986094159
