var,rel.inf
MAP,34.42241631612437
rough_Elevation,13.854287289405388
CEC,10.408648124032817
rough_MAP,6.450168904261555
PDQ,6.245204119249137
Elevation,5.505255354658442
rough_NDVI,5.228912815930516
rough_Soil.C,4.546133903511958
rough_CEC,3.865039158726186
pH,2.331589130058797
rough_Surface.T,2.225495726767014
Surface.T,1.9151845109859065
Clay,1.6333260751618264
rough_PDQ,1.3683385711260931
