nt,pseudo_r2,pred_obs_r2,pred_obs_r2_exp
4600,0.416598827016312,0.7892121021062101,0.788345424658111
