nt,pseudo_r2,pred_obs_r2,pred_obs_r2_exp
4100,0.4349401175744697,0.7749192113993996,0.7739218330268026
