var,rel.inf
MAP,35.63327763068114
rough_Elevation,13.610095791742939
CEC,10.926483392125077
rough_MAP,6.547354028164624
PDQ,6.2664774009715245
rough_NDVI,5.187217325164297
Elevation,5.105157035459412
rough_Soil.C,4.18116224010641
rough_CEC,3.6579342628212057
pH,2.203357197821004
Surface.T,2.042991757614118
rough_Surface.T,1.9409530441855178
Clay,1.3725513048811782
rough_PDQ,1.3249875882615527
