nt,pseudo_r2,pred_obs_r2,pred_obs_r2_exp
4150,0.4560215995858222,0.7772174823214163,0.7762632277455538
