nt,pseudo_r2,pred_obs_r2,pred_obs_r2_exp
4100,0.4452052257439405,0.7754451691179275,0.7744171049674196
