nt,pseudo_r2,pred_obs_r2,pred_obs_r2_exp
4550,0.4340527711436083,0.7886553475457427,0.7878362555167185
