nt,pseudo_r2,pred_obs_r2,pred_obs_r2_exp
4300,0.4521006410486369,0.7806842675233503,0.7797763032307432
