var,rel.inf
MAP,33.52690538693426
rough_Elevation,13.500535179342375
CEC,10.64892816954874
rough_MAP,7.030443176760348
PDQ,6.350000282137498
Elevation,5.498159395603219
rough_NDVI,5.172929897779795
rough_Soil.C,4.5746792935129585
rough_CEC,3.971985789273538
pH,2.3909457235061966
rough_Surface.T,2.0783918566342034
Surface.T,2.0667395661362877
Clay,1.7177134794369933
rough_PDQ,1.4716428033935822
