nt,pseudo_r2,pred_obs_r2,pred_obs_r2_exp
5150,0.45874069354333336,0.8054310992261823,0.8047572178661944
