var,rel.inf
MAP,34.22195363124801
rough_Elevation,13.635306170365117
CEC,10.424565253803213
rough_MAP,7.183581984776491
PDQ,6.35390436312193
Elevation,5.400440120933875
rough_NDVI,5.031722922641088
rough_Soil.C,4.49404229772231
rough_CEC,3.782500760068644
pH,2.2317056869920933
Surface.T,2.1488255614065053
rough_Surface.T,2.098278605378937
Clay,1.6306480156821528
rough_PDQ,1.3625246258596238
