var,rel.inf
MAP,34.206784048047545
rough_Elevation,13.508956202883224
CEC,10.948543866733893
rough_MAP,7.088484044986061
PDQ,6.128709814242029
Elevation,5.378101389007161
rough_NDVI,5.179220006337123
rough_Soil.C,4.210315131180829
rough_CEC,3.647235366253598
pH,2.416786205886449
rough_Surface.T,2.2910838435700334
Surface.T,1.9215384719165132
Clay,1.7153271991373638
rough_PDQ,1.3589144098181865
