var,rel.inf
MAP,33.94485318719889
rough_Elevation,13.61915465996273
CEC,10.621897525689688
rough_MAP,6.76506896228836
PDQ,6.291204952520319
Elevation,5.540006378969477
rough_NDVI,5.318561840309662
rough_Soil.C,4.536296421792203
rough_CEC,3.599184814907935
pH,2.4407051222110834
Surface.T,2.242294980806243
rough_Surface.T,1.9408977572099368
Clay,1.741020297515727
rough_PDQ,1.3988530986177352
