var,rel.inf
MAP,35.84234434443411
rough_Elevation,13.636683291042035
CEC,10.819800801837538
PDQ,6.62638189417511
rough_MAP,6.5686014847811
rough_NDVI,5.2399844118715695
Elevation,5.205776376995253
rough_Soil.C,4.408647104184552
rough_CEC,3.3058446069981997
pH,2.1358113336481885
Surface.T,1.7841435424375238
rough_Surface.T,1.6693093501701433
Clay,1.5119098593887534
rough_PDQ,1.2447615980359283
