var,rel.inf
MAP,36.45374060059203
rough_Elevation,13.309669850409527
CEC,10.661205195750973
PDQ,6.652990090657539
rough_MAP,6.616531197847464
Elevation,5.1087973553191155
rough_NDVI,4.825950843913203
rough_Soil.C,4.046105463826656
rough_CEC,3.5559870230719532
pH,2.174872701013505
rough_Surface.T,2.008053114933241
Surface.T,1.8745438474502967
rough_PDQ,1.3662919949702248
Clay,1.3452607202442834
