var,rel.inf
MAP,35.86351781289571
rough_Elevation,13.9626805283532
CEC,10.66689676327537
rough_MAP,6.957876976809434
PDQ,6.67556530738492
Elevation,5.0403943914027
rough_NDVI,5.021993388551688
rough_Soil.C,3.875683788070622
rough_CEC,3.415058979623485
pH,2.074615067217249
Surface.T,1.9840340972320698
rough_Surface.T,1.9172483918070413
Clay,1.3298054914929935
rough_PDQ,1.2146290158835225
