var,rel.inf
MAP,34.11163576171503
rough_Elevation,13.409412962557806
CEC,10.733444174661498
rough_MAP,7.080276941441124
PDQ,6.356048350459356
Elevation,5.538398296201208
rough_NDVI,4.894071040896211
rough_Soil.C,4.474841906531754
rough_CEC,3.790746792476156
pH,2.1806289902004456
Surface.T,2.1540462507382223
rough_Surface.T,1.8922105045185496
Clay,1.8795334870509992
rough_PDQ,1.504704540551634
