var,rel.inf
MAP,35.80893373796957
rough_Elevation,13.9025002739533
CEC,10.721839181395266
rough_MAP,6.616008126033256
PDQ,6.544030483024337
rough_NDVI,5.194546459732316
Elevation,5.172972712300291
rough_Soil.C,3.959323688562539
rough_CEC,3.4455115792334325
Surface.T,2.0592128320063123
pH,2.0566442653476624
rough_Surface.T,1.7605078479241032
Clay,1.4913528560971734
rough_PDQ,1.2666159564204462
