nt,pseudo_r2,pred_obs_r2,pred_obs_r2_exp
3600,0.45032669055014096,0.758206764601392,0.756673872397044
