var,rel.inf
MAP,35.223067432254354
rough_Elevation,13.565704736537775
CEC,10.997565795046093
rough_MAP,6.721266804469224
PDQ,6.050347222800706
rough_NDVI,5.311572679112766
Elevation,5.29523664589808
rough_Soil.C,4.292269637970428
rough_CEC,3.3902881659683093
Surface.T,2.2422573724364283
pH,2.167306222284198
rough_Surface.T,1.9514278714811997
Clay,1.4363236790243918
rough_PDQ,1.3553657347160517
