var,rel.inf
MAP,36.04919312068237
rough_Elevation,13.775140689701212
CEC,10.695748585448072
rough_MAP,7.298135892038188
PDQ,6.471080659675237
Elevation,5.049717389344288
rough_NDVI,5.006392467863106
rough_Soil.C,3.724526299943399
rough_CEC,3.4367703290566975
Surface.T,2.0201620192534073
pH,1.9855717024398971
rough_Surface.T,1.813225841879738
rough_PDQ,1.349763519979469
Clay,1.324571482694931
