var,rel.inf
MAP,36.3780093569687
rough_Elevation,13.337935489463971
CEC,10.860773172321169
rough_MAP,7.2331535789304775
PDQ,6.26973175760942
Elevation,5.226059077802696
rough_NDVI,5.170064981577737
rough_Soil.C,3.78175029623505
rough_CEC,3.485582547141104
pH,1.9816718081800158
Surface.T,1.9337467866408924
rough_Surface.T,1.8192881805256083
Clay,1.34154889010985
rough_PDQ,1.1806840764933118
