var,rel.inf
MAP,35.75892183962742
rough_Elevation,13.442777036829332
CEC,10.812236822165307
rough_MAP,6.320973205639479
PDQ,6.293877148583471
Elevation,5.316611829864399
rough_NDVI,5.10756459063394
rough_Soil.C,4.152369318923931
rough_CEC,3.6850729883468922
pH,2.219241498954296
rough_Surface.T,2.0906820482625483
Clay,1.7560316905401152
Surface.T,1.713347159460449
rough_PDQ,1.3302928221684205
