nt,pseudo_r2,pred_obs_r2,pred_obs_r2_exp
4600,0.45411576627236483,0.7900385313248023,0.7891657935550028
