var,rel.inf
MAP,35.63179727538664
rough_Elevation,13.306475135908828
CEC,10.785913538016421
rough_MAP,7.0155814807547765
PDQ,6.469121433307362
Elevation,5.161760872932878
rough_NDVI,4.976503092164106
rough_Soil.C,4.115631070030315
rough_CEC,3.4718373824531725
pH,2.1890273486930205
rough_Surface.T,2.049969535764099
Surface.T,1.9780798826559227
Clay,1.4834968341525447
rough_PDQ,1.364805117779912
