nt,pseudo_r2,pred_obs_r2,pred_obs_r2_exp
4250,0.43414116888623644,0.778997464481061,0.7781621483980585
