nt,pseudo_r2,pred_obs_r2,pred_obs_r2_exp
4350,0.4524919401593751,0.7823379883125752,0.7815997416060589
