var,rel.inf
MAP,36.19305765505403
rough_Elevation,13.54623699387106
CEC,10.804202378908561
rough_MAP,7.009077961749234
PDQ,6.592061055105993
Elevation,4.924503720431032
rough_NDVI,4.830107525073573
rough_Soil.C,3.7623776893559606
rough_CEC,3.74483062693004
pH,2.112936327610348
Surface.T,1.941116543945398
rough_Surface.T,1.7579956883226122
Clay,1.4760164253304504
rough_PDQ,1.305479408311714
