var,rel.inf
MAP,34.48252942074836
rough_Elevation,13.380514984816704
CEC,10.74958686492837
rough_MAP,6.637596391386613
PDQ,6.284786310035729
rough_NDVI,5.61477250879433
Elevation,5.439896372765492
rough_Soil.C,4.340198733207947
rough_CEC,3.4591562353339027
pH,2.397819699431344
Surface.T,2.090717651641957
rough_Surface.T,2.073695232067209
Clay,1.6571307277540568
rough_PDQ,1.39159886708799
