nt,pseudo_r2,pred_obs_r2,pred_obs_r2_exp
4500,0.4345666363017707,0.7862124607345885,0.7854575317547364
