nt,pseudo_r2,pred_obs_r2,pred_obs_r2_exp
3900,0.4240231886227108,0.7690105040309099,0.7679622413564289
