var,rel.inf
MAP,35.131215881590244
rough_Elevation,13.775104211842216
CEC,10.841036313600632
rough_MAP,6.747266125579416
PDQ,6.569025656095319
Elevation,5.284579175233581
rough_NDVI,5.101971981199286
rough_Soil.C,4.229286585794106
rough_CEC,3.415911558559941
pH,2.2087825621876864
rough_Surface.T,1.8848702818687328
Surface.T,1.716546699134557
Clay,1.5731810325935327
rough_PDQ,1.521221934720765
