var,rel.inf
MAP,35.098784382410614
rough_Elevation,13.585207056500375
CEC,10.594005842478728
rough_MAP,6.7719671081489805
PDQ,6.363799474524191
Elevation,5.302693954248599
rough_NDVI,5.182410556241229
rough_Soil.C,4.152465370494948
rough_CEC,3.5715504973875065
pH,2.301200603659961
rough_Surface.T,2.2122287843188375
Surface.T,1.92587854184097
Clay,1.578186408273564
rough_PDQ,1.3596214194714997
