var,rel.inf
MAP,32.769424771941665
rough_Elevation,13.512345383884035
CEC,10.444222889112224
rough_MAP,7.333799835459774
PDQ,6.273743436911084
Elevation,5.492619591232122
rough_NDVI,5.475827996008392
rough_Soil.C,4.506549601195799
rough_CEC,4.153640538567246
pH,2.3962370673953677
Surface.T,2.1948696543818738
rough_Surface.T,1.9792434654795938
Clay,1.8982644966728202
rough_PDQ,1.5692112717580067
