nt,pseudo_r2,pred_obs_r2,pred_obs_r2_exp
3150,0.4181672021270486,0.7417304778864765,0.7398187570673314
