nt,pseudo_r2,pred_obs_r2,pred_obs_r2_exp
5550,0.4708737177675456,0.8156105558123312,0.8151567117170668
