var,rel.inf
MAP,33.91903149179243
rough_Elevation,13.767215298919856
CEC,10.761255405714085
rough_MAP,7.518841343959505
PDQ,5.99133379679083
Elevation,5.445241094321887
rough_NDVI,5.396828954590194
rough_Soil.C,4.239071175045327
rough_CEC,3.5084290282107884
pH,2.182586771454522
Surface.T,2.0649379954571856
rough_Surface.T,1.9863414062639146
Clay,1.7747250962613434
rough_PDQ,1.444161141218131
