var,rel.inf
MAP,35.3330126462605
rough_Elevation,13.239454628896807
CEC,10.360666460337361
PDQ,6.722017137489902
rough_MAP,6.480296564729623
Elevation,5.317650301016885
rough_NDVI,5.091858128274794
rough_Soil.C,4.229892290294056
rough_CEC,3.707754946243426
pH,2.3246425385965255
rough_Surface.T,2.1574558418090968
Surface.T,2.0993303008996005
Clay,1.4690644228995748
rough_PDQ,1.4669037922518384
