nt,pseudo_r2,pred_obs_r2,pred_obs_r2_exp
4300,0.4486057682148561,0.7817918707017163,0.7807801469956758
