var,rel.inf
MAP,34.72717243154601
rough_Elevation,13.871835166953158
CEC,10.530329168010478
rough_MAP,6.944188952286574
PDQ,6.683916133892478
rough_NDVI,5.200734498749578
Elevation,5.1810268454636
rough_Soil.C,3.9911640409242706
rough_CEC,3.897265782983888
pH,2.2206961768280093
rough_Surface.T,2.0657655755208633
Surface.T,1.927361758878193
Clay,1.5692417941541967
rough_PDQ,1.1893016738086966
