nt,pseudo_r2,pred_obs_r2,pred_obs_r2_exp
3850,0.4242251561060938,0.7655366228923063,0.7641136835540331
