var,rel.inf
MAP,34.204565860933634
rough_Elevation,13.111649429758971
CEC,10.594611832111086
rough_MAP,6.661490190918559
PDQ,6.348320191389321
Elevation,5.613090387876198
rough_NDVI,5.289569846669618
rough_Soil.C,4.363233142869029
rough_CEC,3.7913280005125345
pH,2.4373959003394416
rough_Surface.T,2.1416577701354935
Surface.T,2.101986359514
Clay,1.8149886847386572
rough_PDQ,1.5261124022334673
