nt,pseudo_r2,pred_obs_r2,pred_obs_r2_exp
4150,0.43590770735442386,0.7760390668068513,0.7747741940716281
