var,rel.inf
MAP,35.49942911174442
rough_Elevation,13.895953153551089
CEC,10.720358762001144
rough_MAP,6.70977218073279
PDQ,6.545666812034194
Elevation,5.300149379865957
rough_NDVI,5.0762077826847305
rough_Soil.C,4.205738679944559
rough_CEC,3.3534400430381197
pH,2.1572802234244115
Surface.T,1.9934252961584384
rough_Surface.T,1.8377193230394016
Clay,1.4951534395789736
rough_PDQ,1.2097058122017665
