var,rel.inf
MAP,35.22266785810456
rough_Elevation,13.712690695644072
CEC,10.67218289112974
rough_MAP,6.6660230444774555
PDQ,6.386421427045447
rough_NDVI,5.2147165685562245
Elevation,5.18323101629086
rough_Soil.C,4.137377286895064
rough_CEC,3.518712133039628
pH,2.2459692697850264
Surface.T,2.126552818605595
rough_Surface.T,2.103904490153191
Clay,1.5399485448228596
rough_PDQ,1.2696019554502873
