nt,pseudo_r2,pred_obs_r2,pred_obs_r2_exp
4350,0.4289720128067336,0.7830974333117848,0.7822101712858772
