nt,pseudo_r2,pred_obs_r2,pred_obs_r2_exp
3750,0.43757180543344587,0.7632646822738965,0.7621387513088996
