nt,pseudo_r2,pred_obs_r2,pred_obs_r2_exp
4450,0.43597552638962067,0.7857761139149688,0.7847974987366932
