var,rel.inf
MAP,35.270573718541904
rough_Elevation,13.977902088673979
CEC,10.781177733233143
rough_MAP,6.903922953435457
PDQ,6.459300462114852
Elevation,5.184096690580817
rough_NDVI,5.056101339318221
rough_Soil.C,4.253081544478943
rough_CEC,3.575258359784671
pH,2.0801107584077205
Surface.T,1.864537562197579
rough_Surface.T,1.8497476692674684
Clay,1.448364287047539
rough_PDQ,1.2958248329177182
