var,rel.inf
MAP,34.526655549538084
rough_Elevation,13.525707227347175
CEC,10.621117557816449
rough_MAP,7.346031619058707
PDQ,6.23080739059109
rough_NDVI,5.3689392733882455
Elevation,5.32513669800268
rough_Soil.C,4.244845299809105
rough_CEC,3.6700955726474707
pH,2.224869903814358
Surface.T,2.121499010997498
rough_Surface.T,1.9790553065152179
Clay,1.426094228967088
rough_PDQ,1.3891453615068334
