var,rel.inf
MAP,34.59041741258243
rough_Elevation,13.436874833687657
CEC,10.702590012548745
rough_MAP,6.571380019920447
PDQ,6.149428209168786
Elevation,5.473943071888835
rough_NDVI,5.397449664460671
rough_Soil.C,4.168539540223709
rough_CEC,3.722645891957269
pH,2.4020604787024773
rough_Surface.T,2.196623726013446
Surface.T,2.007872962670799
Clay,1.7271771702426955
rough_PDQ,1.452997005932027
