nt,pseudo_r2,pred_obs_r2,pred_obs_r2_exp
3800,0.43554671479180174,0.7660200254409711,0.7646336853761122
