var,rel.inf
MAP,32.67565877686538
rough_Elevation,13.621848900277882
CEC,10.357253360803732
rough_MAP,6.591561480283909
PDQ,6.047729510827347
Elevation,5.65259955550476
rough_NDVI,5.4653919602225125
rough_Soil.C,4.851312636977437
rough_CEC,4.0114277289687195
pH,2.6482179415586993
rough_Surface.T,2.1675700555750823
Surface.T,2.1017240498503384
Clay,2.0009557564108174
rough_PDQ,1.8067482858733726
