nt,pseudo_r2,pred_obs_r2,pred_obs_r2_exp
4650,0.4636165345695872,0.7905484516046694,0.7898277827539885
