nt,pseudo_r2,pred_obs_r2,pred_obs_r2_exp
4250,0.4299019516037079,0.780077552426122,0.7790506905364574
