var,rel.inf
MAP,36.02915829176696
rough_Elevation,14.117285612330729
CEC,10.851436737815371
rough_MAP,6.931202543150334
PDQ,6.910969615417751
rough_NDVI,4.974762847377069
Elevation,4.800032198448025
rough_Soil.C,4.013677043535613
rough_CEC,3.360114196050834
pH,2.092152126011331
rough_Surface.T,1.8147848964594455
Surface.T,1.7247680506336884
Clay,1.3030284631013627
rough_PDQ,1.0766273779014868
