var,rel.inf
MAP,36.58905637980822
rough_Elevation,13.485796553932943
CEC,10.775811834198585
rough_MAP,7.072407887640591
PDQ,6.571651026256405
Elevation,4.971308922926972
rough_NDVI,4.924133368316418
rough_Soil.C,4.026688218432003
rough_CEC,3.4721391202086656
pH,2.0478984179406607
Surface.T,1.8936241826588376
rough_Surface.T,1.721230014648604
Clay,1.3354614206939996
rough_PDQ,1.1127926523370848
