var,rel.inf
MAP,34.71044737308576
rough_Elevation,13.691946594393997
CEC,10.725185948556458
rough_MAP,6.409447145963283
PDQ,6.378446748524631
Elevation,5.21587855429204
rough_NDVI,5.196391908163014
rough_Soil.C,4.533678583618269
rough_CEC,3.87652488236687
pH,2.3091534737546886
rough_Surface.T,1.9605335834538264
Surface.T,1.8352283108794565
Clay,1.7205318022186316
rough_PDQ,1.436605090729075
