var,rel.inf
MAP,35.38395704148788
rough_Elevation,13.874510573732902
CEC,10.457610196589822
rough_MAP,6.671356300228777
PDQ,6.556649918974388
Elevation,5.355898428111778
rough_NDVI,5.062827961738303
rough_Soil.C,4.121033384316488
rough_CEC,3.478214849357047
Surface.T,2.0861362017548886
pH,2.066358962497778
rough_Surface.T,2.036483315725024
Clay,1.5883273805592026
rough_PDQ,1.2606354849257246
