var,rel.inf
MAP,34.2400923790399
rough_Elevation,13.426556122403785
CEC,10.588460141817311
rough_MAP,6.660711979138585
PDQ,6.28234075546168
Elevation,5.61380625686749
rough_NDVI,5.042571493157945
rough_Soil.C,4.202091768253384
rough_CEC,3.95468559677887
pH,2.4560834073406834
Surface.T,2.3558781273009197
rough_Surface.T,1.9723122498527128
Clay,1.7107224210785634
rough_PDQ,1.4936873015081642
