nt,pseudo_r2,pred_obs_r2,pred_obs_r2_exp
3950,0.43797867173547755,0.7702434608282804,0.7691831773190014
