nt,pseudo_r2,pred_obs_r2,pred_obs_r2_exp
3600,0.42330888947065637,0.7584607639773618,0.757030635330283
