nt,pseudo_r2,pred_obs_r2,pred_obs_r2_exp
4100,0.4344026230243635,0.7762019752432573,0.7753136617484611
