var,rel.inf
MAP,33.1578272026913
rough_Elevation,13.25198407736346
CEC,10.52391490832594
rough_MAP,7.117096365173864
PDQ,6.205530063267468
rough_NDVI,5.685698055506306
Elevation,5.372348840826553
rough_Soil.C,4.3011624769473995
rough_CEC,3.924577737942835
pH,2.4818513549393524
Surface.T,2.2608820885134215
rough_Surface.T,2.0813488829137654
Clay,1.982814319540191
rough_PDQ,1.6529636260481375
