nt,pseudo_r2,pred_obs_r2,pred_obs_r2_exp
3900,0.4384178381433963,0.7691935527544851,0.7682038738802948
