nt,pseudo_r2,pred_obs_r2,pred_obs_r2_exp
3500,0.4307094610644193,0.7553586219703341,0.7541089410812637
