nt,pseudo_r2,pred_obs_r2,pred_obs_r2_exp
3850,0.4277043808059391,0.7664631097428187,0.7651451222994118
