nt,pseudo_r2,pred_obs_r2,pred_obs_r2_exp
3800,0.45451301375915665,0.7640431530506415,0.7629142119056248
