var,rel.inf
MAP,36.808629958463094
rough_Elevation,13.443456552492842
CEC,10.856794679582748
rough_MAP,7.241178844713815
PDQ,6.634759973897528
rough_NDVI,4.973544834841223
Elevation,4.939667744550008
rough_Soil.C,3.7672099293426524
rough_CEC,3.0924751133107855
pH,2.1902845951330305
Surface.T,1.9727503900695467
rough_Surface.T,1.7644986266900258
Clay,1.1844923467333435
rough_PDQ,1.1302564101793557
