nt,pseudo_r2,pred_obs_r2,pred_obs_r2_exp
4e3,0.44043447495644983,0.771347314845456,0.7701517390375567
