var,rel.inf
MAP,35.08378293186092
rough_Elevation,13.265680104345433
CEC,10.639957255103848
rough_MAP,7.145827238576574
PDQ,6.623003213508069
Elevation,5.38682060682643
rough_NDVI,5.022443799428795
rough_Soil.C,4.336173681285045
rough_CEC,3.577429086827897
pH,2.3112076443724385
Surface.T,1.9910899464482064
rough_Surface.T,1.8872789581468201
Clay,1.4637878345912547
rough_PDQ,1.2655176986782848
