nt,pseudo_r2,pred_obs_r2,pred_obs_r2_exp
4e3,0.4453708753127673,0.7721642329731001,0.7710694881480042
