var,rel.inf
MAP,35.234364842845096
rough_Elevation,13.772176717383335
CEC,10.657460379814173
rough_MAP,7.191587444946728
PDQ,6.629400383546344
Elevation,5.250550921384334
rough_NDVI,4.691533554244615
rough_Soil.C,4.220660155877131
rough_CEC,3.451494066663757
Surface.T,2.183362305616137
pH,2.1731947527301947
rough_Surface.T,1.669450238934453
Clay,1.5091686246324396
rough_PDQ,1.3655956113812535
