var,rel.inf
MAP,34.71864445608897
rough_Elevation,13.318487287171683
CEC,10.665786030424858
rough_MAP,6.657813714422222
PDQ,6.5118495203006415
rough_NDVI,5.3623883344770755
Elevation,5.245033677018065
rough_Soil.C,4.293868138799065
rough_CEC,3.822397754436364
pH,2.394118802277733
rough_Surface.T,2.0811356835468406
Surface.T,1.8237847139574046
Clay,1.6677618597217958
rough_PDQ,1.4369300273572883
