nt,pseudo_r2,pred_obs_r2,pred_obs_r2_exp
4200,0.4522078533844397,0.7775569660460164,0.776483552588974
