nt,pseudo_r2,pred_obs_r2,pred_obs_r2_exp
3900,0.4264910973646283,0.768828946675658,0.7676768999564089
