nt,pseudo_r2,pred_obs_r2,pred_obs_r2_exp
4200,0.4370593461622053,0.7780751991122088,0.7769993560027407
