nt,pseudo_r2,pred_obs_r2,pred_obs_r2_exp
5700,0.441118234630812,0.818864764259904,0.8184196542487996
