nt,pseudo_r2,pred_obs_r2,pred_obs_r2_exp
4650,0.4353375906814061,0.7907304343372384,0.7898912883193147
