var,rel.inf
MAP,34.70865950513127
rough_Elevation,13.521598280231911
CEC,10.424797354899042
rough_MAP,7.129119547239279
PDQ,6.550716279614261
Elevation,5.275069587597079
rough_NDVI,5.2648674113276845
rough_Soil.C,4.249821779789289
rough_CEC,3.608343527374514
pH,2.1303517252842905
Surface.T,2.0926885210818793
rough_Surface.T,1.9870620656345688
Clay,1.6666652939413704
rough_PDQ,1.390239120853548
