var,rel.inf
MAP,36.56531994579521
rough_Elevation,13.516212772165819
CEC,10.670792840094226
PDQ,6.523853648068396
rough_MAP,6.397539633119085
Elevation,5.180178920901856
rough_NDVI,5.080811216077404
rough_Soil.C,3.828709346492005
rough_CEC,3.6504549201637855
pH,2.134908500816397
Surface.T,1.939077604138427
rough_Surface.T,1.8034831174529975
Clay,1.4242911376522032
rough_PDQ,1.284366397062199
