var,rel.inf
MAP,34.74278068155492
rough_Elevation,13.663225086286205
CEC,10.620099961088895
rough_MAP,6.60459640169606
PDQ,6.383355720725666
Elevation,5.321627463413108
rough_NDVI,5.257810775896879
rough_Soil.C,4.35608360032455
rough_CEC,3.6788518940654447
pH,2.208321490707799
Surface.T,2.1657981652959264
rough_Surface.T,2.007984495113149
Clay,1.6912631491379355
rough_PDQ,1.29820111469347
