nt,pseudo_r2,pred_obs_r2,pred_obs_r2_exp
4050,0.42578913521691897,0.7738464803725406,0.772949876235137
