var,rel.inf
MAP,36.0002404117261
rough_Elevation,13.609802181373485
CEC,10.818403058520405
PDQ,6.607981116976543
rough_MAP,6.546604713586623
Elevation,5.091750632474141
rough_NDVI,5.064455050907286
rough_Soil.C,4.065965765328672
rough_CEC,3.3665876556341137
pH,2.281056211714689
rough_Surface.T,1.964973262431688
Surface.T,1.9542625699934484
rough_PDQ,1.3158637352263811
Clay,1.312053634106428
