nt,pseudo_r2,pred_obs_r2,pred_obs_r2_exp
4050,0.4344155603814368,0.7733083688573233,0.7720804103889011
