nt,pseudo_r2,pred_obs_r2,pred_obs_r2_exp
4300,0.43993090380338506,0.7812637999328615,0.7801342235162684
