nt,pseudo_r2,pred_obs_r2,pred_obs_r2_exp
3550,0.41607667523522285,0.756069044626437,0.7545064200937499
