nt,pseudo_r2,pred_obs_r2,pred_obs_r2_exp
3550,0.43269701600291355,0.7559426628389322,0.7544753530748015
