var,rel.inf
MAP,34.78743362207003
rough_Elevation,13.29244130733201
CEC,10.484135873413832
rough_MAP,7.284390749168828
PDQ,6.524749389487344
Elevation,5.258870663471266
rough_NDVI,5.198494616963948
rough_Soil.C,4.142635071329321
rough_CEC,3.6026116904325804
pH,2.3077874429017053
rough_Surface.T,2.0118657824286235
Surface.T,1.9608461819490561
Clay,1.6840658656463063
rough_PDQ,1.4596717434051514
