nt,pseudo_r2,pred_obs_r2,pred_obs_r2_exp
3950,0.410154203258312,0.7698856236038457,0.7686865322622385
