nt,pseudo_r2,pred_obs_r2,pred_obs_r2_exp
4050,0.4480868366144045,0.7733279778658237,0.7722189706483612
