nt,pseudo_r2,pred_obs_r2,pred_obs_r2_exp
5450,0.4718851179810388,0.8129885032613535,0.8125440886574441
