var,rel.inf
MAP,35.22674980952046
rough_Elevation,13.797837371693902
CEC,10.612078528043327
rough_MAP,7.1958350012115115
PDQ,6.303778052801548
Elevation,5.229295490155685
rough_NDVI,5.073771073449636
rough_Soil.C,3.9654588626495033
rough_CEC,3.489568133349167
pH,2.2589744832155194
rough_Surface.T,2.14688875091518
Surface.T,1.8893784282972779
Clay,1.5687590593426035
rough_PDQ,1.241626955354671
