var,rel.inf
MAP,34.76348944118591
rough_Elevation,13.679772866053048
CEC,10.452801591282753
rough_MAP,6.879794086043121
PDQ,6.394206770527798
Elevation,5.289719723493067
rough_NDVI,5.0173482392232
rough_Soil.C,4.303450400235093
rough_CEC,3.7721975985950214
pH,2.4832269923727264
Surface.T,2.0409864889393083
rough_Surface.T,1.7565390987331888
Clay,1.7043816811921593
rough_PDQ,1.462085022123607
