var,rel.inf
MAP,33.287847401343015
rough_Elevation,13.28962549196194
CEC,10.45934509847973
rough_MAP,6.504887031072347
PDQ,6.250280903162641
Elevation,5.375537757481309
rough_NDVI,5.250344293448217
rough_Soil.C,4.657035492028562
rough_CEC,4.0558471929787645
pH,2.6413847566228843
rough_Surface.T,2.2794995162307017
Surface.T,2.2238417102713806
Clay,1.9431037089818326
rough_PDQ,1.781419645936684
