nt,pseudo_r2,pred_obs_r2,pred_obs_r2_exp
4750,0.4532181365865574,0.7945260527823632,0.7937441700276398
