nt,pseudo_r2,pred_obs_r2,pred_obs_r2_exp
3550,0.42313247371450646,0.7582807136425904,0.7571672307941859
