nt,pseudo_r2,pred_obs_r2,pred_obs_r2_exp
4800,0.4484976626025924,0.7947572628768863,0.7941458296792293
