nt,pseudo_r2,pred_obs_r2,pred_obs_r2_exp
3900,0.4395778949227225,0.7689822127749805,0.7677723221585457
