nt,pseudo_r2,pred_obs_r2,pred_obs_r2_exp
4300,0.455657144529262,0.7814460592219531,0.7804620117706392
