var,rel.inf
MAP,35.34660538238387
rough_Elevation,13.527307738339385
CEC,10.512655689411499
rough_MAP,6.777695881922824
PDQ,6.406199801325257
Elevation,5.372460452837875
rough_NDVI,5.311121863589731
rough_Soil.C,4.210378403388209
rough_CEC,3.748383252016052
pH,2.0954394473616307
rough_Surface.T,2.011308992771253
Surface.T,1.8905760775221925
Clay,1.4891049437974975
rough_PDQ,1.3007620733327252
