var,rel.inf
MAP,35.59382882270797
rough_Elevation,13.722304379721427
CEC,10.554930688263614
rough_MAP,6.68889624288543
PDQ,6.670522967623645
Elevation,5.24367780907194
rough_NDVI,4.819677817934561
rough_Soil.C,3.9907578600347664
rough_CEC,3.530243885104685
pH,2.2740868687562314
rough_Surface.T,2.135936323011056
Surface.T,1.93389842177368
Clay,1.448053846215933
rough_PDQ,1.3931840668950526
