nt,pseudo_r2,pred_obs_r2,pred_obs_r2_exp
4200,0.4055302842506704,0.7781669801096779,0.7772578911232212
