var,rel.inf
MAP,35.47252283937248
rough_Elevation,13.754603890331396
CEC,10.83366285296355
rough_MAP,7.161986496006987
PDQ,6.478315968305359
rough_NDVI,5.05719983501545
Elevation,4.966093123646436
rough_Soil.C,4.0386264161151875
rough_CEC,3.502666530985391
pH,2.2005614202349673
rough_Surface.T,1.9565656177134014
Surface.T,1.8946936390243239
Clay,1.4020663766574397
rough_PDQ,1.2804349936276187
