var,rel.inf
MAP,37.08623439309658
rough_Elevation,13.760383330604865
CEC,10.693921947224004
rough_MAP,7.707262746304748
PDQ,6.765981871616458
Elevation,4.973060670063285
rough_NDVI,4.968410820753771
rough_Soil.C,3.53979864840022
rough_CEC,2.7805862790822378
rough_Surface.T,1.8739753017047964
pH,1.8578222629203118
Surface.T,1.8506676862889526
rough_PDQ,1.118573026594835
Clay,1.0233210153449377
