var,rel.inf
MAP,34.74682202746125
rough_Elevation,13.927536547667975
CEC,10.500222477182396
rough_MAP,6.936465892745061
PDQ,6.5978166736178485
Elevation,5.242277917926899
rough_NDVI,5.009607014757271
rough_Soil.C,4.448405216318842
rough_CEC,3.718012825878705
pH,2.1905223935782336
Surface.T,1.9761255722345328
rough_Surface.T,1.8065133926285566
Clay,1.4977937358047475
rough_PDQ,1.4018783121976786
