nt,pseudo_r2,pred_obs_r2,pred_obs_r2_exp
3700,0.4448048584779559,0.7622220892351024,0.7608022354609116
