var,rel.inf
MAP,33.95368673688139
rough_Elevation,13.391731290804701
CEC,10.468886301177909
rough_MAP,6.446355511669464
PDQ,6.358553233353128
rough_NDVI,5.703183370707046
Elevation,5.504743120459558
rough_Soil.C,4.36435414212603
rough_CEC,3.7331169225894247
pH,2.344395111503435
Surface.T,2.27012435783134
rough_Surface.T,2.041138170626669
Clay,1.8121120324632232
rough_PDQ,1.6076196978066861
