var,rel.inf
MAP,35.09317693951014
rough_Elevation,13.559235357532454
CEC,10.821010363487925
PDQ,6.652406316324964
rough_MAP,6.248910347099794
Elevation,5.393919110798293
rough_NDVI,4.910346647450434
rough_Soil.C,4.402922481935835
rough_CEC,3.7279926171096287
pH,2.2765959459282055
rough_Surface.T,2.004516714773656
Surface.T,1.859343036269048
Clay,1.6694751484313726
rough_PDQ,1.3801489733482577
