var,rel.inf
MAP,33.39499782911809
rough_Elevation,13.447765871013837
CEC,10.520284102625258
rough_MAP,6.472770490810568
PDQ,6.167618700392929
Elevation,5.6282522554848535
rough_NDVI,5.318964000894697
rough_Soil.C,4.604687455637552
rough_CEC,3.950510503869871
pH,2.505004979850833
Surface.T,2.2032063779600586
Clay,2.092664067888159
rough_Surface.T,2.031852040013379
rough_PDQ,1.6614213244399094
