nt,pseudo_r2,pred_obs_r2,pred_obs_r2_exp
4550,0.4676035248431756,0.7880891666617017,0.7873370648105456
