var,rel.inf
MAP,35.220836840669385
rough_Elevation,13.501636005871456
CEC,10.498669829124077
rough_MAP,6.768825550367804
PDQ,6.6078920532351795
rough_NDVI,5.322610318748961
Elevation,5.181517949618093
rough_Soil.C,3.978598539797152
rough_CEC,3.470927078187516
pH,2.431979105318248
Surface.T,2.0454579975419165
rough_Surface.T,1.87041815804862
Clay,1.6799118709755143
rough_PDQ,1.420718702496072
