var,rel.inf
MAP,33.631160049980515
rough_Elevation,13.592697484587458
CEC,10.556590700601426
rough_MAP,6.8674895953531765
PDQ,6.340274774360768
Elevation,5.518776129111964
rough_NDVI,5.249952830016002
rough_Soil.C,4.7371330171507635
rough_CEC,3.622156598832693
pH,2.495070113865223
Surface.T,2.1082011958430202
rough_Surface.T,1.9516987101169336
Clay,1.79313826720796
rough_PDQ,1.5356605329720892
