nt,pseudo_r2,pred_obs_r2,pred_obs_r2_exp
4200,0.4365949020830382,0.7780389461126914,0.7769001700256455
