nt,pseudo_r2,pred_obs_r2,pred_obs_r2_exp
4150,0.4480840447142943,0.7763805490023792,0.775063996079476
