nt,pseudo_r2,pred_obs_r2,pred_obs_r2_exp
4100,0.41198441995337887,0.7738329244983075,0.7726883868591844
