var,rel.inf
MAP,36.69868468537958
rough_Elevation,14.044666464922143
CEC,10.611120190922804
rough_MAP,7.28458077271828
PDQ,6.845925849191477
rough_NDVI,5.031883498523037
Elevation,4.851890287852621
rough_Soil.C,3.671882891662959
rough_CEC,3.2565222657961375
Surface.T,1.9081840430338095
pH,1.8748395257823744
rough_Surface.T,1.775115600207113
Clay,1.0838193642785163
rough_PDQ,1.0608845597291452
