var,rel.inf
MAP,36.26191124125679
rough_Elevation,13.80851065103673
CEC,10.74041788625745
PDQ,6.550735122130553
rough_MAP,6.531385965254256
rough_NDVI,4.99676084810161
Elevation,4.924479953490858
rough_Soil.C,3.953196602936036
rough_CEC,3.7494798868840284
rough_Surface.T,2.1430810593983933
pH,2.0756040694152085
Surface.T,1.8527592993300528
Clay,1.2801039957655003
rough_PDQ,1.1315734187425437
