nt,pseudo_r2,pred_obs_r2,pred_obs_r2_exp
4050,0.43105479608192354,0.7727377216573791,0.771676006506897
