nt,pseudo_r2,pred_obs_r2,pred_obs_r2_exp
4750,0.4687249405681331,0.7929088675914834,0.7921151558327272
