nt,pseudo_r2,pred_obs_r2,pred_obs_r2_exp
3650,0.41889405301321947,0.7604133399857671,0.7587741469767316
