var,rel.inf
MAP,35.93521786370551
rough_Elevation,13.810536860005957
CEC,10.804909205067798
rough_MAP,6.824350132953813
PDQ,6.3421237736060725
rough_NDVI,5.23626706788969
Elevation,4.91043492975759
rough_Soil.C,4.095459143929201
rough_CEC,3.317838061247823
Surface.T,2.086362845231895
pH,2.0790239038466414
rough_Surface.T,1.7379855319675273
Clay,1.4775718982632973
rough_PDQ,1.3419187825271661
