nt,pseudo_r2,pred_obs_r2,pred_obs_r2_exp
4300,0.4271787888303715,0.7807189978638936,0.7795613859687474
