var,rel.inf
MAP,34.13669815913489
rough_Elevation,13.90357825242264
CEC,10.742228232218785
rough_MAP,6.81824337550694
PDQ,6.330962847036743
Elevation,5.493716526142863
rough_NDVI,5.247628641061409
rough_Soil.C,4.305860835744322
rough_CEC,3.818154277411752
pH,2.2287183376833597
rough_Surface.T,1.9846106331721198
Surface.T,1.915721578030204
Clay,1.6604023739367408
rough_PDQ,1.4134759304972275
