var,rel.inf
MAP,35.70867699708138
rough_Elevation,13.675376155868213
CEC,10.649427895329012
rough_MAP,6.953465732613999
PDQ,6.361310242039024
Elevation,5.271570750840355
rough_NDVI,4.998793054143378
rough_Soil.C,4.232117129965334
rough_CEC,3.5392554961346625
pH,2.182313806309417
Surface.T,1.975033638842524
rough_Surface.T,1.704100272030792
Clay,1.6130269100179182
rough_PDQ,1.1355319187839819
