nt,pseudo_r2,pred_obs_r2,pred_obs_r2_exp
4300,0.46257971829384525,0.7817931013228255,0.7806983593308509
