nt,pseudo_r2,pred_obs_r2,pred_obs_r2_exp
3400,0.4364619217091571,0.7521329045304439,0.7506085762378205
