nt,pseudo_r2,pred_obs_r2,pred_obs_r2_exp
4050,0.4649150700115573,0.7728807539899101,0.7717000197342734
