var,rel.inf
MAP,34.37899523600987
rough_Elevation,13.278912169703881
CEC,10.736419150063949
rough_MAP,7.466531168388448
PDQ,6.482197854365923
rough_NDVI,5.362672919246342
Elevation,5.243518892272699
rough_Soil.C,4.093028342433397
rough_CEC,3.7291695762077604
pH,2.4548306569251914
rough_Surface.T,1.9306208423122895
Surface.T,1.906082714114961
Clay,1.5003073742735382
rough_PDQ,1.4367131036817544
