nt,pseudo_r2,pred_obs_r2,pred_obs_r2_exp
4050,0.47309456915017234,0.77299347000356,0.7721221684026057
