var,rel.inf
MAP,33.02484016608773
rough_Elevation,13.72176589657295
CEC,10.495390574407276
rough_MAP,6.660544165316407
PDQ,6.356803473955468
Elevation,5.529599986834163
rough_NDVI,5.205856247648269
rough_Soil.C,4.663703246184904
rough_CEC,3.980026588764755
pH,2.548047157757118
Surface.T,2.1985076083464374
rough_Surface.T,2.0066231962367818
Clay,1.9850859335307465
rough_PDQ,1.6232057583570032
