var,rel.inf
MAP,34.35767594672256
rough_Elevation,13.625288336475755
CEC,10.936878279050196
rough_MAP,6.620747633384922
PDQ,6.373980224584202
Elevation,5.506771878804302
rough_NDVI,5.335827861306252
rough_Soil.C,4.308231837666267
rough_CEC,3.594240882509919
pH,2.2855804496092946
rough_Surface.T,2.0847029962006074
Surface.T,1.8815925322226617
Clay,1.6488988731632297
rough_PDQ,1.4395822682998212
