var,rel.inf
MAP,37.119969069973806
rough_Elevation,14.018179957876129
CEC,10.602836738991014
rough_MAP,7.037936305139772
PDQ,6.732718153301512
rough_NDVI,4.863528604859409
Elevation,4.7313356836979175
rough_Soil.C,3.7064432599940145
rough_CEC,3.2433425964125973
Surface.T,1.9780313583281017
pH,1.9118782582714604
rough_Surface.T,1.8643771914074898
rough_PDQ,1.1323107003594086
Clay,1.0571121213873687
