var,rel.inf
MAP,34.96500727524493
rough_Elevation,13.457373786132544
CEC,10.606371631715033
rough_MAP,6.684496528360297
PDQ,6.438015831277856
rough_NDVI,5.319360023224013
Elevation,5.203822469397355
rough_Soil.C,4.376877023773991
rough_CEC,3.5694806669867276
pH,2.19643527004782
rough_Surface.T,2.055649794718736
Surface.T,2.0350523878056883
Clay,1.6168969321450737
rough_PDQ,1.4751603791699273
