var,rel.inf
MAP,34.56212155909532
rough_Elevation,13.730503666611312
CEC,10.553780278316449
rough_MAP,6.635702096198398
PDQ,6.4925676080800026
Elevation,5.356864532009167
rough_NDVI,5.152486458388386
rough_Soil.C,4.500374170270687
rough_CEC,3.6909472544648865
pH,2.2209121835724246
Surface.T,2.023450054363633
rough_Surface.T,1.983057111376459
Clay,1.6113188827976743
rough_PDQ,1.4859141444552038
