nt,pseudo_r2,pred_obs_r2,pred_obs_r2_exp
4250,0.4501419024140597,0.7791914172449347,0.7781697590871702
