var,rel.inf
MAP,34.90366271725114
rough_Elevation,13.606961257990484
CEC,10.906474464663797
rough_MAP,7.225359290739884
PDQ,6.292011756114211
Elevation,5.258527125416145
rough_NDVI,5.0404806312241215
rough_Soil.C,4.047338348050815
rough_CEC,3.552916164270563
rough_Surface.T,2.276808509408429
pH,2.2081865353655474
Surface.T,1.911181806178084
Clay,1.4952712215656667
rough_PDQ,1.274820171761109
