var,rel.inf
MAP,35.887430135863205
rough_Elevation,13.924467698421864
CEC,10.656241289541866
PDQ,6.33788194875702
rough_MAP,6.321971588758103
rough_NDVI,5.146843055259615
Elevation,5.014105966684434
rough_Soil.C,4.073713869957042
rough_CEC,3.5090197440257715
pH,2.356485991521884
rough_Surface.T,2.2026712738408945
Surface.T,1.7307724871019756
Clay,1.519168713767842
rough_PDQ,1.3192262364984864
