nt,pseudo_r2,pred_obs_r2,pred_obs_r2_exp
4500,0.45427960188929273,0.7869377534770209,0.7858223986283653
