nt,pseudo_r2,pred_obs_r2,pred_obs_r2_exp
4300,0.4340018776080309,0.7822169676874123,0.7814017807068402
