var,rel.inf
MAP,33.71771986898226
rough_Elevation,13.377919806261486
CEC,10.422864188774916
rough_MAP,6.6101321562791195
PDQ,6.268140808189228
rough_NDVI,5.56287021511623
Elevation,5.4099884970408025
rough_Soil.C,4.498118573368542
rough_CEC,4.059093784693779
pH,2.428852407222336
rough_Surface.T,2.1524067347873905
Surface.T,2.1389313271125285
Clay,1.90089122537548
rough_PDQ,1.4520704067959054
