nt,pseudo_r2,pred_obs_r2,pred_obs_r2_exp
4500,0.435692063389314,0.7865801831583132,0.7857107368544206
