var,rel.inf
MAP,33.50105932811175
rough_Elevation,13.520535394857358
CEC,10.457535829884486
rough_MAP,6.7751490643328705
PDQ,6.177855150685911
Elevation,5.741163560845686
rough_NDVI,5.218430653555529
rough_Soil.C,4.585846370492177
rough_CEC,3.9944492375174443
pH,2.502800383297189
rough_Surface.T,2.056829000545176
Surface.T,2.0252510161222665
Clay,1.9342878201868756
rough_PDQ,1.5088071895652744
