nt,pseudo_r2,pred_obs_r2,pred_obs_r2_exp
4650,0.44398707416982863,0.7910348940456526,0.7901584706107067
