var,rel.inf
MAP,33.75874046445993
rough_Elevation,13.676854941554298
CEC,10.275251454384012
rough_MAP,6.866356850314408
PDQ,6.497812326164906
Elevation,5.523311748249653
rough_NDVI,5.333762903571752
rough_Soil.C,4.550086495972758
rough_CEC,3.733200733502739
pH,2.5050027009441553
rough_Surface.T,2.017448044558741
Surface.T,2.0016426550575313
Clay,1.7416880703264412
rough_PDQ,1.518840610938672
