nt,pseudo_r2,pred_obs_r2,pred_obs_r2_exp
4450,0.4230306287793807,0.7858158091819128,0.7849575768054864
