var,rel.inf
MAP,35.47835534680149
rough_Elevation,13.676466434837543
CEC,10.850256212142856
rough_MAP,7.258071811244335
PDQ,6.400526231367292
rough_NDVI,5.276458262963044
Elevation,5.111686123480572
rough_Soil.C,3.9327745549683395
rough_CEC,3.5626340959402008
pH,2.0865313487385775
Surface.T,1.8283561581538577
rough_Surface.T,1.7692015780519226
rough_PDQ,1.3871297516519612
Clay,1.3815520896580031
