nt,pseudo_r2,pred_obs_r2,pred_obs_r2_exp
4450,0.467747413774076,0.7850910624358631,0.784092768664314
