nt,pseudo_r2,pred_obs_r2,pred_obs_r2_exp
4100,0.44819802591447766,0.7755228228369874,0.7745003799173078
