var,rel.inf
MAP,34.41281797044111
rough_Elevation,13.467320277248831
CEC,11.005725124372159
rough_MAP,7.515537315765581
PDQ,6.124547109501154
rough_NDVI,5.245148430449031
Elevation,5.1902266072273
rough_Soil.C,4.13935605492041
rough_CEC,3.6018865004830976
pH,2.231514018709729
rough_Surface.T,2.054715138109913
Surface.T,1.9402126913676145
Clay,1.6869570639514466
rough_PDQ,1.3840356974526231
