var,rel.inf
MAP,36.83506370241138
rough_Elevation,13.293866006223967
CEC,10.774023818191285
rough_MAP,6.652622215653139
PDQ,6.622626242814334
rough_NDVI,5.149064611922315
Elevation,5.125810994962268
rough_Soil.C,3.880476241048254
rough_CEC,3.3743086019553745
pH,2.0952183506334117
Surface.T,1.9502933841061527
rough_Surface.T,1.7783212976730531
Clay,1.3830794357154583
rough_PDQ,1.0852250966896146
