var,rel.inf
MAP,34.52205601764455
rough_Elevation,13.393498914752804
CEC,10.41848177589292
rough_MAP,6.91572986510363
PDQ,6.242889203187363
rough_NDVI,5.475789624129583
Elevation,5.40536577154455
rough_Soil.C,4.29339419352073
rough_CEC,3.661297181177509
pH,2.5198322888753912
rough_Surface.T,2.0498133384782
Surface.T,1.9518974830331008
Clay,1.6792601592839023
rough_PDQ,1.4706941833757599
