nt,pseudo_r2,pred_obs_r2,pred_obs_r2_exp
4250,0.4391540913558013,0.7791624942266417,0.7782860285995761
