nt,pseudo_r2,pred_obs_r2,pred_obs_r2_exp
4900,0.4793264563566253,0.7989237830448408,0.7983235368656671
