var,rel.inf
MAP,34.381726323542836
rough_Elevation,13.419889696692449
CEC,10.565009725263112
rough_MAP,6.414508024022505
PDQ,6.403946538135667
rough_NDVI,5.427758113525159
Elevation,5.420207024948389
rough_Soil.C,4.405093355516943
rough_CEC,3.8402858248113043
pH,2.3034463459549794
rough_Surface.T,2.1152467366319128
Surface.T,2.017478663802841
Clay,1.8617964228160782
rough_PDQ,1.4236072043358194
