nt,pseudo_r2,pred_obs_r2,pred_obs_r2_exp
4700,0.44290417149166117,0.7930400922915223,0.7923422553959898
