var,rel.inf
MAP,36.53206746758559
rough_Elevation,13.533927296496259
CEC,10.87129923596067
rough_MAP,7.036888310841439
PDQ,6.8465514194359205
rough_NDVI,5.159736456157556
Elevation,4.9194143806458825
rough_Soil.C,3.912391371958729
rough_CEC,3.314311221273081
pH,1.9709026937336527
rough_Surface.T,1.8434080292192825
Surface.T,1.7616742657479953
Clay,1.1503044672958174
rough_PDQ,1.147123383648123
