nt,pseudo_r2,pred_obs_r2,pred_obs_r2_exp
3750,0.4481972782005835,0.7658328230595516,0.7648358441999324
