nt,pseudo_r2,pred_obs_r2,pred_obs_r2_exp
4650,0.45097641754357953,0.7915637680146922,0.7907555382430971
