var,rel.inf
MAP,34.07167151679294
rough_Elevation,13.431336631742314
CEC,10.800896450533726
PDQ,6.096304513123782
rough_MAP,6.062215763343834
Elevation,5.537908433710736
rough_NDVI,5.408588976282983
rough_Soil.C,4.696687220896485
rough_CEC,4.084134969420349
pH,2.348639231120168
rough_Surface.T,2.0961533372791545
Surface.T,2.034273292289362
Clay,1.8215033851499554
rough_PDQ,1.5096862783142149
