nt,pseudo_r2,pred_obs_r2,pred_obs_r2_exp
4050,0.43941818040583736,0.7745424914301344,0.7734980382439393
