nt,pseudo_r2,pred_obs_r2,pred_obs_r2_exp
4450,0.4509459500540931,0.7854423190774559,0.7846324105263837
