nt,pseudo_r2,pred_obs_r2,pred_obs_r2_exp
3800,0.4308265041439344,0.7660462697647249,0.7649101744633205
