var,rel.inf
MAP,36.103146554860835
rough_Elevation,13.32801040504558
CEC,10.873569012322331
rough_MAP,6.749527341975626
PDQ,6.372277376010886
rough_NDVI,5.124488196830557
Elevation,5.053426262792735
rough_Soil.C,4.140235903773738
rough_CEC,3.3783705009718283
pH,2.1566188961662474
rough_Surface.T,2.069271271891116
Surface.T,1.9949855495028346
Clay,1.4468846923671206
rough_PDQ,1.209188035488572
