nt,pseudo_r2,pred_obs_r2,pred_obs_r2_exp
3950,0.42476142676092754,0.7700390317975941,0.768974793313054
