nt,pseudo_r2,pred_obs_r2,pred_obs_r2_exp
4150,0.451924057761918,0.7765874522210878,0.7752956043176096
