nt,pseudo_r2,pred_obs_r2,pred_obs_r2_exp
4350,0.44669724489818563,0.7834759737296904,0.782623114238535
