var,rel.inf
MAP,33.93929395461993
rough_Elevation,13.588327335957512
CEC,10.700130342214141
rough_MAP,6.662247859485069
PDQ,6.0159215034340425
rough_NDVI,5.456755362201887
Elevation,5.43812717364239
rough_Soil.C,4.512820836484464
rough_CEC,3.9142035972806024
pH,2.3324256173968885
Surface.T,2.085167988605688
rough_Surface.T,2.0173501970836725
Clay,1.7145239670718757
rough_PDQ,1.6227042645218426
