nt,pseudo_r2,pred_obs_r2,pred_obs_r2_exp
3750,0.4389012745649715,0.7640300193366171,0.7629040125721157
