nt,pseudo_r2,pred_obs_r2,pred_obs_r2_exp
4350,0.43530621479742826,0.7828979081410382,0.782045653850404
