var,rel.inf
MAP,34.51051325531687
rough_Elevation,13.499497332633826
CEC,10.544457091065215
PDQ,6.703348017152907
rough_MAP,6.6350019631324635
Elevation,5.542381715431061
rough_NDVI,5.102121203350911
rough_Soil.C,4.085971171137141
rough_CEC,3.781700835028786
pH,2.3690747364092175
Surface.T,2.10577898494505
rough_Surface.T,2.0175743850435492
Clay,1.620921111739866
rough_PDQ,1.4816581976131475
