nt,pseudo_r2,pred_obs_r2,pred_obs_r2_exp
3700,0.43642847708321486,0.7606013308496872,0.7591173917187986
