var,rel.inf
MAP,34.9466810551025
rough_Elevation,13.672957466814548
CEC,10.335118945411782
rough_MAP,7.069966745979846
PDQ,6.484436024269225
rough_NDVI,5.369094309866503
Elevation,5.136639276267092
rough_Soil.C,4.124900720864199
rough_CEC,3.6410822966976166
pH,2.2564640178539688
rough_Surface.T,2.128613059668658
Surface.T,1.9722924833158137
Clay,1.6129806919412795
rough_PDQ,1.2487729059469728
