nt,pseudo_r2,pred_obs_r2,pred_obs_r2_exp
3900,0.41662142828203197,0.768463503450229,0.7673556724237689
