var,rel.inf
MAP,37.41659828328231
rough_Elevation,13.562257515342438
CEC,10.694437029555111
rough_MAP,7.599187690425268
PDQ,6.979019670632033
rough_NDVI,4.918073034224696
Elevation,4.725695945546086
rough_Soil.C,3.512752608196897
rough_CEC,3.1421223158508522
Surface.T,1.8825002313736656
rough_Surface.T,1.7353063953696266
pH,1.7290707049400236
rough_PDQ,1.0562965755211344
Clay,1.0466819997398653
