var,rel.inf
MAP,35.863212405185884
rough_Elevation,13.545072469065468
CEC,10.795936052151438
rough_MAP,6.80372860207729
PDQ,6.478963894789702
rough_NDVI,5.085959084408517
Elevation,5.069531806678893
rough_Soil.C,4.055467519494195
rough_CEC,3.352239063817726
pH,2.2342065239770803
Surface.T,2.044024713480305
rough_Surface.T,1.9565176035756269
Clay,1.4105811689605523
rough_PDQ,1.304559092337328
