var,rel.inf
MAP,35.19046910780359
rough_Elevation,13.56617442972681
CEC,10.953681312386028
rough_MAP,7.2143998080556075
PDQ,6.1797681341637025
rough_NDVI,5.2794161618756155
Elevation,5.143178844801934
rough_Soil.C,4.0655685107261235
rough_CEC,3.33802557581909
pH,2.356232941898061
Surface.T,2.0495398021682107
rough_Surface.T,1.8639499130665735
Clay,1.554032281680503
rough_PDQ,1.2455631758281474
