var,rel.inf
MAP,35.72330045156379
rough_Elevation,13.640031830215712
CEC,10.705858461068027
rough_MAP,7.175322541264641
PDQ,6.665267953959575
Elevation,4.984310700777916
rough_NDVI,4.816882825302175
rough_Soil.C,4.034489008566885
rough_CEC,3.5312921406212077
pH,2.127790901506967
rough_Surface.T,2.044882931611377
Surface.T,1.8991116357846636
Clay,1.3844958879404927
rough_PDQ,1.2669627298165769
