var,rel.inf
MAP,36.89819131772245
rough_Elevation,13.44173877883761
CEC,10.75451316721304
rough_MAP,6.8788366526849165
PDQ,6.806897494591161
rough_NDVI,5.070549166818867
Elevation,4.832113617434807
rough_Soil.C,3.8226639164465253
rough_CEC,3.1921347867851595
rough_Surface.T,2.1023452899270807
pH,1.873286978889123
Surface.T,1.8583459750359181
Clay,1.3468728168794495
rough_PDQ,1.12151004073389
