nt,pseudo_r2,pred_obs_r2,pred_obs_r2_exp
4500,0.4458367958609003,0.7854884847894044,0.7846543253888284
