var,rel.inf
MAP,34.41156030120367
rough_Elevation,13.5442248137459
CEC,10.6371497035351
rough_MAP,6.332571713037354
PDQ,6.1521641684062365
rough_NDVI,5.44199736029078
Elevation,5.425146076061952
rough_Soil.C,4.527052459069518
rough_CEC,3.730857782876938
pH,2.2494962305685364
rough_Surface.T,2.1824562312617917
Surface.T,1.940099049350237
Clay,1.8382251003212742
rough_PDQ,1.5869990102707223
