var,rel.inf
MAP,34.94526347459786
rough_Elevation,13.770872591561929
CEC,10.581656231533131
rough_MAP,7.134450840141714
PDQ,6.3159769421715515
rough_NDVI,5.287018434919546
Elevation,5.121465563167684
rough_Soil.C,4.07986523164192
rough_CEC,3.735736609315138
pH,2.2102617057783425
Surface.T,2.1295507830853406
rough_Surface.T,1.7834403802754302
Clay,1.5850762052280962
rough_PDQ,1.319365006582316
