nt,pseudo_r2,pred_obs_r2,pred_obs_r2_exp
4800,0.4681052027675724,0.7956366495925206,0.794751709314243
