var,rel.inf
MAP,34.594707177697885
rough_Elevation,13.099829825522905
CEC,10.372636063216989
rough_MAP,6.643118906622674
PDQ,6.448768354575588
rough_NDVI,5.3586722078599855
Elevation,5.308638289912205
rough_Soil.C,4.231737545958164
rough_CEC,3.7387376311505776
pH,2.5651083437944244
rough_Surface.T,2.255912501906242
Surface.T,2.074663429759024
Clay,1.8938559794845502
rough_PDQ,1.4136137425387896
