var,rel.inf
MAP,35.245414620391294
rough_Elevation,13.648432140835713
CEC,10.711461100796944
rough_MAP,6.548212787352751
PDQ,6.523380983254725
Elevation,5.364418738963877
rough_NDVI,5.146071799361343
rough_Soil.C,4.279178601036945
rough_CEC,3.480330744221415
pH,2.1593813856584054
Surface.T,2.0813992585896575
rough_Surface.T,1.9364156320028794
Clay,1.4829167397162641
rough_PDQ,1.3929854678177913
