nt,pseudo_r2,pred_obs_r2,pred_obs_r2_exp
3900,0.42542045578462695,0.7698403142819447,0.7688332569550905
