var,rel.inf
MAP,34.766671303297876
rough_Elevation,13.280089334366815
CEC,11.134556599513138
rough_MAP,6.909166995018822
PDQ,6.258345680422977
Elevation,5.192094354795272
rough_NDVI,5.154797445203597
rough_Soil.C,4.4764011682432585
rough_CEC,3.566601136608908
pH,2.2800007438747363
Surface.T,2.0418273342328837
rough_Surface.T,1.9899082497214164
Clay,1.6281366374813806
rough_PDQ,1.3214030172189157
