nt,pseudo_r2,pred_obs_r2,pred_obs_r2_exp
3600,0.4332011220011315,0.7582756897539389,0.7567022255839816
