var,rel.inf
MAP,34.158216008978044
rough_Elevation,13.673556295005621
CEC,10.444733376565951
rough_MAP,7.284245886389961
PDQ,6.374808553678803
Elevation,5.491538900409779
rough_NDVI,5.281389138128145
rough_Soil.C,4.377339805753824
rough_CEC,3.634989044114772
pH,2.2433579988976793
Surface.T,1.9958796511587624
rough_Surface.T,1.8955958663509043
Clay,1.7645663549612365
rough_PDQ,1.3797831196065131
