nt,pseudo_r2,pred_obs_r2,pred_obs_r2_exp
3700,0.44931506104902896,0.7621631172805029,0.7608125648266587
