nt,pseudo_r2,pred_obs_r2,pred_obs_r2_exp
3800,0.4230132317539058,0.7658213543950967,0.7643516060446232
