var,rel.inf
MAP,35.61254449592115
rough_Elevation,13.718405725844475
CEC,10.519382692667598
rough_MAP,7.23703597546488
PDQ,6.564777960408227
Elevation,5.151379585938584
rough_NDVI,5.054718952035605
rough_Soil.C,4.084580261791804
rough_CEC,3.4053437112857683
pH,2.135985189800721
rough_Surface.T,2.0230990359950645
Surface.T,1.8659208438238277
Clay,1.4025133977216613
rough_PDQ,1.224312171300628
