nt,pseudo_r2,pred_obs_r2,pred_obs_r2_exp
4150,0.44043400039444425,0.7759712111484214,0.7747024089106453
