var,rel.inf
MAP,35.63622391402001
rough_Elevation,13.191600255550252
CEC,10.762206822169988
rough_MAP,6.6346457415804245
PDQ,6.363308784235487
Elevation,5.435373145380604
rough_NDVI,5.009608383224777
rough_Soil.C,4.129025933716878
rough_CEC,3.6273712894725496
pH,2.2300103528555026
Surface.T,2.1168409712290455
rough_Surface.T,1.984385449407045
Clay,1.5748764338967705
rough_PDQ,1.3045225232606708
