var,rel.inf
MAP,36.58484648059125
rough_Elevation,13.427674564879998
CEC,10.637139398895108
rough_MAP,6.783998858568338
PDQ,6.646997835576525
Elevation,5.139414414872168
rough_NDVI,5.138131424063054
rough_Soil.C,3.9864064073080945
rough_CEC,3.399936163966625
pH,1.9949120182290938
Surface.T,1.9138716408520315
rough_Surface.T,1.743604538046015
Clay,1.3879930966917964
rough_PDQ,1.2150731574598972
