nt,pseudo_r2,pred_obs_r2,pred_obs_r2_exp
4600,0.44728031947547353,0.7895506313955132,0.7890669841957944
