var,rel.inf
MAP,33.96478359547563
rough_Elevation,13.816279851059019
CEC,10.527824845207581
rough_MAP,6.652156930711363
PDQ,6.462511149369861
Elevation,5.427706741870583
rough_NDVI,5.104006492763227
rough_Soil.C,4.311485210822074
rough_CEC,3.961386750256112
pH,2.3838855626523077
rough_Surface.T,2.206837494038168
Surface.T,2.005772987984416
Clay,1.611946319321273
rough_PDQ,1.563416068468391
