var,rel.inf
MAP,34.473630189227
rough_Elevation,13.733815518106553
CEC,10.551506124144119
rough_MAP,7.225899800472841
PDQ,6.165837208919315
Elevation,5.384357192050292
rough_NDVI,5.139089261409623
rough_Soil.C,4.1313334394854495
rough_CEC,3.6587753876542943
pH,2.433155726678504
rough_Surface.T,2.1835904110331956
Surface.T,1.8447242754022903
Clay,1.6661554224985975
rough_PDQ,1.408130042917929
