var,rel.inf
MAP,36.222316147621164
rough_Elevation,13.32379159483302
CEC,10.605387854836735
rough_MAP,7.011750433333379
PDQ,6.487487395786331
rough_NDVI,5.194072851765943
Elevation,5.076608441866088
rough_Soil.C,4.0044868962966005
rough_CEC,3.4392547117228167
pH,2.277337633647218
Surface.T,1.931089594521326
rough_Surface.T,1.7646087820802534
Clay,1.3985201830146063
rough_PDQ,1.2632874786745316
