var,rel.inf
MAP,36.20002503629292
rough_Elevation,13.591431438701678
CEC,10.514461764226658
PDQ,6.579178846449577
rough_MAP,6.302820706094027
Elevation,5.230349434795166
rough_NDVI,5.122952244109688
rough_Soil.C,3.9977137125447793
rough_CEC,3.5061683021545047
pH,2.172363823848551
Surface.T,2.020373844840359
rough_Surface.T,1.9927686967142129
Clay,1.4733075811611833
rough_PDQ,1.2960845680666824
