var,rel.inf
MAP,35.1419348554723
rough_Elevation,13.95973766189587
CEC,10.540800123667536
rough_MAP,6.656619533440017
PDQ,6.6293403676106495
rough_NDVI,5.120383891715462
Elevation,5.0353270260463185
rough_Soil.C,4.423937585336532
rough_CEC,3.6108538511005386
Surface.T,2.136567377797657
pH,2.0136676794434543
rough_Surface.T,1.9664171069489726
Clay,1.43084899555726
rough_PDQ,1.3335639439674312
