nt,pseudo_r2,pred_obs_r2,pred_obs_r2_exp
3950,0.44159073271879334,0.7708128147117508,0.7694182300056827
