nt,pseudo_r2,pred_obs_r2,pred_obs_r2_exp
3900,0.42819324744576814,0.7685649165839679,0.7673645592805247
