var,rel.inf
MAP,34.91452528783137
rough_Elevation,13.58143060749604
CEC,10.41012112090917
PDQ,6.578230631753074
rough_MAP,6.5429013320166165
Elevation,5.516358857851469
rough_NDVI,5.185259017583069
rough_Soil.C,4.3752411130525015
rough_CEC,3.613410351981918
pH,2.2568416703375926
Surface.T,2.0408256642070284
rough_Surface.T,1.9868446443412016
Clay,1.6395830715644524
rough_PDQ,1.3584266290744988
