nt,pseudo_r2,pred_obs_r2,pred_obs_r2_exp
4450,0.42515884337441323,0.7855026885181801,0.7846512528665618
