nt,pseudo_r2,pred_obs_r2,pred_obs_r2_exp
3750,0.39780050175868786,0.7624814566467867,0.7610806905524123
