var,rel.inf
MAP,35.22536732366932
rough_Elevation,13.537399338897325
CEC,10.401347295343829
PDQ,6.932572639417354
rough_MAP,6.775536217891211
Elevation,5.313588802055923
rough_NDVI,5.187566133068754
rough_Soil.C,4.158806451951016
rough_CEC,3.667082726526128
pH,2.2443056763240294
rough_Surface.T,2.0044033531704586
Surface.T,1.7674853035313831
Clay,1.4403303753843155
rough_PDQ,1.3442083627689494
