nt,pseudo_r2,pred_obs_r2,pred_obs_r2_exp
3300,0.4064819915715956,0.7477636715668091,0.7462721318339061
