var,rel.inf
MAP,34.563921766805805
rough_Elevation,13.725166613371018
CEC,10.664599275720697
rough_MAP,6.340402270764321
PDQ,6.299625528645543
Elevation,5.526081551301549
rough_NDVI,5.495423733373458
rough_Soil.C,4.3799669818850875
rough_CEC,3.4617260450384526
pH,2.28739184575788
rough_Surface.T,2.1485754786482842
Surface.T,1.9369379568868752
Clay,1.699326058352788
rough_PDQ,1.4708548934482488
