nt,pseudo_r2,pred_obs_r2,pred_obs_r2_exp
3250,0.4171982604677348,0.745884214240777,0.7443388875390998
