var,rel.inf
MAP,35.46944797104801
rough_Elevation,13.507169137980913
CEC,10.657261843359542
rough_MAP,7.152406389885971
PDQ,6.225748809219876
rough_NDVI,5.3422340382082245
Elevation,5.028286640736307
rough_Soil.C,3.9826170347608834
rough_CEC,3.5148439330077004
pH,2.2158815730591233
rough_Surface.T,2.1037500681057737
Surface.T,2.0342448704784233
Clay,1.483391491615909
rough_PDQ,1.282716198533339
