nt,pseudo_r2,pred_obs_r2,pred_obs_r2_exp
4300,0.43276336303661667,0.7815248721917649,0.780467961851139
