nt,pseudo_r2,pred_obs_r2,pred_obs_r2_exp
4050,0.4412876982393976,0.7735324935656704,0.772351050059533
