nt,pseudo_r2,pred_obs_r2,pred_obs_r2_exp
3850,0.44131512548564256,0.7667269897570735,0.7653924458374871
