nt,pseudo_r2,pred_obs_r2,pred_obs_r2_exp
4900,0.4332290270442726,0.7981036560286212,0.797328443083734
