var,rel.inf
MAP,33.08916437748777
rough_Elevation,13.612139539286105
CEC,10.23722782986274
rough_MAP,6.484097619457075
PDQ,6.150871686429379
Elevation,5.72610536183983
rough_NDVI,5.353882812105488
rough_Soil.C,4.691679405887379
rough_CEC,4.020678092027021
pH,2.6096128934351692
Surface.T,2.2580698491635927
rough_Surface.T,2.063141885076997
Clay,2.0241383067808845
rough_PDQ,1.6791903411605615
