nt,pseudo_r2,pred_obs_r2,pred_obs_r2_exp
4550,0.4494830136426605,0.7880272529910304,0.787129863167454
