nt,pseudo_r2,pred_obs_r2,pred_obs_r2_exp
4200,0.4560902348476107,0.7777942081021104,0.7767531274446742
