var,rel.inf
MAP,34.10967646169639
rough_Elevation,13.499159010035822
CEC,10.618567304601287
rough_MAP,6.668209256428062
PDQ,6.274681960217511
rough_NDVI,5.357327010941428
Elevation,5.312705917057146
rough_Soil.C,4.4470527442972445
rough_CEC,3.835631817708026
pH,2.4125014566250065
Surface.T,2.133172539918489
rough_Surface.T,1.9792264679328515
Clay,1.8409825110249185
rough_PDQ,1.5111055415158114
