var,rel.inf
MAP,34.66110872178655
rough_Elevation,13.694448160950564
CEC,10.810622396351082
rough_MAP,7.2247105444962365
PDQ,6.244674870278877
rough_NDVI,5.511461091924248
Elevation,5.2754077576720455
rough_Soil.C,4.048936632088747
rough_CEC,3.5495299424235895
rough_Surface.T,2.1837317523742588
pH,2.096211240126206
Surface.T,1.7562099651907224
Clay,1.5554168941843345
rough_PDQ,1.3875300301525442
