nt,pseudo_r2,pred_obs_r2,pred_obs_r2_exp
3800,0.4182099067318521,0.7653039014676833,0.7641973364410212
