nt,pseudo_r2,pred_obs_r2,pred_obs_r2_exp
4050,0.434903884899402,0.7726955570537619,0.7715518462166333
