nt,pseudo_r2,pred_obs_r2,pred_obs_r2_exp
3900,0.4118333914430131,0.7685521851312092,0.7673784168376783
