nt,pseudo_r2,pred_obs_r2,pred_obs_r2_exp
4e3,0.4507737926756149,0.7711632240220165,0.770080880680702
