nt,pseudo_r2,pred_obs_r2,pred_obs_r2_exp
4350,0.4443969138311724,0.782414507784695,0.7814931427698618
