nt,pseudo_r2,pred_obs_r2,pred_obs_r2_exp
3850,0.4076985191795728,0.767455333045487,0.7662778460234204
