var,rel.inf
MAP,34.7114609140867
rough_Elevation,13.569112976882211
CEC,10.450754090450314
rough_MAP,7.367350202721358
PDQ,6.540425451143919
Elevation,5.319769883222665
rough_NDVI,5.048418521602478
rough_Soil.C,4.132410138141437
rough_CEC,3.4918522640876897
pH,2.316825318912092
rough_Surface.T,2.1205906143276354
Surface.T,1.9546219144658545
Clay,1.6687100220816251
rough_PDQ,1.3076976878740174
