var,rel.inf
MAP,35.63567473787992
rough_Elevation,13.519583413300108
CEC,10.799124876651675
rough_MAP,6.602795198396984
PDQ,6.300589720669668
rough_NDVI,5.134252817585076
Elevation,5.099009725880574
rough_Soil.C,4.241640815335315
rough_CEC,3.430906032438326
pH,2.234298579234487
Surface.T,2.065972702313437
rough_Surface.T,1.9431623206548292
Clay,1.5717040907658573
rough_PDQ,1.4212849688937395
