var,rel.inf
MAP,34.46533081300644
rough_Elevation,13.792615722579118
CEC,10.305708035287537
rough_MAP,6.3973991217302215
PDQ,6.284737903976461
Elevation,5.454933834907482
rough_NDVI,5.210867148165073
rough_Soil.C,4.414176650961592
rough_CEC,3.816865763161059
pH,2.2818029959477903
rough_Surface.T,2.197522969361773
Surface.T,2.107888583319496
Clay,1.7434743184049957
rough_PDQ,1.5266761391909585
