var,rel.inf
MAP,33.4562227790309
rough_Elevation,13.68075119920424
CEC,10.228864230220664
rough_MAP,6.219734109204929
PDQ,6.072603908893203
Elevation,5.60230704203607
rough_NDVI,5.450646316073381
rough_Soil.C,4.550266008560172
rough_CEC,4.005187777748002
pH,2.514014966941577
rough_Surface.T,2.369156403862743
Surface.T,2.1962814013272483
Clay,2.0995449304621148
rough_PDQ,1.5544189264347608
