nt,pseudo_r2,pred_obs_r2,pred_obs_r2_exp
4950,0.45482419279687825,0.7989005037821028,0.7983045212722767
