var,rel.inf
MAP,34.46091611233807
rough_Elevation,13.25104602469227
CEC,10.393238114056583
rough_MAP,6.818966901553856
PDQ,6.399483055241924
rough_NDVI,5.3493612983992085
Elevation,5.315194453248582
rough_Soil.C,4.270609486102798
rough_CEC,3.758771535389335
pH,2.573784123772838
Surface.T,2.065467114178303
rough_Surface.T,2.0494640457867495
Clay,1.8026268469772178
rough_PDQ,1.4910708882622654
