nt,pseudo_r2,pred_obs_r2,pred_obs_r2_exp
3350,0.3908527388295252,0.7498671939667299,0.7484277847659165
