nt,pseudo_r2,pred_obs_r2,pred_obs_r2_exp
3450,0.42304565065414323,0.7522564516833352,0.7505665815150844
