var,rel.inf
MAP,36.81147124143676
rough_Elevation,13.400060316859134
CEC,10.729579463833526
rough_MAP,6.808109404080284
PDQ,6.663154126301787
rough_NDVI,5.451254433040583
Elevation,5.055892481840307
rough_Soil.C,3.7137843588890918
rough_CEC,3.181782714788843
pH,2.1076931227905575
rough_Surface.T,1.948117757127744
Surface.T,1.8764589896158017
Clay,1.1752079431650888
rough_PDQ,1.0774336462304814
