nt,pseudo_r2,pred_obs_r2,pred_obs_r2_exp
3600,0.4053692087788324,0.758716843578934,0.7571388627857525
