nt,pseudo_r2,pred_obs_r2,pred_obs_r2_exp
4300,0.43627781254827336,0.7811644365498428,0.7801965585156563
