var,rel.inf
MAP,35.15930646724059
rough_Elevation,13.665166081593592
CEC,10.815917183108997
rough_MAP,6.572090256913626
PDQ,6.226039340434705
rough_NDVI,5.502705409402369
Elevation,5.427441663309701
rough_Soil.C,4.196361608955335
rough_CEC,3.524110048783599
pH,2.158955538785407
rough_Surface.T,1.9740571138567629
Surface.T,1.7700377802149472
Clay,1.5785190447784714
rough_PDQ,1.429292462621894
