var,rel.inf
MAP,35.7489619316475
rough_Elevation,13.295184639322681
CEC,10.573841446297726
rough_MAP,6.929004011961704
PDQ,6.51858596520687
Elevation,5.174838138301538
rough_NDVI,5.137128797298302
rough_Soil.C,4.186969871046388
rough_CEC,3.7353408562855774
pH,2.294861092457878
rough_Surface.T,1.9806282012088894
Surface.T,1.6106276173203817
Clay,1.559259279309005
rough_PDQ,1.2547681523355585
