nt,pseudo_r2,pred_obs_r2,pred_obs_r2_exp
4900,0.46094916797476726,0.7983659958790631,0.7976632385117883
