nt,pseudo_r2,pred_obs_r2,pred_obs_r2_exp
4200,0.43315740125555546,0.7772807512514154,0.7761460451438353
