var,rel.inf
MAP,34.35223011752101
rough_Elevation,13.420997935337997
CEC,10.655543997629024
rough_MAP,7.253246000858556
PDQ,6.017675140312167
rough_NDVI,5.413981186163502
Elevation,5.327658783955729
rough_Soil.C,4.148645047551417
rough_CEC,3.6499123780731977
pH,2.3522188980082537
Surface.T,2.191090954632139
rough_Surface.T,1.9924093218015118
Clay,1.7663635353612883
rough_PDQ,1.4580267027942135
