nt,pseudo_r2,pred_obs_r2,pred_obs_r2_exp
4250,0.43556106567245045,0.7799392324815093,0.7791569078616518
