nt,pseudo_r2,pred_obs_r2,pred_obs_r2_exp
3950,0.45531808544339136,0.7706243226400841,0.7694050544396142
