var,rel.inf
MAP,33.97851846357521
rough_Elevation,13.401460410135902
CEC,10.762740139350832
rough_MAP,6.911291337671754
PDQ,6.228197985754284
Elevation,5.49116732094937
rough_NDVI,5.474833438157974
rough_Soil.C,4.3130704278172
rough_CEC,3.747489955516934
pH,2.3189754873459596
rough_Surface.T,2.1113750720207993
Surface.T,1.9799494235165018
Clay,1.8102680674666758
rough_PDQ,1.470662470720593
