nt,pseudo_r2,pred_obs_r2,pred_obs_r2_exp
3550,0.4151073601808226,0.7571456695782465,0.7557522796994973
