nt,pseudo_r2,pred_obs_r2,pred_obs_r2_exp
4800,0.4392327728595231,0.7952037634394702,0.7945467818957451
