nt,pseudo_r2,pred_obs_r2,pred_obs_r2_exp
4450,0.4293776956162183,0.7871129399936969,0.7862706826683183
