nt,pseudo_r2,pred_obs_r2,pred_obs_r2_exp
3650,0.41846579681913165,0.7601601464289348,0.7588151980380055
