var,rel.inf
MAP,33.94466280844922
rough_Elevation,13.80309677085159
CEC,10.456077174198226
rough_MAP,7.021118757396895
PDQ,6.43317556373576
rough_NDVI,5.497974915314149
Elevation,5.334847372315556
rough_Soil.C,4.556290393635
rough_CEC,3.661772745164725
pH,2.4564684925103073
Surface.T,1.9698579949235764
rough_Surface.T,1.8945426324684604
Clay,1.6502851075454217
rough_PDQ,1.319829271491108
