nt,pseudo_r2,pred_obs_r2,pred_obs_r2_exp
4250,0.4338045651256809,0.7793929071464609,0.7783707429921262
