var,rel.inf
MAP,35.95984374158412
rough_Elevation,13.625666524032903
CEC,10.684201356972169
rough_MAP,7.042242194542765
PDQ,6.408222902008128
Elevation,5.205861887670895
rough_NDVI,5.020753680132187
rough_Soil.C,4.075618332723387
rough_CEC,3.352858751820571
Surface.T,2.1224424751973383
pH,2.0696459219547654
rough_Surface.T,1.7791765251419192
Clay,1.4251473630969147
rough_PDQ,1.2283183431219473
