var,rel.inf
MAP,36.00348209851747
rough_Elevation,13.520388910000227
CEC,10.692335364824812
rough_MAP,7.067571244198935
PDQ,6.631033432905615
Elevation,5.102259530386852
rough_NDVI,4.949054422727691
rough_Soil.C,4.129981473298668
rough_CEC,3.410763052156029
Surface.T,2.0310152797651453
pH,1.935613983761006
rough_Surface.T,1.8528532380538734
Clay,1.3813281238717459
rough_PDQ,1.2923198455319191
