nt,pseudo_r2,pred_obs_r2,pred_obs_r2_exp
4300,0.41535466230534124,0.7813800302542366,0.7803782786776269
