var,rel.inf
MAP,34.228422200691504
rough_Elevation,13.875427538937268
CEC,10.62166535706731
rough_MAP,7.003500057331934
PDQ,6.316565588866699
Elevation,5.234982288692863
rough_NDVI,5.025929982520569
rough_Soil.C,4.300133228076187
rough_CEC,3.9392927657159635
pH,2.294052260340194
Surface.T,2.2317710543571696
rough_Surface.T,1.9137003626524933
Clay,1.597676289685125
rough_PDQ,1.416881025064727
