df,AIC
7,922.2402282126021
4,942.3845075274165
