nt,pseudo_r2,pred_obs_r2,pred_obs_r2_exp
250,-0.0018808058381163395,0.17254315752708535,0.0984890424186206
