nt,pseudo_r2,pred_obs_r2,pred_obs_r2_exp
250,-0.01059940730353559,0.17675707746711894,0.11393671822173282
