nt,pseudo_r2,pred_obs_r2,pred_obs_r2_exp
500,0.004342417773356533,0.22520335350693693,0.1022594681002933
