var,rel.inf
rough_Surface.T,23.009848866991376
rough_NDVI,16.31116142654392
rough_CEC,16.065865291258998
pH,10.25412305474388
CEC,6.291069832283674
Clay,5.99451322243966
rough_Clay,4.6360699762525694
rough_MAP,4.07442248241841
rough_Elevation,3.2867846900602453
Elevation,3.100499690688425
MAP,2.7396007082206224
rough_Soil.C,2.59230890712526
PDQ,1.6437318509729597
