nt,pseudo_r2,pred_obs_r2,pred_obs_r2_exp
500,-8.874680938706359e-4,0.23909942577136253,0.10980438531876117
