nt,pseudo_r2,pred_obs_r2,pred_obs_r2_exp
500,-0.0015178707132232905,0.23511915110898965,0.11748320088785331
