nt,pseudo_r2,pred_obs_r2,pred_obs_r2_exp
3250,0.01151352797048888,0.49595936117586775,0.22938274090868116
