nt,pseudo_r2,pred_obs_r2,pred_obs_r2_exp
600,-0.004785477715013586,0.28298470806641346,0.1460575695711549
