nt,pseudo_r2,pred_obs_r2,pred_obs_r2_exp
500,0.00287394440821076,0.2766523789329541,0.12423906028658174
