var,rel.inf
Elevation,40.389549155263936
rough_CEC,24.386998903946672
rough_Clay,12.818568047015217
Clay,5.102195945080925
rough_Soil.C,4.733865966654747
rough_Surface.T,2.5376966598085393
rough_Elevation,2.163398715456781
PDQ,1.7701256536119574
MAP,1.7625124789803162
rough_MAP,1.4204736896608372
rough_NDVI,1.3032690428854967
CEC,0.9364266430093069
pH,0.6749190986252642
