nt,pseudo_r2,pred_obs_r2,pred_obs_r2_exp
600,-0.0062645053748890955,0.23064699480702902,0.12486454624883611
