nt,pseudo_r2,pred_obs_r2,pred_obs_r2_exp
300,-0.009162839701110315,0.23432100085262864,0.14449067994092726
