nt,pseudo_r2,pred_obs_r2,pred_obs_r2_exp
400,4.3017742929085667e-4,0.19945062199137306,0.08160302633500922
