nt,pseudo_r2,pred_obs_r2,pred_obs_r2_exp
800,0.005571720040222328,0.32909185253351086,0.230128756870378
