var,rel.inf
rough_Clay,19.797664174585005
rough_Surface.T,17.97449596315999
rough_Soil.C,13.587813626242378
pH,9.078713194150975
rough_NDVI,8.26374984271721
PDQ,6.934296441146361
CEC,6.312270805160305
rough_Elevation,5.938034811576962
Elevation,4.075491900943239
rough_CEC,3.448210885384896
MAP,2.060973789636864
rough_MAP,1.4066398572489827
Clay,1.1216447080468335
