nt,pseudo_r2,pred_obs_r2,pred_obs_r2_exp
700,0.006948632779197661,0.23732690208703233,0.12555372955747202
