nt,pseudo_r2,pred_obs_r2,pred_obs_r2_exp
1350,0.0128482219683822,0.3951361409119683,0.19668765340066455
