var,rel.inf
rough_CEC,31.502473406602384
rough_Soil.C,21.0270076371923
Elevation,7.63917044702816
rough_Clay,7.5541585581836905
rough_Elevation,6.845131994971971
PDQ,5.3946756678756005
rough_MAP,4.520402754165928
CEC,4.0593251199500076
pH,3.0673273591772436
Clay,2.7726927414384597
MAP,2.013534919968816
rough_Surface.T,1.9315776044788178
rough_NDVI,1.6725217889666177
