nt,pseudo_r2,pred_obs_r2,pred_obs_r2_exp
450,-0.007475687913573781,0.2988138216702084,0.1390393785890195
