nt,pseudo_r2,pred_obs_r2,pred_obs_r2_exp
500,-0.004503341467064548,0.22645300830049042,0.11325277985154138
