var,rel.inf
rough_Elevation,42.235024387973766
CEC,11.734312846562888
rough_Surface.T,7.865315547321298
rough_NDVI,7.370784215304023
rough_Soil.C,6.0719060730219345
rough_Clay,5.701388849393587
Clay,4.234044787799846
rough_CEC,3.666910231374056
MAP,3.441023864016355
pH,3.23932861734829
rough_MAP,2.765690569652388
PDQ,1.391849434499917
Elevation,0.2824205757316558
