nt,pseudo_r2,pred_obs_r2,pred_obs_r2_exp
350,-0.001669272994737847,0.24629966890621594,0.0981732039570978
