var,rel.inf
rough_Soil.C,27.699287045683963
rough_Clay,16.912955289736697
rough_NDVI,11.703352750074908
rough_Surface.T,10.848332985697276
MAP,7.558180559127923
rough_Elevation,6.7152293158368845
pH,4.334776567696974
PDQ,3.2444089416643416
rough_CEC,3.0512220079964902
CEC,2.9547549406998606
Clay,2.4065088498953733
Elevation,2.0068439438824908
rough_MAP,0.564146802006824
