var,rel.inf
rough_Surface.T,19.265237911376346
CEC,14.258884954820505
MAP,11.989093752429206
rough_CEC,10.813335565181154
pH,9.38007268076284
rough_Soil.C,7.252536551911989
Elevation,6.304917397758563
rough_NDVI,4.880255851983737
rough_Elevation,4.334149172730906
rough_Clay,4.175197157929656
PDQ,4.003780292087567
rough_MAP,1.8117476015882186
Clay,1.53079110943932
