nt,pseudo_r2,pred_obs_r2,pred_obs_r2_exp
300,-0.0021789277556214515,0.197962012967103,0.12541804708436907
