nt,pseudo_r2,pred_obs_r2,pred_obs_r2_exp
200,-0.00474344433773477,0.21354652879911432,0.07873920729836831
