nt,pseudo_r2,pred_obs_r2,pred_obs_r2_exp
600,-0.002446897868928488,0.30929935820380267,0.17644469707820695
