var,rel.inf
MAP,17.615602256089698
CEC,14.01334717237977
rough_Elevation,13.831261431405807
rough_MAP,9.673529197741132
rough_Soil.C,9.24942039621888
rough_CEC,8.825036281951494
rough_Clay,8.428858713013176
pH,7.304133014350203
Clay,4.2894360979331445
rough_NDVI,2.61802416159988
Elevation,2.0007353331166073
PDQ,1.141133908482476
rough_Surface.T,1.0094820357177388
