nt,pseudo_r2,pred_obs_r2,pred_obs_r2_exp
400,-0.005033289575091526,0.2443066039308858,0.08662169664528555
