var,rel.inf
rough_CEC,19.812476988015217
rough_Clay,19.428382877165383
CEC,18.1070737777989
rough_Surface.T,12.025041580812795
rough_MAP,6.935017806411786
Clay,6.781486420200861
rough_NDVI,6.258094581556295
pH,3.425034317012194
Elevation,1.8917806610175885
rough_Soil.C,1.631188611896974
MAP,1.5723245993712682
PDQ,1.3436428726440957
rough_Elevation,0.7884549060966433
