nt,pseudo_r2,pred_obs_r2,pred_obs_r2_exp
950,-0.0023594535378597126,0.28302085623346096,0.14608875827842074
