var,rel.inf
CEC,18.375103057822813
PDQ,16.59625997747655
rough_MAP,14.634790174449003
rough_Soil.C,10.23492556678335
rough_NDVI,9.435146714766379
rough_Clay,7.4338437795918395
Elevation,6.721235031346862
Clay,5.360717912970685
MAP,4.50490846369737
rough_CEC,2.6294309818761983
rough_Elevation,1.5857375325757976
rough_Surface.T,1.379265789503603
pH,1.1086350171395412
