nt,pseudo_r2,pred_obs_r2,pred_obs_r2_exp
450,0.0022310769773943306,0.23183325948474487,0.12070196180077995
