nt,pseudo_r2,pred_obs_r2,pred_obs_r2_exp
350,-0.007647262137371547,0.2312866214326466,0.12699992628793016
