nt,pseudo_r2,pred_obs_r2,pred_obs_r2_exp
300,-0.0014418053385409912,0.19351674847105435,0.15367092515023809
