var,rel.inf
PDQ,28.68838687034817
MAP,16.997506143519708
rough_Clay,10.845248712152118
rough_Surface.T,8.654803113186404
Elevation,7.019188607471972
CEC,6.410206622183039
rough_CEC,5.053479157024723
rough_Soil.C,3.8295387464995927
pH,3.6505740303841674
rough_Elevation,3.373342420534173
Clay,2.359756265607876
rough_NDVI,2.1306131701721176
rough_MAP,0.9873561409159446
