var,rel.inf
rough_MAP,19.737836165756537
Clay,16.662357836140863
rough_Surface.T,10.974434571069922
PDQ,10.703704239163127
rough_Elevation,9.917507776358446
rough_Clay,6.936905175829922
MAP,6.06536230062354
Elevation,6.030192029745734
rough_Soil.C,5.104471512975911
rough_CEC,2.7569082953293167
rough_NDVI,2.404585248578687
CEC,1.4231390435589153
pH,1.2825958048690822
