var,rel.inf
Elevation,15.638865014700482
rough_CEC,15.419006412097211
rough_NDVI,14.536935679252252
rough_Elevation,13.550664823343496
rough_Surface.T,13.255408419934058
Clay,6.021361690446447
rough_MAP,4.725598423505077
CEC,4.035117129137813
PDQ,3.0849426302417644
rough_Clay,2.9925380387803067
rough_Soil.C,2.497244343115458
MAP,2.433547781990734
pH,1.8087696134549005
