var,rel.inf
rough_Clay,12.589311818916707
CEC,12.134612975506343
rough_Elevation,11.202277227324316
Clay,10.100165871451257
rough_Soil.C,9.092072130909134
rough_Surface.T,8.445686103633385
rough_NDVI,8.331486713410003
MAP,7.741502320703965
PDQ,6.650977861716569
rough_MAP,6.462595817107991
pH,3.862016057280892
Elevation,2.508772180846826
rough_CEC,0.87852292119261
