nt,pseudo_r2,pred_obs_r2,pred_obs_r2_exp
450,-5.782019014195505e-4,0.20648035242245025,0.10690954808991332
