var,rel.inf
pH,26.65254233959458
rough_CEC,16.523693338980323
CEC,13.075042603068772
rough_Soil.C,7.633961546579844
MAP,6.964276491325841
rough_MAP,5.506127296386648
rough_Clay,4.731140454471773
rough_NDVI,4.608085980159738
rough_Elevation,4.1529063468168905
Clay,4.04519311862887
rough_Surface.T,2.8249577309759992
Elevation,2.2062688910193184
PDQ,1.075803861991406
