nt,pseudo_r2,pred_obs_r2,pred_obs_r2_exp
800,0.0014163781293841105,0.2636336834537075,0.17235035261090023
