nt,pseudo_r2,pred_obs_r2,pred_obs_r2_exp
400,-1.8167041538008633e-5,0.1728698844347985,0.05728744599758419
