nt,pseudo_r2,pred_obs_r2,pred_obs_r2_exp
250,-9.973947894426072e-4,0.25964497784811497,0.10214147069276094
