nt,pseudo_r2,pred_obs_r2,pred_obs_r2_exp
600,0.003407983339768439,0.30887736881395367,0.13433052469806098
