var,rel.inf
rough_Soil.C,24.36046639607321
CEC,20.400784223694743
MAP,18.377217786989036
pH,5.538505007873131
rough_MAP,5.4140991981960385
Clay,5.348632824725468
rough_Elevation,5.182586003293263
PDQ,3.5114463285452504
rough_CEC,3.471469847151257
rough_Surface.T,2.723907323580242
rough_NDVI,2.1872113264606674
Elevation,1.9286842677301328
rough_Clay,1.5549894656875618
