var,rel.inf
PDQ,28.262545080749867
MAP,17.376769405641696
pH,10.919632321744102
rough_Elevation,9.892611965249934
CEC,6.8388541367858116
rough_MAP,6.737811970647074
Clay,5.4735558251860414
rough_Surface.T,4.791831226583622
rough_Soil.C,4.254327795120808
rough_Clay,2.852440422371296
rough_NDVI,1.3776736758486106
Elevation,0.6310234426639139
rough_CEC,0.5909227314072332
