var,rel.inf
rough_NDVI,18.298525170158914
pH,15.874109599938109
rough_Surface.T,12.051347597424465
rough_MAP,9.42652149734038
rough_Clay,9.250594017062902
CEC,8.28987500110564
rough_Soil.C,5.006483334590597
rough_CEC,4.470536443204527
Elevation,4.447956827560239
Clay,4.115101191322319
PDQ,4.114342772565618
rough_Elevation,2.6597536336328345
MAP,1.994852914093446
