nt,pseudo_r2,pred_obs_r2,pred_obs_r2_exp
600,0.006490919741802048,0.2378043595595018,0.1550582268089006
