var,rel.inf
CEC,25.025280350168646
Clay,15.407476367773159
rough_MAP,10.98101011456531
rough_Elevation,9.42765050769186
rough_Clay,9.184559252490711
Elevation,6.79658555195668
MAP,6.619311069486511
rough_Surface.T,6.603834292586547
PDQ,3.8378013896519905
pH,2.5791869820065543
rough_Soil.C,1.32440779350166
rough_NDVI,1.2308879156660393
rough_CEC,0.9820084124543335
