var,rel.inf
rough_NDVI,27.844242667941526
rough_Elevation,19.100635617048187
rough_Soil.C,11.649187292495856
PDQ,11.525398634117412
Elevation,6.315546935308554
rough_CEC,5.048891360458962
Clay,4.389539872021929
pH,3.926922274942838
rough_MAP,3.535150791380282
rough_Surface.T,2.1705946721070073
MAP,2.062593948618046
CEC,1.6293599986547906
rough_Clay,0.8019359349046122
