nt,pseudo_r2,pred_obs_r2,pred_obs_r2_exp
650,0.011376039621000422,0.21743579628170062,0.10319963995239956
