var,rel.inf
rough_Soil.C,37.70623822818538
MAP,8.998632436182424
pH,8.449896842214677
rough_Clay,7.971650767805469
rough_CEC,7.160838296539258
PDQ,5.489451678909319
rough_Surface.T,4.6751628738984286
rough_NDVI,4.251948058644065
rough_MAP,4.114476775430016
Clay,3.8019385036662983
rough_Elevation,3.0748430680196956
Elevation,2.6669811274303403
CEC,1.637941343074629
