var,rel.inf
PDQ,27.497600337531193
rough_Surface.T,11.873212904031623
CEC,8.18198370848008
rough_CEC,8.141297999748275
rough_MAP,7.8808244071590225
Clay,7.878703975388046
pH,6.1787422385332365
rough_Elevation,5.334655523512299
rough_NDVI,5.300390325081446
rough_Clay,5.162272290750542
MAP,3.664759590246019
rough_Soil.C,2.0527887667227667
Elevation,0.8527679328154476
