nt,pseudo_r2,pred_obs_r2,pred_obs_r2_exp
700,0.003630382596877091,0.3011122213797829,0.1815161755938695
