nt,pseudo_r2,pred_obs_r2,pred_obs_r2_exp
600,-4.421530114147032e-4,0.28777794516616023,0.12038181696492499
