nt,pseudo_r2,pred_obs_r2,pred_obs_r2_exp
200,3.599992069911462e-4,0.21337298142705388,0.10146154491353662
