nt,pseudo_r2,pred_obs_r2,pred_obs_r2_exp
400,0.0025359243320376423,0.21892834800043323,0.10843896729378612
