var,rel.inf
Elevation,28.87498729688668
rough_MAP,12.448693119357142
Clay,9.549740140251977
rough_CEC,9.0675904894947
rough_Clay,6.585503435621134
MAP,6.369780604722475
rough_Elevation,5.935817364512674
rough_NDVI,5.710555965662638
rough_Surface.T,4.9355535430106405
rough_Soil.C,3.66996545162553
pH,3.38861429285468
PDQ,2.0991171069391785
CEC,1.3640811890605533
