nt,pseudo_r2,pred_obs_r2,pred_obs_r2_exp
450,-0.0047903335151391335,0.24895603096807398,0.14095265400944182
