nt,pseudo_r2,pred_obs_r2,pred_obs_r2_exp
450,-0.005988505584965553,0.21902293128280234,0.13054516576224376
