nt,pseudo_r2,pred_obs_r2,pred_obs_r2_exp
400,-0.004202767564200238,0.22655477839327953,0.1276093708635587
