nt,pseudo_r2,pred_obs_r2,pred_obs_r2_exp
1200,0.034006896286726485,0.2489950247637475,0.1374184465342893
