var,rel.inf
rough_Clay,23.56228395720965
pH,20.151222996903545
rough_Soil.C,8.280938182914136
Clay,8.121407954050227
MAP,8.11620791471713
rough_NDVI,5.46592552554777
rough_Surface.T,5.157515993504353
rough_Elevation,4.938063163036223
PDQ,4.700802233677983
CEC,3.7303913478742716
rough_CEC,3.2402726623558213
Elevation,2.3013594953282697
rough_MAP,2.2336085728806125
