nt,pseudo_r2,pred_obs_r2,pred_obs_r2_exp
400,4.8210620385436e-4,0.21680802067457688,0.10929293598973593
