nt,pseudo_r2,pred_obs_r2,pred_obs_r2_exp
250,-0.005094475512227747,0.24531111329352637,0.09109611894429782
