nt,pseudo_r2,pred_obs_r2,pred_obs_r2_exp
300,-0.006340551903652791,0.1811842042971765,0.08539780840592633
