var,rel.inf
rough_NDVI,23.959681439092122
PDQ,18.69115939154935
rough_Surface.T,15.544878161149294
rough_MAP,14.392903417410624
CEC,5.720672181605504
rough_CEC,5.455572457806269
rough_Elevation,3.9174743228399467
pH,3.89813965428871
MAP,2.3122068362779142
rough_Soil.C,2.1625826314321435
Elevation,1.8580539867930548
Clay,1.257238007572698
rough_Clay,0.8294375121823635
