nt,pseudo_r2,pred_obs_r2,pred_obs_r2_exp
2250,0.021963146047215942,0.4080775126782793,0.2395541139616015
