nt,pseudo_r2,pred_obs_r2,pred_obs_r2_exp
1650,0.016020786794123998,0.341579800738128,0.22644536956049624
