nt,pseudo_r2,pred_obs_r2,pred_obs_r2_exp
550,0.004407860839729882,0.2551299367871513,0.12124575017750928
