nt,pseudo_r2,pred_obs_r2,pred_obs_r2_exp
700,0.009599134795667652,0.22018000862195747,0.10915802398310587
