var,rel.inf
Clay,26.436529921414284
rough_MAP,21.04579504894417
rough_Clay,15.1295496813335
rough_Surface.T,9.318735177038626
rough_CEC,5.682156420659381
Elevation,5.169059328389198
MAP,4.568447883509923
rough_Soil.C,2.9954667072041397
rough_NDVI,2.2589973414841316
pH,2.2144108517007326
CEC,1.8973947082138565
rough_Elevation,1.6637354809199973
PDQ,1.6197214491880565
