var,rel.inf
rough_Clay,18.963737804399543
rough_MAP,16.372252919502024
Clay,11.06207080190211
rough_Soil.C,10.682063622914727
Elevation,9.476920849385666
rough_CEC,6.308631817913721
rough_Elevation,5.854669197401868
MAP,4.6652751935162
PDQ,4.383396796507566
CEC,4.370507641138752
rough_Surface.T,2.9995265243437013
rough_NDVI,2.8184901158389284
pH,2.0424567152351987
