nt,pseudo_r2,pred_obs_r2,pred_obs_r2_exp
500,0.006445751354157037,0.21710660295823753,0.14224658763694817
