nt,pseudo_r2,pred_obs_r2,pred_obs_r2_exp
650,0.0072293683787096885,0.2180685818136761,0.10295881628977317
