nt,pseudo_r2,pred_obs_r2,pred_obs_r2_exp
300,-0.009420329295139362,0.20003977745994606,0.08963167511422702
