nt,pseudo_r2,pred_obs_r2,pred_obs_r2_exp
900,0.004707048097323585,0.29082739948458086,0.1911311063785448
