var,rel.inf
rough_MAP,18.59829290960529
pH,15.406891642173653
rough_NDVI,14.45789014322955
rough_CEC,9.863945761396973
rough_Elevation,7.3412076311867995
Elevation,6.6055119082597615
PDQ,5.764731083045589
rough_Clay,5.226629570169966
rough_Soil.C,4.660746355590118
MAP,4.6420098187697825
rough_Surface.T,2.697272145497812
CEC,2.591213105504227
Clay,2.1436579255704764
