var,rel.inf
rough_Clay,23.433749483300662
rough_Elevation,20.024077998450334
MAP,14.716133113807556
rough_NDVI,7.872614064593246
Clay,6.448643144544348
rough_MAP,6.167045184371661
PDQ,5.614203018068698
rough_Soil.C,3.619634771186621
rough_CEC,3.1394051122302744
Elevation,2.743992583366317
pH,2.508989859288013
CEC,1.9063401257563193
rough_Surface.T,1.8051715410359443
