nt,pseudo_r2,pred_obs_r2,pred_obs_r2_exp
450,0.0020871172819590944,0.2700927260150265,0.14609660530588578
