nt,pseudo_r2,pred_obs_r2,pred_obs_r2_exp
200,-0.009390682061898525,0.18059869911541637,0.11821042629236296
