var,rel.inf
rough_MAP,17.944755588900847
rough_Surface.T,16.417508257857477
rough_Clay,11.561160700719752
PDQ,11.223771210850225
rough_Elevation,6.440383800008918
rough_CEC,6.033605921513219
Clay,5.967337111077556
MAP,5.276641963711374
rough_NDVI,5.118203661649991
CEC,4.631003406572359
rough_Soil.C,4.044756894841391
Elevation,2.979417827120498
pH,2.361453655176386
