var,rel.inf
rough_Elevation,43.963574624196326
rough_Soil.C,12.15556352736822
rough_Clay,7.9314179535520815
rough_NDVI,7.03329400363222
Clay,6.67730416913087
Elevation,6.147382236353306
CEC,5.702035467570364
rough_CEC,3.5092799525575797
PDQ,2.675045017890136
pH,2.0147709351507666
rough_Surface.T,1.0322569305632983
MAP,0.5997457627048669
rough_MAP,0.5583294193299689
