nt,pseudo_r2,pred_obs_r2,pred_obs_r2_exp
400,-0.0035680952774512775,0.2030928354485325,0.10233839231381121
