var,rel.inf
CEC,19.83911235379516
rough_Surface.T,17.935521040826327
PDQ,16.551470245415583
rough_Elevation,10.183267700787924
rough_MAP,9.152132241410392
rough_Soil.C,6.3625871693509755
rough_NDVI,4.620477078794186
Clay,3.725671670636561
rough_Clay,2.9872370816179115
MAP,2.8011324591198266
Elevation,2.148335467450107
pH,2.092421842034292
rough_CEC,1.6006336487607595
