var,rel.inf
rough_Elevation,28.526343168238956
rough_CEC,17.79932303552997
CEC,10.869695862656947
MAP,10.232480722166923
Elevation,8.701205882672868
pH,4.518627548413548
rough_Soil.C,4.175304121503344
rough_MAP,4.170004781610895
Clay,4.028471308082834
rough_Surface.T,2.6536136196988647
rough_Clay,2.3958891082609313
PDQ,1.3620535227376946
rough_NDVI,0.5669873184262294
