nt,pseudo_r2,pred_obs_r2,pred_obs_r2_exp
250,-5.02392421548814e-4,0.17318050530773235,0.08929896066961708
