var,rel.inf
rough_CEC,21.990412675019126
Clay,16.70939454566525
rough_Surface.T,15.034355912396258
Elevation,10.455632004566429
CEC,8.563224322732593
rough_NDVI,7.096824965571083
pH,5.739155170908488
rough_MAP,3.76851464139732
PDQ,3.4415259898840063
MAP,2.2976568598299316
rough_Clay,2.114856569386519
rough_Elevation,1.531035935016706
rough_Soil.C,1.2574104076262884
