var,rel.inf
MAP,22.786636586049635
rough_Soil.C,17.29566523354035
CEC,13.134191245927545
Clay,10.21340225689395
pH,7.504663305444268
rough_NDVI,7.296095486708465
rough_CEC,5.789621059680917
rough_Elevation,4.026445126671255
rough_Clay,3.3543160381564663
PDQ,2.845522922030936
Elevation,2.5081075875232437
rough_MAP,2.286942862566508
rough_Surface.T,0.9583902888064568
