nt,pseudo_r2,pred_obs_r2,pred_obs_r2_exp
600,0.004402128811559658,0.26660843433816733,0.09053776462726125
