nt,pseudo_r2,pred_obs_r2,pred_obs_r2_exp
900,0.013880978462624038,0.24947281071366656,0.12379099260266618
