var,rel.inf
rough_NDVI,31.932818336078395
MAP,23.360670586859037
CEC,10.091013931938768
Clay,9.753068330737824
rough_Soil.C,8.464046211381362
rough_CEC,5.961213841690549
rough_Elevation,2.7732141483501085
pH,2.478820537645057
rough_MAP,1.2228385964787662
rough_Clay,1.1185738031484442
rough_Surface.T,1.036290541227663
Elevation,0.9851554371772275
PDQ,0.8222756972868026
