nt,pseudo_r2,pred_obs_r2,pred_obs_r2_exp
500,0.006761944192974045,0.24593629694360652,0.09825235852991504
