var,rel.inf
MAP,16.310253045167922
Clay,15.238406940649655
Elevation,10.849901294409502
rough_MAP,10.247672653372222
rough_Soil.C,9.081897137291493
PDQ,7.361785996888802
CEC,7.247709294274988
pH,6.394523988939455
rough_NDVI,4.208642307737494
rough_Clay,3.9689100309071708
rough_CEC,3.3826110224401815
rough_Surface.T,3.3490861878435916
rough_Elevation,2.3586001000775285
