nt,pseudo_r2,pred_obs_r2,pred_obs_r2_exp
350,-0.008086449598056156,0.18800312772482422,0.08192247070636852
