nt,pseudo_r2,pred_obs_r2,pred_obs_r2_exp
1e3,0.010379659933868024,0.2988353134041242,0.17023169789129916
