nt,pseudo_r2,pred_obs_r2,pred_obs_r2_exp
650,0.002566753423559942,0.22735172591936098,0.08586726362717577
