var,rel.inf
rough_Clay,28.03975299690855
rough_Soil.C,13.576224444236283
rough_MAP,9.162488015216432
rough_Surface.T,9.024583219684793
pH,7.184760165733262
rough_CEC,6.517332308950517
rough_Elevation,5.420912754317158
PDQ,5.191731614249601
Elevation,4.143981016783385
Clay,3.9084218154994455
MAP,2.7978476603677764
rough_NDVI,2.739684413561502
CEC,2.2922795744912965
