nt,pseudo_r2,pred_obs_r2,pred_obs_r2_exp
1550,0.00818753792350102,0.34384165150797585,0.22078943174453144
