nt,pseudo_r2,pred_obs_r2,pred_obs_r2_exp
1250,0.00539082358646592,0.28613301950306835,0.14259784756163654
