var,rel.inf
rough_Surface.T,33.79408186926873
Clay,15.233489034166539
CEC,12.303262394724511
rough_NDVI,6.766273019323329
rough_MAP,6.200184496895347
rough_Clay,4.9562445215213495
MAP,4.223818809197348
Elevation,3.422098045383098
rough_Soil.C,3.3650294099764158
rough_Elevation,2.9053376721785233
pH,2.678289688938834
rough_CEC,2.6291205121146777
PDQ,1.5227705263112983
