nt,pseudo_r2,pred_obs_r2,pred_obs_r2_exp
2400,0.014084907877766839,0.415899152839895,0.24460331631952145
