var,rel.inf
rough_Elevation,26.874552331280675
rough_Surface.T,17.071150896226698
rough_Soil.C,10.390900996382168
rough_CEC,8.44328198209083
rough_Clay,7.45018989407264
PDQ,5.813991536924615
Clay,4.711844551505675
MAP,3.7632714345956093
CEC,3.4842204044698755
pH,3.401425609292854
rough_NDVI,3.3865214742232
Elevation,2.611300586828085
rough_MAP,2.5973483021070694
