nt,pseudo_r2,pred_obs_r2,pred_obs_r2_exp
400,0.0062306009560473274,0.1954319060696133,0.10613996672958574
