var,rel.inf
rough_CEC,19.101835790571783
rough_Surface.T,15.9472812058231
rough_MAP,15.562618554827063
Clay,8.445591823437354
rough_NDVI,8.420756616866623
rough_Elevation,8.06242957196056
CEC,7.139246936470267
rough_Clay,4.304804452231163
Elevation,3.9292313117514994
rough_Soil.C,3.884065449562586
MAP,2.5172098066263584
pH,1.8298385452339123
PDQ,0.8550899346377239
