var,rel.inf
rough_CEC,17.713962139248896
CEC,15.23953174535155
PDQ,12.463778656549053
rough_Elevation,8.968427564662985
rough_Soil.C,8.70905015609004
MAP,7.520610411702615
rough_Clay,6.179915754852012
rough_Surface.T,5.385972653156301
Clay,4.9719522038999076
Elevation,4.824960981195841
pH,4.0027038728988975
rough_MAP,2.8476225756940905
rough_NDVI,1.1715112846978155
