var,rel.inf
rough_Elevation,29.565335870236222
rough_Clay,25.853023274717902
Elevation,7.391812006441528
rough_NDVI,6.930342882723762
CEC,6.5530049274114965
Clay,4.340148317471179
MAP,4.033003672756268
rough_Surface.T,3.8130928530134134
PDQ,2.8637385053596858
rough_MAP,2.8311567776795776
rough_Soil.C,2.4213022193646507
pH,1.7668950749329442
rough_CEC,1.6371436178913676
