nt,pseudo_r2,pred_obs_r2,pred_obs_r2_exp
300,-0.0019517166336249225,0.197502237974987,0.08051230626623956
