nt,pseudo_r2,pred_obs_r2,pred_obs_r2_exp
800,0.015122122755808376,0.2654664486410891,0.1611375419412077
