nt,pseudo_r2,pred_obs_r2,pred_obs_r2_exp
800,0.0032595591634643206,0.25600266368426455,0.1396763898962287
