nt,pseudo_r2,pred_obs_r2,pred_obs_r2_exp
250,-6.543182043614593e-4,0.15438730124563055,0.0801051755093751
