nt,pseudo_r2,pred_obs_r2,pred_obs_r2_exp
350,-6.601567658941487e-4,0.22223567266316674,0.1182640818076085
