var,rel.inf
rough_Elevation,21.80645217148708
rough_CEC,18.132958679569626
rough_Clay,15.350496683897743
PDQ,11.67684652388245
Elevation,7.4920159020505945
MAP,6.313321669840599
CEC,3.5456775512056224
rough_MAP,3.524879341824437
pH,3.1665357115903903
rough_Surface.T,2.8677607570281376
rough_NDVI,2.502310385816888
Clay,2.1658564355855363
rough_Soil.C,1.4548881862208982
