nt,pseudo_r2,pred_obs_r2,pred_obs_r2_exp
350,0.0019152037602481187,0.2119657460763482,0.10256978763421208
