nt,pseudo_r2,pred_obs_r2,pred_obs_r2_exp
450,0.009975300802331,0.18670130141477023,0.07710878117040736
