nt,pseudo_r2,pred_obs_r2,pred_obs_r2_exp
200,-0.004835066915498176,0.21025284573396777,0.08086043062741381
