nt,pseudo_r2,pred_obs_r2,pred_obs_r2_exp
1200,0.034932287096262504,0.288402280470273,0.15958506983607823
