var,rel.inf
rough_Surface.T,16.647074456293613
PDQ,16.440189961470466
rough_CEC,12.924411857389495
rough_Elevation,11.647052857054232
rough_Soil.C,6.721328327817929
rough_MAP,6.632404503816705
CEC,6.04325214135734
Elevation,5.26785070397427
MAP,5.130848441225043
Clay,3.904079452516198
rough_NDVI,3.8568714411588543
rough_Clay,2.72184059129629
pH,2.0627952646295635
