var,rel.inf
CEC,19.96405045080051
rough_Clay,17.75589720804703
rough_Surface.T,9.975161845508692
rough_Elevation,9.016445427843578
rough_Soil.C,8.250403084141531
Clay,7.873621788555933
rough_NDVI,5.69542792282365
PDQ,5.205412912092331
Elevation,4.123578221564408
rough_MAP,3.281823852953895
pH,3.0816564048638604
rough_CEC,2.9762233380289076
MAP,2.800297542775667
