var,rel.inf
rough_Soil.C,13.528379332051992
pH,13.427585703541364
rough_MAP,13.09315511427259
rough_Surface.T,11.62067171554229
rough_CEC,10.89434091047433
Elevation,9.143389846730788
rough_NDVI,7.648306656840237
rough_Clay,4.208421182600668
PDQ,3.9903118003562157
rough_Elevation,3.8253343904118715
MAP,3.5994646442732483
CEC,2.75327504421916
Clay,2.2673636586852375
