nt,pseudo_r2,pred_obs_r2,pred_obs_r2_exp
500,0.0036912572635995344,0.22663382453295774,0.11235632363599615
