var,rel.inf
pH,22.2822409339598
rough_CEC,19.358610771150854
CEC,11.951972456662789
rough_Clay,9.48863567380531
rough_Surface.T,9.298946780942984
rough_Soil.C,5.426117058061694
rough_Elevation,5.091222869127783
PDQ,4.202643144654541
MAP,4.001012536146753
rough_MAP,2.787314981148307
Elevation,2.276692903775136
Clay,1.922311408674498
rough_NDVI,1.9122784818895484
