nt,pseudo_r2,pred_obs_r2,pred_obs_r2_exp
300,-0.008236792781512348,0.20186659959706568,0.10307830061080996
