nt,pseudo_r2,pred_obs_r2,pred_obs_r2_exp
850,0.02359621302989323,0.23831407911517785,0.138883638984331
