var,rel.inf
rough_Elevation,34.79325110310854
rough_Surface.T,20.35255611931181
Clay,9.08464726449753
rough_Soil.C,8.57516115010242
rough_Clay,6.011150863152246
rough_CEC,4.843704616185972
PDQ,3.996224735742176
Elevation,3.680399835028594
rough_MAP,2.698501152092666
rough_NDVI,2.2757136875939667
pH,1.5229377120334584
MAP,1.2263182523349094
CEC,0.9394335088157106
