var,rel.inf
MAP,25.097583557815245
rough_NDVI,19.137766807729605
rough_Soil.C,13.218173363735204
PDQ,12.163171069871291
rough_Surface.T,8.355755132577322
CEC,4.872250909194699
Clay,4.255633154199055
rough_CEC,3.215918746045274
pH,2.7636438120494606
rough_Clay,2.5862449504561282
rough_MAP,2.2426716641777475
rough_Elevation,1.5177363886768145
Elevation,0.5734504434721485
