var,rel.inf
Clay,20.38496177494784
PDQ,18.386833837368158
rough_Surface.T,15.025248112193799
rough_MAP,9.751494309230521
rough_NDVI,8.454441858141951
MAP,7.948061417436414
Elevation,6.386224031081333
rough_Elevation,3.8972776953928814
pH,2.391688900522997
rough_CEC,2.100805081319899
CEC,1.9520530243736733
rough_Clay,1.7386168901858572
rough_Soil.C,1.5822930678046698
