var,rel.inf
rough_Soil.C,19.252178002254688
Elevation,15.639904001323732
rough_Elevation,13.566904951371011
rough_CEC,10.205212569304246
MAP,9.528877409404858
rough_Surface.T,7.145922892585993
Clay,5.763288539934346
rough_NDVI,5.503571142033715
CEC,5.1447836469183805
PDQ,2.795583282914702
pH,1.9309700993002066
rough_MAP,1.8288332107060592
rough_Clay,1.6939702519480606
