var,rel.inf
rough_Surface.T,36.153530325816796
MAP,23.469299192028842
rough_CEC,13.607916057705946
rough_Clay,6.237257732335745
pH,5.805726799842362
rough_Soil.C,4.437516817999109
rough_Elevation,2.7881908003248213
rough_NDVI,2.124873992066384
Clay,1.6894696430254776
rough_MAP,1.586439295270274
Elevation,0.8810638254399644
CEC,0.7670783458973786
PDQ,0.45163717224689753
