var,rel.inf
pH,20.278227532594013
Elevation,18.46479827071579
Clay,10.810383135051147
rough_CEC,10.63276542820267
MAP,10.137423822586364
rough_NDVI,5.805245993889659
CEC,5.288556147685146
rough_Soil.C,5.057043696577046
rough_Surface.T,3.9432153128078853
PDQ,3.1991551545217067
rough_MAP,2.2225999324211445
rough_Clay,2.1344274986539062
rough_Elevation,2.026158074293524
