nt,pseudo_r2,pred_obs_r2,pred_obs_r2_exp
250,-0.004951974115839919,0.2270589449122799,0.08383832429866565
