var,rel.inf
rough_CEC,32.94905251881448
rough_Clay,20.815427298297294
rough_NDVI,15.178932693913092
rough_Soil.C,9.65762543347782
rough_Elevation,5.306783141633509
Clay,4.1241864206752235
rough_MAP,3.049798938555115
MAP,2.9599337292473122
rough_Surface.T,2.1522028570595824
pH,1.231128746648926
PDQ,1.0773342633538228
Elevation,0.8653596138788036
CEC,0.6322343444450116
