var,rel.inf
Clay,14.41185931855592
rough_Surface.T,14.390925830085175
rough_CEC,13.432039240106004
rough_NDVI,10.774926930137662
pH,10.196001612704972
rough_Clay,8.358664304332322
MAP,6.710542254931705
rough_MAP,5.94164001448369
PDQ,4.5822265364673695
rough_Soil.C,3.938228777978682
rough_Elevation,3.3632371121596574
Elevation,2.704209721184904
CEC,1.195498346871947
