nt,pseudo_r2,pred_obs_r2,pred_obs_r2_exp
400,-0.003683964774638282,0.2515096394089466,0.13443547365839198
