var,rel.inf
rough_Soil.C,31.91937077214602
Clay,10.055666718900845
PDQ,9.279312828549873
Elevation,8.916722744010965
pH,8.869950031459629
rough_NDVI,8.852076727995158
rough_MAP,6.036802214149751
CEC,5.792718104401241
MAP,3.331994159196559
rough_Surface.T,2.517032877301522
rough_Clay,1.5291158078064278
rough_Elevation,1.47307513226127
rough_CEC,1.426161881820733
