var,rel.inf
pH,26.949267603613215
CEC,13.280997088123309
rough_CEC,10.799523473426065
MAP,10.576515946693604
rough_MAP,7.199927456217884
rough_NDVI,6.781682469875402
rough_Soil.C,5.796903402604633
PDQ,4.3171242077443335
rough_Clay,4.072063150910163
Clay,3.457619375438166
rough_Surface.T,2.6204362676264727
rough_Elevation,2.442350695204991
Elevation,1.7055888625217575
