nt,pseudo_r2,pred_obs_r2,pred_obs_r2_exp
1300,-0.00412253255280115,0.33807545303843684,0.2089864831782045
