var,rel.inf
rough_Surface.T,34.56111635009973
rough_Soil.C,10.079211085891117
pH,9.017552003360848
MAP,8.924401335561088
Elevation,6.20664855263464
rough_Elevation,6.098038938181522
CEC,5.8785790698998275
rough_CEC,5.012127214449853
rough_Clay,4.438832296055337
Clay,3.559206166071099
PDQ,2.557927311155159
rough_MAP,2.2626631268868547
rough_NDVI,1.4036965497529343
