nt,pseudo_r2,pred_obs_r2,pred_obs_r2_exp
400,-0.002160750740249684,0.22894824277470152,0.11734399830135868
