nt,pseudo_r2,pred_obs_r2,pred_obs_r2_exp
500,-2.532267586665693e-4,0.2755326081716291,0.1295341262474528
