var,rel.inf
rough_MAP,45.20634716513702
pH,14.255607807243223
rough_NDVI,12.718438775554965
rough_CEC,8.035326661553164
MAP,4.523456898163934
CEC,3.8999575578027024
rough_Elevation,2.403464813867842
rough_Soil.C,2.3704766934540924
PDQ,2.3466502168937584
rough_Surface.T,1.6678976056156243
rough_Clay,1.2571275593408167
Elevation,0.8543565354798771
Clay,0.46089170989298234
