nt,pseudo_r2,pred_obs_r2,pred_obs_r2_exp
1900,0.01776949833521546,0.39738190306671156,0.22510179288229146
