nt,pseudo_r2,pred_obs_r2,pred_obs_r2_exp
550,0.009011761105055749,0.2422272672729127,0.09527611067003386
