var,rel.inf
rough_NDVI,22.154061801884733
PDQ,21.123488136240592
Clay,11.655919916910811
rough_Elevation,9.11576973155206
rough_MAP,9.09353288555534
rough_Soil.C,7.096891656391313
rough_Surface.T,5.168647767939748
CEC,5.0263546260975165
rough_Clay,4.110070202792686
Elevation,1.922821125952228
MAP,1.9071721672928341
pH,1.0467114418541477
rough_CEC,0.5785585395359953
