var,rel.inf
CEC,23.8285156143586
rough_Surface.T,23.25807077322709
Clay,16.536248113510187
rough_CEC,7.658829051891579
rough_NDVI,6.142210060625717
rough_Soil.C,6.009976280871798
rough_Elevation,4.299459668020831
rough_Clay,3.605049266289333
rough_MAP,2.1645207367219506
MAP,2.0908577861438586
PDQ,1.6480060887437096
Elevation,1.4457783693902462
pH,1.3124781902051046
