nt,pseudo_r2,pred_obs_r2,pred_obs_r2_exp
750,0.004552847166063523,0.2770665233071561,0.13775915540109246
