nt,pseudo_r2,pred_obs_r2,pred_obs_r2_exp
200,-0.0017398949994376078,0.18708770303851602,0.10958556501202692
