var,rel.inf
Surface.T,23.87165295310525
rough_PDQ,22.40725032443623
rough_Soil.C,18.90732863191338
rough_Elevation,8.183366525821516
rough_Surface.T,5.800956980656891
MAP,4.64960164784796
Clay,3.3071584283336803
rough_CEC,2.8684808337921224
rough_MAP,2.760982190681324
pH,2.087165222085371
rough_NDVI,1.917564562683811
PDQ,1.6075979801944054
Elevation,0.9153168948974373
CEC,0.715576823550615
