nt,pseudo_r2,pred_obs_r2,pred_obs_r2_exp
550,-1.1133709418698068e-4,0.15180794480992615,0.05712169297726888
