nt,pseudo_r2,pred_obs_r2,pred_obs_r2_exp
350,-7.97833627567357e-4,0.15175652319780403,0.07580937699481279
