nt,pseudo_r2,pred_obs_r2,pred_obs_r2_exp
800,0.007607190730460456,0.1784831023180725,0.07423113896709135
