var,rel.inf
PDQ,44.749122929178796
Elevation,14.997708168482715
rough_Elevation,8.112489031022717
Surface.T,5.254101863066065
CEC,5.250438443316665
rough_PDQ,3.174443472855459
rough_Soil.C,2.7317305259142475
rough_CEC,2.71427382008406
pH,2.710095880632773
Clay,2.5998539360566397
rough_Surface.T,2.4427126149416782
MAP,2.3410387781978432
rough_MAP,1.9489287103057875
rough_NDVI,0.9730618259445626
