var,rel.inf
pH,31.498917817421766
rough_CEC,11.796736580101397
PDQ,11.003687245541245
rough_NDVI,9.402843373381943
Surface.T,7.24623671936803
rough_Soil.C,6.925023644741294
Elevation,6.432940845045978
rough_Surface.T,4.845976562707932
MAP,3.4006959843615
rough_Elevation,2.8025346535912
Clay,1.4220570149801885
CEC,1.3056835909820135
rough_PDQ,0.99317167189773
rough_MAP,0.9234942958777788
