nt,pseudo_r2,pred_obs_r2,pred_obs_r2_exp
500,-3.6122434589302976e-4,0.1945698225259493,0.04680441398499196
