nt,pseudo_r2,pred_obs_r2,pred_obs_r2_exp
700,0.007806400838654692,0.1769455728512284,0.0723167515462957
