nt,pseudo_r2,pred_obs_r2,pred_obs_r2_exp
750,-0.002196796507595522,0.19721562287682015,0.08560281648304686
