var,rel.inf
rough_PDQ,42.22637274186459
rough_Elevation,10.80638683395946
PDQ,10.719610732013942
CEC,6.0771716927437565
Surface.T,5.120793916449089
Clay,5.088199488968882
rough_CEC,4.3315394147769934
rough_Surface.T,3.819628903496915
Elevation,3.7071769504940004
rough_Soil.C,2.748802331551298
MAP,2.169642367211108
rough_NDVI,1.6262366548719545
rough_MAP,0.8867035357740222
pH,0.6717344358239842
