var,rel.inf
PDQ,18.77651362139879
rough_CEC,12.65050436080682
Clay,10.4595180980232
rough_Soil.C,10.032782479159975
Elevation,7.9871476922158795
CEC,7.820658206818988
rough_Elevation,6.390853461530596
rough_NDVI,6.350727849184544
pH,6.27708132107779
rough_PDQ,5.098173585403192
rough_Surface.T,3.020465306265584
MAP,2.6594412493356248
Surface.T,1.3448192126803031
rough_MAP,1.1313135560987129
