nt,pseudo_r2,pred_obs_r2,pred_obs_r2_exp
400,0.004558225832139384,0.1305219197336545,0.057805947615149865
