nt,pseudo_r2,pred_obs_r2,pred_obs_r2_exp
500,0.0034526430065822122,0.15851856044988163,0.0438096897897528
