nt,pseudo_r2,pred_obs_r2,pred_obs_r2_exp
450,-5.327275662536657e-5,0.1915305496860129,0.06507557549554366
