var,rel.inf
rough_PDQ,32.45337656842006
rough_MAP,21.114223778709817
rough_Elevation,13.415117105239666
rough_Soil.C,4.414597304820236
CEC,4.121471025259623
rough_CEC,3.641426959092169
pH,3.50522113785399
PDQ,3.4388826474247036
MAP,3.2264398590772596
rough_Surface.T,2.9879937171902555
rough_NDVI,2.478179086616193
Elevation,2.2685704011448857
Surface.T,1.5316829531051765
Clay,1.4028174560459596
