nt,pseudo_r2,pred_obs_r2,pred_obs_r2_exp
250,-0.004588842435392815,0.16595626349189913,0.06119118922306099
