var,rel.inf
rough_Elevation,28.60448541483415
rough_MAP,12.311303325567211
rough_Surface.T,10.46720853921224
rough_Soil.C,10.035674132238688
rough_NDVI,8.805998885100497
CEC,5.472802067963712
MAP,4.5593673432938155
pH,4.17955493856297
PDQ,3.8571266916579066
rough_CEC,3.4313382945180773
Elevation,3.1844565568856726
Surface.T,2.267706529056719
Clay,1.9046471757270615
rough_PDQ,0.9183301053812882
