nt,pseudo_r2,pred_obs_r2,pred_obs_r2_exp
800,0.0017894292787479227,0.18264100323571864,0.0953676811992012
