var,rel.inf
rough_CEC,37.96684135783422
rough_Soil.C,12.664852318785607
rough_Elevation,7.942649949044278
rough_NDVI,7.636056831828921
rough_PDQ,5.773839237418697
CEC,4.8550778887402934
pH,4.593149097399525
rough_Surface.T,4.535484986210314
MAP,3.9862987621724884
PDQ,3.1437737844987694
Clay,3.1358786811245762
Surface.T,1.9578010743167678
Elevation,0.9732054852213234
rough_MAP,0.8350905454042206
