var,rel.inf
Clay,21.723589874562744
rough_PDQ,20.527435418008135
Surface.T,12.330032673334216
rough_Elevation,8.831778550997537
Elevation,8.472245399662187
rough_MAP,7.0482869252959945
rough_NDVI,4.611489950016942
PDQ,4.589480492059707
rough_Surface.T,4.090109584432893
rough_CEC,2.404142071407162
MAP,2.2797082919469553
CEC,1.4913019449173854
pH,0.9276348005095699
rough_Soil.C,0.6727640228485662
