nt,pseudo_r2,pred_obs_r2,pred_obs_r2_exp
1050,0.01590292077768285,0.1833547835331746,0.08661414591295567
