nt,pseudo_r2,pred_obs_r2,pred_obs_r2_exp
600,-9.982062106650424e-4,0.1881471163993833,0.082673197083831515
