var,rel.inf
rough_NDVI,27.7535668587397
Clay,16.916466232757255
PDQ,14.303935929884856
rough_Soil.C,7.260233869105666
rough_PDQ,6.959770132006196
rough_CEC,6.699058450764482
rough_Elevation,4.450425687502715
pH,3.9556677857579814
CEC,2.7738204713807906
Surface.T,2.38334441070676
Elevation,2.169047105878151
MAP,2.0338126105906955
rough_Surface.T,1.7002122198700422
rough_MAP,0.640638235054704
