var,rel.inf
rough_Elevation,24.873437772321232
rough_Surface.T,18.110744350725007
Elevation,13.337141198641529
Surface.T,11.925104627368487
PDQ,8.432192488184013
rough_PDQ,5.549482961897651
pH,4.964996257425182
rough_CEC,3.9701577517817377
rough_NDVI,3.5316077204748217
CEC,2.0101960436541555
Clay,1.3025267607515036
MAP,1.2023957964785343
rough_Soil.C,0.5321642146971421
rough_MAP,0.2578520555989997
