nt,pseudo_r2,pred_obs_r2,pred_obs_r2_exp
550,0.001036178188752901,0.20037790282252652,0.07781168155702789
