nt,pseudo_r2,pred_obs_r2,pred_obs_r2_exp
950,0.0032485517877173242,0.22220271815936338,0.08696278081867977
