var,rel.inf
rough_Soil.C,46.32215143812175
PDQ,12.927920407829458
rough_Elevation,7.650568618539718
MAP,7.208080693564685
CEC,5.652412678016762
rough_PDQ,4.34696295638322
rough_MAP,3.28974606506238
rough_NDVI,2.943303721856652
rough_CEC,2.2895500656347965
rough_Surface.T,1.8853945402263095
Surface.T,1.8549065097639592
pH,1.5664605854989353
Elevation,1.2575191069847769
Clay,0.8050226125166007
