var,rel.inf
rough_PDQ,18.76319125834209
rough_Elevation,16.71429985403052
Clay,8.382023550773381
rough_Surface.T,8.267922766226222
CEC,8.006283924321359
rough_Soil.C,7.439925582680948
pH,6.367632621644234
rough_CEC,5.396210967789959
rough_NDVI,4.626053915294531
rough_MAP,4.353986019549244
Elevation,3.355824616129941
PDQ,3.312038362652597
Surface.T,2.6924581296767784
MAP,2.3221484308881997
