var,rel.inf
rough_NDVI,35.5144011166675
rough_Elevation,14.002115057824463
rough_Soil.C,11.435446411197566
pH,9.52505410325357
Clay,8.379489287548019
PDQ,4.692050340355551
rough_Surface.T,2.7485390613088043
Elevation,2.6867046183364356
rough_MAP,2.3177608109256758
rough_CEC,2.0305378365904194
rough_PDQ,1.8974550500269263
CEC,1.8685556603591262
Surface.T,1.750657288918627
MAP,1.1512333566873185
