nt,pseudo_r2,pred_obs_r2,pred_obs_r2_exp
650,0.002683115055708951,0.20054278103011086,0.06827762963572481
