nt,pseudo_r2,pred_obs_r2,pred_obs_r2_exp
2250,0.01653099776176692,0.32503754112664035,0.1767753134443264
