nt,pseudo_r2,pred_obs_r2,pred_obs_r2_exp
200,-0.004200286118950514,0.13331738016334457,0.07229471900985841
