nt,pseudo_r2,pred_obs_r2,pred_obs_r2_exp
850,0.0028207184037737365,0.18348885674950569,0.08261932582722453
