var,rel.inf
rough_PDQ,30.518627039669514
CEC,15.42658330293898
PDQ,15.102134401142571
rough_Elevation,8.559694337873037
rough_CEC,7.789831156544215
rough_NDVI,7.602351882267424
Elevation,2.7586529829509363
Surface.T,2.410491380854031
pH,2.373035041489713
rough_Soil.C,2.123816468773942
rough_Surface.T,1.8037347512485997
MAP,1.600016043802673
Clay,1.5946313806211247
rough_MAP,0.33639982982323524
