var,rel.inf
Surface.T,17.221854526140394
rough_Surface.T,17.15907011760317
Clay,14.475432075027063
rough_PDQ,11.41784096316155
pH,9.210478695352153
MAP,7.197091520991634
rough_CEC,5.800736045102468
PDQ,3.8546046299247316
rough_MAP,3.4778432623896602
rough_Soil.C,3.008290693626488
rough_Elevation,2.7563503520299593
Elevation,2.254133826205532
rough_NDVI,1.3162529686641598
CEC,0.8500203237810305
