nt,pseudo_r2,pred_obs_r2,pred_obs_r2_exp
350,-0.0045793517789602944,0.16999448218949528,0.07867351547477025
