nt,pseudo_r2,pred_obs_r2,pred_obs_r2_exp
1050,0.007828422821305359,0.19196194768413805,0.1144032221165587
