var,rel.inf
Elevation,38.092979582786676
rough_Surface.T,13.722387731247267
rough_CEC,13.711887153231837
PDQ,12.208326940097345
CEC,4.833522846042518
MAP,4.674266920899242
rough_MAP,2.8217428488047305
rough_Soil.C,1.7904736255909663
rough_NDVI,1.7341546978129962
Surface.T,1.6096256573674446
pH,1.4830647929889074
Clay,1.2593466182894855
rough_Elevation,1.2411133735049877
rough_PDQ,0.8171072113355937
