var,rel.inf
Elevation,21.78510749720219
rough_Surface.T,19.162128242593795
rough_MAP,16.831371693218188
rough_PDQ,10.219067315146324
Clay,8.69219885366065
rough_Soil.C,5.1255233471016854
PDQ,4.714661966814786
rough_NDVI,4.131572492476662
rough_Elevation,2.620926236491104
CEC,2.1394760683259366
MAP,1.7317794837220506
rough_CEC,1.3390754701062744
Surface.T,0.7916757203298452
pH,0.7154356128105137
