nt,pseudo_r2,pred_obs_r2,pred_obs_r2_exp
350,0.002528640499177226,0.17149462293309745,0.08418842092493278
