var,rel.inf
rough_MAP,26.458059216368383
rough_Soil.C,11.273042447227677
PDQ,9.60995082665087
rough_NDVI,8.926873671920353
rough_Surface.T,7.2672950039135475
rough_Elevation,7.082943307631427
Clay,6.94008739293635
rough_CEC,3.770858457497685
CEC,3.6672994692566014
Surface.T,3.6033066549775676
MAP,3.464821765462203
rough_PDQ,3.359697726446567
Elevation,2.5007668292466483
pH,2.0749972304641133
