nt,pseudo_r2,pred_obs_r2,pred_obs_r2_exp
450,7.883114216793441e-4,0.17235402109886822,0.06725220377208772
