nt,pseudo_r2,pred_obs_r2,pred_obs_r2_exp
800,0.0017399913953406454,0.22621058671241168,0.10969880923953207
