nt,pseudo_r2,pred_obs_r2,pred_obs_r2_exp
300,-0.0024018294005274665,0.12381802051115522,0.06111935066641789
