var,rel.inf
rough_CEC,17.583073760075212
Surface.T,14.231747664593751
rough_PDQ,12.313705553000682
rough_NDVI,9.63607551639305
CEC,9.62359220376745
rough_Surface.T,9.380972298704277
Clay,9.100424773141572
rough_Soil.C,3.6680313428320144
PDQ,3.4787715535502235
rough_Elevation,3.3888499015234834
rough_MAP,2.379662996268711
Elevation,2.0055484284981135
MAP,1.9914265460285425
pH,1.21811746162291
