nt,pseudo_r2,pred_obs_r2,pred_obs_r2_exp
200,-1.1725416209529271e-5,0.10942535291624586,0.04508115117265767
