nt,pseudo_r2,pred_obs_r2,pred_obs_r2_exp
350,-1.8561398621663727e-4,0.16093944762118745,0.025886480820496393
