nt,pseudo_r2,pred_obs_r2,pred_obs_r2_exp
200,-0.0024856178526355688,0.18221938559989598,0.09985117393684309
