nt,pseudo_r2,pred_obs_r2,pred_obs_r2_exp
200,-4.6083404998631394e-4,0.1220401768912169,0.0407526866899866
