var,rel.inf
rough_NDVI,24.422770265769074
MAP,17.24672777090139
rough_Elevation,10.573216893495237
pH,9.292157968861275
Elevation,7.124244048764127
rough_CEC,6.659868866130982
Clay,6.361069515888308
rough_MAP,6.269852537868453
PDQ,2.8870066644678882
rough_Surface.T,2.179548442813147
rough_PDQ,2.1519501484628396
CEC,1.7567843162021115
rough_Soil.C,1.7258273052380375
Surface.T,1.3489752551371206
