nt,pseudo_r2,pred_obs_r2,pred_obs_r2_exp
400,0.0031467636114854702,0.180864600932469,0.07099859089924034
