nt,pseudo_r2,pred_obs_r2,pred_obs_r2_exp
950,0.006767229656735152,0.23052306558118804,0.09594925557146822
