var,rel.inf
Clay,28.68745763978089
rough_CEC,20.632944657415692
rough_Surface.T,13.602774675263317
rough_MAP,12.13465304318543
PDQ,6.4330142518888795
MAP,4.596978345901072
rough_PDQ,3.094532608489472
Elevation,3.0308415329048475
Surface.T,2.2813532140149895
CEC,2.1645456906978824
rough_NDVI,1.2980290448994813
rough_Elevation,0.8984106153219164
pH,0.8563480374819026
rough_Soil.C,0.2881166427542253
