var,rel.inf
rough_PDQ,22.627369613260232
Surface.T,16.555541339116836
rough_NDVI,11.055234160934923
CEC,10.4720211518653
rough_MAP,7.443933148885811
MAP,6.833476332576037
pH,6.502648425156908
rough_Elevation,4.333662133764066
rough_Soil.C,3.429233693316868
Clay,3.3937865944122847
rough_CEC,2.6614925966204193
PDQ,2.6428828221430707
Elevation,1.4353791636638809
rough_Surface.T,0.6133388242833655
