nt,pseudo_r2,pred_obs_r2,pred_obs_r2_exp
300,0.0012882937298336339,0.17895135788313146,0.061177085954160985
