var,rel.inf
Surface.T,17.209476233168193
rough_Surface.T,15.64850017679839
rough_Soil.C,13.75132311265974
rough_Elevation,12.770703647639964
Elevation,7.187182462237279
rough_CEC,6.133893767800142
rough_PDQ,5.620970110960201
CEC,4.625552136476441
rough_NDVI,4.19180035053748
MAP,3.2586038531467456
PDQ,3.2380381752426746
Clay,2.768581209591385
pH,2.157765322820864
rough_MAP,1.4376094409204976
