nt,pseudo_r2,pred_obs_r2,pred_obs_r2_exp
500,0.0032026046917675854,0.1291353958038102,0.07411176933061543
