nt,pseudo_r2,pred_obs_r2,pred_obs_r2_exp
700,0.002642195631645805,0.23553069914040753,0.10870022220131813
