nt,pseudo_r2,pred_obs_r2,pred_obs_r2_exp
250,1.1427136715780328e-4,0.12460206020489557,0.050264297193364824
