nt,pseudo_r2,pred_obs_r2,pred_obs_r2_exp
300,-0.00645762994342336,0.1830290221206753,0.06997066338671311
