var,rel.inf
rough_PDQ,20.743839346188526
rough_CEC,16.68197974886567
pH,13.95653067033443
rough_MAP,11.345692683658267
rough_Surface.T,7.085342758073599
Clay,5.633331008740871
rough_Elevation,5.4458134117136
rough_NDVI,5.302226042422724
MAP,4.953798661349252
rough_Soil.C,4.095422127978268
Surface.T,1.4448150887874376
PDQ,1.3384753483220353
Elevation,1.116029281668976
CEC,0.8567038218963469
