nt,pseudo_r2,pred_obs_r2,pred_obs_r2_exp
700,0.0016115168202494035,0.24440732227702539,0.08796292517188278
