var,rel.inf
rough_CEC,15.748772005104046
Elevation,15.416279037062969
rough_Soil.C,14.215787752657272
rough_Elevation,13.885233499095065
rough_PDQ,12.884072928964933
Surface.T,5.313311178683854
Clay,4.92198521233462
rough_Surface.T,4.528924586029205
rough_NDVI,4.27833230077778
PDQ,2.7156640898935827
pH,2.5193171349910983
CEC,1.7730744212218266
rough_MAP,1.015368157621847
MAP,0.7838776955619084
