nt,pseudo_r2,pred_obs_r2,pred_obs_r2_exp
450,0.002569362159653976,0.169676055342956,0.06978130982575383
