nt,pseudo_r2,pred_obs_r2,pred_obs_r2_exp
600,0.0013637752466032493,0.17033021622715724,0.05853642842990759
