var,rel.inf
rough_Soil.C,41.46829675441659
rough_CEC,9.886054744943875
MAP,7.025248862102552
rough_NDVI,5.0649836159989485
rough_Surface.T,4.897277678934671
Surface.T,4.640819180197585
rough_PDQ,4.371708893137126
pH,4.125335179096075
Clay,4.043968679753483
rough_Elevation,3.4585053335298523
CEC,3.317901129234777
Elevation,3.2607138424788062
PDQ,2.806520671590391
rough_MAP,1.632665434585264
