var,rel.inf
rough_NDVI,18.689200933216693
Elevation,18.66849334959404
rough_MAP,18.50471070716416
rough_CEC,14.451894440334273
MAP,7.0619539776354525
pH,4.306366083930322
rough_Elevation,3.1662468369843264
Surface.T,3.019205694272848
rough_Soil.C,2.666240952465227
rough_Surface.T,2.277979101789871
CEC,2.1432559318897906
rough_PDQ,1.8583745282833837
Clay,1.7392129229874178
PDQ,1.4468645394521928
