var,rel.inf
CEC,17.872343054507155
rough_Surface.T,15.775831494114843
rough_Elevation,10.019281076586203
MAP,9.00415292399208
Elevation,8.950036336967475
rough_MAP,7.836962934798092
rough_Soil.C,5.996394754763447
rough_PDQ,5.658849008516363
pH,5.062967212665034
rough_CEC,3.9906558283946514
PDQ,3.7557122003348127
Clay,2.818746578243168
Surface.T,1.8182429930166861
rough_NDVI,1.4398236030999894
