var,rel.inf
rough_PDQ,19.67016001231674
rough_MAP,14.740822670397547
rough_CEC,12.575360546160002
rough_NDVI,11.533736111029713
rough_Elevation,8.183036340238207
Clay,6.742370783827504
rough_Surface.T,5.892985592631608
Surface.T,4.418191697390986
rough_Soil.C,4.2728177700793015
CEC,3.5064812465417443
Elevation,3.1147703220031353
MAP,3.052415535888398
pH,1.4317636224267816
PDQ,0.8650877490683315
