nt,pseudo_r2,pred_obs_r2,pred_obs_r2_exp
700,6.397086931341223e-4,0.17672816803578276,0.09229669345935235
