var,rel.inf
rough_PDQ,32.71880285437224
PDQ,12.22419644005493
CEC,11.227368784501719
rough_Elevation,10.76061368670628
Surface.T,6.9801541106721805
rough_CEC,6.342996994756931
pH,3.9201410297426467
MAP,2.862291543465305
Clay,2.828518751083019
rough_Soil.C,2.6802714213566894
rough_NDVI,2.550257043342096
rough_Surface.T,2.0752773149993784
Elevation,1.6314047158000378
rough_MAP,1.197705309146544
