nt,pseudo_r2,pred_obs_r2,pred_obs_r2_exp
500,0.004783096869815484,0.15639733619980445,0.05709184622759088
