var,rel.inf
rough_NDVI,17.933941053846844
CEC,14.8658256497258
rough_Soil.C,8.292777622303488
Clay,7.522133266957746
rough_PDQ,7.083697311845018
rough_Elevation,6.484077951258254
rough_Surface.T,6.140166563055624
rough_CEC,6.120372177756347
PDQ,5.282543790031748
rough_MAP,5.265528552863563
Elevation,4.200461145788119
pH,4.021255676791169
Surface.T,3.8270337122714535
MAP,2.9601855255048264
