var,rel.inf
rough_Surface.T,23.508123649590544
Clay,19.159799898150474
Elevation,12.707685944440028
rough_CEC,10.380942950411882
Surface.T,8.912609482531257
pH,4.928031655167978
CEC,4.07829708302865
rough_MAP,3.985979455450006
rough_PDQ,3.9415595090120745
MAP,2.865784439384838
rough_Soil.C,1.8965328818804694
PDQ,1.778208941230601
rough_Elevation,1.2104672913764931
rough_NDVI,0.6459768183446928
