nt,pseudo_r2,pred_obs_r2,pred_obs_r2_exp
300,-0.0019712746858773222,0.14943965117271651,0.0892911866904453
