var,rel.inf
rough_PDQ,21.748021193050366
Clay,11.439912375749666
rough_Elevation,9.775382981811624
rough_Surface.T,9.389597063532038
Elevation,8.482079743631388
rough_MAP,7.514116507155984
pH,7.1593591622676644
MAP,5.292723047624124
PDQ,4.751171437552819
rough_CEC,4.155193997688169
CEC,3.954954375221209
rough_Soil.C,2.622729142740024
Surface.T,2.240261914771639
rough_NDVI,1.4744970572032907
