nt,pseudo_r2,pred_obs_r2,pred_obs_r2_exp
200,2.6044777633238425e-5,0.10562402517003777,0.03473224764019999
