nt,pseudo_r2,pred_obs_r2,pred_obs_r2_exp
350,-0.0018666510101139622,0.14054034030577608,0.07992905356297418
