nt,pseudo_r2,pred_obs_r2,pred_obs_r2_exp
400,-0.0012923061035234884,0.21181006197163446,0.07965362491965126
