var,rel.inf
rough_MAP,33.86513889421495
Clay,21.506100200656704
PDQ,10.564412310938152
Surface.T,6.165834021215376
MAP,5.186003757821931
pH,4.754669436338313
CEC,3.770873330478299
rough_PDQ,2.876992963435804
rough_CEC,2.8656681793355387
rough_Surface.T,2.624967220742492
rough_NDVI,2.204468565502244
rough_Elevation,1.7792457854482668
Elevation,1.248185154760862
rough_Soil.C,0.5874401791110699
