nt,pseudo_r2,pred_obs_r2,pred_obs_r2_exp
550,0.0030781303958286044,0.17038688405865832,0.05862736969830675
