var,rel.inf
rough_CEC,28.22219427835847
rough_Elevation,14.529644934893783
rough_NDVI,9.537004177659686
Clay,9.324320828503753
Surface.T,9.074306243961596
MAP,5.172465641516045
CEC,4.802064174135975
rough_Soil.C,4.420791273390174
rough_Surface.T,4.350112800632113
rough_PDQ,2.842236174786111
Elevation,2.8300786925879087
PDQ,1.9699441039713486
pH,1.878000269896827
rough_MAP,1.0468364057062014
