nt,pseudo_r2,pred_obs_r2,pred_obs_r2_exp
200,-0.0038579670892038287,0.13340486676251417,0.03517253068065444
