nt,pseudo_r2,pred_obs_r2,pred_obs_r2_exp
450,-0.0029071159354567833,0.16162314703824018,0.07821050070360179
