nt,pseudo_r2,pred_obs_r2,pred_obs_r2_exp
200,-0.0022908173035596224,0.12591563407653197,0.060395288610543454
