nt,pseudo_r2,pred_obs_r2,pred_obs_r2_exp
600,0.004517527901782503,0.16955019780229164,0.06881767380099084
