nt,pseudo_r2,pred_obs_r2,pred_obs_r2_exp
1050,0.013678632221464926,0.21727250735132186,0.07615786120980145
