nt,pseudo_r2,pred_obs_r2,pred_obs_r2_exp
600,-0.003336581043901443,0.17954679603949675,0.07722982252358498
