var,rel.inf
CEC,26.52807747034489
rough_Elevation,15.843410721831102
rough_PDQ,12.38344145978676
rough_CEC,10.35265160054333
rough_Soil.C,10.269302850683957
rough_Surface.T,6.437800274425324
rough_NDVI,4.810079774642798
Clay,3.4750287404460267
Elevation,3.1982396128292336
pH,1.9115131406349173
PDQ,1.8893775189760535
rough_MAP,1.8775826043231987
Surface.T,0.8356928424008938
MAP,0.18780138813151628
