nt,pseudo_r2,pred_obs_r2,pred_obs_r2_exp
1050,0.009483553763119712,0.21822168861215802,0.09405075814933846
