var,rel.inf
rough_Surface.T,32.726438271066186
rough_PDQ,17.848468556986205
MAP,14.353795849047346
rough_CEC,6.039138193899524
rough_NDVI,5.679994456147812
pH,5.446212308338043
rough_Soil.C,4.706849966547075
rough_MAP,4.2937770490783045
Surface.T,3.5639209742753906
Elevation,1.8309706540458666
CEC,1.2025723764949048
rough_Elevation,1.1047012327917893
Clay,1.046580285315153
PDQ,0.15657982596640974
