var,rel.inf
Elevation,22.679559749925183
rough_PDQ,20.829354713886556
rough_NDVI,13.707753656829217
Clay,7.05953184959703
pH,6.579017934911492
rough_CEC,5.524540920515854
rough_Soil.C,5.024223538208945
MAP,4.736787486510729
rough_Elevation,4.174347145229709
CEC,3.0747788742411677
PDQ,2.748972526100438
rough_Surface.T,1.7998844806033103
Surface.T,1.0418606851954733
rough_MAP,1.0193864382449012
