nt,pseudo_r2,pred_obs_r2,pred_obs_r2_exp
1650,0.016321398614351557,0.28922249259954635,0.127050589651719
