var,rel.inf
Surface.T,35.22577631248537
pH,15.705403844855374
rough_CEC,12.434481231532656
CEC,7.5693834332290315
Clay,6.827782666806016
rough_PDQ,4.2629304707559905
Elevation,3.6778276915555272
MAP,3.2928226761014945
rough_Surface.T,3.1283950726618643
rough_MAP,2.272659104101511
rough_NDVI,1.9373286906905585
rough_Elevation,1.6356101331467074
PDQ,1.4563466199959694
rough_Soil.C,0.5732520520819294
