var,rel.inf
rough_Soil.C,20.356027276184783
rough_Elevation,13.910301139583328
Clay,13.63272865711215
Elevation,12.017551916677675
rough_NDVI,6.424962382427455
rough_CEC,6.33221327922141
PDQ,6.177400524357628
rough_Surface.T,4.672742230432807
rough_PDQ,4.085054891791687
CEC,3.973454538407147
pH,2.8085912055814495
MAP,2.340822308370889
Surface.T,1.7565451278132296
rough_MAP,1.5116045220383667
