nt,pseudo_r2,pred_obs_r2,pred_obs_r2_exp
1300,0.008946866749431792,0.22735823050797943,0.09698359118423223
