nt,pseudo_r2,pred_obs_r2,pred_obs_r2_exp
650,0.006954213156323719,0.1508392071892266,0.07924602437004848
