nt,pseudo_r2,pred_obs_r2,pred_obs_r2_exp
650,-0.005111963125513208,0.2100453829563995,0.07824848752301197
