var,rel.inf
rough_Surface.T,22.541658437888483
PDQ,19.576520118276413
rough_Elevation,12.668149206416183
rough_CEC,9.938001514621206
Surface.T,7.907754203202605
rough_NDVI,6.787150651770779
rough_PDQ,5.620261238237192
Clay,4.547517239489396
CEC,2.4114027328368324
MAP,2.3683235398051847
pH,1.8368635450886448
Elevation,1.7724908805010295
rough_Soil.C,1.6060111062309825
rough_MAP,0.41789558563506707
