var,rel.inf
CEC,19.237679822421587
rough_Elevation,18.941989525304557
rough_Surface.T,16.94572323790671
PDQ,12.93333162051041
rough_MAP,7.452358161326572
MAP,6.122544171690152
rough_CEC,3.917188696709873
Clay,3.8468797137095088
pH,3.3867918228312504
rough_NDVI,2.7012115373148617
Elevation,1.7406293954266616
rough_PDQ,1.419237161240863
Surface.T,0.6847032007856613
rough_Soil.C,0.669731932821334
