nt,pseudo_r2,pred_obs_r2,pred_obs_r2_exp
1050,0.003629881864131934,0.24943312038247795,0.095251811434929
