nt,pseudo_r2,pred_obs_r2,pred_obs_r2_exp
250,8.76425173745643e-4,0.11494286853905629,0.04743090079055697
