var,rel.inf
rough_Surface.T,44.90980609411317
Elevation,7.960415355674879
CEC,6.608137821978822
rough_Soil.C,6.473664377255415
rough_MAP,6.364418882010886
MAP,6.171171852237385
rough_CEC,5.848649008506092
rough_Elevation,4.226055234778414
Clay,3.549078033836549
PDQ,3.1567251530153966
rough_PDQ,1.5455455418301198
rough_NDVI,1.3582288649925593
pH,1.2262556330446372
Surface.T,0.6018481467256748
