nt,pseudo_r2,pred_obs_r2,pred_obs_r2_exp
300,-3.159756651394119e-5,0.19858944011120952,0.06450413179999163
