var,rel.inf
rough_CEC,26.776261888426824
rough_PDQ,18.422540618314166
Surface.T,11.809028847474602
rough_MAP,7.453579832877444
CEC,5.89025789503956
pH,5.609662350271826
rough_Elevation,5.204865314306271
Clay,4.908362616681775
PDQ,4.452945442677878
rough_Soil.C,3.6896584314281164
rough_Surface.T,1.5891464759047875
rough_NDVI,1.4193883920812174
Elevation,1.392628673047663
MAP,1.381673221467876
