nt,pseudo_r2,pred_obs_r2,pred_obs_r2_exp
200,-8.38629893786802e-4,0.13381327039351082,0.09085175673375191
