var,rel.inf
rough_Surface.T,36.28471290416963
CEC,26.741896677255763
rough_PDQ,7.896111328713626
pH,5.167672167189401
Clay,4.320803335553895
rough_CEC,3.3736993897651884
rough_MAP,2.6899991215227397
rough_Elevation,2.5334797887602747
Surface.T,2.4344291609291044
MAP,2.0883859219158873
Elevation,1.9086158826390127
rough_NDVI,1.8058268607010732
rough_Soil.C,1.6264574198448836
PDQ,1.1279100410395253
