nt,pseudo_r2,pred_obs_r2,pred_obs_r2_exp
650,0.001806397202268939,0.1598090145564582,0.0768642643258075
