nt,pseudo_r2,pred_obs_r2,pred_obs_r2_exp
700,0.006139656775596802,0.15670796445270113,0.05864083080134703
