nt,pseudo_r2,pred_obs_r2,pred_obs_r2_exp
200,-0.007145668887227563,0.175938577424349,0.06669885532479393
