var,rel.inf
rough_NDVI,19.200003632211622
rough_Soil.C,16.21811489127069
rough_CEC,13.787155256901608
Clay,10.431705925973764
rough_PDQ,9.689821717294766
rough_Surface.T,8.847797868404257
rough_MAP,4.561445242280738
CEC,3.918507772976211
rough_Elevation,3.5975880229879835
pH,3.0787968582207106
Surface.T,1.9020508192542034
PDQ,1.806833950080069
Elevation,1.57943021514438
MAP,1.3807478269990012
