nt,pseudo_r2,pred_obs_r2,pred_obs_r2_exp
350,-0.0032794400047198025,0.18721683278971432,0.08338738140255954
