nt,pseudo_r2,pred_obs_r2,pred_obs_r2_exp
1150,0.006858878384603417,0.2173561344738074,0.11613608384432728
