nt,pseudo_r2,pred_obs_r2,pred_obs_r2_exp
250,-0.0017703536820765642,0.15373605492649828,0.03974546753180583
