nt,pseudo_r2,pred_obs_r2,pred_obs_r2_exp
600,0.006857453880337205,0.1706694173732834,0.06982060821691051
