var,rel.inf
rough_Soil.C,19.540521275262893
rough_PDQ,17.062783034246934
Surface.T,16.690419851303453
rough_NDVI,12.070113509243624
CEC,9.748434760186358
PDQ,7.596034790440405
Clay,5.09615434356191
rough_MAP,2.4169262489597823
pH,2.2546190869077285
rough_Elevation,2.240637081894857
rough_CEC,2.1001356524649335
Elevation,1.2297926661196144
rough_Surface.T,1.1855757492954853
MAP,0.7678519501120268
