var,rel.inf
Clay,16.126471595762318
rough_PDQ,14.037457359116706
PDQ,13.571341088194622
CEC,13.414603302468418
rough_CEC,12.70681576269093
Surface.T,5.686798905570828
rough_Surface.T,5.6535473089128665
rough_Soil.C,4.352591140311124
Elevation,3.3429257068919918
MAP,3.076648784352321
pH,2.9063577596666086
rough_MAP,2.418375592789535
rough_Elevation,1.5232468534820038
rough_NDVI,1.182818839789732
