nt,pseudo_r2,pred_obs_r2,pred_obs_r2_exp
600,0.005297735051150609,0.12571441628919247,0.06318994804936855
