var,rel.inf
rough_CEC,19.35102546117437
rough_Elevation,16.69676374855889
Clay,12.676075431078997
Elevation,10.426156015493921
rough_NDVI,8.47193475298464
rough_Soil.C,8.1271237199494
rough_PDQ,7.96006873689797
Surface.T,4.930844087967294
PDQ,2.9628107240126935
pH,2.380686693953516
rough_MAP,1.841207295315122
MAP,1.7826519370017995
rough_Surface.T,1.326100262784428
CEC,1.0665511328269548
