var,rel.inf
rough_Soil.C,34.69660816500837
rough_PDQ,16.70929141918694
Surface.T,10.74793643055336
pH,8.61587729362013
rough_Elevation,4.528974755754722
PDQ,4.298476548410067
rough_MAP,4.205427832258287
CEC,3.9734670435679544
Elevation,2.662784777938587
rough_CEC,2.2993899485258975
Clay,2.1129211805171146
rough_Surface.T,1.9876364110018792
rough_NDVI,1.8970483358597017
MAP,1.2641598577969855
