var,rel.inf
rough_CEC,32.63786367512673
rough_PDQ,14.506678825575465
rough_Soil.C,10.74541509170605
rough_Surface.T,8.462999335417443
Clay,7.3598797401171465
rough_MAP,6.401713099108048
rough_NDVI,5.9526271518122815
Elevation,2.9922829548088052
Surface.T,2.5613888486568857
rough_Elevation,2.3736259594654983
pH,2.260428671734333
CEC,1.503354650579892
PDQ,1.2153888757958324
MAP,1.026353120095598
