var,rel.inf
rough_Surface.T,41.049301351558555
rough_CEC,18.348550344803254
CEC,8.199681842356103
rough_NDVI,8.111559032900567
rough_Soil.C,5.259897138351363
Surface.T,4.023062653815467
MAP,3.8945054066457434
rough_PDQ,2.3168380053102804
rough_MAP,2.060678001475405
Clay,1.6856342248266833
rough_Elevation,1.5286812548759583
Elevation,1.391764752482412
PDQ,1.0847859768765375
pH,1.0450600137216681
