nt,pseudo_r2,pred_obs_r2,pred_obs_r2_exp
200,-0.0028750725379640407,0.15960305974051534,0.07945172227973626
