nt,pseudo_r2,pred_obs_r2,pred_obs_r2_exp
250,-0.0015952935075271846,0.12694135241011542,0.04514070201017709
