nt,pseudo_r2,pred_obs_r2,pred_obs_r2_exp
700,0.00979629204454091,0.17544492765714143,0.06562140806852733
