var,rel.inf
rough_PDQ,23.505765642703487
rough_Surface.T,18.192264561277305
Elevation,9.927371878590128
rough_NDVI,8.31538198556346
MAP,7.362686385347836
rough_MAP,6.083179430583469
rough_Elevation,5.467458303132702
rough_CEC,4.347546307755626
PDQ,4.100891256261818
rough_Soil.C,4.0831899841631385
Clay,3.0936583465465173
Surface.T,1.9754339358059245
pH,1.94390415762248
CEC,1.6012678246461112
