nt,pseudo_r2,pred_obs_r2,pred_obs_r2_exp
300,-0.002003680408296127,0.149612991794177,0.078762759639188
