nt,pseudo_r2,pred_obs_r2,pred_obs_r2_exp
750,0.01467133243374863,0.16037030754413528,0.06517985238837126
