nt,pseudo_r2,pred_obs_r2,pred_obs_r2_exp
300,-6.773964319446435e-4,0.1623991534806548,0.05139897768827449
