var,rel.inf
Clay,26.5082861102267
rough_Surface.T,23.968906606352828
rough_NDVI,10.114136399481865
rough_PDQ,8.530916462819729
Elevation,7.233578529116937
pH,5.625932436860987
CEC,4.73951296755493
rough_Elevation,3.551217364959308
MAP,2.267239483264332
rough_CEC,2.1100113225007227
rough_Soil.C,2.0388539516389623
Surface.T,1.256203975175113
PDQ,1.2306005377989488
rough_MAP,0.8246038522486452
