var,rel.inf
rough_Elevation,42.92833397131155
rough_MAP,15.637702851442661
rough_NDVI,7.189708921973531
Elevation,4.923651975933444
Clay,4.903548823195454
CEC,4.262870999790407
rough_Soil.C,3.764371999134399
rough_PDQ,3.5577469215498057
rough_Surface.T,2.8803738493631537
rough_CEC,2.6678732498972044
Surface.T,2.6612903554630285
pH,1.8315734825244443
MAP,1.6432942247302202
PDQ,1.1476583736906933
