nt,pseudo_r2,pred_obs_r2,pred_obs_r2_exp
450,-0.0012711011057735533,0.2030384092647246,0.06470417292042309
