var,rel.inf
rough_Elevation,24.666687764301226
PDQ,20.275065395531705
MAP,10.760609155986751
CEC,7.847800313789865
rough_Surface.T,5.882163675893035
rough_MAP,5.8534104305172505
rough_Soil.C,5.741043386601635
rough_NDVI,4.511682706289763
rough_PDQ,3.664544223958172
Surface.T,3.4473081775748113
Clay,2.6612599143073
pH,2.4998880735331546
rough_CEC,1.7009128088438314
Elevation,0.48762397287150083
