var,rel.inf
rough_NDVI,15.744939808764881
rough_Surface.T,13.316610613131147
rough_CEC,11.572107518994452
Elevation,8.78444873232469
rough_MAP,8.29914162919604
MAP,8.12940437618167
rough_PDQ,6.003178057231658
Clay,5.366756953960696
Surface.T,5.198476984727975
pH,4.326145236226611
rough_Elevation,3.856820139787877
rough_Soil.C,3.3618375372940608
CEC,3.2300876041010222
PDQ,2.810044808077226
