var,rel.inf
CEC,29.15727181564734
rough_NDVI,16.96803685634839
rough_MAP,15.074093802202098
pH,7.4863148083166235
Elevation,4.831776552238761
Surface.T,4.250223129847611
Clay,3.772356228062976
rough_Soil.C,3.6955945077414922
rough_Elevation,3.609195606975725
PDQ,3.3493339195554217
rough_Surface.T,3.055242332616679
rough_CEC,2.541422873505533
MAP,1.4542612302768456
rough_PDQ,0.7548763366645095
