nt,pseudo_r2,pred_obs_r2,pred_obs_r2_exp
300,-3.4404110677876965e-4,0.1245186509705949,0.05299382225766925
