var,rel.inf
rough_PDQ,17.601668275150896
rough_Soil.C,16.343549126850466
rough_Elevation,13.140532940267303
Clay,10.753241616448726
rough_MAP,7.1073455172650215
PDQ,7.004545544689321
CEC,6.032385387229513
rough_Surface.T,5.391906436015923
rough_CEC,5.209385944705732
pH,4.728152020310213
rough_NDVI,1.7353581954254613
MAP,1.701008284753167
Surface.T,1.6342002858454807
Elevation,1.616720425042785
