nt,pseudo_r2,pred_obs_r2,pred_obs_r2_exp
500,0.0014523646130817358,0.15017799195428538,0.05784324482118413
