var,rel.inf
rough_Surface.T,22.99179701454647
rough_Elevation,19.83766928270858
rough_MAP,14.769131971640851
rough_CEC,12.395533515301256
MAP,7.436892158778948
rough_NDVI,4.294557463173891
Surface.T,3.9160978416184196
CEC,3.509155463625621
Clay,3.4824642848779237
PDQ,1.9969265703415309
rough_PDQ,1.8449547034429004
Elevation,1.568206154832318
pH,1.4637957318396486
rough_Soil.C,0.492817843271637
