var,rel.inf
rough_PDQ,17.011955211192966
rough_NDVI,16.664614921905464
pH,12.690432513190972
Clay,12.609131051404855
Elevation,9.414947410727237
CEC,6.267325698053644
rough_CEC,6.013143573648164
rough_Soil.C,4.97393049193033
rough_MAP,3.514067707353838
MAP,3.3587404013686224
Surface.T,3.331333523263595
rough_Surface.T,2.717174483129343
PDQ,0.9168406934981244
rough_Elevation,0.5163623193328439
