nt,pseudo_r2,pred_obs_r2,pred_obs_r2_exp
750,0.0023018414854583114,0.19792875588126346,0.09529426958161785
