nt,pseudo_r2,pred_obs_r2,pred_obs_r2_exp
250,-0.0018209298104543414,0.15964972783249776,0.07223349987779283
