nt,pseudo_r2,pred_obs_r2,pred_obs_r2_exp
250,-0.005069148266894086,0.14285444255904106,0.06059315365704854
