nt,pseudo_r2,pred_obs_r2,pred_obs_r2_exp
200,-0.0033499318154115443,0.16946336459108005,0.06191370158973998
