var,rel.inf
MAP,50.76048278129818
rough_Soil.C,8.323273127276169
PDQ,8.256666105027884
rough_Elevation,7.830961277760565
pH,5.537684577909746
CEC,3.6038436159215923
Surface.T,3.477061087865097
rough_Surface.T,2.7978050468591062
Clay,2.7889846221316845
rough_NDVI,2.6999501493311726
rough_PDQ,1.317804054365842
Elevation,1.2572189177725526
rough_CEC,0.7917568665578847
rough_MAP,0.5565077699225212
