nt,pseudo_r2,pred_obs_r2,pred_obs_r2_exp
1650,0.005844117758938672,0.2517135480544923,0.12341940507771408
