var,rel.inf
Clay,15.201763417780644
rough_MAP,13.262324503938418
rough_Surface.T,8.997313844268438
rough_NDVI,8.888442771812345
PDQ,7.856229437807119
pH,7.467038305771097
CEC,6.602119845398885
Surface.T,5.905437918830746
rough_CEC,5.51107039621527
rough_PDQ,5.1406794257260975
rough_Elevation,5.134982909059964
Elevation,3.6232858646606174
MAP,3.4011812694122887
rough_Soil.C,3.0081300893180765
