var,rel.inf
rough_Elevation,35.56989293084336
PDQ,9.691743849321782
rough_Surface.T,9.119238791883172
CEC,8.365177134164364
Clay,7.500219299097018
rough_NDVI,7.007286394782523
Elevation,6.499054814772936
pH,5.95232955446634
rough_CEC,4.453334366719271
rough_PDQ,2.1051747206883897
rough_Soil.C,1.4283632142617568
rough_MAP,0.9012928679382679
MAP,0.7703683349653736
Surface.T,0.6365237260954502
