nt,pseudo_r2,pred_obs_r2,pred_obs_r2_exp
300,6.076285480096644e-4,0.12727766705493995,0.05081799702227728
