nt,pseudo_r2,pred_obs_r2,pred_obs_r2_exp
250,-0.005530767102799983,0.11057842796078217,0.05771795729497035
