nt,pseudo_r2,pred_obs_r2,pred_obs_r2_exp
350,8.080499521812001e-4,0.12702583119372524,0.040981622075856455
