var,rel.inf
Clay,23.19261573199915
rough_Elevation,18.204752612808868
rough_MAP,13.798614157307613
Elevation,6.600661460910108
rough_CEC,6.223023451345084
rough_NDVI,5.732871128377639
rough_Soil.C,4.750827248121623
MAP,4.3914055942813
CEC,4.226378060018124
PDQ,4.117005312932384
rough_Surface.T,3.0604261315593133
pH,2.295997559374414
Surface.T,2.23580810487674
rough_PDQ,1.1696134460876397
