var,rel.inf
rough_NDVI,41.40809026457665
rough_MAP,13.031740362869138
PDQ,9.344018416979056
Clay,8.329730952714474
rough_Elevation,5.890232391827595
MAP,4.429134794065456
rough_Soil.C,4.1913106590084315
pH,3.241455336377603
Surface.T,3.0391782714356625
Elevation,3.0269973765827873
CEC,1.244031058361109
rough_PDQ,1.1539062251561587
rough_Surface.T,1.0075818421717544
rough_CEC,0.6625920478741273
