nt,pseudo_r2,pred_obs_r2,pred_obs_r2_exp
200,-0.009898939295537978,0.16803464140239213,0.05284381763748584
