var,rel.inf
rough_Surface.T,29.407468414242445
rough_CEC,11.492195880658905
rough_Elevation,9.637384192837843
rough_MAP,8.09942010893868
rough_NDVI,7.679107661212857
Surface.T,7.34776464296886
MAP,6.571416063983218
pH,4.9666614517835725
PDQ,3.9233105605998158
CEC,3.6400741915065593
Elevation,3.575109858866627
Clay,1.493342203544534
rough_PDQ,1.2003618653810209
rough_Soil.C,0.9663829034750635
