var,rel.inf
rough_Soil.C,39.411276041594085
rough_Elevation,16.240178791970838
PDQ,10.571491107664075
rough_CEC,10.434765621951012
rough_PDQ,7.9821510370019215
rough_Surface.T,3.2566113846121687
rough_NDVI,3.176144295727505
pH,2.32088390637264
Clay,2.213819481046462
CEC,1.825779630543144
Surface.T,1.1419857326906986
MAP,0.8609908084185633
rough_MAP,0.5639221604068974
Elevation,0
