var,rel.inf
rough_Elevation,29.138345232239725
rough_Surface.T,10.70569220314962
rough_PDQ,10.24178135883362
Elevation,9.544473674119565
Clay,9.268005779883264
rough_CEC,8.58989854655822
rough_NDVI,8.566099604221776
MAP,4.2082827683757404
CEC,2.7082344495712323
rough_Soil.C,1.7878799181737222
Surface.T,1.6733563045092037
rough_MAP,1.2733608334492423
PDQ,1.2158422310810726
pH,1.0787470958339993
