nt,pseudo_r2,pred_obs_r2,pred_obs_r2_exp
450,4.667022908133589e-4,0.21668559795316727,0.1223502638846575
