var,rel.inf
Clay,19.72588777012462
rough_Clay,12.557298918490318
rough_MAP,11.466860779107035
PDQ,11.315595178501507
rough_Surface.T,10.218300834718821
CEC,7.952861603864023
rough_NDVI,7.356669530085827
rough_CEC,4.892088317346752
rough_Elevation,4.0495622996076275
pH,3.505269644735892
rough_Soil.C,3.469862915966757
MAP,3.124251741499802
Elevation,0.3654904659510182
