nt,pseudo_r2,pred_obs_r2,pred_obs_r2_exp
1650,0.007187970510223685,0.39775342239756356,0.21923841026091148
