var,rel.inf
rough_Soil.C,20.125153861323877
Clay,15.080254555589555
MAP,14.614758814935552
rough_Surface.T,9.115183847486296
rough_Clay,7.726820077022362
rough_Elevation,7.597824621748939
PDQ,5.143670958617509
pH,4.975865949378711
rough_NDVI,4.082053925187147
rough_CEC,3.7442647934477025
Elevation,2.8061415553950013
CEC,2.7771268469563988
rough_MAP,2.210880192910945
