nt,pseudo_r2,pred_obs_r2,pred_obs_r2_exp
1e3,0.018048052396237524,0.282185125077105,0.18964466822886397
