nt,pseudo_r2,pred_obs_r2,pred_obs_r2_exp
200,-0.008069522334420043,0.19415206445072297,0.06594098415921751
