var,rel.inf
rough_Surface.T,19.472986227630916
rough_Elevation,17.835210785322904
rough_Soil.C,10.884274509201111
Clay,10.23189635456727
rough_CEC,10.058309540855875
MAP,9.021364322621528
rough_Clay,6.03519320040047
CEC,5.0451008427490045
rough_MAP,4.035914570071826
Elevation,3.0214810727083092
pH,2.6878062084577765
PDQ,1.059416840638374
rough_NDVI,0.6110455247746305
