nt,pseudo_r2,pred_obs_r2,pred_obs_r2_exp
200,-0.011818346635387167,0.1810556051612287,0.05264876939544938
