nt,pseudo_r2,pred_obs_r2,pred_obs_r2_exp
250,-0.004085317192648041,0.2637468439238951,0.12562144095773248
