nt,pseudo_r2,pred_obs_r2,pred_obs_r2_exp
650,3.739844952701521e-4,0.26809446897862793,0.11323829359579377
