nt,pseudo_r2,pred_obs_r2,pred_obs_r2_exp
500,-0.0010271735660569714,0.25257139807511353,0.1482417106076312
