nt,pseudo_r2,pred_obs_r2,pred_obs_r2_exp
750,0.016897722346304933,0.24441929917823227,0.16630191763832033
