var,rel.inf
Elevation,32.62850740715601
rough_Soil.C,16.982995480490885
rough_Surface.T,10.440458551237661
PDQ,7.9615581452603115
rough_CEC,7.377734463117095
rough_Elevation,5.133137946278478
CEC,4.198215508596118
rough_NDVI,3.2035212771606907
rough_Clay,3.170776149867957
MAP,2.9767750263667696
Clay,2.275440139157279
pH,1.8502637231027363
rough_MAP,1.8006161822080136
