nt,pseudo_r2,pred_obs_r2,pred_obs_r2_exp
850,0.010151882330383444,0.24974800589217705,0.12216437125644675
