var,rel.inf
rough_Elevation,30.03376030866119
Elevation,14.095099150678577
rough_MAP,13.403449149751228
MAP,9.248976216942074
rough_Soil.C,5.728897235018345
pH,5.382859183664206
rough_CEC,4.7096647872438755
PDQ,4.408851554706508
Clay,3.489668619029961
rough_Clay,3.264030208565536
rough_NDVI,2.634999481130498
CEC,2.4814609734050843
rough_Surface.T,1.1182831312029058
