var,rel.inf
PDQ,31.926249515017894
Elevation,13.840209611270692
rough_CEC,12.016871843048293
rough_MAP,10.003853355011735
rough_Elevation,9.381088658069448
rough_Soil.C,7.286355702875834
rough_Clay,6.520081768689114
rough_Surface.T,2.0101905103160287
CEC,1.8750646291145487
rough_NDVI,1.8531475084686693
MAP,1.3258235168626067
Clay,1.1482701747238433
pH,0.8127932065313017
