var,rel.inf
CEC,33.05902824640465
rough_NDVI,15.09261012154448
rough_CEC,9.609058348624622
Elevation,8.817978979710734
Clay,8.198072696506722
rough_Soil.C,5.963702037062303
pH,4.792602509091385
rough_Elevation,3.620767966447849
MAP,3.3888464302418027
PDQ,2.5337568206192973
rough_Surface.T,1.9670121521539665
rough_Clay,1.6648095658402153
rough_MAP,1.2917541257519676
