nt,pseudo_r2,pred_obs_r2,pred_obs_r2_exp
650,0.011759848045222454,0.24390887814364962,0.10570446654492975
