nt,pseudo_r2,pred_obs_r2,pred_obs_r2_exp
750,0.0026164174160231424,0.2612476927177849,0.1309618521796505
