nt,pseudo_r2,pred_obs_r2,pred_obs_r2_exp
550,-0.0014400283045465923,0.258205213620222,0.10278270309230318
