var,rel.inf
rough_CEC,19.053943131423146
rough_NDVI,12.940853409376157
rough_Surface.T,12.480454977786728
Clay,10.177992374965369
PDQ,9.179749214656681
rough_MAP,8.896832616693192
CEC,8.206913039387642
rough_Elevation,5.3673562099566485
MAP,4.0798398661165916
Elevation,3.8134737166317887
rough_Clay,3.114754024121117
pH,1.746089834978989
rough_Soil.C,0.9417475839059501
