nt,pseudo_r2,pred_obs_r2,pred_obs_r2_exp
350,-0.0033472003976748876,0.2502512044073863,0.12436700832666685
