nt,pseudo_r2,pred_obs_r2,pred_obs_r2_exp
200,-0.0037170057760262942,0.20038962615890799,0.10386600929112438
