var,rel.inf
rough_Elevation,34.053462176001204
rough_NDVI,13.503849394302337
MAP,12.151461631033294
rough_Soil.C,7.878433606516852
PDQ,5.588018117559869
rough_Surface.T,4.734096761759916
rough_Clay,4.469182330412512
rough_MAP,3.985716601812283
pH,3.331314355782507
CEC,3.3008057113489793
Elevation,2.8818242747038236
Clay,2.334842453311899
rough_CEC,1.786992585454532
