nt,pseudo_r2,pred_obs_r2,pred_obs_r2_exp
300,-0.006531951079381093,0.2376927835558799,0.09628484792614521
