var,rel.inf
rough_Soil.C,32.30730748374521
rough_Elevation,14.364057037763597
rough_NDVI,11.848570727476103
rough_Surface.T,8.626827371218267
rough_CEC,6.623487113587674
rough_MAP,5.772899292941039
pH,4.629992019765165
rough_Clay,4.111169962516911
MAP,2.89917222521441
Elevation,2.547569670181203
CEC,2.2538790997367792
Clay,2.0084581130976193
PDQ,2.0066098827560075
