var,rel.inf
rough_Clay,15.118867211562614
rough_MAP,14.816168611528779
rough_NDVI,14.011171591033728
PDQ,13.530894450595369
rough_Elevation,12.296890908252696
CEC,6.9535022268023585
MAP,6.583951657837933
pH,4.073227512983135
rough_Surface.T,3.1307695251993977
Elevation,3.0162881717402685
Clay,2.8602388541193577
rough_Soil.C,2.3853201883522615
rough_CEC,1.2227090899920952
