nt,pseudo_r2,pred_obs_r2,pred_obs_r2_exp
650,0.007101144284830885,0.2955648451647872,0.08729570372777777
