nt,pseudo_r2,pred_obs_r2,pred_obs_r2_exp
500,-0.01257809866437265,0.20612837717959423,0.1234592859632078
