var,rel.inf
rough_Surface.T,19.096216974344706
rough_MAP,13.626595325336096
PDQ,12.265097652445935
rough_Elevation,12.234189820748384
rough_CEC,8.12259192662413
Elevation,8.10992300934251
Clay,6.25041475237736
pH,4.752821538547553
MAP,4.529064256806714
rough_NDVI,3.9272025175256653
CEC,3.92075339325229
rough_Clay,1.9792087894563934
rough_Soil.C,1.1859200431922696
