var,rel.inf
rough_Clay,27.102585988802126
MAP,15.06759595435192
rough_Surface.T,11.346557949393002
Elevation,8.569561913957019
pH,6.557517375391897
rough_Elevation,5.9499972057805355
Clay,5.576833895554497
rough_MAP,5.021052851316841
CEC,4.7442354156203415
PDQ,3.8923222139809095
rough_NDVI,2.3598802248070445
rough_Soil.C,1.9861995790884073
rough_CEC,1.8256594319554684
