nt,pseudo_r2,pred_obs_r2,pred_obs_r2_exp
250,-0.0016733374761481734,0.19328965057217748,0.08083701060682699
