var,rel.inf
rough_Clay,20.864820657100907
rough_NDVI,18.920433682150424
rough_MAP,10.598858488636612
rough_CEC,9.915907059478412
pH,9.015236690095284
rough_Elevation,7.998808393737142
Clay,7.080221792430211
MAP,3.7616177083507574
CEC,3.258381037876734
rough_Soil.C,2.5021372706859477
PDQ,2.396180304471555
rough_Surface.T,2.1727608527898834
Elevation,1.514636062196139
