var,rel.inf
Elevation,20.10993381733428
rough_Clay,19.216650871777368
MAP,16.7881791138384
rough_Surface.T,10.205622944119336
rough_NDVI,7.621366211770476
PDQ,6.404697557433799
rough_Soil.C,4.22309797723016
rough_CEC,4.156709335197937
rough_Elevation,3.334050956297812
CEC,2.8269664912508374
rough_MAP,2.060452126806616
pH,1.9295854295748003
Clay,1.122687167368183
