nt,pseudo_r2,pred_obs_r2,pred_obs_r2_exp
300,-0.0018860435526306674,0.2540144518092426,0.16436987751282253
