var,rel.inf
pH,16.84672584085807
MAP,14.22134461519325
rough_NDVI,11.85990095891477
PDQ,9.928291990362824
Clay,9.047615050784382
rough_Surface.T,8.10515677449263
Elevation,7.06666707113434
rough_Elevation,4.9581971683568815
rough_Soil.C,4.935963874231003
rough_CEC,4.037234691460455
CEC,3.2895710184529383
rough_MAP,3.2276704351947045
rough_Clay,2.4756605105637597
