var,rel.inf
PDQ,22.34828308279242
rough_Soil.C,18.180566016486246
CEC,10.990380961846085
rough_NDVI,9.03051469672513
Clay,8.986992456751537
rough_Surface.T,6.861745515573828
rough_Clay,6.695930346176696
rough_CEC,4.163992989137661
rough_Elevation,3.734182325071918
rough_MAP,3.726381423658864
Elevation,2.575848686458225
MAP,1.9406313354816964
pH,0.7645501638397035
