var,rel.inf
rough_CEC,21.35180326579616
Elevation,18.081929433931393
rough_MAP,16.36849271537453
rough_NDVI,12.060443833804918
rough_Surface.T,7.8381127781188935
rough_Elevation,5.994436444250703
Clay,4.507653155393047
pH,4.136466938582374
rough_Soil.C,3.305592122548018
CEC,2.4135885428962407
rough_Clay,1.7562203511961665
MAP,1.1062714069806596
PDQ,1.0789890111268967
