var,rel.inf
rough_Soil.C,19.829636781538237
rough_MAP,14.909999493936702
rough_Surface.T,9.595213322679484
pH,9.327971400005183
rough_CEC,8.675174199139452
MAP,8.563911570870523
rough_Clay,8.454948232892699
rough_NDVI,5.923856319425614
rough_Elevation,3.917782296607281
PDQ,3.262598863283072
Clay,3.0096850339110763
CEC,2.642279601040096
Elevation,1.886942884670583
