nt,pseudo_r2,pred_obs_r2,pred_obs_r2_exp
200,-0.0020821279448601793,0.19856168796869084,0.11471863224542671
