var,rel.inf
CEC,30.1406909042709
rough_CEC,19.40833279724116
rough_Surface.T,13.178567655834385
MAP,7.543149886741309
Elevation,7.160365457907274
Clay,5.326607898753406
PDQ,5.027927981937072
rough_Soil.C,3.482594513589531
rough_NDVI,3.0926974450496667
rough_Elevation,1.844259213362854
rough_Clay,1.6725988405399899
rough_MAP,1.1311774705797317
pH,0.9910299341927125
