nt,pseudo_r2,pred_obs_r2,pred_obs_r2_exp
650,0.005041584511315866,0.24171584804017407,0.11426413070903794
