nt,pseudo_r2,pred_obs_r2,pred_obs_r2_exp
200,-0.006184617844448459,0.19272005562755976,0.12410600190109783
