nt,pseudo_r2,pred_obs_r2,pred_obs_r2_exp
400,0.007103605293696469,0.20435276767710261,0.12392837996155638
