nt,pseudo_r2,pred_obs_r2,pred_obs_r2_exp
650,0.005601545188371748,0.2174293094744044,0.12973163949854385
