nt,pseudo_r2,pred_obs_r2,pred_obs_r2_exp
900,0.0012370079262973288,0.30320908195164253,0.13461435234598612
