nt,pseudo_r2,pred_obs_r2,pred_obs_r2_exp
200,-0.003596377642054227,0.15439999987989528,0.08255486821521542
