nt,pseudo_r2,pred_obs_r2,pred_obs_r2_exp
600,-0.005076084692458016,0.23593204965483497,0.11230468997665267
