var,rel.inf
rough_MAP,29.67630212987879
rough_Soil.C,13.166433025958044
rough_Elevation,12.69087571320319
rough_NDVI,11.428575456785227
MAP,8.455883483080976
Clay,6.3571133915217715
rough_Clay,6.2077400225616195
rough_Surface.T,2.80015686294297
rough_CEC,2.5829324890889667
Elevation,1.9936464125552857
CEC,1.8366858794230962
PDQ,1.6380070291388704
pH,1.165648103861196
