nt,pseudo_r2,pred_obs_r2,pred_obs_r2_exp
250,-0.003400330901797144,0.16893089848359388,0.05878324920133864
