var,rel.inf
rough_Clay,19.55678082251475
Elevation,17.36291019650752
rough_CEC,13.654364662359445
MAP,11.455451137806774
rough_Surface.T,8.481464821683186
Clay,7.137518813698971
CEC,6.833269720635927
PDQ,5.83636124898471
rough_NDVI,3.4040138790121848
rough_Elevation,2.2188046165869078
rough_MAP,1.7490869668679985
rough_Soil.C,1.668847674515809
pH,0.6411254388258131
