var,rel.inf
rough_MAP,39.75262548409723
PDQ,9.526977281595451
MAP,7.86627622605882
pH,7.083047530323007
CEC,5.457152178441029
rough_Elevation,5.449616617120417
rough_Surface.T,5.373353613358325
rough_NDVI,4.508401591613309
Clay,3.8855200673228887
rough_Clay,3.8552243156082127
rough_Soil.C,2.9839787073347206
rough_CEC,2.2644702230459846
Elevation,1.9933561640806015
