var,rel.inf
rough_NDVI,39.52668957921636
rough_MAP,14.648088476733022
PDQ,8.297377927747794
CEC,6.125330576277266
Elevation,5.036127298673736
rough_Clay,4.357059485880998
rough_Surface.T,4.189140055790179
MAP,3.9062623040951014
rough_Soil.C,3.520704899606535
rough_Elevation,3.2295544236448905
pH,2.9602181471591993
Clay,2.2306688739690457
rough_CEC,1.9727779512058712
