nt,pseudo_r2,pred_obs_r2,pred_obs_r2_exp
350,-0.001533409793983198,0.24734489888494413,0.12046053279537719
