nt,pseudo_r2,pred_obs_r2,pred_obs_r2_exp
300,-0.003426485015401326,0.25830527105017587,0.12210128660381248
