var,rel.inf
rough_CEC,20.18178657242646
rough_Surface.T,19.95395386252437
rough_NDVI,13.536505389523317
MAP,11.368740457158466
rough_MAP,9.185531992331876
rough_Elevation,8.468694454640309
CEC,4.084285009953808
rough_Clay,2.6165700328956087
Elevation,2.536308874418096
rough_Soil.C,2.353786044631573
pH,2.107002837966476
Clay,1.9679323592043374
PDQ,1.6389021123253062
