nt,pseudo_r2,pred_obs_r2,pred_obs_r2_exp
300,-0.0029766942357807302,0.20489891536110935,0.08933787620938162
