nt,pseudo_r2,pred_obs_r2,pred_obs_r2_exp
250,-0.002018873103602603,0.23540984704118492,0.13454713560283246
