var,rel.inf
Clay,41.56524461797888
rough_CEC,14.294898430587768
rough_MAP,6.728460352792696
CEC,5.348903933427702
pH,5.320295051610632
rough_Elevation,5.25805573990789
rough_Soil.C,4.503121152121465
rough_Surface.T,4.36543238624634
PDQ,4.139709471085812
rough_NDVI,2.498443302327443
rough_Clay,2.4276630635239846
Elevation,2.341605174192096
MAP,1.2081673241972986
