nt,pseudo_r2,pred_obs_r2,pred_obs_r2_exp
1e3,0.006206958694178311,0.3175859069261712,0.21459701578245535
