nt,pseudo_r2,pred_obs_r2,pred_obs_r2_exp
1450,0.0032123685887445186,0.3853698818222633,0.3010146013525549
