var,rel.inf
Clay,20.22215054303783
PDQ,14.527927541698883
rough_Soil.C,11.290526540669763
rough_Surface.T,9.063443845700801
rough_NDVI,7.398191610257558
rough_Elevation,7.172393148965826
MAP,6.600060463270032
rough_CEC,6.2179008086023355
CEC,4.963049043351105
rough_MAP,4.710680701619458
Elevation,4.657456558761842
pH,2.0907357262096498
rough_Clay,1.0854834678549152
