nt,pseudo_r2,pred_obs_r2,pred_obs_r2_exp
600,0.008231979090598252,0.2324835781922386,0.11031841944877281
