nt,pseudo_r2,pred_obs_r2,pred_obs_r2_exp
200,-0.0030372092099424375,0.16765972151695124,0.07538254933360533
