var,rel.inf
rough_MAP,31.611725164254633
MAP,15.977513226394946
pH,9.278965284171539
Clay,6.201265756354875
PDQ,6.161056061681987
CEC,5.6031280441535705
rough_Surface.T,5.225812819126296
rough_Clay,4.018384453364705
rough_Elevation,3.96252968897334
rough_NDVI,3.3432943287253627
Elevation,3.1064752847527997
rough_Soil.C,2.9544359185703057
rough_CEC,2.555413969475641
