var,rel.inf
Elevation,40.91643620108172
rough_NDVI,16.97080900889962
rough_Clay,10.375131663021396
Clay,7.560585223678044
CEC,6.544948117071797
rough_Soil.C,4.435732114894141
rough_CEC,3.0929588809075903
rough_Elevation,3.066832293643607
pH,2.1981112194855794
rough_Surface.T,1.9516555233821609
rough_MAP,1.0951364060762576
PDQ,0.9723419601398837
MAP,0.8193213877181909
