nt,pseudo_r2,pred_obs_r2,pred_obs_r2_exp
400,-0.0062300363102936185,0.21615171530900765,0.12487709002001202
