var,rel.inf
Clay,18.922685252556672
rough_MAP,17.264844832321234
rough_CEC,15.359072055558165
rough_Clay,9.40694489612112
rough_Surface.T,8.961712171977714
Elevation,5.749452532283338
rough_NDVI,5.330449375363778
CEC,4.952940464388253
rough_Soil.C,4.113704288671374
MAP,2.808329774793447
rough_Elevation,2.4921908682019
PDQ,2.37292008832405
pH,2.264753399438962
