var,rel.inf
rough_Clay,37.295776383694346
CEC,23.527624491712235
rough_CEC,14.810947509101346
rough_Soil.C,7.166173149448977
Elevation,3.9055551572837106
rough_Surface.T,3.628938876357516
rough_MAP,2.730580927002103
pH,1.9657905397570195
MAP,1.8312789046396374
PDQ,1.2789751890450556
rough_Elevation,0.6906524349816349
Clay,0.6362166957285035
rough_NDVI,0.5314897412479217
