var,rel.inf
Clay,29.191771896915828
Elevation,22.06919989440879
rough_Elevation,12.101236574415207
rough_CEC,6.869037053301118
rough_Clay,6.1785333400433755
rough_MAP,5.903742593037819
rough_Soil.C,5.194488586518701
rough_NDVI,2.4236881584407852
rough_Surface.T,2.2467967581428416
pH,2.1959486202561918
CEC,2.175728349848785
PDQ,2.0937365796873126
MAP,1.3560915949832453
