nt,pseudo_r2,pred_obs_r2,pred_obs_r2_exp
500,4.288417824465096e-4,0.25412465020217584,0.13782574687851532
