nt,pseudo_r2,pred_obs_r2,pred_obs_r2_exp
300,-0.0017011347671325172,0.21758020784643345,0.11654704009168174
