nt,pseudo_r2,pred_obs_r2,pred_obs_r2_exp
550,-0.003585508658862757,0.25099981386493847,0.1375761039559988
