var,rel.inf
rough_CEC,21.971105164505193
Elevation,14.555395946228858
rough_MAP,12.855668454745974
pH,12.437494794972954
rough_Clay,9.487488528131669
rough_NDVI,9.029820986619727
Clay,5.6091078791996
rough_Elevation,4.894861160329999
MAP,2.821622651253923
rough_Surface.T,2.5360542465308127
PDQ,1.730325118427684
rough_Soil.C,1.5633858782351175
CEC,0.5076691908184905
