var,rel.inf
Elevation,16.735484157181464
rough_Clay,15.080489377329672
rough_Soil.C,13.818423187411135
PDQ,9.617198815705027
rough_MAP,9.067027822179389
rough_Surface.T,8.96054836865814
rough_CEC,6.537885795395191
rough_NDVI,5.421863632188945
Clay,5.010056550505606
rough_Elevation,3.619892771677752
MAP,2.756830658904618
CEC,1.7861289614756495
pH,1.5881699013874055
