nt,pseudo_r2,pred_obs_r2,pred_obs_r2_exp
950,0.02576311872389825,0.2452872737363735,0.11752649219291815
