nt,pseudo_r2,pred_obs_r2,pred_obs_r2_exp
1100,0.008043818175163975,0.3048975950176183,0.12714686229344555
