nt,pseudo_r2,pred_obs_r2,pred_obs_r2_exp
350,-0.006977717409618167,0.21203980509929016,0.1476743560515491
