nt,pseudo_r2,pred_obs_r2,pred_obs_r2_exp
500,-0.0024225879105537196,0.26044756641483097,0.11352130535139889
