var,rel.inf
rough_Elevation,30.30226382399498
rough_NDVI,14.469600331637398
CEC,13.344533518690332
MAP,8.833760590442921
rough_MAP,8.806523918315749
pH,5.946378209438065
Elevation,3.9084648746376875
rough_Clay,3.5891689791264416
rough_CEC,2.9725788005269265
Clay,2.8110907344538054
PDQ,2.093838550983584
rough_Surface.T,1.5507211268003611
rough_Soil.C,1.3710765409517534
