nt,pseudo_r2,pred_obs_r2,pred_obs_r2_exp
900,-0.0012448749412201643,0.3347983578359531,0.14511032528348217
