var,rel.inf
rough_Soil.C,13.96498708863683
rough_NDVI,13.730820355024518
MAP,11.546620669136404
rough_MAP,11.16040199646917
rough_Elevation,10.905978495445488
CEC,9.811201456837427
rough_Surface.T,7.907815988514795
rough_Clay,5.104199388323712
PDQ,4.744188940380325
Clay,3.6979924351624507
rough_CEC,2.8705582638533635
Elevation,2.4046613180703638
pH,2.1505736041451566
