var,rel.inf
Elevation,50.92091679946837
rough_CEC,9.303810381092752
rough_Soil.C,6.845880614267181
rough_Clay,6.759613138067849
Clay,5.052733764303862
rough_Surface.T,3.873301161756052
rough_NDVI,3.6058950882671565
MAP,3.1323758613829207
PDQ,2.839681441959865
rough_Elevation,2.4604069946019917
CEC,2.20420776327719
rough_MAP,1.7100778586676453
pH,1.2910991328871564
