nt,pseudo_r2,pred_obs_r2,pred_obs_r2_exp
400,0.003504774964902757,0.21595694036392538,0.10993717327147476
