nt,pseudo_r2,pred_obs_r2,pred_obs_r2_exp
550,-0.007531003570852679,0.2702545108037805,0.10917317207735941
