nt,pseudo_r2,pred_obs_r2,pred_obs_r2_exp
1200,0.017969170853376237,0.33859286729811733,0.11133992150374458
