var,rel.inf
rough_MAP,15.698255436529188
Clay,15.173978396572641
Elevation,12.553035550850124
pH,12.087281120115938
CEC,11.293922561258052
rough_NDVI,7.966993554089391
MAP,5.036354245285245
rough_Surface.T,4.257755315243909
rough_CEC,3.910937769194952
rough_Soil.C,3.539105397071014
PDQ,3.5190360212779903
rough_Elevation,3.1976298883829646
rough_Clay,1.7657147441285996
