var,rel.inf
rough_Surface.T,28.887414366503773
rough_Elevation,14.722653796383192
PDQ,14.49205099814891
Clay,11.916160223663613
MAP,6.394594770955558
rough_Soil.C,6.250897211974124
rough_NDVI,4.658853668579513
pH,4.287196036498149
rough_CEC,2.7218565776969
rough_Clay,2.111500637844012
CEC,1.2886450004233545
rough_MAP,1.2140160431089682
Elevation,1.0541606682199398
