nt,pseudo_r2,pred_obs_r2,pred_obs_r2_exp
400,-0.0036254786648270976,0.22848494751062523,0.16499761481318775
