nt,pseudo_r2,pred_obs_r2,pred_obs_r2_exp
1550,-0.0015025837449873514,0.4100241959838875,0.21955657786907745
