nt,pseudo_r2,pred_obs_r2,pred_obs_r2_exp
350,-0.008222136533394764,0.2480781604605325,0.09653351713566165
