nt,pseudo_r2,pred_obs_r2,pred_obs_r2_exp
750,5.607458003202836e-4,0.3139926718647917,0.144685562854719
