nt,pseudo_r2,pred_obs_r2,pred_obs_r2_exp
1e3,0.004947602741105839,0.31259073927614495,0.18337942464223056
