nt,pseudo_r2,pred_obs_r2,pred_obs_r2_exp
500,-0.001019770602453507,0.21695286376036146,0.12403421768854547
