nt,pseudo_r2,pred_obs_r2,pred_obs_r2_exp
400,-0.0049831125500909845,0.19527329207315924,0.10412669662396133
