nt,pseudo_r2,pred_obs_r2,pred_obs_r2_exp
700,3.627741670370055e-4,0.2964719981254801,0.12563022617987624
