var,rel.inf
PDQ,44.51936934937565
rough_CEC,9.570451681795955
Elevation,8.26978521234766
MAP,7.155459797011607
rough_Soil.C,7.119262125735316
rough_NDVI,6.601543051812337
CEC,5.8969573326577205
rough_Surface.T,2.9666698866456755
rough_Clay,2.6414225874493478
pH,2.2152937491574725
rough_MAP,1.3526477411347526
rough_Elevation,0.9007072067737948
Clay,0.7904302781027189
