var,rel.inf
rough_Elevation,32.849225706039114
Clay,22.251327042561705
CEC,11.027593423215787
rough_Surface.T,7.72605699813031
pH,5.152875438849145
rough_Clay,4.4408005174075464
rough_MAP,3.906659274324388
PDQ,3.826562924032857
MAP,2.846406918803795
rough_NDVI,2.4542611790521103
Elevation,1.9208459984722128
rough_CEC,1.2507763430184395
rough_Soil.C,0.3466082360925988
