nt,pseudo_r2,pred_obs_r2,pred_obs_r2_exp
900,0.0068801627984460545,0.28081710841128454,0.14023981570894786
