var,rel.inf
rough_Clay,18.23128800742789
CEC,11.69845965386385
rough_NDVI,11.654013875081159
Elevation,8.423320835722187
rough_Soil.C,8.296004680416656
rough_CEC,8.24231234410969
rough_Surface.T,7.812930278715131
Clay,7.499183431683846
PDQ,5.270862942200309
rough_MAP,3.9108782802728737
MAP,3.803786230515546
rough_Elevation,2.658242164211825
pH,2.4987172757790397
