var,rel.inf
rough_Clay,25.54690287697219
rough_Elevation,18.89486206284814
rough_CEC,10.980754609789846
CEC,10.174173367305817
MAP,9.577777749275251
rough_MAP,4.9486860179421726
PDQ,4.595048553785707
Clay,3.7790075754736407
rough_NDVI,3.1091296666036015
Elevation,2.164863196195915
rough_Surface.T,2.119229131375301
pH,2.1122924885659464
rough_Soil.C,1.9972727038664675
