var,rel.inf
rough_MAP,18.406267767895837
Clay,17.359240701295576
CEC,12.604584300208293
rough_CEC,9.693279142255705
MAP,7.5677204191816925
rough_NDVI,7.015157564845647
rough_Surface.T,6.500092131382944
Elevation,5.822396636069891
rough_Clay,3.992996245633145
rough_Elevation,3.5064053487986695
pH,3.3583912626084826
rough_Soil.C,2.7524241798776075
PDQ,1.4210442999465165
