nt,pseudo_r2,pred_obs_r2,pred_obs_r2_exp
200,0.002804876900238118,0.18199950779072424,0.10176210067011979
