var,rel.inf
rough_Elevation,29.49477807761769
rough_CEC,21.91310409704304
rough_NDVI,10.138669948411147
Elevation,8.635010065237642
CEC,8.184711299342947
rough_MAP,7.502536938073414
pH,4.200901324674119
rough_Clay,2.2817665831759393
Clay,2.22862511360909
PDQ,1.7817401552697647
rough_Soil.C,1.4801484037515433
rough_Surface.T,1.4331493471632153
MAP,0.7248586466304562
