nt,pseudo_r2,pred_obs_r2,pred_obs_r2_exp
1500,0.03532635420121055,0.31798909299194317,0.17854041042172933
