nt,pseudo_r2,pred_obs_r2,pred_obs_r2_exp
1200,0.011941510712408121,0.318532926541225,0.19639623971036227
