nt,pseudo_r2,pred_obs_r2,pred_obs_r2_exp
950,0.003203435767473173,0.28919051666685164,0.15775780895447278
