var,rel.inf
rough_Surface.T,34.034749444645875
rough_Elevation,16.031507917638493
rough_NDVI,13.622806300079398
rough_CEC,11.543731648386448
Elevation,7.418871475896294
rough_MAP,4.290099649723705
PDQ,3.3063619497547476
rough_Clay,2.8849897712916595
rough_Soil.C,2.8797384587869805
Clay,1.9629220031335293
pH,0.9991575644749485
CEC,0.6622458674480701
MAP,0.36281794873984957
