nt,pseudo_r2,pred_obs_r2,pred_obs_r2_exp
750,-0.011143196920406995,0.28054739121185984,0.12938105376548412
