nt,pseudo_r2,pred_obs_r2,pred_obs_r2_exp
900,0.0010539356441522374,0.26578620599660324,0.14994801208991054
