nt,pseudo_r2,pred_obs_r2,pred_obs_r2_exp
2200,0.013471430540486606,0.43099431088561,0.21205738382200273
