nt,pseudo_r2,pred_obs_r2,pred_obs_r2_exp
1600,0.03222604181935218,0.3258427142496141,0.15335412431123077
