nt,pseudo_r2,pred_obs_r2,pred_obs_r2_exp
250,-7.060020765632391e-4,0.16706050684530677,0.10758045625683636
