nt,pseudo_r2,pred_obs_r2,pred_obs_r2_exp
350,-0.003304865284212033,0.25406155247336615,0.11992839354487812
