nt,pseudo_r2,pred_obs_r2,pred_obs_r2_exp
350,-0.003658146926184269,0.261584059934588,0.12802437060869934
