nt,pseudo_r2,pred_obs_r2,pred_obs_r2_exp
950,0.005363424797952154,0.363160228413899,0.14618643014523486
