nt,pseudo_r2,pred_obs_r2,pred_obs_r2_exp
500,-0.00797697821327481,0.2855622962613901,0.13329862927372949
