nt,pseudo_r2,pred_obs_r2,pred_obs_r2_exp
850,0.0014006554056815723,0.31906955885717214,0.1619068708471018
