nt,pseudo_r2,pred_obs_r2,pred_obs_r2_exp
300,-0.009028057432591163,0.27871325771669053,0.1756414202662656
