var,rel.inf
rough_MAP,24.03691494788843
PDQ,14.853509649600682
rough_Surface.T,10.883217608773457
pH,10.678370322705227
MAP,6.310712567038874
rough_CEC,5.778712857634245
rough_NDVI,4.694728595075642
Elevation,4.308832795147459
CEC,4.163744169150059
rough_Clay,3.757665197241046
rough_Soil.C,3.705381267555215
rough_Elevation,3.5184177926793274
Clay,3.3097922295103444
