nt,pseudo_r2,pred_obs_r2,pred_obs_r2_exp
1400,0.016017477077010844,0.332411750273681,0.19627570677521652
