nt,pseudo_r2,pred_obs_r2,pred_obs_r2_exp
550,6.430552146889923e-4,0.20385461481332873,0.07473374852910784
