nt,pseudo_r2,pred_obs_r2,pred_obs_r2_exp
650,0.0012152427510452313,0.23602345675636094,0.13258724930554014
