nt,pseudo_r2,pred_obs_r2,pred_obs_r2_exp
400,-0.0042935650851061435,0.1810178429779033,0.09279938733178757
