nt,pseudo_r2,pred_obs_r2,pred_obs_r2_exp
750,0.002126366505457278,0.23991874544413586,0.12003072975150832
