var,rel.inf
rough_MAP,15.960455069443261
rough_Surface.T,13.447433292119493
rough_Elevation,11.11904990954967
rough_Soil.C,8.672450403851396
rough_CEC,8.315906684369363
Elevation,7.62258089889991
rough_Clay,6.922558730640466
rough_NDVI,6.085719810909623
pH,5.804542772507252
PDQ,5.018681196906874
MAP,4.508049794400328
CEC,4.283795776617849
Clay,2.2387756597845145
