var,rel.inf
CEC,19.3747713115255
rough_Soil.C,18.368441478875948
pH,12.777334384221794
rough_NDVI,12.19533521407168
rough_Elevation,9.090733979311388
rough_Clay,8.763204282751932
rough_CEC,6.078748784872277
rough_Surface.T,3.56174441392155
PDQ,2.855017280763384
MAP,2.1996053095319574
Elevation,1.7197425660413723
Clay,1.7065346726476058
rough_MAP,1.3087863214636175
