nt,pseudo_r2,pred_obs_r2,pred_obs_r2_exp
650,-0.005437488408947644,0.24006780983486506,0.12792304991853887
