var,rel.inf
Clay,16.4510309794121
rough_Elevation,14.743361172037366
rough_CEC,12.230500823550972
rough_NDVI,10.052079507499705
rough_Surface.T,7.430662983941064
rough_Clay,6.758324677388077
rough_Soil.C,6.589420406998947
rough_MAP,5.605617987617103
Elevation,5.561054715944528
CEC,4.752838724467618
pH,4.47232342469632
MAP,3.1121794295808574
PDQ,2.240605166865353
