var,rel.inf
rough_Elevation,17.20290813391959
rough_CEC,10.524640759624704
PDQ,10.114891152428164
rough_MAP,10.09380214987084
CEC,9.91411433860448
pH,6.729404379344332
rough_NDVI,6.531804796686365
MAP,6.312085759943637
Elevation,6.308982799897568
rough_Soil.C,5.683995319161533
Clay,4.800959227646063
rough_Surface.T,3.0016089537162483
rough_Clay,2.78080222915648
