nt,pseudo_r2,pred_obs_r2,pred_obs_r2_exp
1150,0.012213571877973228,0.3702654695038582,0.19246916836847122
