nt,pseudo_r2,pred_obs_r2,pred_obs_r2_exp
250,-0.0012241952038927195,0.21422987056179707,0.09486109430837247
