nt,pseudo_r2,pred_obs_r2,pred_obs_r2_exp
250,-7.814418408824686e-4,0.21364488115343683,0.12578838854730612
