nt,pseudo_r2,pred_obs_r2,pred_obs_r2_exp
650,0.006139080102566141,0.17328609914902499,0.0743284671584332
