nt,pseudo_r2,pred_obs_r2,pred_obs_r2_exp
400,-7.965055633034623e-4,0.13991832925038614,0.05882434219591305
