var,rel.inf
rough_Elevation,35.540990332018744
MAP,16.995703372707425
rough_PDQ,6.971002341020151
CEC,6.452793620089546
Clay,6.208845191314347
rough_Soil.C,4.323779381808229
rough_CEC,4.266170632945919
pH,3.8419512485307776
Surface.T,3.5358377216090067
Elevation,3.133461637296806
PDQ,3.099397516799773
rough_Surface.T,2.4861002426923267
rough_NDVI,1.9711492699366084
rough_MAP,1.1728174912303393
