nt,pseudo_r2,pred_obs_r2,pred_obs_r2_exp
250,-9.236004136592424e-4,0.21275307437448956,0.07790792333205573
