var,rel.inf
Surface.T,17.490968428318975
rough_Elevation,16.22808226619612
CEC,11.525820666474855
rough_Surface.T,10.377815431045406
rough_NDVI,10.273531365409646
Clay,9.764854237158525
MAP,8.6536537659221
rough_Soil.C,3.71805270496701
PDQ,3.18269169495584
Elevation,2.761768887263152
rough_PDQ,2.742004521169643
rough_MAP,1.5924960472488316
rough_CEC,1.372115631642593
pH,0.3161443522273041
