var,rel.inf
rough_Elevation,18.910648400149235
rough_NDVI,13.079123767405772
Clay,11.832272960773217
pH,10.209620154706261
rough_Surface.T,9.182336457686953
rough_MAP,7.330997592527972
Elevation,5.59436815186094
rough_CEC,5.443805269622212
PDQ,5.138677501966044
Surface.T,4.093696832967115
MAP,3.656010116423516
rough_Soil.C,2.418456096269073
rough_PDQ,1.634715849771656
CEC,1.4752708478700316
