nt,pseudo_r2,pred_obs_r2,pred_obs_r2_exp
650,0.009765946820030957,0.14058478819106313,0.06914806177850825
