nt,pseudo_r2,pred_obs_r2,pred_obs_r2_exp
750,0.007568047916652665,0.18171212737220807,0.06056883418964788
