nt,pseudo_r2,pred_obs_r2,pred_obs_r2_exp
450,0.0040013451493138286,0.12918897028593967,0.06110770605514328
