var,rel.inf
rough_Elevation,22.76100858023855
MAP,11.424070420590825
Elevation,9.576599113396385
rough_PDQ,9.546746344614252
rough_CEC,7.12421574318491
rough_MAP,6.882698544180911
pH,6.306763389988765
Surface.T,5.076592920112153
Clay,4.670060231185967
rough_NDVI,4.591918490462567
rough_Surface.T,3.7543020701501053
CEC,3.6249235679970666
rough_Soil.C,2.8462755077802586
PDQ,1.8138250761172792
