nt,pseudo_r2,pred_obs_r2,pred_obs_r2_exp
500,0.0012866484922721133,0.17677133177331406,0.07452652627782674
