var,rel.inf
rough_MAP,24.65243002034044
rough_CEC,18.08089628038846
rough_PDQ,12.724925730718585
rough_Surface.T,9.839908637627381
MAP,5.404046502871494
rough_Soil.C,5.14022208135841
rough_Elevation,4.92900739926293
rough_NDVI,4.721557417170871
CEC,3.9711721764001773
PDQ,2.806967163231325
Elevation,2.586893074504264
pH,2.344547121851053
Clay,1.4559118313739905
Surface.T,1.3415145629006249
