nt,pseudo_r2,pred_obs_r2,pred_obs_r2_exp
900,0.005715698221758991,0.22564960225260278,0.10483450028908736
