nt,pseudo_r2,pred_obs_r2,pred_obs_r2_exp
450,0.004006692150455904,0.15135686220026173,0.0700970392478057
