var,rel.inf
MAP,14.909313909760085
rough_PDQ,14.878796485860427
rough_Elevation,12.946088472107448
rough_MAP,12.035779539716891
rough_CEC,11.649139403029611
rough_NDVI,7.9437049778941224
pH,5.526241653854524
Elevation,4.4821626988303915
PDQ,3.7036163382981973
rough_Surface.T,3.458211353031518
CEC,2.697102162937291
Clay,2.6508166484227873
rough_Soil.C,1.8322957515986225
Surface.T,1.2867306046580838
