nt,pseudo_r2,pred_obs_r2,pred_obs_r2_exp
250,-0.0010932128020477716,0.13154143924989484,0.054693170465312434
