nt,pseudo_r2,pred_obs_r2,pred_obs_r2_exp
350,-0.0010956598435889475,0.16560729387098908,0.07684032916249332
