nt,pseudo_r2,pred_obs_r2,pred_obs_r2_exp
400,0.002026016552725718,0.16078985769795232,0.07644059747561377
