var,rel.inf
Clay,17.108749144871886
rough_Elevation,15.72931306682701
rough_Surface.T,12.191864702334055
Elevation,9.209823727673609
Surface.T,8.416195018208684
rough_Soil.C,7.627606874063717
CEC,5.627161141737837
rough_CEC,5.590074415498918
rough_NDVI,4.989332689791211
PDQ,4.723773034943044
MAP,2.729109567240279
rough_PDQ,2.4107304714002105
pH,1.853237144065146
rough_MAP,1.7930290013444055
