nt,pseudo_r2,pred_obs_r2,pred_obs_r2_exp
250,-0.00323442152250486,0.13356039107908912,0.062494128530925785
