nt,pseudo_r2,pred_obs_r2,pred_obs_r2_exp
450,1.8317635940257038e-4,0.10959934577181456,0.06466824149885926
