nt,pseudo_r2,pred_obs_r2,pred_obs_r2_exp
200,-0.006149514489389052,0.08286803660546553,0.03802204826532821
