var,rel.inf
Clay,28.401116264462427
rough_Surface.T,13.116503610017103
rough_NDVI,11.253110214716113
rough_Elevation,9.026837691499377
rough_PDQ,8.469533796215012
rough_Soil.C,6.522533785133888
CEC,5.916257934757557
Surface.T,4.2904149064746555
MAP,4.0503783737111245
rough_MAP,3.1169303242526927
rough_CEC,2.9967592934772873
pH,1.4425414830447774
Elevation,1.0771281388273737
PDQ,0.31995418341062254
