nt,pseudo_r2,pred_obs_r2,pred_obs_r2_exp
550,0.004363262099289167,0.17855443016486888,0.06234159170103698
