var,rel.inf
Elevation,20.655125598239284
Surface.T,14.287050841803461
rough_MAP,9.172910799251145
rough_CEC,8.119297322393932
PDQ,7.0815820370545035
rough_NDVI,6.912952236354903
pH,5.443958647538447
rough_Elevation,5.261285314522656
MAP,5.160931818315977
Clay,4.821387033739311
rough_Surface.T,3.7904726119556824
rough_Soil.C,3.677739930387799
rough_PDQ,3.07697677758955
CEC,2.538329030853356
