nt,pseudo_r2,pred_obs_r2,pred_obs_r2_exp
350,-0.0037327097192085823,0.16121150098129783,0.06338215678125059
