nt,pseudo_r2,pred_obs_r2,pred_obs_r2_exp
950,0.005319782183046073,0.2187976510274064,0.07682771056624585
