var,rel.inf
PDQ,22.179604175320335
rough_Surface.T,20.676352180472257
rough_Soil.C,11.486160000106324
Elevation,9.823259869895248
rough_Elevation,8.10920314021349
rough_CEC,4.772306995022475
MAP,4.753853456965199
rough_PDQ,3.5709647375486715
pH,3.2371716969041113
rough_NDVI,2.748606798358098
Clay,2.7324390368518
CEC,2.396668351428925
rough_MAP,2.1386851026898657
Surface.T,1.3747244582231979
