nt,pseudo_r2,pred_obs_r2,pred_obs_r2_exp
500,-1.7561182724445956e-4,0.16163561925119307,0.05412460079503014
