var,rel.inf
rough_Soil.C,22.272601705526412
rough_MAP,21.988844205708794
Elevation,14.870517002896047
rough_PDQ,8.700135759033214
rough_CEC,7.182865729290951
MAP,5.9726743336320824
PDQ,4.215277951487154
pH,4.205865722532935
Clay,3.2823483874437756
rough_Surface.T,2.295466951888626
rough_NDVI,1.8979410317036747
rough_Elevation,1.5100209516272423
Surface.T,1.168144396919286
CEC,0.4372958703098079
