nt,pseudo_r2,pred_obs_r2,pred_obs_r2_exp
1800,0.004003686664160067,0.30016612750407196,0.1360108193374456
