nt,pseudo_r2,pred_obs_r2,pred_obs_r2_exp
1300,0.014302966503623171,0.22689114132262936,0.11660763470990995
