nt,pseudo_r2,pred_obs_r2,pred_obs_r2_exp
650,0.002252309101549166,0.18699491219548223,0.06805224849823963
