var,rel.inf
rough_Soil.C,29.034831630494317
rough_Elevation,13.400269106847409
CEC,9.614817190943688
rough_CEC,8.300240183666666
rough_PDQ,8.228989279034547
PDQ,6.214163140199749
Surface.T,5.537247390136585
rough_Surface.T,4.620378676376389
rough_MAP,4.551059066311933
MAP,3.497801880172491
Elevation,3.1784153334159186
rough_NDVI,1.8179277907379103
Clay,1.255500643948995
pH,0.7483586877134001
