nt,pseudo_r2,pred_obs_r2,pred_obs_r2_exp
700,-0.0036255693094000563,0.17148041180572382,0.090333591437863
