nt,pseudo_r2,pred_obs_r2,pred_obs_r2_exp
700,0.0012731478243757088,0.18866636260807448,0.07788822825329035
