nt,pseudo_r2,pred_obs_r2,pred_obs_r2_exp
200,-0.005293258310216542,0.12198463659766103,0.06360856287257384
