var,rel.inf
PDQ,20.649533879601993
rough_Elevation,12.097376209704693
Elevation,12.085549710068205
rough_Surface.T,11.98196955688582
rough_NDVI,10.24728564753093
rough_MAP,6.482387294940327
pH,6.199068963177604
rough_PDQ,5.284057271650602
MAP,3.835570912633237
Clay,3.443086938674283
Surface.T,3.1224435091908367
CEC,2.1464402449419144
rough_CEC,1.8531049542866591
rough_Soil.C,0.5721249067129013
