var,rel.inf
PDQ,30.148073800381578
MAP,18.510207249184543
pH,9.410597094784405
rough_PDQ,8.46300832807833
Surface.T,6.488106451329799
rough_MAP,5.28482345312478
Clay,4.87744454582421
rough_Surface.T,4.295903122081464
CEC,3.5138783759087717
rough_NDVI,2.786703188236552
rough_Elevation,2.7472704572146887
Elevation,1.6473565169763573
rough_CEC,1.2314614721858308
rough_Soil.C,0.5951659446886921
