var,rel.inf
rough_Surface.T,33.378806761253735
rough_Soil.C,13.679699299253748
rough_NDVI,9.744688814918995
rough_PDQ,5.734328497156323
Surface.T,5.698723880813677
rough_Elevation,5.57306948903064
Clay,4.98114035183851
CEC,4.229042048113807
Elevation,4.184682893955843
pH,3.7445631026055124
MAP,3.5994787119111975
PDQ,2.1372499716674156
rough_CEC,1.8576613236133452
rough_MAP,1.456864853867244
