var,rel.inf
rough_CEC,27.03179407214427
pH,15.781567832606987
PDQ,13.794424130369853
rough_Soil.C,6.049356646949898
rough_Surface.T,5.9837267516697095
rough_NDVI,5.747949226759242
rough_Elevation,5.690356317503539
Surface.T,4.428768867948375
rough_MAP,3.6026672630317846
CEC,3.325057039173372
MAP,3.2700196504530163
rough_PDQ,2.4596880459349078
Elevation,2.239282849404895
Clay,0.5953413060501515
