nt,pseudo_r2,pred_obs_r2,pred_obs_r2_exp
500,7.899713618818582e-4,0.17077000317744592,0.07791985833173783
