var,rel.inf
rough_NDVI,23.541216872584062
rough_MAP,18.3686506095889
rough_CEC,17.863749794504585
rough_PDQ,12.87677029169094
rough_Surface.T,5.372695737360476
rough_Elevation,4.7208499741876615
PDQ,3.328451229786596
MAP,3.3002751775270958
Surface.T,2.7381275551487976
rough_Soil.C,2.2869414199451668
CEC,2.1575789783220656
Clay,1.7800026874226598
Elevation,1.2310804589464521
pH,0.4336092129845388
