nt,pseudo_r2,pred_obs_r2,pred_obs_r2_exp
350,-0.00325562724364703,0.11689857602032268,0.04454163877736434
