nt,pseudo_r2,pred_obs_r2,pred_obs_r2_exp
350,0.0020073997774178176,0.15021896460479123,0.079566381380982
