nt,pseudo_r2,pred_obs_r2,pred_obs_r2_exp
300,-0.004355531024293757,0.1086540564258213,0.046315818970925834
