nt,pseudo_r2,pred_obs_r2,pred_obs_r2_exp
550,2.7239681413004924e-4,0.1738906736766635,0.07605772798260195
