nt,pseudo_r2,pred_obs_r2,pred_obs_r2_exp
400,-0.0014684191786966672,0.17793205978251533,0.07148100214127047
