nt,pseudo_r2,pred_obs_r2,pred_obs_r2_exp
700,6.903062216712108e-4,0.187288589463129,0.0808633050048713
