nt,pseudo_r2,pred_obs_r2,pred_obs_r2_exp
300,-0.0021503921301930795,0.16500177336098543,0.059389497649724975
