nt,pseudo_r2,pred_obs_r2,pred_obs_r2_exp
250,-0.0031134810469375385,0.1742605012046792,0.0866476953330904
