nt,pseudo_r2,pred_obs_r2,pred_obs_r2_exp
1150,0.007459767380771254,0.24281950504929128,0.09124403314300618
