nt,pseudo_r2,pred_obs_r2,pred_obs_r2_exp
800,0.015216182826865654,0.16749978244531263,0.07676147794107548
