nt,pseudo_r2,pred_obs_r2,pred_obs_r2_exp
400,4.264995768569202e-4,0.13062579408575745,0.06198983750333605
