nt,pseudo_r2,pred_obs_r2,pred_obs_r2_exp
400,0.004236300260420656,0.12235887084912282,0.04335037119881505
