nt,pseudo_r2,pred_obs_r2,pred_obs_r2_exp
300,-0.0011163828824158895,0.16028505192505768,0.049925247378336805
