nt,pseudo_r2,pred_obs_r2,pred_obs_r2_exp
950,0.004298017736619197,0.17524431293879497,0.08950870725870869
