nt,pseudo_r2,pred_obs_r2,pred_obs_r2_exp
1300,0.0052422050877487525,0.24383593017184085,0.11819045424887548
