var,rel.inf
Elevation,23.969114711800998
rough_Soil.C,13.408659030152561
rough_NDVI,10.168423947407197
CEC,9.382182720252342
rough_CEC,8.105298674268498
PDQ,7.216889678695308
Clay,5.31806160730564
rough_PDQ,5.259537937693127
MAP,5.215506944338594
rough_MAP,4.166174810743701
pH,2.8195647542093094
Surface.T,2.120826701436645
rough_Elevation,1.6500982086422937
rough_Surface.T,1.1996602730537873
