var,rel.inf
rough_CEC,14.74751164181642
Elevation,12.787035309271424
rough_Elevation,11.482839226761865
CEC,10.999782620777657
Clay,10.37457212230103
PDQ,8.344094207653995
rough_Soil.C,6.944593042309881
rough_NDVI,5.2068115398926516
rough_PDQ,4.421186033607208
rough_MAP,3.5178053026876053
rough_Surface.T,3.1242097925672536
MAP,2.9868906956782553
pH,2.6478847348898777
Surface.T,2.414783729784864
