nt,pseudo_r2,pred_obs_r2,pred_obs_r2_exp
750,-0.0028596842990433746,0.20387312959973702,0.09988712827052154
