nt,pseudo_r2,pred_obs_r2,pred_obs_r2_exp
800,0.010695238060731693,0.1373531105775911,0.06928153557411734
