var,rel.inf
CEC,15.844782729917586
rough_Surface.T,13.929370514842034
rough_CEC,13.090207751046814
rough_Elevation,12.363890779748512
rough_Soil.C,12.336889339413013
Surface.T,6.924856922045563
Elevation,6.186245979202998
Clay,5.05058495054944
pH,4.2272938531659126
rough_NDVI,3.8950457413868445
PDQ,2.5062953112804345
rough_MAP,1.9882352471157174
MAP,1.1375857529625553
rough_PDQ,0.518715127322582
