nt,pseudo_r2,pred_obs_r2,pred_obs_r2_exp
250,-0.003864758585295558,0.10325482179663463,0.0392083717783121
