nt,pseudo_r2,pred_obs_r2,pred_obs_r2_exp
650,0.005098697619021486,0.16844560497052344,0.04951501627681213
