nt,pseudo_r2,pred_obs_r2,pred_obs_r2_exp
1350,0.018108385410272265,0.22527607694916843,0.11024017370275467
