var,rel.inf
CEC,21.447281945288207
Elevation,15.660910574529922
Clay,12.65544031869992
rough_PDQ,11.74880321240642
rough_MAP,9.12040358232984
rough_Surface.T,7.511206131609021
pH,7.076708091847066
Surface.T,3.836955986368223
rough_CEC,2.4510157331484024
rough_Soil.C,2.139472899125224
MAP,2.002393937050129
rough_NDVI,1.8231603723464647
rough_Elevation,1.6145898354297676
PDQ,0.9116573798213996
