nt,pseudo_r2,pred_obs_r2,pred_obs_r2_exp
300,-0.0015011588874551673,0.14954872554152024,0.08035708896941939
