var,rel.inf
PDQ,16.13651695099466
CEC,14.387353841013466
rough_Soil.C,10.559820591399978
Clay,10.496505637071074
rough_Elevation,8.663777172696888
rough_PDQ,8.606615269347797
rough_CEC,7.194343197702897
Elevation,5.292151812346685
pH,5.025665909470957
rough_Surface.T,4.352508908932516
rough_MAP,2.6818108765027184
rough_NDVI,2.643455394593474
Surface.T,2.038906643083141
MAP,1.9205677948437436
