var,rel.inf
Clay,29.523353253679563
rough_NDVI,16.247606368887613
rough_MAP,15.351461470519023
rough_PDQ,8.477064348631645
rough_CEC,6.695807678012102
MAP,5.134676292352027
CEC,4.383264335618519
Elevation,4.048003193215793
Surface.T,3.3332801146309476
rough_Elevation,1.9538080437538665
pH,1.9140706135106702
PDQ,1.5590027675052096
rough_Surface.T,0.8037006524167988
rough_Soil.C,0.5749008672662238
