var,rel.inf
Elevation,22.1539486911729
rough_Soil.C,20.32580374276714
rough_Elevation,13.17443367930838
pH,8.735401506660914
CEC,7.458342741807927
MAP,7.444754897669439
rough_NDVI,4.897741038881611
rough_CEC,4.596603494007415
rough_MAP,2.3321369773271976
PDQ,2.1418112810572203
Surface.T,2.006139990208834
Clay,1.7645826807090415
rough_PDQ,1.6382797833859981
rough_Surface.T,1.3300194950359852
