nt,pseudo_r2,pred_obs_r2,pred_obs_r2_exp
350,5.507312896113614e-4,0.19609044255315422,0.08930254071514213
