nt,pseudo_r2,pred_obs_r2,pred_obs_r2_exp
800,0.01019708004081854,0.14812661931727056,0.0709009388367081
