var,rel.inf
rough_MAP,24.266542457060723
Surface.T,15.7716325933655
rough_Elevation,13.938044340055665
rough_Soil.C,10.402715536831325
CEC,9.549496889811406
Clay,9.297537010357203
MAP,5.0185566255404055
rough_Surface.T,2.9876134455068724
PDQ,2.515670895372055
rough_CEC,2.045306378314755
rough_NDVI,1.9615475340738258
rough_PDQ,1.1549559517878494
Elevation,1.042734640880839
pH,0.047645701041578996
