nt,pseudo_r2,pred_obs_r2,pred_obs_r2_exp
350,-0.0036461093731570138,0.1347322461272092,0.07186584701206787
