nt,pseudo_r2,pred_obs_r2,pred_obs_r2_exp
200,-0.0016991100195484776,0.11773943641425197,0.05114949927062712
