var,rel.inf
rough_Surface.T,19.193543064372975
CEC,17.789907257959527
rough_Elevation,11.814910309577185
Surface.T,8.373910363065532
PDQ,7.3342879919151835
rough_NDVI,6.767005017251098
Elevation,6.249608169146754
rough_MAP,5.116848767907176
MAP,4.147260669099307
rough_Soil.C,3.32619698982023
Clay,3.312647130832695
rough_CEC,3.141474567547573
rough_PDQ,1.7711186252670772
pH,1.6612810762376917
