nt,pseudo_r2,pred_obs_r2,pred_obs_r2_exp
650,0.007022939543535167,0.13307040504770945,0.05617440203016514
