nt,pseudo_r2,pred_obs_r2,pred_obs_r2_exp
950,0.02111967155091865,0.17628590963200755,0.06024424816612114
