var,rel.inf
rough_CEC,26.200000991015482
Surface.T,16.020601865658122
rough_Elevation,15.996532021282672
MAP,5.509411758601943
PDQ,5.458419016703868
rough_PDQ,5.449204259890161
rough_Soil.C,5.286149826168103
rough_NDVI,5.018196158495561
Elevation,4.5060202235675755
CEC,3.158267980254528
rough_MAP,2.495643666484089
rough_Surface.T,2.0814377420888506
Clay,2.0555305963014328
pH,0.7645838934876209
