var,rel.inf
rough_Soil.C,21.422587812305622
rough_CEC,15.621998798662315
Elevation,14.006516063039575
rough_PDQ,11.08209086307467
PDQ,8.140760184225547
rough_NDVI,7.37244225468781
rough_MAP,4.7090732330665075
Clay,4.125501973632894
rough_Elevation,3.3425691503215114
rough_Surface.T,3.1412171497205783
MAP,2.4232035514518535
CEC,2.2293400134144177
Surface.T,2.0962662675186086
pH,0.2864326848780928
