var,rel.inf
Clay,37.58480270858417
rough_Soil.C,12.042454511492247
Surface.T,9.015663889855714
rough_NDVI,6.86738784899791
CEC,6.1289889197886875
rough_CEC,5.8897027060713585
MAP,4.816470243745798
rough_PDQ,3.8060838291876977
PDQ,3.7717662460069246
pH,2.8048005706421417
rough_Surface.T,2.571426355815775
rough_Elevation,2.4079834539515197
Elevation,1.8382732037601175
rough_MAP,0.4541955120999284
