nt,pseudo_r2,pred_obs_r2,pred_obs_r2_exp
450,0.0010710931328842266,0.1698855955613192,0.0709340510042747
