nt,pseudo_r2,pred_obs_r2,pred_obs_r2_exp
750,0.010766343700210346,0.1675792234769306,0.07451225645184152
