var,rel.inf
Elevation,55.1882981540422
rough_MAP,9.310273544370828
rough_CEC,8.206222495894457
rough_PDQ,5.4484783575025055
CEC,3.880985903885643
rough_Surface.T,3.7963817205300776
rough_Soil.C,3.7595974018129863
rough_NDVI,3.240730559932884
rough_Elevation,2.9961293882770335
Clay,1.6128970531445277
pH,0.9981476533363646
PDQ,0.888165526208145
Surface.T,0.36710750571180906
MAP,0.30658473535053277
