var,rel.inf
rough_NDVI,40.976231319942244
rough_CEC,12.188635256825544
MAP,7.335670050593872
rough_MAP,6.813348393571273
Clay,5.25630165749089
rough_Elevation,4.981766564461544
CEC,4.898725461778506
rough_Surface.T,4.151500788839506
rough_PDQ,3.1291908212754036
rough_Soil.C,2.863313896320708
PDQ,2.1347227240094435
Surface.T,2.0550929148881325
pH,1.8505151905408175
Elevation,1.3649849594621117
