var,rel.inf
rough_Elevation,21.42298444337589
rough_CEC,20.049217344930245
pH,16.570679618362565
PDQ,10.823239739187876
Surface.T,6.05842481943744
MAP,4.968922145975591
Clay,4.832070267993382
rough_NDVI,4.523490346572008
rough_PDQ,3.0682418289160713
rough_MAP,2.830710515016771
Elevation,1.8255490850069147
rough_Soil.C,1.6305523161630828
CEC,0.7906394473761194
rough_Surface.T,0.6052780816860474
