nt,pseudo_r2,pred_obs_r2,pred_obs_r2_exp
400,0.0023363080765557154,0.15765946045388593,0.10082174737545865
