nt,pseudo_r2,pred_obs_r2,pred_obs_r2_exp
3300,0.039394286412252066,0.38654306801426935,0.15410993896705863
