nt,pseudo_r2,pred_obs_r2,pred_obs_r2_exp
650,0.0020618485398632425,0.16064213843187022,0.08476673599807208
