nt,pseudo_r2,pred_obs_r2,pred_obs_r2_exp
200,-0.0040682463901970944,0.11422314811523021,0.0668159811880919
