var,rel.inf
MAP,18.865165030609223
rough_PDQ,18.202820254097045
rough_Elevation,11.624428800447573
rough_CEC,9.468689059847497
rough_Surface.T,8.524814955891477
rough_Soil.C,8.402822716879237
rough_NDVI,6.701963545351262
rough_MAP,6.647323334526374
Surface.T,2.596031732233005
pH,2.5842519682840646
PDQ,2.2212922365312786
CEC,1.7253551921884334
Clay,1.5328688156843977
Elevation,0.9021723574291266
