nt,pseudo_r2,pred_obs_r2,pred_obs_r2_exp
400,-0.0010425712865334003,0.16981626570959032,0.05669588931427794
