nt,pseudo_r2,pred_obs_r2,pred_obs_r2_exp
900,0.0019130964168014852,0.20922961913479973,0.07351689719700445
