nt,pseudo_r2,pred_obs_r2,pred_obs_r2_exp
250,0.0022943891484129564,0.10939069640526741,0.04617140299607157
