nt,pseudo_r2,pred_obs_r2,pred_obs_r2_exp
200,-0.0034423433690220495,0.15207950087865763,0.07980277293913071
