var,rel.inf
rough_Surface.T,28.178061357220663
MAP,14.756986631040958
rough_CEC,13.689392687268361
PDQ,10.450979031898134
rough_PDQ,7.090941852751999
Surface.T,7.023969407446808
Clay,4.299464493695084
CEC,2.958465402014763
pH,2.5408323131476713
rough_NDVI,2.228925275497631
rough_MAP,2.069379557233966
rough_Soil.C,1.9294405382656084
Elevation,1.4757473320183296
rough_Elevation,1.3074141205000296
