var,rel.inf
Surface.T,22.065070518551845
rough_Soil.C,15.386740466128499
CEC,11.22739632032338
rough_PDQ,10.175590437575314
Clay,9.20688015628267
rough_NDVI,8.14822663921648
PDQ,6.851765353565617
Elevation,5.180870490287488
rough_Surface.T,5.063117599319088
MAP,2.0070297846599057
rough_CEC,1.5546757975935572
rough_Elevation,1.286812897917188
rough_MAP,1.0572343160730642
pH,0.7885892225059065
