var,rel.inf
Clay,37.76985105144596
rough_Elevation,14.022247586400404
rough_PDQ,12.259511456495453
CEC,5.84632793669989
rough_Surface.T,5.327015771832844
rough_MAP,5.1994091287533415
Elevation,4.768358190433358
rough_CEC,3.9172188075542373
rough_Soil.C,3.3715658482604587
rough_NDVI,3.2640534356060984
MAP,1.3571225350887364
Surface.T,1.3314342307520977
pH,1.1285463165065641
PDQ,0.43733770417056667
