var,rel.inf
Clay,37.610900893413486
pH,10.455087965479322
rough_MAP,8.545372420098493
rough_Surface.T,8.377946520827832
PDQ,8.182221387124997
Elevation,7.313159314782531
rough_Soil.C,3.8531741198212477
Surface.T,3.5057493253792185
rough_CEC,2.689742427519696
rough_Elevation,2.5021870894972746
rough_NDVI,2.431583666022439
CEC,1.8320974449390763
MAP,1.568692459438835
rough_PDQ,1.1320849656555436
