nt,pseudo_r2,pred_obs_r2,pred_obs_r2_exp
250,0.002229331312554206,0.12329839200262042,0.04747829507258637
