nt,pseudo_r2,pred_obs_r2,pred_obs_r2_exp
500,0.0031891593690324127,0.12403804132338242,0.044471636775098106
