var,rel.inf
rough_Soil.C,38.90857368503231
rough_Elevation,11.79947475925442
CEC,8.059369694500845
rough_Surface.T,6.093750206541665
Clay,5.979017650585768
PDQ,5.705432565214953
rough_CEC,5.365704372856691
rough_MAP,3.7109171029604306
MAP,3.7012563244677206
rough_PDQ,3.132470471339381
Elevation,2.4938714197401115
rough_NDVI,2.104441061271165
pH,1.6215351960414925
Surface.T,1.3241854901930419
