nt,pseudo_r2,pred_obs_r2,pred_obs_r2_exp
500,0.003348703217105231,0.1530174642674836,0.07547882321577562
