var,rel.inf
Clay,24.55872113920098
Surface.T,10.82410049774193
rough_Soil.C,10.470686129569835
rough_Elevation,9.349537221983846
rough_CEC,9.065733557530027
MAP,7.632935739355469
pH,5.926401667266708
rough_NDVI,5.573499566738149
rough_Surface.T,3.8304093722695085
rough_MAP,3.2457441922753736
rough_PDQ,3.118429678055325
CEC,2.853836067518325
Elevation,2.2170842797482977
PDQ,1.3328808907462186
