var,rel.inf
rough_PDQ,24.79757649892147
MAP,15.577299383534658
Surface.T,13.58071425287904
rough_NDVI,7.59888582697859
rough_Surface.T,7.072855411431277
PDQ,6.982691300790734
CEC,4.897291159419238
rough_Elevation,4.847381685679456
rough_Soil.C,4.541403123364533
rough_CEC,3.1308133813392436
Clay,2.7550527308159003
rough_MAP,1.9275627704097968
pH,1.1512247083805611
Elevation,1.1392477660555023
