var,rel.inf
rough_Surface.T,18.462442116689285
rough_MAP,15.231187204228856
rough_CEC,11.408642904156704
MAP,11.30737321264554
CEC,9.275429567303005
PDQ,8.246007575838531
Surface.T,7.118223733894539
rough_NDVI,5.045203258596353
pH,4.324363312395809
Clay,3.630706761930603
rough_Soil.C,3.307023342471379
rough_Elevation,1.464215908013662
rough_PDQ,0.5983291091822341
Elevation,0.5808519926534926
