var,rel.inf
rough_Elevation,20.292991766892623
rough_PDQ,19.246972167868535
rough_Surface.T,18.410081606043875
rough_NDVI,8.541689414941692
rough_Soil.C,8.215861281397748
Elevation,5.515606628772232
rough_CEC,5.010467249640796
rough_MAP,3.795695963523846
Clay,2.453471411765389
CEC,2.1034702749363263
pH,2.012056989387715
MAP,1.7015926898309075
PDQ,1.4565503987683537
Surface.T,1.2434921562299688
