nt,pseudo_r2,pred_obs_r2,pred_obs_r2_exp
350,-8.934161967215637e-4,0.13835087723604345,0.05126854659656157
