var,rel.inf
rough_Surface.T,22.81439344421347
Elevation,20.60898974102751
rough_NDVI,13.869396766567379
rough_MAP,12.730765183154121
Clay,6.504313524680336
pH,5.835743426833845
rough_CEC,4.372532556611116
PDQ,3.03407963797525
Surface.T,2.3438915110556606
MAP,1.946218625995377
CEC,1.9129737563001359
rough_Soil.C,1.5056580275176006
rough_Elevation,1.4647393467851142
rough_PDQ,1.0563044512830817
