nt,pseudo_r2,pred_obs_r2,pred_obs_r2_exp
400,4.631153928769116e-4,0.18023497532171834,0.06697074995821457
