var,rel.inf
rough_Elevation,22.708530650960494
Surface.T,14.911362251138408
MAP,12.477664805933415
rough_NDVI,7.427405150131162
rough_MAP,6.65453791318972
rough_Surface.T,6.574719947939501
Clay,6.039298724628357
Elevation,4.867506866908702
PDQ,4.358224245788102
pH,4.046738238990963
rough_Soil.C,3.661388304479218
CEC,2.865094365005587
rough_PDQ,2.382907187278917
rough_CEC,1.024621347627459
