var,rel.inf
rough_Surface.T,22.701484282788414
pH,17.18507104587651
rough_CEC,15.674383609739554
CEC,11.630132276530126
Clay,9.305474285763168
Elevation,8.108982634291326
rough_Soil.C,4.306530593355326
rough_PDQ,3.6646062895927076
MAP,2.6424330473182835
rough_MAP,1.454910025257928
rough_Elevation,1.185661497182131
Surface.T,1.032074141743666
rough_NDVI,0.7551721440038905
PDQ,0.35308412655696864
