nt,pseudo_r2,pred_obs_r2,pred_obs_r2_exp
250,-0.001354355611997482,0.1511278153194468,0.07050711396081906
