var,rel.inf
rough_Surface.T,18.37546705976325
rough_Elevation,12.424948575012992
pH,8.663172200021917
Clay,8.643911503805088
rough_NDVI,8.001107847117286
rough_CEC,7.041995327810252
PDQ,6.7895269403644845
rough_Soil.C,6.48625488333241
rough_MAP,5.828297447897693
Surface.T,5.57958772865213
rough_PDQ,4.0570862250640465
Elevation,3.675016052106746
MAP,2.2862468034589067
CEC,2.147381405592803
