nt,pseudo_r2,pred_obs_r2,pred_obs_r2_exp
500,-4.203891132981141e-5,0.1833255929166932,0.10259993663741897
