var,rel.inf
rough_NDVI,34.12157253469315
rough_Soil.C,16.177537774441163
rough_MAP,14.520641486672488
rough_CEC,9.335816832113816
rough_Elevation,6.463378665662338
pH,3.7966322413120905
rough_Surface.T,2.771056825329237
Surface.T,2.710347141984135
CEC,2.3773500777479617
Clay,1.875232579944853
PDQ,1.8447160866048002
rough_PDQ,1.6579222336984172
Elevation,1.1831352474694734
MAP,1.1646602723260888
