nt,pseudo_r2,pred_obs_r2,pred_obs_r2_exp
200,-4.797148791326755e-4,0.1756515277625669,0.0500837812596703
