nt,pseudo_r2,pred_obs_r2,pred_obs_r2_exp
1e3,0.014966431376588929,0.15728870172360915,0.08228739213643087
