nt,pseudo_r2,pred_obs_r2,pred_obs_r2_exp
300,-0.00189955945605913,0.16926886463556184,0.07418380229655462
