nt,pseudo_r2,pred_obs_r2,pred_obs_r2_exp
200,0.0013051035440155845,0.14953669147576462,0.05414175458352649
