nt,pseudo_r2,pred_obs_r2,pred_obs_r2_exp
1350,0.025280013128296863,0.23751469061293284,0.12803680564684766
