nt,pseudo_r2,pred_obs_r2,pred_obs_r2_exp
350,0.0012088221682611255,0.13463437724762284,0.05327979668573955
