nt,pseudo_r2,pred_obs_r2,pred_obs_r2_exp
1200,0.0034087826013441402,0.2541435182189867,0.09940101856518636
