region,scale,I,E_I,P_I
GCFR,QDS,0.46985621405190564,-0.002770083102493075,0.001
SWAFR,QDS,0.5074187051969893,-0.0016051364365971107,0.001
GCFR,HDS,0.41939029296211694,-0.014285714285714285,0.001
SWAFR,HDS,0.4037367599949427,-0.007518796992481203,0.001
GCFR,DS,-0.01652670524703338,-0.1111111111111111,0.358
SWAFR,DS,0.10301930087231201,-0.043478260869565216,0.04400000000000004
