var,rel.inf
Clay,23.382521556416126
CEC,18.62506876820507
rough_Elevation,13.935702204183679
rough_Soil.C,7.705696753908344
rough_CEC,6.921059333567247
Elevation,6.064316849587897
rough_Surface.T,5.927636179468383
rough_Clay,4.4740264942939465
rough_MAP,3.9567879600286235
MAP,3.6014666473131967
pH,3.0902640267770756
PDQ,2.3154532262504035
