nt,pseudo_r2,pred_obs_r2,pred_obs_r2_exp
400,-0.002647198744119228,0.3678455733693261,0.34837439431567574
