var,rel.inf
Elevation,18.680819538756644
rough_Soil.C,18.60343976601494
Clay,15.471036144736212
pH,10.77118993311727
MAP,9.831022680069117
CEC,9.298423508417734
rough_Clay,5.061609157827767
rough_Elevation,4.71775702868295
rough_CEC,4.13443217486936
rough_Surface.T,1.533553009608596
PDQ,1.027199123505721
rough_MAP,0.8695179343936922
