var,rel.inf
rough_CEC,48.403515270489244
rough_Clay,8.96322510229855
rough_MAP,8.557368769265372
Elevation,7.965265601934173
MAP,4.870793042154668
CEC,4.046400955263754
rough_Elevation,3.8581601364270175
rough_Surface.T,3.1054306910640186
pH,3.0326451438028976
rough_Soil.C,2.9328002368135517
PDQ,2.2595282820020883
Clay,2.0048667684846677
