var,rel.inf
rough_Elevation,42.87191757957449
rough_CEC,15.648311101723348
rough_Clay,14.768389435711176
Elevation,9.817670435047933
Clay,3.292758386329846
rough_MAP,3.1053448797356262
pH,2.3719586303617715
PDQ,2.211944788277177
rough_Soil.C,1.8410430496114893
CEC,1.5563093092618039
MAP,1.4428342263125329
rough_Surface.T,1.0715181780528162
