nt,pseudo_r2,pred_obs_r2,pred_obs_r2_exp
450,-0.004351323628961401,0.42875632907818834,0.3808516704547062
