nt,pseudo_r2,pred_obs_r2,pred_obs_r2_exp
2800,0.011608949462385665,0.6816772651655967,0.556176277962413
