nt,pseudo_r2,pred_obs_r2,pred_obs_r2_exp
300,-0.013821267751952693,0.4423342328471221,0.27338037587048336
