nt,pseudo_r2,pred_obs_r2,pred_obs_r2_exp
300,-0.009764372498676899,0.3742116572071534,0.30538610040023134
