var,rel.inf
rough_Elevation,26.58195965742066
rough_Soil.C,18.500847507676472
rough_Surface.T,13.21930379113244
rough_CEC,9.7186674933784
CEC,9.315593524329008
rough_Clay,6.832747005557674
Clay,6.426813738077309
rough_MAP,2.827136183755463
MAP,2.6750074401328092
Elevation,1.8248885972250553
PDQ,1.805034272915062
pH,0.2720007883996515
