nt,pseudo_r2,pred_obs_r2,pred_obs_r2_exp
900,0.002903714829500692,0.5274309394763135,0.40808971908827446
