nt,pseudo_r2,pred_obs_r2,pred_obs_r2_exp
400,-0.01762244682350622,0.4462484345855117,0.31238225346621645
