nt,pseudo_r2,pred_obs_r2,pred_obs_r2_exp
850,0.006012567730914187,0.5054140216919457,0.3757357432386702
