nt,pseudo_r2,pred_obs_r2,pred_obs_r2_exp
200,-0.017760690959750303,0.30412157237474885,0.22545766807734066
