nt,pseudo_r2,pred_obs_r2,pred_obs_r2_exp
350,-0.011878174104220873,0.3798216037676874,0.26611950965708603
