nt,pseudo_r2,pred_obs_r2,pred_obs_r2_exp
600,0.008815099657641379,0.39506186904601703,0.31198382949095427
