nt,pseudo_r2,pred_obs_r2,pred_obs_r2_exp
550,1.1756294552245361e-4,0.37299598605269796,0.24763759933614354
