nt,pseudo_r2,pred_obs_r2,pred_obs_r2_exp
200,-0.003814195541652854,0.39489465728080975,0.24152009085252582
