var,rel.inf
rough_Elevation,29.315522877924487
PDQ,14.124408265550231
Elevation,11.646806962929496
pH,9.3160103542073
CEC,8.002846357996054
Clay,7.802180525274808
rough_MAP,6.303077632201708
rough_CEC,3.665430696171033
rough_Soil.C,2.8779202354038347
rough_Surface.T,2.815506848024655
MAP,2.5230738029018567
rough_Clay,1.607215441414526
