nt,pseudo_r2,pred_obs_r2,pred_obs_r2_exp
250,-0.028041564213450387,0.3814568560571991,0.23979521883959792
