var,rel.inf
Elevation,32.7209084055117
rough_Soil.C,25.061179929562062
rough_Clay,7.681690364237001
rough_Elevation,7.033457802533341
rough_Surface.T,5.7539468210779185
rough_MAP,5.524950398163073
rough_CEC,5.402694755242922
CEC,4.77451827012562
PDQ,2.5283930162904076
Clay,1.826791014815158
pH,1.0695882217290615
MAP,0.6218810007117295
