nt,pseudo_r2,pred_obs_r2,pred_obs_r2_exp
400,0.0025883746023165344,0.3437311482682004,0.29360950576046874
