nt,pseudo_r2,pred_obs_r2,pred_obs_r2_exp
350,-0.00859924094786102,0.5060819519791864,0.32782046789960223
