var,rel.inf
rough_Elevation,16.983998636470385
Clay,14.319811634655384
rough_CEC,13.063998518833806
PDQ,11.558274355631351
rough_Surface.T,8.537929690830474
rough_Clay,7.720011282308564
rough_MAP,6.490495243385744
MAP,5.703488335832336
pH,5.629358310291252
rough_Soil.C,4.3434043727712695
Elevation,3.70373898227191
CEC,1.9454906367175306
