nt,pseudo_r2,pred_obs_r2,pred_obs_r2_exp
1300,0.03747405347955324,0.5473739951613664,0.36860577372587017
