var,rel.inf
rough_Surface.T,21.209466464631063
rough_Elevation,14.115608151590518
MAP,11.93041778111031
rough_Clay,10.310069580379318
CEC,8.190805261034887
Elevation,6.943986227830225
rough_Soil.C,6.731518950793527
pH,6.434041977917173
rough_CEC,6.148998038169673
Clay,3.1826547511698347
rough_MAP,2.9781045583987162
PDQ,1.8243282569747485
