var,rel.inf
Clay,33.83837927080099
rough_CEC,26.91719752338171
MAP,10.05323775177367
rough_Surface.T,5.634253970953609
rough_Elevation,4.457887868089445
pH,4.318170998941797
CEC,3.402368369722535
rough_Soil.C,3.0532347273420473
PDQ,2.758803914854213
rough_Clay,2.31807257768457
rough_MAP,1.8171212768598026
Elevation,1.4312717495956184
