nt,pseudo_r2,pred_obs_r2,pred_obs_r2_exp
750,3.6621625086663556e-4,0.5641692537879877,0.3959383772355138
