nt,pseudo_r2,pred_obs_r2,pred_obs_r2_exp
1650,0.02621212307684395,0.5984876507199113,0.4501087211707
