var,rel.inf
rough_Surface.T,16.407757877574518
rough_MAP,15.291464194514997
CEC,13.474530169528077
Elevation,12.111668580295321
Clay,11.485764527964385
PDQ,7.392094598849668
rough_Elevation,6.406262547148073
rough_CEC,5.408419468953778
MAP,4.733488118164915
rough_Soil.C,4.04131157133613
rough_Clay,1.7865649761528908
pH,1.4606733695172447
