nt,pseudo_r2,pred_obs_r2,pred_obs_r2_exp
500,-0.01522791787699962,0.510600256664388,0.2802153292658028
