nt,pseudo_r2,pred_obs_r2,pred_obs_r2_exp
400,0.0015869033268113286,0.4432991676444606,0.4096047788805985
