nt,pseudo_r2,pred_obs_r2,pred_obs_r2_exp
350,-0.00478459486683569,0.4794961045065143,0.2532111448192673
