var,rel.inf
PDQ,29.639967730783304
CEC,23.535147172496664
rough_Elevation,15.977206468797265
rough_Surface.T,6.139225812871089
Clay,5.444857302654312
pH,4.686097326764462
rough_MAP,3.8208615989817143
MAP,3.0637299901199744
rough_Soil.C,2.791331844373355
rough_Clay,2.0963299996161324
rough_CEC,1.612768513738627
Elevation,1.1924762388030943
