nt,pseudo_r2,pred_obs_r2,pred_obs_r2_exp
400,-0.03726701841861568,0.392511271594334,0.3453381360094974
