var,rel.inf
rough_Soil.C,28.789562994824028
rough_Surface.T,16.670066983969267
rough_Elevation,15.936983326875685
rough_CEC,12.0255297629722
rough_Clay,6.11488641286814
PDQ,3.940841019113812
CEC,3.8017085149465615
MAP,3.336339312076763
rough_MAP,2.9467977641584
Clay,2.7188781259066146
Elevation,2.109794928372152
pH,1.6086108539163846
