var,rel.inf
rough_Clay,27.351027640714033
Clay,17.915924567313038
rough_Surface.T,9.627710670782085
pH,9.470735211315626
PDQ,7.431560647747064
rough_CEC,6.197694057597517
rough_Elevation,4.411927439121913
rough_MAP,3.9707294344752366
MAP,3.7280428892015083
Elevation,3.710793434287991
rough_Soil.C,3.4064240617608488
CEC,2.7774299456831386
