nt,pseudo_r2,pred_obs_r2,pred_obs_r2_exp
300,-0.010044571163950522,0.36927349674725457,0.23298670456290546
