nt,pseudo_r2,pred_obs_r2,pred_obs_r2_exp
950,0.024657707435261078,0.5257326091497739,0.3663868277794266
