nt,pseudo_r2,pred_obs_r2,pred_obs_r2_exp
200,-0.01863689152362369,0.4124933286286098,0.2860249151704278
