nt,pseudo_r2,pred_obs_r2,pred_obs_r2_exp
400,-1.8088316604902843e-4,0.4170834763378524,0.25868616042872133
