nt,pseudo_r2,pred_obs_r2,pred_obs_r2_exp
200,-0.018837141710795757,0.3390973281885434,0.2983806784266465
