nt,pseudo_r2,pred_obs_r2,pred_obs_r2_exp
400,-0.0073116208064123445,0.4712947574540149,0.3941550507666647
