nt,pseudo_r2,pred_obs_r2,pred_obs_r2_exp
200,-0.04059464953940273,0.3511773323221011,0.3052113095439431
