nt,pseudo_r2,pred_obs_r2,pred_obs_r2_exp
300,-0.05510921147907322,0.39462111360005364,0.3309108551990541
