var,rel.inf
Elevation,26.59088155332232
rough_Surface.T,19.236217777670177
CEC,12.962239839177716
rough_Clay,8.429457350462386
Clay,7.689801361610088
pH,6.314353661409089
MAP,5.6363044328775445
rough_Elevation,4.170688462279148
rough_Soil.C,2.584355136261784
rough_CEC,2.5055459966836686
PDQ,2.118501943389615
rough_MAP,1.7616524848564663
