nt,pseudo_r2,pred_obs_r2,pred_obs_r2_exp
350,-0.004310334094473456,0.4221566143045559,0.2674495203615242
