var,rel.inf
rough_Elevation,38.669852276846875
rough_Surface.T,14.120649199675311
CEC,12.43427577269625
rough_Soil.C,11.529838524166792
rough_MAP,7.383280163752461
rough_Clay,4.343522540729193
MAP,2.710832550360878
rough_CEC,2.5678106221139405
Clay,2.0084635205775196
Elevation,1.5297376120874315
PDQ,1.526987590834801
pH,1.1747496261585513
