nt,pseudo_r2,pred_obs_r2,pred_obs_r2_exp
400,-0.004816143627123903,0.4104243494788815,0.312261838251938
