var,rel.inf
rough_CEC,44.51730949462456
rough_Soil.C,13.879040795075584
PDQ,8.5470736795942
rough_MAP,6.68654634727597
rough_Elevation,5.146251819289206
Elevation,5.019428969346398
CEC,4.200970602374567
Clay,4.164562827548808
rough_Clay,3.0186863865251237
rough_Surface.T,2.494782645639504
pH,1.2715355279594431
MAP,1.053810904746639
