nt,pseudo_r2,pred_obs_r2,pred_obs_r2_exp
2300,0.0434718522610027,0.6864351956743838,0.5017654398683035
