nt,pseudo_r2,pred_obs_r2,pred_obs_r2_exp
400,-0.02106457946704965,0.43416990027152974,0.3371668429063413
