nt,pseudo_r2,pred_obs_r2,pred_obs_r2_exp
600,-0.0016106870197587497,0.3805887940853829,0.2432080676790221
