var,rel.inf
Clay,39.33368561110444
rough_CEC,19.982418597803466
rough_MAP,13.374168158299868
MAP,7.172060416744143
rough_Soil.C,4.180419161283064
PDQ,4.173745077120648
rough_Elevation,4.10462212710745
rough_Surface.T,2.6744051850303627
CEC,2.5571558437267647
rough_Clay,1.199989594999782
Elevation,0.9449217587429035
pH,0.3024084680371026
