var,rel.inf
MAP,27.214606191056983
rough_Elevation,15.648569605856954
rough_MAP,15.629931388585407
CEC,10.785939876287232
pH,8.999628166258333
Clay,6.75454044578212
rough_Clay,3.7002308350238415
rough_Soil.C,3.316387132412746
Elevation,2.750923534969531
rough_Surface.T,2.123714620822375
PDQ,1.8836455029603958
rough_CEC,1.1918826999840884
