nt,pseudo_r2,pred_obs_r2,pred_obs_r2_exp
450,0.01699149862465177,0.39520291306805083,0.27590424795434554
