var,rel.inf
rough_CEC,41.51847183065958
PDQ,9.874001106721208
rough_Elevation,9.217455922910986
rough_Clay,9.025268488162043
rough_Surface.T,8.944010147527358
rough_MAP,4.948086814677288
Clay,4.212426950919044
Elevation,4.027298011716451
rough_Soil.C,3.4602446515968652
CEC,2.2819476456959538
MAP,1.3391007539143531
pH,1.1516876754988683
