nt,pseudo_r2,pred_obs_r2,pred_obs_r2_exp
250,-0.008004500616305865,0.41437080868091014,0.2983742146756394
