nt,pseudo_r2,pred_obs_r2,pred_obs_r2_exp
2850,0.022955518474913172,0.7084086492840554,0.571324543056187
