var,rel.inf
PDQ,47.61442517127287
rough_Soil.C,9.566093412169801
rough_Surface.T,9.222268590752636
CEC,6.4540377843414225
rough_MAP,5.9627925285855214
Clay,4.677724463848643
rough_Elevation,3.98697971178004
rough_Clay,2.9262604541166906
rough_CEC,2.926226365498607
Elevation,2.791097353235372
MAP,2.6916767596487015
pH,1.1804174047496894
