var,rel.inf
rough_Elevation,19.191789730093603
rough_MAP,10.487115914588571
rough_Clay,10.309034576803349
rough_Soil.C,9.665328435030284
rough_Surface.T,9.462463173531308
CEC,7.8900962099704826
Elevation,6.36104560079764
Clay,6.3212462577035895
MAP,6.2910199669684035
pH,5.878708739661666
PDQ,4.870117896572876
rough_CEC,3.27203349827823
