nt,pseudo_r2,pred_obs_r2,pred_obs_r2_exp
250,-0.01267083789731327,0.43454777888061724,0.30643993347737075
