var,rel.inf
rough_Elevation,31.6792363077331
MAP,23.373908477755833
CEC,14.774572986129078
PDQ,6.84251238642671
rough_Clay,6.096060604212859
Clay,5.901788973902079
rough_Surface.T,3.6697229229093122
rough_MAP,2.904760498558019
rough_Soil.C,1.5490170296618715
pH,1.2809982217413962
Elevation,1.2029090938787623
rough_CEC,0.7245124970909692
