var,rel.inf
MAP,35.76190995625947
Clay,13.86000952806139
rough_Clay,10.100341417981582
rough_MAP,8.222297417811912
rough_Surface.T,7.399188828197538
rough_Elevation,6.435326305935595
rough_CEC,5.6626983398278865
pH,4.661193646045392
PDQ,3.1567571798373786
Elevation,1.6614057381301333
CEC,1.614523640360913
rough_Soil.C,1.4643480015508026
