nt,pseudo_r2,pred_obs_r2,pred_obs_r2_exp
2300,0.03207262542690903,0.7064297090317718,0.555081366247344
