var,rel.inf
rough_Elevation,52.853671947548754
rough_Soil.C,10.349694348940442
rough_Clay,7.958957300350191
MAP,5.503492803752383
rough_Surface.T,4.7919870546921155
rough_MAP,4.542083326043873
CEC,4.124109095775929
Clay,2.9101524173158917
Elevation,2.6297557399577896
pH,1.9451193398662086
rough_CEC,1.9448563305285784
PDQ,0.4461202952278454
