nt,pseudo_r2,pred_obs_r2,pred_obs_r2_exp
4500,0.03848731640128766,0.7980665860435436,0.5995276083792762
