nt,pseudo_r2,pred_obs_r2,pred_obs_r2_exp
700,0.030191318506817444,0.49682812694925654,0.39461453327024965
