var,rel.inf
rough_Surface.T,45.48474314533947
rough_CEC,15.219557803840797
CEC,11.8127558826058
rough_Elevation,6.450266198905941
pH,5.525820663918466
rough_Clay,3.2377478277852445
MAP,2.6761124647136767
rough_MAP,2.45573268100793
rough_Soil.C,2.128130111567792
Elevation,2.024766888139264
Clay,1.593289359003643
PDQ,1.3910769731719663
