var,rel.inf
rough_Clay,34.39584931903325
rough_MAP,13.815075317438662
rough_Elevation,12.207640713366276
rough_Surface.T,9.484919635282075
rough_Soil.C,8.383595830443486
CEC,8.158388810008935
rough_CEC,3.5704180888436015
MAP,2.762935080479501
Elevation,2.451822378132734
pH,2.0545998463581543
Clay,1.5083115306533839
PDQ,1.2064434499599406
