var,rel.inf
rough_CEC,30.243165468706493
Clay,20.676018057602683
rough_Elevation,11.731486854632886
rough_Clay,10.47468261470945
CEC,7.750528330242205
Elevation,5.518686868164171
rough_Surface.T,2.676584373671947
rough_MAP,2.6240935604873585
pH,2.3628393947590434
rough_Soil.C,2.2840654496827235
MAP,1.8534060040446414
PDQ,1.804443023296394
