nt,pseudo_r2,pred_obs_r2,pred_obs_r2_exp
250,-0.01637532029456601,0.4095955268751461,0.2469192812535532
