nt,pseudo_r2,pred_obs_r2,pred_obs_r2_exp
2350,0.05257353859728442,0.6343414279030789,0.4528336614621862
