nt,pseudo_r2,pred_obs_r2,pred_obs_r2_exp
1650,0.04725994687220536,0.6281028400555713,0.42607760298720565
