nt,pseudo_r2,pred_obs_r2,pred_obs_r2_exp
550,-0.005560799495801794,0.4110933935791553,0.36963520169775
