nt,pseudo_r2,pred_obs_r2,pred_obs_r2_exp
500,-0.0026135823201869357,0.380241573255005,0.22406219811979394
