nt,pseudo_r2,pred_obs_r2,pred_obs_r2_exp
650,0.01811136083398268,0.45034913408246147,0.2521320473468889
