nt,pseudo_r2,pred_obs_r2,pred_obs_r2_exp
500,-1.0452994153586914e-5,0.4045670729093164,0.3892567855047003
