nt,pseudo_r2,pred_obs_r2,pred_obs_r2_exp
6100,0.13041219073681642,0.8662477110347575,0.6580059950266699
