var,rel.inf
rough_Soil.C,40.51619273003838
CEC,16.842617202432688
rough_MAP,13.931935204684661
rough_Surface.T,6.097982926638105
Elevation,6.034687748413567
PDQ,4.7051718433711445
rough_CEC,3.0840751024886255
rough_Elevation,2.9088390059310774
Clay,2.335285872491494
MAP,1.725675667798626
rough_Clay,1.1178569529750972
pH,0.6996797427365457
