nt,pseudo_r2,pred_obs_r2,pred_obs_r2_exp
200,-0.02535721562947013,0.40885685743150674,0.22391390802558775
