var,rel.inf
rough_Soil.C,21.246103595210574
MAP,16.851185465778883
rough_CEC,10.141257783772089
PDQ,10.094663068613825
rough_Surface.T,9.19282877877919
Elevation,7.641611632702849
rough_Clay,7.36267735729855
rough_MAP,6.242505256291465
rough_Elevation,4.162481655245635
Clay,3.6172220667813058
CEC,2.2211805812705023
pH,1.2262827582551272
