var,rel.inf
Elevation,45.385759163413354
MAP,14.282536972967478
rough_CEC,10.12713945016753
rough_Elevation,8.114964417364865
rough_Clay,5.207100301761516
PDQ,3.181251835982513
pH,3.119945870900955
rough_Surface.T,2.7526115339062933
rough_MAP,2.512168963860023
Clay,2.285823897317739
CEC,2.021564957301825
rough_Soil.C,1.009132635055914
