nt,pseudo_r2,pred_obs_r2,pred_obs_r2_exp
1150,7.185180322449858e-4,0.5820586214767719,0.35614137195986245
