nt,pseudo_r2,pred_obs_r2,pred_obs_r2_exp
500,0.011157094776573562,0.39062141306760095,0.29170376799622777
