var,rel.inf
rough_Surface.T,34.32597988432508
rough_Clay,23.34233925016341
rough_Elevation,7.389489976979652
rough_CEC,7.0067362990627595
CEC,7.0049966026200075
Clay,4.728591075317183
MAP,4.127863432420963
rough_Soil.C,3.8261331290868656
pH,2.804562987658864
Elevation,2.156381470466066
PDQ,1.863414668211438
rough_MAP,1.4235112236877125
