nt,pseudo_r2,pred_obs_r2,pred_obs_r2_exp
900,0.051473576240608554,0.4590806689239365,0.3283570273370688
