nt,pseudo_r2,pred_obs_r2,pred_obs_r2_exp
400,0.0011531974608971485,0.3980816670308756,0.3028668376686489
