nt,pseudo_r2,pred_obs_r2,pred_obs_r2_exp
400,0.0011682386350391205,0.32793289423380007,0.2431558773563057
