nt,pseudo_r2,pred_obs_r2,pred_obs_r2_exp
2100,0.11944363838319605,0.6004593667495277,0.4444001942589168
