var,rel.inf
MAP,29.094111132542242
rough_Elevation,11.82231754055965
rough_Clay,11.511225431337499
Clay,9.814679903840563
PDQ,8.84862727844614
CEC,8.46240526874482
rough_Soil.C,4.472424477519891
rough_MAP,4.206301455667511
pH,3.339556532068356
Elevation,3.0841798409191084
rough_CEC,2.770182763137746
rough_Surface.T,2.5739883752164734
