var,rel.inf
Elevation,49.92395590298433
rough_Elevation,13.765646014616554
rough_Clay,12.123484325858614
Clay,5.8146913223799235
CEC,3.9105549665523265
rough_MAP,3.559600492088628
pH,3.042650425733528
rough_CEC,2.082225228350809
rough_Soil.C,1.8390392936987485
MAP,1.496747625416015
rough_Surface.T,1.22806931996437
PDQ,1.2133350823561557
