nt,pseudo_r2,pred_obs_r2,pred_obs_r2_exp
400,-0.022043908016254443,0.3635952757738867,0.25128765636635486
