nt,pseudo_r2,pred_obs_r2,pred_obs_r2_exp
200,-0.005190193594397874,0.41628230166719526,0.36715153223234254
