var,rel.inf
rough_MAP,35.827001697057746
rough_Clay,21.127764261669153
pH,8.838614863051054
rough_Surface.T,8.713269450501304
MAP,5.807130690014355
CEC,4.652699931192095
rough_Elevation,3.452749833584239
Elevation,3.4376542012272293
rough_Soil.C,3.03130594073428
rough_CEC,1.9214665723787894
Clay,1.8506232512264529
PDQ,1.3397193073633031
