nt,pseudo_r2,pred_obs_r2,pred_obs_r2_exp
200,1.2409528374401901e-4,0.3057801715896278,0.266107167716545
