var,rel.inf
pH,33.53710353494333
MAP,15.92288871924742
Elevation,13.470335075722684
rough_Elevation,8.702078442878669
rough_CEC,7.115849444843605
Clay,6.743350544872097
CEC,4.736342060886765
rough_Surface.T,2.7916141370565635
rough_Clay,2.6713402709327556
PDQ,2.3943154340034636
rough_MAP,1.3163479135295568
rough_Soil.C,0.5984344210830949
