nt,pseudo_r2,pred_obs_r2,pred_obs_r2_exp
600,-0.014911217429341761,0.4271385817656876,0.37075975135930306
