var,rel.inf
rough_Elevation,19.80051998430499
rough_Soil.C,14.047038888590173
rough_Surface.T,12.179862740074846
rough_CEC,10.666144400473751
Clay,9.321765046221113
CEC,8.57985611865235
rough_MAP,7.855642671256145
pH,4.825454106367342
Elevation,3.9901114634441677
PDQ,3.8895770994168135
rough_Clay,3.3222534593836524
MAP,1.5217740218146472
