nt,pseudo_r2,pred_obs_r2,pred_obs_r2_exp
1050,0.036415698270895414,0.5234256443470796,0.43900626938549553
