var,rel.inf
rough_MAP,24.505402349626852
rough_Surface.T,19.361865508360054
PDQ,17.247812076028385
CEC,8.857337770685803
rough_CEC,8.111731664339855
rough_Elevation,5.516916793815436
Clay,3.703282210154872
rough_Soil.C,3.2573456370535108
Elevation,2.8979510752973807
rough_Clay,2.508075290675605
pH,2.476811402352967
MAP,1.5554682216092743
