nt,pseudo_r2,pred_obs_r2,pred_obs_r2_exp
300,-0.003648072916188516,0.38899605857622305,0.3046694468238224
