nt,pseudo_r2,pred_obs_r2,pred_obs_r2_exp
450,-0.016934943795712698,0.4768735841377965,0.353405545211993
