nt,pseudo_r2,pred_obs_r2,pred_obs_r2_exp
700,0.005280037421032113,0.4286558007300064,0.37507141761276297
