nt,pseudo_r2,pred_obs_r2,pred_obs_r2_exp
1e3,0.007939929462313478,0.5119289798834207,0.3769600819052137
