nt,pseudo_r2,pred_obs_r2,pred_obs_r2_exp
250,-0.009351243014599664,0.3339406102374026,0.26702415420300346
