var,rel.inf
rough_MAP,35.36804248692583
CEC,11.872829426605168
rough_Soil.C,11.154272613214943
rough_Surface.T,9.670757189164023
rough_CEC,7.051383135503772
PDQ,5.714215150254155
rough_Elevation,5.6781842865772125
MAP,3.9172553096220777
Elevation,3.0731819118459778
Clay,3.0245293267387057
rough_Clay,2.459049697089359
pH,1.0162994664587812
