var,rel.inf
rough_CEC,22.04333270093053
PDQ,15.67471000496508
rough_Elevation,14.664666284642621
CEC,10.774849821266539
Clay,7.185705995669603
rough_Surface.T,7.123073485646005
rough_Clay,6.1896756967677184
pH,6.115864506057088
Elevation,4.476872570595874
rough_MAP,3.259727429649979
MAP,1.4385355947913439
rough_Soil.C,1.0529859090176146
