nt,pseudo_r2,pred_obs_r2,pred_obs_r2_exp
600,-0.0146136551439211,0.5115210790125253,0.23387288883786497
