var,rel.inf
rough_MAP,41.02059341016438
PDQ,14.200139158883216
rough_Soil.C,9.564733057880943
rough_Elevation,7.5940872533227886
Clay,5.5191759641581
CEC,5.353478048178224
pH,4.436725677101703
MAP,3.303902843073822
rough_Clay,3.144711602311239
Elevation,2.4221737091419495
rough_Surface.T,1.873247351297654
rough_CEC,1.5670319244859743
