nt,pseudo_r2,pred_obs_r2,pred_obs_r2_exp
400,-0.006648601318529623,0.44214084404858495,0.23394892839697917
