var,rel.inf
CEC,18.135506268826898
rough_MAP,15.754997239130406
MAP,11.623709738710401
rough_Soil.C,10.177323292148918
rough_Surface.T,9.196541347052843
rough_Elevation,8.640044110378348
Clay,8.376062497022133
pH,6.577178954003863
PDQ,3.8666615394168624
rough_CEC,3.604112629211253
Elevation,3.1670688112760335
rough_Clay,0.880793572822045
