var,rel.inf
rough_MAP,20.006828994562103
CEC,16.281369994040492
Elevation,12.263057499831923
rough_Elevation,9.133518976253098
MAP,8.242169555647713
rough_CEC,6.83738120698325
rough_Soil.C,6.824606679126819
rough_Surface.T,6.5749494314237165
Clay,6.420598643882511
PDQ,3.535129956369514
pH,2.191474412473386
rough_Clay,1.6889146494054696
