nt,pseudo_r2,pred_obs_r2,pred_obs_r2_exp
1600,0.057685715589466,0.5259307409476821,0.3723400184164069
