var,rel.inf
PDQ,30.4947594727418
Clay,13.650245389909117
rough_MAP,10.403945752904722
CEC,10.090100667639712
MAP,9.814924887160188
rough_Elevation,8.462307331312147
rough_Clay,4.774452702360547
rough_Surface.T,3.731354860521149
Elevation,2.4208029411782443
pH,2.3249221700396716
rough_Soil.C,2.2574751108986773
rough_CEC,1.5747087133340174
