nt,pseudo_r2,pred_obs_r2,pred_obs_r2_exp
700,0.029392382581692522,0.49356792473140176,0.3347190063291301
