nt,pseudo_r2,pred_obs_r2,pred_obs_r2_exp
2500,0.16978801327517679,0.6503975646491498,0.488582921881479
