var,rel.inf
rough_CEC,29.06005224738734
CEC,25.4804460225832
pH,8.315297358028616
rough_Surface.T,6.543705839373976
rough_Clay,5.61599546645547
rough_Soil.C,5.602372009512651
Clay,4.492442914564513
Elevation,4.183854117287532
rough_MAP,4.066272003710817
PDQ,3.0850133709026304
rough_Elevation,2.784596189045982
MAP,0.7699524611472802
