nt,pseudo_r2,pred_obs_r2,pred_obs_r2_exp
450,-0.018125912187369586,0.41530738108652576,0.37529440699948313
