nt,pseudo_r2,pred_obs_r2,pred_obs_r2_exp
800,0.0030997756505579677,0.4977544322575966,0.42193537774722634
