var,rel.inf
MAP,17.79726323350552
Clay,13.90735917613562
CEC,12.075601835182336
rough_Elevation,11.833284394586556
pH,9.19727722730659
rough_CEC,8.518259625524394
Elevation,7.51144349588682
PDQ,6.688595262765523
rough_Surface.T,6.358260754527642
rough_Soil.C,3.0268411288290187
rough_MAP,2.2651337602146375
rough_Clay,0.8206801055353361
