nt,pseudo_r2,pred_obs_r2,pred_obs_r2_exp
200,-0.011790992606464767,0.34554057528149656,0.3029962677736494
