nt,pseudo_r2,pred_obs_r2,pred_obs_r2_exp
800,-8.478085454606266e-4,0.47523579015784195,0.36031095564573523
