var,rel.inf
rough_Elevation,41.7195014970969
CEC,13.878292389334204
Clay,12.939939896143706
rough_MAP,9.761087999336167
rough_CEC,6.591156903232692
MAP,3.8094603998082532
rough_Soil.C,3.482505751260429
rough_Surface.T,2.7235194962450002
rough_Clay,1.8959761654303373
PDQ,1.5203025447690055
Elevation,0.8922414948452619
pH,0.7860154624980397
