nt,pseudo_r2,pred_obs_r2,pred_obs_r2_exp
200,-0.01744973232355318,0.3601831595206635,0.2623688001866423
