var,rel.inf
CEC,20.18212588693673
rough_Clay,14.90569353404914
rough_Soil.C,13.27597374448616
Elevation,10.931383924995611
rough_Surface.T,8.391566754562861
rough_CEC,7.170126484492151
Clay,6.1698322494617726
MAP,6.087192814908351
pH,4.1667266186183145
rough_MAP,2.920773253176943
PDQ,2.916394526110924
rough_Elevation,2.8822102082010423
