var,rel.inf
CEC,29.265015737391163
Clay,14.07130482317901
Elevation,12.367801812109446
rough_MAP,8.645319347903405
rough_CEC,7.965056755402645
PDQ,7.407050230550135
rough_Soil.C,5.681373354464706
rough_Surface.T,5.086633131471234
MAP,3.5670014764396414
pH,2.2310402362144326
rough_Elevation,2.175796849154024
rough_Clay,1.5366062457201635
