nt,pseudo_r2,pred_obs_r2,pred_obs_r2_exp
550,0.016752361776106395,0.40897103262301665,0.3027928238992092
