nt,pseudo_r2,pred_obs_r2,pred_obs_r2_exp
300,-0.012662673048362771,0.4347918094576235,0.25567543035590184
