var,rel.inf
MAP,27.113883977975764
rough_MAP,15.233147913048036
PDQ,10.48220103028042
rough_Elevation,8.151053157949546
rough_CEC,7.405787062259716
rough_Clay,6.81496880075756
Clay,6.658165892196626
rough_Soil.C,6.2508579243041416
CEC,4.806525778395514
Elevation,3.6396345311786686
rough_Surface.T,2.1012477908303895
pH,1.3425261408236269
