nt,pseudo_r2,pred_obs_r2,pred_obs_r2_exp
850,-0.017103466262498035,0.4973092421243333,0.3951700520008499
