var,rel.inf
rough_MAP,17.753289486706652
rough_CEC,16.185151816986718
rough_Clay,15.226895407408653
rough_Elevation,13.946952913140224
CEC,11.497827212715983
PDQ,7.402249607889255
Elevation,5.61297714427279
MAP,4.332597006162542
rough_Soil.C,2.7623544811516774
pH,2.435099029932865
Clay,1.8579075324043042
rough_Surface.T,0.9866983612283364
