var,rel.inf
Elevation,18.502795652763975
rough_CEC,13.697853280096675
rough_Soil.C,13.53724120239873
rough_MAP,12.065927780458322
rough_Elevation,7.721570451088683
pH,7.66105884017343
rough_Surface.T,7.090715991464044
Clay,5.923616534805728
rough_Clay,4.860804664269283
MAP,4.104328374615658
CEC,3.8360182737896324
PDQ,0.9980689540758402
