var,rel.inf
rough_Surface.T,38.2753107462467
CEC,18.16268260824341
rough_Elevation,6.613332429784401
Elevation,6.087400580717499
rough_Clay,5.940624853008518
Clay,5.3889899966865
rough_Soil.C,4.581477608503601
pH,4.430159042879277
rough_CEC,3.8688453228526303
rough_MAP,2.8135461067110685
PDQ,2.337451126251089
MAP,1.500179578115295
