var,rel.inf
rough_MAP,28.941660468651165
MAP,14.573850589357525
rough_Soil.C,14.102406241898294
Clay,9.161219507048475
pH,6.017846952362564
rough_Clay,5.887848613325801
Elevation,4.5688733844210185
rough_CEC,4.487399118649369
rough_Surface.T,3.530325627805615
rough_Elevation,3.366984558263263
CEC,3.245081739394477
PDQ,2.1165031988224348
