var,rel.inf
rough_Soil.C,32.0272975666165
Elevation,15.912152611768652
rough_MAP,14.506253609800313
Clay,12.410695828529077
rough_Elevation,5.709030201612641
rough_Clay,4.786622357004349
MAP,4.247292279977988
rough_Surface.T,3.358690398627369
CEC,2.7332859705415626
rough_CEC,1.8961918579306687
pH,1.5439070114029056
PDQ,0.8685803061879805
