nt,pseudo_r2,pred_obs_r2,pred_obs_r2_exp
450,-0.010246637680105586,0.41128884711958885,0.31873203824132174
