nt,pseudo_r2,pred_obs_r2,pred_obs_r2_exp
1200,0.05680736770791195,0.48132161244992777,0.3740290378887613
