nt,pseudo_r2,pred_obs_r2,pred_obs_r2_exp
1350,0.046444127528093127,0.6083162723807205,0.41884110603890884
