nt,pseudo_r2,pred_obs_r2,pred_obs_r2_exp
450,-0.03746777014181335,0.42378002469392484,0.3078299106014083
