nt,pseudo_r2,pred_obs_r2,pred_obs_r2_exp
1e3,9.364653672849776e-4,0.5013794771640118,0.38506764774922425
