var,rel.inf
MAP,32.484466089987386
rough_Surface.T,13.421484615837052
Clay,12.108129334212762
rough_Soil.C,11.131122118020699
Elevation,7.8328628931309465
rough_MAP,7.531182714353003
PDQ,5.674008535379439
rough_CEC,3.4968535523635706
pH,2.403450824521239
rough_Elevation,1.673916166713353
rough_Clay,1.3031034852413164
CEC,0.9394196702392393
