nt,pseudo_r2,pred_obs_r2,pred_obs_r2_exp
450,-0.004762902335127883,0.40996384724882645,0.3126984238692063
