var,rel.inf
rough_Elevation,54.017146452055925
rough_Clay,10.69709067871892
rough_Surface.T,7.536769137261284
Clay,7.477650201930314
pH,6.474835243239193
MAP,3.9669764346841894
rough_Soil.C,3.2335791822979
rough_CEC,2.141252575388677
Elevation,1.77553220982336
rough_MAP,1.2479326931662937
PDQ,0.9481078685194656
CEC,0.4831273229144796
