nt,pseudo_r2,pred_obs_r2,pred_obs_r2_exp
700,0.02139070624190731,0.4525227298932107,0.38932923924453516
