nt,pseudo_r2,pred_obs_r2,pred_obs_r2_exp
250,-0.01579537127678088,0.45989185977375596,0.2775417180921634
