nt,pseudo_r2,pred_obs_r2,pred_obs_r2_exp
1550,0.00572571480071038,0.6364301069764259,0.5697320944175825
