nt,pseudo_r2,pred_obs_r2,pred_obs_r2_exp
1250,0.012723552440052632,0.6154620560134247,0.37033883067367823
