nt,pseudo_r2,pred_obs_r2,pred_obs_r2_exp
2750,0.0650191269933792,0.6581477314895571,0.5041179100855118
