var,rel.inf
rough_CEC,26.169127827301736
PDQ,15.921211984329844
MAP,13.013905387964044
rough_Elevation,10.909892920904893
Clay,8.662682693219647
rough_Clay,7.8613897414358735
Elevation,4.076828851237111
CEC,3.727356626309953
rough_Soil.C,3.6492674069613296
pH,2.820182382207764
rough_Surface.T,1.75715452034578
rough_MAP,1.4309996577820159
