var,rel.inf
rough_Surface.T,30.495105637811353
PDQ,13.730077205099951
rough_CEC,8.950128944385465
rough_MAP,8.287992679142281
rough_Elevation,8.27491042581563
pH,7.5041482273640385
rough_Soil.C,7.352423003534115
MAP,7.23389209673299
CEC,3.4085902594314628
Elevation,1.9022584270937526
Clay,1.8465303300863116
rough_Clay,1.0139427635026388
