var,rel.inf
rough_Elevation,21.01188747906259
rough_CEC,15.42729280496057
pH,15.40489700538601
Elevation,13.123765874234229
rough_Soil.C,8.259989544423952
rough_MAP,5.9173203000346755
CEC,5.166016940997967
MAP,4.503430001664878
rough_Surface.T,3.6428516660915315
rough_Clay,3.4902527387262747
PDQ,2.694632787957533
Clay,1.3576628564597886
