var,rel.inf
rough_Clay,15.28872669972831
rough_MAP,11.780308366825691
MAP,11.605578096575632
rough_CEC,10.934247885450077
pH,10.824747944628902
rough_Surface.T,9.971506778798787
rough_Soil.C,8.220280562838823
PDQ,6.635494277025382
Elevation,5.490735555963974
rough_Elevation,5.086715310861312
Clay,2.5381182618775524
CEC,1.623540259425562
