nt,pseudo_r2,pred_obs_r2,pred_obs_r2_exp
850,-0.023553090350346917,0.5470731621144048,0.4277187539549629
