nt,pseudo_r2,pred_obs_r2,pred_obs_r2_exp
1400,0.036371607161850505,0.5917902465643008,0.3943150224134492
