nt,pseudo_r2,pred_obs_r2,pred_obs_r2_exp
900,-0.006215540027382671,0.49221160905733485,0.3182175318588192
