nt,pseudo_r2,pred_obs_r2,pred_obs_r2_exp
700,6.523339578894394e-4,0.42423550179046104,0.38534552545653866
