var,rel.inf
rough_Elevation,33.76518030503514
rough_CEC,16.937166386522573
rough_Soil.C,16.5138644834623
CEC,7.5126241970634045
Clay,5.099418243624831
rough_Clay,4.6954805967319455
rough_Surface.T,4.247479320555439
Elevation,3.659353389869496
rough_MAP,3.176543387360412
MAP,2.437873535386463
pH,0.9986269956061177
PDQ,0.9563891587818866
