var,rel.inf
rough_CEC,27.511825606884607
rough_Elevation,20.83561605129868
rough_Soil.C,11.26352215346539
CEC,10.367252814363576
Clay,8.968119804741574
rough_MAP,6.623478278707961
PDQ,3.39171020328203
pH,2.876227843606582
Elevation,2.6346842372183246
MAP,2.058557183831625
rough_Surface.T,1.831223129528506
rough_Clay,1.6377826930711479
