var,rel.inf
Clay,20.170256855036722
PDQ,12.266999420103717
Elevation,10.912262657663133
rough_CEC,10.237769379705954
rough_Elevation,9.500063689225733
rough_Clay,8.15137410392761
MAP,6.515652573743688
pH,6.338730170469205
rough_Surface.T,5.415054139694496
rough_Soil.C,4.770977086986709
rough_MAP,3.7702022011639564
CEC,1.9506577222790682
