var,rel.inf
rough_Clay,21.395414681707077
rough_Elevation,19.289261607880615
rough_MAP,15.980163542411695
MAP,8.483929869395023
CEC,6.8699011271959955
pH,6.569214968242609
rough_Surface.T,5.816730564698218
Elevation,4.567154772968962
rough_Soil.C,3.347010175603497
rough_CEC,2.7350879131056858
PDQ,2.7026978367938814
Clay,2.2434329399967434
