var,rel.inf
PDQ,15.554245971379649
Clay,14.989441948503666
rough_Soil.C,14.409902236288124
rough_MAP,12.613139910876567
rough_Elevation,8.496221413487586
rough_Surface.T,7.20533249988845
MAP,5.617023013658822
rough_Clay,5.489355649562169
Elevation,4.980016942197027
pH,4.104474542965433
rough_CEC,3.7061030196689426
CEC,2.8347428515235644
