var,rel.inf
pH,16.124116004003234
rough_PDQ,12.867863481294929
PDQ,10.105145260487824
Clay,8.847255937943048
Elevation,8.056896051535501
Surface.T,7.626553561101069
MAP,6.583167431666314
rough_CEC,6.031688413485956
rough_Elevation,5.929307155662224
rough_MAP,5.580929376424749
CEC,4.840436565511567
rough_Surface.T,3.494272969356001
rough_Soil.C,2.947300534754351
rough_NDVI,0.9650672567732311
