var,rel.inf
rough_Surface.T,22.30604245073069
CEC,20.44068230496447
pH,14.236716998654988
rough_Elevation,10.805969353573433
rough_PDQ,8.12359886845519
rough_NDVI,5.055994653732359
Clay,4.561317293280464
rough_CEC,3.3519984078589933
rough_MAP,3.2441078113955903
rough_Soil.C,2.7067824063238333
MAP,2.6475965889027937
Elevation,1.223763151381262
PDQ,0.9530362469884435
Surface.T,0.34239346375748614
