nt,pseudo_r2,pred_obs_r2,pred_obs_r2_exp
850,-8.658821288587415e-4,0.48645556860402633,0.3551650755262013
