var,rel.inf
Elevation,18.953340219775967
rough_Surface.T,18.734833611554773
Clay,14.953741745747788
rough_MAP,9.524709558284064
rough_Soil.C,5.860685401570317
Surface.T,4.647420595042561
pH,4.599743483139869
PDQ,4.500055548916129
rough_NDVI,4.141207019205696
rough_Elevation,3.9331109599870016
rough_CEC,3.678036127147039
rough_PDQ,3.4050910118764866
MAP,2.2442977929405554
CEC,0.8237269248117461
