var,rel.inf
rough_PDQ,24.81894173690246
rough_CEC,18.73846230480702
rough_Surface.T,10.01348314569946
rough_Soil.C,9.75278462498437
rough_NDVI,8.03320854042503
rough_MAP,5.47833935428012
Surface.T,4.799201015574596
MAP,4.0077896408605875
rough_Elevation,3.873246795658674
Clay,3.463988209700369
pH,2.613822711933881
Elevation,1.7453276109965845
CEC,1.5077080882154867
PDQ,1.1536962199613594
