var,rel.inf
pH,35.944958003564025
Clay,11.410442734502617
Elevation,11.156721293648248
rough_Elevation,8.871819124610667
rough_PDQ,5.720422102155471
rough_CEC,4.621942916996251
rough_MAP,4.237653982517263
Surface.T,3.922133010998994
CEC,3.915287898240456
rough_NDVI,2.769712753624593
MAP,2.7667775377032013
rough_Surface.T,2.329391539761536
rough_Soil.C,1.6478711495519223
PDQ,0.6848659521247517
