nt,pseudo_r2,pred_obs_r2,pred_obs_r2_exp
200,-0.01934724616672101,0.21948553432564302,0.13838280115223975
