nt,pseudo_r2,pred_obs_r2,pred_obs_r2_exp
300,0.005057298866586901,0.3116568965979283,0.14600248975240304
