var,rel.inf
rough_NDVI,42.98899949119953
rough_Elevation,20.97266011228923
PDQ,10.526337515095099
rough_CEC,6.1562375790763335
Surface.T,5.506885501971726
rough_PDQ,3.3439410438535746
pH,2.3270426329794853
rough_MAP,1.4800581791762093
rough_Surface.T,1.4558726066663552
rough_Soil.C,1.4442586016506938
CEC,1.327790928680922
Elevation,1.324306096196293
Clay,0.9207426213526442
MAP,0.22486708981189718
