var,rel.inf
CEC,21.537465758076724
rough_Elevation,14.471943147994827
rough_CEC,13.043637411432684
rough_PDQ,9.834597024713734
rough_MAP,8.461331286957023
Elevation,7.481537703361148
pH,6.502903192573562
MAP,5.082134468561398
rough_Surface.T,4.942539514100064
rough_NDVI,3.1080231742520974
Clay,2.848349553880781
rough_Soil.C,1.1494776110695644
Surface.T,1.1232656399382883
PDQ,0.4127945130881063
