var,rel.inf
rough_Elevation,36.19342123956747
rough_NDVI,10.906592353205808
PDQ,7.298821161058984
rough_CEC,7.010508926493233
CEC,6.673781541900458
rough_Soil.C,6.4541701953764266
Clay,6.310041932233988
MAP,5.440690976996168
rough_PDQ,4.291980070756217
Elevation,3.134388551443584
rough_MAP,2.4304088460853177
pH,1.4559627899599175
rough_Surface.T,1.322343310048467
Surface.T,1.0768881048739605
