nt,pseudo_r2,pred_obs_r2,pred_obs_r2_exp
450,0.004445635419520255,0.3126093008886106,0.23298114270156137
