var,rel.inf
rough_NDVI,30.097151129004434
rough_Soil.C,13.646988724179518
rough_MAP,10.270456357680976
rough_PDQ,10.221455626495008
rough_Surface.T,5.722669209920504
pH,5.464550633110963
Elevation,4.9804377250661185
CEC,4.624773588746896
PDQ,3.6249425796421075
Clay,3.6091900926032436
rough_Elevation,2.6986772264911805
rough_CEC,1.872916589236995
Surface.T,1.7468098866452533
MAP,1.4189806311768018
