var,rel.inf
rough_CEC,30.321218324269363
CEC,26.976850785390518
Surface.T,8.833479480570919
pH,6.415740316318262
rough_Elevation,5.831144108304631
Clay,4.17509264068132
MAP,3.30606219641008
rough_Surface.T,2.9853909848329137
PDQ,2.9000219970155072
rough_MAP,2.8451705644336305
rough_Soil.C,2.2297170543443117
rough_PDQ,1.4526950746623835
rough_NDVI,0.9369923117714589
Elevation,0.7904241609947026
