nt,pseudo_r2,pred_obs_r2,pred_obs_r2_exp
300,-6.83663133834278e-4,0.382191246106115,0.2082487174042055
