var,rel.inf
Clay,36.282788653085845
rough_NDVI,13.525326867359286
rough_Elevation,8.896345326522287
rough_PDQ,8.04248173149039
Elevation,5.510859637828001
Surface.T,5.293912503617433
rough_Surface.T,4.970495205660131
pH,4.199742339207797
CEC,3.3234319397683665
rough_CEC,2.8258631374001126
rough_MAP,2.4773059542460034
rough_Soil.C,1.8864873571250855
MAP,1.4628088533553893
PDQ,1.3021504933338686
