nt,pseudo_r2,pred_obs_r2,pred_obs_r2_exp
300,0.006954372894593552,0.2857339645511071,0.19002577038496613
