nt,pseudo_r2,pred_obs_r2,pred_obs_r2_exp
550,-0.0039805438694822115,0.363403421772493,0.24136355825959385
