var,rel.inf
Clay,47.24961323122396
rough_Elevation,14.482618374372416
Surface.T,7.69202776691969
PDQ,5.046378793379779
rough_MAP,4.610690681780462
rough_Surface.T,4.361579073248653
rough_PDQ,4.066254982027122
CEC,3.491774042149139
pH,2.47459983981953
rough_Soil.C,1.7228504044781794
rough_NDVI,1.5848633342826213
MAP,1.4060341193980492
Elevation,1.3273432599442399
rough_CEC,0.48337209697615013
