var,rel.inf
CEC,28.074168693552846
rough_Elevation,20.77077675384023
rough_MAP,13.870694119998578
pH,11.914036693253461
Elevation,4.423864339513019
rough_Surface.T,3.827446048455946
rough_PDQ,3.406973816144309
rough_CEC,3.30410658145049
rough_Soil.C,3.102545806146803
rough_NDVI,2.141290268714718
MAP,2.027366638419474
Clay,1.5236550546636767
PDQ,1.0112606570991578
Surface.T,0.6018145287472956
