var,rel.inf
pH,18.188209541589924
rough_Surface.T,13.41616169851938
rough_Elevation,11.37504229861173
rough_Soil.C,10.07417621423351
Elevation,9.578074994618598
Clay,7.318181228145862
MAP,6.401190947546535
rough_NDVI,6.059341291866559
CEC,4.825766029752137
rough_MAP,3.672757273433762
rough_CEC,3.43241771598361
rough_PDQ,2.26128838037208
PDQ,2.2005720123376618
Surface.T,1.196820372988658
