var,rel.inf
PDQ,15.46478410321405
rough_NDVI,13.870056710442121
Clay,13.148951695457816
Elevation,13.111719112550924
rough_Soil.C,10.986718418331659
MAP,8.687486906298284
rough_PDQ,5.655952180899286
CEC,4.028487155092887
pH,3.463393384717484
Surface.T,3.2952152399030448
rough_MAP,2.7728923253133075
rough_CEC,2.72392500012729
rough_Surface.T,1.6110093557410516
rough_Elevation,1.1794084119107977
