nt,pseudo_r2,pred_obs_r2,pred_obs_r2_exp
800,0.03031677980192271,0.39712425253177797,0.28799533280308415
