nt,pseudo_r2,pred_obs_r2,pred_obs_r2_exp
400,-0.012529347373904098,0.35282082953109034,0.2054022863798375
