nt,pseudo_r2,pred_obs_r2,pred_obs_r2_exp
350,-0.0010852484542311913,0.309914669283635,0.15646802706962745
