var,rel.inf
Elevation,33.70133407523664
rough_PDQ,12.857705595770447
rough_NDVI,10.71292842127041
rough_Surface.T,8.180507285961497
PDQ,8.044849947957312
MAP,5.1436494461348765
rough_MAP,5.101326793743481
pH,4.5859936756637625
CEC,3.63944683541383
rough_Soil.C,2.6513154711302938
Clay,1.8142968562093862
rough_CEC,1.6858501867978108
rough_Elevation,1.4006456664086502
Surface.T,0.4801497423016148
