nt,pseudo_r2,pred_obs_r2,pred_obs_r2_exp
300,-0.007781921347987275,0.3156034385872938,0.22759618570355838
