nt,pseudo_r2,pred_obs_r2,pred_obs_r2_exp
350,-1.6777662253786296e-4,0.32148364600905305,0.26359470591022144
