var,rel.inf
Elevation,25.6250912995738
rough_Surface.T,16.53304974855944
MAP,12.242132350984301
rough_Elevation,11.960109305056186
pH,8.472615992780737
Surface.T,5.898713125600297
rough_Soil.C,3.841076174844175
Clay,3.3262130401815986
rough_PDQ,3.2304828937609105
rough_MAP,2.8658563709792517
PDQ,2.764485423576961
CEC,1.1504329593020328
rough_NDVI,1.1359511574705201
rough_CEC,0.9537901573297947
