var,rel.inf
rough_Surface.T,22.08429779734676
Clay,17.036299382020577
rough_PDQ,13.550026756166513
Elevation,8.88395963367078
CEC,8.522491790478774
rough_CEC,5.874518747022582
rough_NDVI,5.715309834315585
rough_Soil.C,5.309934014124645
rough_Elevation,2.571785818300745
pH,2.5544524106770763
MAP,2.2126897857277696
Surface.T,2.169747039866778
rough_MAP,1.8744553893959301
PDQ,1.6400316008854863
