var,rel.inf
CEC,25.878446615525043
Surface.T,13.093279321806722
rough_Elevation,12.747473469171418
Clay,11.92858294497617
pH,9.275711494162074
PDQ,7.984780253584996
MAP,7.046992952802246
rough_CEC,2.552341299099621
rough_Soil.C,2.2209714934710916
rough_NDVI,1.820153555202121
rough_PDQ,1.5682497060104807
rough_MAP,1.510124328495678
rough_Surface.T,1.2224443387250785
Elevation,1.150448226967266
