nt,pseudo_r2,pred_obs_r2,pred_obs_r2_exp
600,0.005569642718136203,0.3363913051077717,0.19786553163368598
