nt,pseudo_r2,pred_obs_r2,pred_obs_r2_exp
200,-0.016347861784510975,0.2612993651346619,0.16704036235993536
