var,rel.inf
rough_PDQ,37.23893708372919
Surface.T,19.696129492342614
Elevation,7.521241557623673
CEC,6.930141353749121
MAP,6.920936588205282
rough_Surface.T,5.58559363693008
pH,4.951308009793052
PDQ,3.2912504144774464
rough_Elevation,2.0337586059973876
rough_NDVI,1.671405662789627
Clay,1.2669793343474811
rough_Soil.C,1.2299153161324665
rough_CEC,0.9220761315983848
rough_MAP,0.7403268122841868
