nt,pseudo_r2,pred_obs_r2,pred_obs_r2_exp
350,-0.006580682300223906,0.24454760525338753,0.1653074994228518
