var,rel.inf
Clay,39.41677284667251
PDQ,16.259695677243585
rough_PDQ,12.06964025954963
rough_NDVI,8.519683736532917
rough_Surface.T,4.501955761799944
Elevation,3.680564913112968
rough_MAP,3.4601092220002094
pH,3.133121340317072
rough_CEC,2.42735836652784
rough_Elevation,1.9587780565606823
rough_Soil.C,1.7656619650550984
MAP,1.5679943275093091
Surface.T,0.760042093269848
CEC,0.47862143384839634
