var,rel.inf
Clay,18.44235414414303
rough_CEC,16.70484270615311
Elevation,12.504326757996141
rough_MAP,10.868833085775611
pH,9.100001275898725
MAP,7.588749844283029
rough_Elevation,6.734696897013876
CEC,6.179204149870017
rough_NDVI,4.0965610773131385
rough_Soil.C,2.4099253978544333
rough_Surface.T,2.228236999076198
PDQ,1.2660477718865484
rough_PDQ,1.141345053300572
Surface.T,0.7348748394355715
