var,rel.inf
rough_Surface.T,21.72961345294966
rough_Soil.C,14.507668689445017
rough_PDQ,11.131369318656308
rough_MAP,9.969613583168213
Surface.T,9.640947176835326
PDQ,8.799354285255639
Elevation,5.530213029368008
Clay,4.105930393114899
rough_CEC,4.020298079238729
rough_Elevation,3.2704282903569
CEC,2.744299947104689
rough_NDVI,2.2623426928077426
pH,1.5111498856353764
MAP,0.7767711760634867
