nt,pseudo_r2,pred_obs_r2,pred_obs_r2_exp
2450,0.02984884872420035,0.571606941460254,0.3440675091915101
