nt,pseudo_r2,pred_obs_r2,pred_obs_r2_exp
350,-0.011447953631324115,0.3682875147436455,0.26036879042358213
