var,rel.inf
Clay,23.09064563523386
rough_PDQ,14.360113842966678
Elevation,12.094317321293165
pH,11.38343994389619
PDQ,8.643562843789434
CEC,6.799668256342383
Surface.T,5.373990814457214
rough_CEC,4.9638311952983605
MAP,3.8388735721574903
rough_MAP,2.5157537116146296
rough_NDVI,2.48425810383147
rough_Surface.T,2.2398686920024624
rough_Soil.C,1.756043885213251
rough_Elevation,0.45563218190340504
