nt,pseudo_r2,pred_obs_r2,pred_obs_r2_exp
650,-0.007071643162366081,0.4767163889558478,0.2802081062594356
