nt,pseudo_r2,pred_obs_r2,pred_obs_r2_exp
750,-0.02071702113800411,0.4121725324802397,0.21181346562477193
