nt,pseudo_r2,pred_obs_r2,pred_obs_r2_exp
800,0.004613206929942715,0.4144005331828875,0.28243973242357495
