nt,pseudo_r2,pred_obs_r2,pred_obs_r2_exp
250,-0.005506999193371831,0.24019382963669814,0.15340782879070303
