var,rel.inf
PDQ,17.779420872741078
MAP,9.652101052568144
pH,9.138444362899985
Clay,8.219354928978426
CEC,7.8886180834598365
rough_Surface.T,7.8153807102230894
Surface.T,7.7995627531222596
rough_PDQ,7.7214334797567865
rough_Soil.C,6.3451636549244546
rough_NDVI,6.1231268740814935
rough_CEC,4.735469163176975
rough_Elevation,2.412998267396555
rough_MAP,2.2238284357223317
Elevation,2.1450973609485926
