var,rel.inf
rough_PDQ,38.31793423299393
Elevation,23.73787872694261
rough_CEC,5.900398752213592
rough_NDVI,5.739548829302104
MAP,4.665979594151145
rough_Surface.T,3.997200663487112
pH,3.947450379126456
rough_Soil.C,3.247371953811027
PDQ,3.2237921391550266
Surface.T,3.1281669103931877
rough_Elevation,2.3797333622099672
Clay,0.6100348560204475
rough_MAP,0.5633507227014085
CEC,0.5411588774919923
