nt,pseudo_r2,pred_obs_r2,pred_obs_r2_exp
400,-0.011294952216737375,0.3695349640720547,0.2355429402590483
