nt,pseudo_r2,pred_obs_r2,pred_obs_r2_exp
400,-0.002926533655482011,0.2794920786164856,0.22541367965588782
