nt,pseudo_r2,pred_obs_r2,pred_obs_r2_exp
550,0.01882931969560142,0.3643929537944188,0.1689744635044688
