var,rel.inf
Clay,23.673725353494053
rough_MAP,11.913058631780215
Elevation,11.197343220236268
rough_Elevation,9.96683631385171
rough_Soil.C,7.880080115711395
PDQ,7.469155225027298
rough_CEC,5.916566149721633
rough_Surface.T,5.397338859945112
CEC,4.975620163824808
pH,4.188357883080703
rough_NDVI,2.570268794812073
rough_PDQ,2.4313537403113177
MAP,1.7502014670948274
Surface.T,0.6700940811085883
