var,rel.inf
rough_Elevation,38.99983776455112
rough_PDQ,11.218338910379837
rough_CEC,10.411355996277539
Elevation,7.112703045008312
CEC,6.9362259583107955
rough_Soil.C,4.6767670955317096
rough_NDVI,4.130888346884894
Clay,3.7129260945851823
pH,3.4095050317349904
rough_Surface.T,3.107807697855186
rough_MAP,3.061566802878833
MAP,1.3021112085101316
Surface.T,0.9653676947497185
PDQ,0.9545983527417582
