nt,pseudo_r2,pred_obs_r2,pred_obs_r2_exp
350,0.004393099245651788,0.3330858097073067,0.19704115236960268
