nt,pseudo_r2,pred_obs_r2,pred_obs_r2_exp
2150,0.041722760552804994,0.568845358801647,0.4081067169085081
