nt,pseudo_r2,pred_obs_r2,pred_obs_r2_exp
700,0.029199307965626864,0.38312979341035497,0.16400462816711503
