var,rel.inf
PDQ,20.313410783637462
rough_CEC,16.210879848941055
rough_PDQ,15.911089188002705
pH,15.374149769499802
Clay,9.85248299011047
Surface.T,4.953498697406319
rough_Soil.C,4.615767658353311
MAP,4.1366960350927124
rough_Surface.T,2.749208572040537
CEC,1.7432023753777977
rough_NDVI,1.2678943444046016
rough_MAP,1.2268141212376613
Elevation,1.2089204876910085
rough_Elevation,0.43598512820455093
