nt,pseudo_r2,pred_obs_r2,pred_obs_r2_exp
900,0.008741996325412171,0.41674581966126556,0.27905755507050933
