nt,pseudo_r2,pred_obs_r2,pred_obs_r2_exp
800,0.01746381227216831,0.34871143490954015,0.2370474826925405
