nt,pseudo_r2,pred_obs_r2,pred_obs_r2_exp
850,0.0034568974238181616,0.34187730957977003,0.20637228049948828
