nt,pseudo_r2,pred_obs_r2,pred_obs_r2_exp
250,-0.012025063431718497,0.3307323128200088,0.19682393771623147
