var,rel.inf
Clay,24.631653101789592
rough_Surface.T,20.00136549567674
rough_CEC,19.71361714818519
PDQ,6.615736253270763
rough_PDQ,5.838833674135344
rough_Soil.C,4.252788867340851
Elevation,3.507978226164276
CEC,3.3678047761591
rough_NDVI,3.2838248152081255
rough_Elevation,2.601457021451145
pH,2.0590979388199617
rough_MAP,2.01596816451585
Surface.T,1.0721830566138992
MAP,1.0376914606691563
