var,rel.inf
CEC,24.186009349784985
rough_CEC,15.344170330459166
rough_Surface.T,15.091611772731431
pH,8.330998390707746
Clay,8.21065141522369
rough_PDQ,6.61909082910983
rough_Soil.C,5.7334139489855955
rough_Elevation,5.133349690935442
Surface.T,3.4891974203229563
rough_NDVI,2.4754815379063446
PDQ,2.0108977965390227
Elevation,1.5439862274266625
MAP,1.0521950356663161
rough_MAP,0.7789462542008079
