var,rel.inf
rough_MAP,21.100731569287266
Surface.T,20.733569786226997
MAP,10.196445336694756
PDQ,9.936578589036227
rough_Soil.C,9.09277976259034
rough_Elevation,8.047295803756345
CEC,5.949965066388568
rough_CEC,4.676317305253046
rough_NDVI,3.7447219397298266
rough_PDQ,3.2405651446414168
Clay,0.953583129752972
rough_Surface.T,0.9281409162577009
pH,0.8420997960188632
Elevation,0.5572058543656621
