nt,pseudo_r2,pred_obs_r2,pred_obs_r2_exp
200,-0.001597105932471088,0.2706445750388082,0.16925925796309405
