nt,pseudo_r2,pred_obs_r2,pred_obs_r2_exp
250,-0.00929727518946466,0.2938569363593954,0.20194433506678347
