var,rel.inf
CEC,27.732099908265734
PDQ,16.569636155890134
rough_CEC,11.567572445325286
rough_Elevation,10.822238487234095
Clay,8.322349054682574
rough_PDQ,5.62540272745674
pH,4.515774396055063
rough_Surface.T,3.799167263439025
rough_NDVI,3.0224773888126184
rough_Soil.C,2.93796846384095
Surface.T,2.23393069666471
MAP,1.3049308265433497
Elevation,0.7848102700713651
rough_MAP,0.7616419157183564
