nt,pseudo_r2,pred_obs_r2,pred_obs_r2_exp
1450,0.010732541126341366,0.5479883710627191,0.3594460975890636
