nt,pseudo_r2,pred_obs_r2,pred_obs_r2_exp
450,-0.007503423606247006,0.2847822900750744,0.14227777805279948
