nt,pseudo_r2,pred_obs_r2,pred_obs_r2_exp
350,0.0035397206482917776,0.3333769995142467,0.19039182995549203
