var,rel.inf
rough_Elevation,14.570943702856873
rough_PDQ,14.208071305274222
rough_CEC,12.395483559739663
Elevation,11.987089057914343
rough_Soil.C,11.630855310341612
Surface.T,8.784346607569846
MAP,5.7913002097129995
rough_NDVI,5.0943413775042625
pH,3.0414084000492987
rough_Surface.T,2.8797386246846606
Clay,2.684024666937995
PDQ,2.660712835939332
CEC,2.3846575334972346
rough_MAP,1.8870268079776598
