var,rel.inf
rough_CEC,20.733788497223625
rough_Elevation,14.781400441988433
rough_Surface.T,12.67636436871234
PDQ,9.124018754206885
CEC,7.773459113636519
rough_Soil.C,6.946727832305525
Clay,6.027049430374879
rough_MAP,5.2906262520140945
Elevation,3.772966852525946
pH,3.762122317829282
Surface.T,3.725325252161443
rough_PDQ,2.9097341102975243
rough_NDVI,1.8815837902073007
MAP,0.5948329865162012
