nt,pseudo_r2,pred_obs_r2,pred_obs_r2_exp
550,0.0054630640098739525,0.36376186074874317,0.2667135900188233
