nt,pseudo_r2,pred_obs_r2,pred_obs_r2_exp
300,-0.0020238510672832,0.38951556760897527,0.2316259660613295
