var,rel.inf
PDQ,22.12700671267611
CEC,15.804158296783926
rough_PDQ,10.830161865959104
rough_CEC,9.233656609423669
MAP,7.8949846996347715
rough_Elevation,7.343457301926648
pH,6.013280396777059
Clay,5.762547102021534
rough_NDVI,4.242658221405869
Elevation,3.217288123428505
rough_Surface.T,2.5315759163227525
rough_Soil.C,1.8163086089411848
Surface.T,1.8019234865870946
rough_MAP,1.3809926581117744
