var,rel.inf
rough_Elevation,22.12929910020896
rough_Soil.C,22.00164216036771
rough_Surface.T,12.747687870123926
rough_MAP,9.069807974559144
rough_PDQ,8.454169589881632
PDQ,5.14768511739928
Clay,4.677468686645469
rough_CEC,3.056711907433378
Elevation,3.0308201981189185
pH,2.9150433622493135
Surface.T,2.0969732161357624
CEC,2.0878583828773403
MAP,1.6290562257746766
rough_NDVI,0.9557762082244909
