var,rel.inf
rough_CEC,19.540026034396142
MAP,17.60822076636977
rough_Surface.T,13.296932423323634
rough_MAP,10.572752169481001
rough_PDQ,7.2784599774759755
rough_Soil.C,6.934721205627913
PDQ,6.346662207335816
rough_Elevation,4.737516254060881
Clay,3.2767248543063325
CEC,3.152866368049802
Elevation,2.499670922547744
pH,2.0725211800429726
rough_NDVI,1.7146496292888938
Surface.T,0.9682760076931262
