nt,pseudo_r2,pred_obs_r2,pred_obs_r2_exp
600,-8.372591308813959e-4,0.4407676552917664,0.33532735026850813
