var,rel.inf
Elevation,18.083976069108143
CEC,14.707308326239735
rough_MAP,13.395018356514337
MAP,8.112616261636928
Clay,7.3937072868712805
rough_Surface.T,6.135061920610125
PDQ,6.106715572835137
Surface.T,5.0947763154171755
rough_NDVI,4.91992069343612
rough_PDQ,4.904425813305677
rough_Elevation,3.50722139177712
rough_CEC,3.379686948856959
rough_Soil.C,2.226230879231372
pH,2.0333341641598937
