var,rel.inf
rough_Elevation,28.81765572508202
MAP,16.384060749389366
Surface.T,10.106913026998598
pH,7.753860369139692
rough_NDVI,6.790031327513925
CEC,4.971629672953105
PDQ,4.2155452745247075
rough_Surface.T,4.186067667303925
rough_Soil.C,3.82596834084287
rough_MAP,3.5236351195857516
rough_CEC,3.2441813325679245
Clay,2.77124002512808
Elevation,2.3447308043935835
rough_PDQ,1.064480564576459
