var,rel.inf
PDQ,18.206084300815867
rough_PDQ,12.433248942650756
rough_CEC,11.61073588643741
Elevation,9.259965554546287
rough_Elevation,8.273507618511577
Clay,7.394243291040611
rough_NDVI,6.971504978174935
rough_Soil.C,6.3849038193367775
rough_Surface.T,4.828115897138417
Surface.T,4.606207018067485
CEC,3.8635140979885536
MAP,2.37043793881235
pH,1.899387451931138
rough_MAP,1.8981432045478372
