var,rel.inf
rough_Soil.C,39.315862170748154
CEC,11.158378830978892
MAP,8.91745661694647
pH,7.832868229714339
rough_Elevation,5.890208280835972
rough_MAP,4.963068258470392
Clay,4.195128008729843
rough_Surface.T,3.9226686718331316
rough_PDQ,3.4726482778864014
Elevation,3.358556003918593
Surface.T,2.8579165981022654
rough_CEC,1.969881949692658
rough_NDVI,1.07708256225451
PDQ,1.0682755398883887
