var,rel.inf
Clay,23.714350595428503
rough_MAP,22.0158591233128
rough_Surface.T,8.19205153534892
rough_Elevation,7.8628961752415885
Elevation,7.682065942295319
MAP,6.497156133666164
pH,5.017644341715656
rough_NDVI,4.962947108090043
rough_PDQ,4.166078741960001
Surface.T,3.365299264468234
CEC,2.4926260617759755
PDQ,1.8569988701289653
rough_CEC,1.473021119695677
rough_Soil.C,0.701004986872157
