var,rel.inf
rough_Surface.T,29.36898286709045
rough_MAP,16.368217259550995
MAP,11.892399341397402
Clay,11.136353063681712
rough_Soil.C,5.741172925698672
Elevation,4.4521341671681975
rough_Elevation,4.099527590249777
rough_CEC,3.7522812232392555
PDQ,3.0351316254874763
CEC,2.9157668789017945
rough_NDVI,2.8314060293863017
rough_PDQ,2.0196706958023527
Surface.T,1.5970539609187133
pH,0.7899023714268979
