nt,pseudo_r2,pred_obs_r2,pred_obs_r2_exp
400,0.002229309712380223,0.330686518737576,0.19856278164742905
