var,rel.inf
rough_PDQ,25.453736943810526
Elevation,22.144488218613265
rough_Soil.C,16.55333483479278
rough_NDVI,8.234201753598104
pH,7.770958577429514
rough_MAP,4.732722599352665
rough_Elevation,3.9718827534295915
Clay,3.1752838355601063
MAP,2.0720003909806377
rough_CEC,1.947122946092092
rough_Surface.T,1.2546291369566631
PDQ,0.9256488511858688
Surface.T,0.8945179689039292
CEC,0.8694711892942539
