nt,pseudo_r2,pred_obs_r2,pred_obs_r2_exp
900,-0.0034641996613407056,0.4053371161056169,0.27249094747108044
