nt,pseudo_r2,pred_obs_r2,pred_obs_r2_exp
400,-0.017448005483029938,0.4423174025698301,0.288259320239438
