var,rel.inf
rough_Surface.T,16.604606376939866
rough_Elevation,15.717880956846944
rough_Soil.C,15.492018738551419
rough_MAP,12.048541361043336
rough_PDQ,9.77866410374264
Elevation,5.652946996853423
PDQ,4.518729847305746
CEC,4.201776453385735
MAP,3.8061535945694507
Surface.T,3.2474014675768825
pH,3.160033351964739
rough_CEC,2.4184615541621977
Clay,2.203033568010303
rough_NDVI,1.1497516290473209
