nt,pseudo_r2,pred_obs_r2,pred_obs_r2_exp
2300,0.02270910789380054,0.5892404944115288,0.33632982959749796
