var,rel.inf
rough_Surface.T,16.798103586301448
Elevation,15.899499616164535
rough_NDVI,10.871031239977631
rough_PDQ,9.173838735861649
rough_Soil.C,7.194832631341963
Clay,7.106552673304208
rough_CEC,7.0277453739921185
rough_Elevation,7.010821458435093
rough_MAP,4.4946225951774395
MAP,3.547098632305101
pH,3.2145660761928054
PDQ,3.0369298013396215
Surface.T,2.9494220444547286
CEC,1.6749355351516633
