nt,pseudo_r2,pred_obs_r2,pred_obs_r2_exp
1600,0.036419602854737776,0.4903471480649915,0.3167967523987297
