nt,pseudo_r2,pred_obs_r2,pred_obs_r2_exp
750,0.03746798611430047,0.3254107078140468,0.2063008549115716
