nt,pseudo_r2,pred_obs_r2,pred_obs_r2_exp
400,-0.003414080677667908,0.37231308866938573,0.2790421667765351
