var,rel.inf
rough_CEC,33.061573777892505
rough_MAP,18.47665914180148
rough_Elevation,10.088596339294098
rough_Soil.C,7.743022803984641
rough_Surface.T,7.234041931555302
rough_PDQ,6.64428966944525
rough_NDVI,3.6862566382701494
Clay,3.3565413568442355
pH,2.59169072737861
Elevation,2.0925228094968324
CEC,1.9329590086688875
MAP,1.1732044599474514
PDQ,1.0373595346891569
Surface.T,0.8812818007314082
