nt,pseudo_r2,pred_obs_r2,pred_obs_r2_exp
250,-0.0066164126973622395,0.34338473883998727,0.23503174569291563
