nt,pseudo_r2,pred_obs_r2,pred_obs_r2_exp
800,0.008524386570033071,0.34602234913162766,0.2241495295635731
