nt,pseudo_r2,pred_obs_r2,pred_obs_r2_exp
1300,-1.1251544171808625e-4,0.448002923637047,0.28108792328005294
