var,rel.inf
Elevation,40.19859968455749
rough_Surface.T,11.724492530093853
rough_NDVI,11.082219507796852
rough_PDQ,9.90763112564369
rough_MAP,5.144924252276136
Clay,4.450767953952449
rough_Elevation,3.467658440822247
Surface.T,3.345576058715708
MAP,2.866989012514231
rough_CEC,2.5600211319684716
CEC,2.2221016685340125
PDQ,1.1771361935740665
rough_Soil.C,0.9629778543578004
pH,0.8889045851929822
