nt,pseudo_r2,pred_obs_r2,pred_obs_r2_exp
800,0.0092304535892761,0.39484914590980663,0.22800725767856492
