var,rel.inf
rough_Elevation,20.257845033123793
rough_CEC,18.698952030969153
Surface.T,11.06581782451614
rough_NDVI,8.636801912699678
Elevation,7.728312094318068
rough_Soil.C,6.729947753265593
rough_PDQ,5.8078182861019645
Clay,5.219446646539019
PDQ,4.646110369236762
CEC,3.9343150173446007
MAP,2.6695315279894904
rough_Surface.T,1.7957034883635201
rough_MAP,1.6684563483681334
pH,1.1409416671640866
