nt,pseudo_r2,pred_obs_r2,pred_obs_r2_exp
450,-0.012503176799223414,0.3145424533926008,0.19867575826832384
