nt,pseudo_r2,pred_obs_r2,pred_obs_r2_exp
1200,0.012731424498763744,0.5118526342194039,0.3852012179017504
