nt,pseudo_r2,pred_obs_r2,pred_obs_r2_exp
600,0.009078844447758194,0.3393663168720691,0.2509011978614315
