nt,pseudo_r2,pred_obs_r2,pred_obs_r2_exp
300,-0.0010035152417011695,0.22491215381190277,0.12196394382066322
