var,rel.inf
rough_PDQ,35.60084035055114
PDQ,13.477865334507083
rough_Elevation,8.227903716211532
rough_CEC,7.936237417611871
CEC,7.626783692464973
Surface.T,6.398437333235519
rough_NDVI,4.61234296416518
rough_MAP,4.3145748063208025
MAP,3.686916624653672
rough_Surface.T,2.1854161816402726
Elevation,1.896848788573452
pH,1.8387621591456
rough_Soil.C,1.1920480916270597
Clay,1.0050225392918435
