nt,pseudo_r2,pred_obs_r2,pred_obs_r2_exp
300,-0.002235219019651069,0.29685311096874556,0.21260791996396997
