nt,pseudo_r2,pred_obs_r2,pred_obs_r2_exp
300,0.005319725427875399,0.30731782640426375,0.18291663658429444
