var,rel.inf
rough_MAP,23.460267908895705
PDQ,16.524699108566043
Clay,13.258372910537242
rough_Surface.T,12.775536929579635
rough_Elevation,6.34207715401117
rough_CEC,4.651866633335705
pH,4.136502213261392
rough_PDQ,3.920167159583559
rough_NDVI,3.7132772485231333
Surface.T,3.086743955098234
MAP,3.0011450202978596
CEC,2.407271738526873
Elevation,1.78688542722595
rough_Soil.C,0.9351865925575039
