nt,pseudo_r2,pred_obs_r2,pred_obs_r2_exp
900,0.01706961327179135,0.36624913517506,0.20600539531183834
