nt,pseudo_r2,pred_obs_r2,pred_obs_r2_exp
550,-6.515368729420601e-6,0.4084225499184575,0.285975888758363
