var,rel.inf
rough_PDQ,22.871853797596557
rough_MAP,17.072787857050027
pH,14.890006974426493
rough_CEC,14.781197037330678
rough_Surface.T,9.387717296487434
rough_NDVI,4.121353055512278
MAP,3.7221089683824053
Clay,3.4927336931018487
CEC,2.9403581440457054
Elevation,2.3834612668477853
rough_Elevation,1.7580317985815914
rough_Soil.C,1.6919835542046404
PDQ,0.7556557075528232
Surface.T,0.13075084887973581
