nt,pseudo_r2,pred_obs_r2,pred_obs_r2_exp
400,-0.001955205672957039,0.38497393371122773,0.24152210516783432
