nt,pseudo_r2,pred_obs_r2,pred_obs_r2_exp
200,-0.008871667144369155,0.34648494347343267,0.2780350459599778
