nt,pseudo_r2,pred_obs_r2,pred_obs_r2_exp
400,-0.008649238401281734,0.3722835620788803,0.2356420888686065
