nt,pseudo_r2,pred_obs_r2,pred_obs_r2_exp
650,-0.009178099170880527,0.41299734728321214,0.24584729180333942
