nt,pseudo_r2,pred_obs_r2,pred_obs_r2_exp
450,-0.008154637027811829,0.3772625314471582,0.27816631291186744
