nt,pseudo_r2,pred_obs_r2,pred_obs_r2_exp
350,0.0048873996262609465,0.3594939361393271,0.21479280074679521
