nt,pseudo_r2,pred_obs_r2,pred_obs_r2_exp
900,0.029042920749537737,0.3987628831547075,0.2595132005184523
