var,rel.inf
rough_Elevation,19.528311770908193
rough_PDQ,17.62656796078643
rough_CEC,15.022284606380957
Surface.T,10.708439758992098
rough_Surface.T,6.562132117692143
MAP,5.131215348636908
CEC,4.647099396573054
rough_MAP,4.560134155695064
pH,4.1479358927085785
Clay,4.049873154815019
PDQ,3.851910289771863
rough_Soil.C,2.121672954229968
Elevation,1.4166226525196186
rough_NDVI,0.6257999402901017
