nt,pseudo_r2,pred_obs_r2,pred_obs_r2_exp
250,-0.013096494508110013,0.2955790324412406,0.15780816255960467
