nt,pseudo_r2,pred_obs_r2,pred_obs_r2_exp
1550,0.02075482646807647,0.4947951258290286,0.2909503331532174
