var,rel.inf
rough_Soil.C,32.524694347611806
rough_PDQ,18.053625867986117
rough_NDVI,12.336360509202192
pH,7.607922589778221
rough_CEC,5.976781791199366
Elevation,4.250146096244608
Clay,3.9918614472561766
rough_Elevation,3.9370376751197695
rough_MAP,3.3816836356547086
CEC,2.2651255740815266
Surface.T,1.6003234543998515
rough_Surface.T,1.5428415747942625
PDQ,1.3451476581769344
MAP,1.1864477784944611
