nt,pseudo_r2,pred_obs_r2,pred_obs_r2_exp
500,8.445183020049374e-4,0.39060697467175215,0.25716674970734954
