var,rel.inf
CEC,20.431360415792753
Surface.T,20.39567626980108
rough_Soil.C,13.571005411949644
rough_Surface.T,12.964376560543231
PDQ,6.900496466484503
Elevation,6.800922628838491
Clay,3.8707744549931444
pH,3.8707358960642897
rough_MAP,2.930261141903932
rough_CEC,2.8971968074910097
rough_NDVI,1.7014988265559567
MAP,1.3410356187652122
rough_Elevation,1.3172081983500983
rough_PDQ,1.0074513024666611
