var,rel.inf
Elevation,19.778581201256028
rough_CEC,12.560212201502722
pH,8.643304745566033
rough_Elevation,7.559109602401085
rough_Soil.C,7.44275990882903
rough_PDQ,6.99595773969377
rough_Surface.T,6.82805482435157
rough_MAP,6.764282690529839
rough_NDVI,6.643172750265844
Clay,5.741880225530061
MAP,3.3631067066794627
CEC,3.2674707733792068
PDQ,2.6199260946367673
Surface.T,1.7921805353785851
