nt,pseudo_r2,pred_obs_r2,pred_obs_r2_exp
200,0.002650113734527504,0.29139384086015346,0.20766449941411516
