nt,pseudo_r2,pred_obs_r2,pred_obs_r2_exp
4400,0.1657247944405701,0.7793567488041848,0.7811396423663216
