var,rel.inf
rough_Elevation,22.455862423696384
rough_Surface.T,15.885278719410922
rough_MAP,11.808069957899214
Elevation,10.855349654830883
rough_CEC,8.289739946429343
MAP,6.958594084231769
PDQ,6.083271479712583
rough_Soil.C,5.643432579854452
Clay,4.463144118106772
CEC,2.9715383822215915
rough_Clay,2.604469443297851
pH,1.981249210308231
