nt,pseudo_r2,pred_obs_r2,pred_obs_r2_exp
3650,0.1876037523363634,0.7485474906622057,0.750663096902693
