var,rel.inf
rough_Elevation,19.611843874212767
rough_Surface.T,14.90441672681529
rough_MAP,11.851793093746563
Elevation,10.657982713874679
rough_CEC,8.321878966211136
MAP,7.742812492266595
PDQ,6.924484627442148
Clay,5.605767995630909
rough_Soil.C,5.316015249587024
rough_Clay,3.3683587986947576
CEC,3.047764923462074
pH,2.646880538056057
