nt,pseudo_r2,pred_obs_r2,pred_obs_r2_exp
3700,0.16341079303876505,0.7520644841517052,0.7539053307016871
