var,rel.inf
rough_Elevation,18.464939784133946
rough_Surface.T,14.777909366864735
rough_MAP,11.861736828100053
Elevation,10.804449039248617
rough_CEC,8.149036312561591
MAP,7.782407185370683
PDQ,7.504424517941583
Clay,5.8858992699452735
rough_Soil.C,5.417840044867229
rough_Clay,3.575767388039951
CEC,3.225184913524583
pH,2.5504053494017476
