var,rel.inf
rough_Elevation,19.610327869580203
rough_Surface.T,15.022625215582911
rough_MAP,11.694134363314998
Elevation,10.802649202740438
MAP,7.97730416681435
rough_CEC,7.962898536713744
PDQ,7.372262677884909
rough_Soil.C,5.415410547436092
Clay,5.265653465362692
rough_Clay,3.3653863663726185
CEC,3.227203608516892
pH,2.284143979680145
