var,rel.inf
rough_Elevation,18.874930376154552
rough_Surface.T,15.24443313588634
rough_MAP,11.572716686961867
Elevation,10.768888610446266
rough_CEC,8.118656211740522
MAP,7.558541308671701
PDQ,7.028386759819936
Clay,5.653268690395387
rough_Soil.C,5.628955640375639
rough_Clay,3.6677493941434247
CEC,3.2397445637077698
pH,2.6437286216966
