var,rel.inf
rough_Elevation,20.19840302978504
rough_Surface.T,15.625410745760504
rough_MAP,11.819523926970783
Elevation,10.548837357902967
rough_CEC,8.055736196686237
MAP,7.828994472268891
PDQ,6.909838254953815
rough_Soil.C,5.447386364285822
Clay,4.963406821197592
CEC,3.2290746033320725
rough_Clay,3.0309720270700424
pH,2.3424161997862383
