var,rel.inf
rough_Elevation,21.75895713654781
rough_Surface.T,16.37208697836921
rough_MAP,12.056609911728914
Elevation,11.038847703181842
rough_CEC,8.270069046850468
MAP,7.310317948037038
PDQ,5.9220670808536955
rough_Soil.C,5.274662798210489
Clay,4.47699579393375
CEC,2.9755874970284784
rough_Clay,2.8256751898405206
pH,1.7181229154177793
