var,rel.inf
rough_Elevation,18.896184631770776
rough_Surface.T,14.501786663126424
rough_MAP,12.52545547807445
Elevation,10.698965242320138
rough_CEC,8.08610404540926
MAP,7.927176644095168
PDQ,7.261215498874627
rough_Soil.C,5.480012576621293
Clay,5.371171707174623
rough_Clay,3.5216145622338404
CEC,3.4751842850703247
pH,2.2551286652290763
