nt,pseudo_r2,pred_obs_r2,pred_obs_r2_exp
2700,0.1018300041640543,0.7046753847645599,0.7076342436188946
