var,rel.inf
rough_Elevation,19.809247456202595
rough_Surface.T,15.141013786121214
rough_MAP,12.23899882115725
Elevation,11.136738221702347
rough_CEC,7.918065131521607
MAP,7.701396955105043
PDQ,6.694425441250725
rough_Soil.C,5.367727949051059
Clay,5.356259719547736
rough_Clay,3.212956934089498
CEC,3.2102211314102154
pH,2.212948452840705
