var,rel.inf
rough_Elevation,18.85362196552588
rough_Surface.T,14.581063100055232
rough_MAP,12.119789253920304
Elevation,10.639248802154935
rough_CEC,7.837107404886095
MAP,7.814714305137185
PDQ,7.762764022189604
Clay,5.849140519002706
rough_Soil.C,5.269365512979197
CEC,3.4734127041333847
rough_Clay,3.4162428726818512
pH,2.3835295373336236
