var,rel.inf
rough_Elevation,19.093544350827823
rough_Surface.T,14.613294296636392
rough_MAP,11.950200709874622
Elevation,10.87588708764826
rough_CEC,7.989766352464514
MAP,7.887757876650555
PDQ,7.029773126185692
Clay,5.894962681076251
rough_Soil.C,5.3736247999386615
CEC,3.60569226857546
rough_Clay,3.5015395587725258
pH,2.183956891349245
