var,rel.inf
rough_Elevation,19.65397276827835
rough_Surface.T,15.219686975856888
rough_MAP,11.815699542310382
Elevation,10.610113714838262
rough_CEC,8.01461563996378
MAP,7.793573943542576
PDQ,6.9080927506390015
rough_Soil.C,5.7199781929854066
Clay,5.234147463619602
CEC,3.375503625043056
rough_Clay,3.2786070710365283
pH,2.376008311886171
