nt,pseudo_r2,pred_obs_r2,pred_obs_r2_exp
3450,0.16878301817501962,0.740058913181961,0.7424646403395315
