nt,pseudo_r2,pred_obs_r2,pred_obs_r2_exp
4500,0.1908955878760834,0.781039750635268,0.7823600861043514
