var,rel.inf
rough_Elevation,20.547120965234893
rough_Surface.T,15.436351759784332
rough_MAP,12.317634077499697
Elevation,10.840418290053474
rough_CEC,8.112964982331846
MAP,7.474063237818422
PDQ,6.738169227662833
Clay,5.337573051409779
rough_Soil.C,5.1923225342802075
rough_Clay,2.967671057231093
CEC,2.9647781434529765
pH,2.0709326732404465
