var,rel.inf
rough_Elevation,20.676339903632194
rough_Surface.T,15.37307214488383
rough_MAP,11.705262046513615
Elevation,10.819230548890802
rough_CEC,7.902792252603503
MAP,7.709097228932882
PDQ,6.384891124168925
rough_Soil.C,5.718675954235329
Clay,5.036751685266863
CEC,3.461146524806187
rough_Clay,3.1734872987018368
pH,2.0392532873640326
