nt,pseudo_r2,pred_obs_r2,pred_obs_r2_exp
2300,0.13786154278251395,0.678506360313946,0.6819907348284411
