nt,pseudo_r2,pred_obs_r2,pred_obs_r2_exp
2200,0.09763023717557195,0.6747306796083069,0.67793144481857
