var,rel.inf
rough_Elevation,20.207663378080763
rough_Surface.T,15.105022983152072
rough_MAP,12.185272159797131
Elevation,10.995281115532281
MAP,7.732101829288606
rough_CEC,7.657739881007727
PDQ,6.728313744180139
rough_Soil.C,5.437139332707086
Clay,5.3996348859488394
rough_Clay,3.264145029569216
CEC,3.2080797824770606
pH,2.079605878259075
