nt,pseudo_r2,pred_obs_r2,pred_obs_r2_exp
3850,0.1577231304367197,0.7570880667039308,0.7590673780307206
