var,rel.inf
rough_Elevation,21.05228924038811
rough_Surface.T,15.940207653965372
rough_MAP,11.591230682474867
Elevation,10.974413340285993
rough_CEC,8.086570950368358
MAP,7.940752558638014
PDQ,6.0013095851470775
rough_Soil.C,5.743603829454856
Clay,4.702323452626037
rough_Clay,3.120001919027913
CEC,3.017642509510191
pH,1.8296542781132112
