nt,pseudo_r2,pred_obs_r2,pred_obs_r2_exp
3450,0.1606703258016372,0.7404952936276031,0.7426064475646577
