nt,pseudo_r2,pred_obs_r2,pred_obs_r2_exp
2100,0.117009109986007,0.6656647899159532,0.6690033461832245
