var,rel.inf
rough_Elevation,18.04019385996622
rough_Surface.T,13.801733343414702
rough_MAP,11.881351594615712
Elevation,10.06862202272417
rough_CEC,8.10105599347426
MAP,7.933717915724029
PDQ,7.695617368023907
Clay,6.569386079227404
rough_Soil.C,5.544214512965372
rough_Clay,3.865180521404176
CEC,3.740789617708861
pH,2.7581371707511857
