nt,pseudo_r2,pred_obs_r2,pred_obs_r2_exp
3200,0.14099518259842336,0.72876256449481,0.7311287793643647
