nt,pseudo_r2,pred_obs_r2,pred_obs_r2_exp
2750,0.11248666024216547,0.7056565685487182,0.7085006196757246
