var,rel.inf
rough_Elevation,18.924031347804895
rough_Surface.T,14.750624919877918
rough_MAP,11.665454081705759
Elevation,10.432548752725733
rough_CEC,8.068246799332275
MAP,7.551709753935862
PDQ,7.199498459578785
Clay,5.928318741203402
rough_Soil.C,5.691154878444783
rough_Clay,3.6298942986129896
CEC,3.559849305671053
pH,2.598668661106544
