var,rel.inf
rough_Elevation,18.244584130288082
rough_Surface.T,14.542787472085443
rough_MAP,11.816544262103402
Elevation,10.529800901956573
MAP,8.103264366700289
rough_CEC,7.99123664325001
PDQ,7.324858069885467
Clay,6.027862023316341
rough_Soil.C,5.379677637265355
CEC,3.724027179591381
rough_Clay,3.594314269803343
pH,2.721043043754306
