var,rel.inf
rough_Elevation,22.28334559154584
rough_Surface.T,16.477346489256863
rough_MAP,11.57493804682782
Elevation,10.890301158001048
rough_CEC,7.783149561056394
MAP,7.698410332495329
PDQ,6.191460610397074
rough_Soil.C,5.378452153410465
Clay,4.5634799266277986
CEC,2.8591078956991884
rough_Clay,2.6835895004092603
pH,1.6164187342729148
