nt,pseudo_r2,pred_obs_r2,pred_obs_r2_exp
1500,0.07552308885377235,0.6213805879177914,0.6261103001593159
