nt,pseudo_r2,pred_obs_r2,pred_obs_r2_exp
3950,0.13139429299831207,0.7632937200536952,0.7648995533711576
