var,rel.inf
rough_Elevation,18.27199467938644
rough_Surface.T,14.369544925167565
rough_MAP,12.177200869201272
Elevation,10.322899774772818
PDQ,7.8760282728106406
rough_CEC,7.794127742161556
MAP,7.593027759832692
Clay,5.867397777840686
rough_Soil.C,5.664372276422574
CEC,3.6848854615949915
rough_Clay,3.50254737916398
pH,2.8759730816447924
