nt,pseudo_r2,pred_obs_r2,pred_obs_r2_exp
3500,0.1573374835375303,0.7422475107758931,0.7440529114483585
