nt,pseudo_r2,pred_obs_r2,pred_obs_r2_exp
3150,0.11842301214292428,0.7270189246131292,0.7293511308078592
