nt,pseudo_r2,pred_obs_r2,pred_obs_r2_exp
4700,0.21207156959445284,0.7868336573154745,0.7881173212826033
