nt,pseudo_r2,pred_obs_r2,pred_obs_r2_exp
2950,0.12360150760213118,0.7190384216167635,0.7216343949274324
