var,rel.inf
rough_Elevation,19.09871009182786
rough_Surface.T,14.95363034338641
rough_MAP,11.644140900084873
Elevation,10.760244952648794
rough_CEC,8.106876380437166
MAP,8.065215429300881
PDQ,6.997266499120733
Clay,5.452227800439253
rough_Soil.C,5.4398232197414975
rough_Clay,3.6633616853268434
CEC,3.4258716525072512
pH,2.392631045178435
