var,rel.inf
rough_Elevation,18.974569846922876
rough_Surface.T,14.639559949740688
rough_MAP,11.91219635081532
Elevation,10.463875900274433
rough_CEC,8.023534411410518
MAP,7.800141845392339
PDQ,7.402560842017134
Clay,5.639421558325433
rough_Soil.C,5.524025042672244
rough_Clay,3.73420507372366
CEC,3.305565107953155
pH,2.5803440707521963
