nt,pseudo_r2,pred_obs_r2,pred_obs_r2_exp
3150,0.15389589894688327,0.7272501698044616,0.7294958514787568
