nt,pseudo_r2,pred_obs_r2,pred_obs_r2_exp
2550,0.09383914830354101,0.6934327767415683,0.6967288464802867
