nt,pseudo_r2,pred_obs_r2,pred_obs_r2_exp
3350,0.1510184202026298,0.7370934174880254,0.7391350344458201
