var,rel.inf
rough_Elevation,19.547837857438758
rough_Surface.T,14.976616934537004
rough_MAP,11.757153385259171
Elevation,10.579643194777208
rough_CEC,8.227055108647727
MAP,7.958494624502367
PDQ,7.318080393113564
rough_Soil.C,5.435097690168186
Clay,5.275227073683393
rough_Clay,3.468362478054271
CEC,3.176883796557662
pH,2.2795474632606942
