var,rel.inf
rough_Elevation,18.941781166621556
rough_Surface.T,14.584334341096797
rough_MAP,11.948700798158143
Elevation,10.99316283992977
PDQ,7.632106475327803
rough_CEC,7.524945896714015
MAP,7.377553252696445
Clay,6.101677572765784
rough_Soil.C,5.541546569880473
CEC,3.596485503603476
rough_Clay,3.2106624675276803
pH,2.5470431156780653
