var,rel.inf
rough_Elevation,19.30059135195632
rough_Surface.T,15.233302486950187
rough_MAP,11.8558008057508
Elevation,10.490064440411002
MAP,7.771337708395315
rough_CEC,7.753264483234933
PDQ,7.334482776166124
rough_Soil.C,5.71666832264543
Clay,5.667132626021254
CEC,3.590433484771917
rough_Clay,3.1607568244823705
pH,2.126164689214346
