nt,pseudo_r2,pred_obs_r2,pred_obs_r2_exp
2850,0.1262939185279094,0.7110049487702488,0.7136458078691871
