var,rel.inf
rough_Elevation,18.09664828445056
rough_Surface.T,13.94667016618101
rough_MAP,11.542583301726296
Elevation,10.36830221378043
PDQ,8.112658431140316
rough_CEC,7.999172080991118
MAP,7.837953189408479
Clay,6.291647768140046
rough_Soil.C,5.5043410377434405
CEC,3.7805172197205903
rough_Clay,3.7018243379325133
pH,2.817681968785198
