var,rel.inf
rough_Elevation,19.300279801746
rough_Surface.T,14.98127399613674
rough_MAP,11.931051135060214
Elevation,10.187847798507105
rough_CEC,8.046994603598565
PDQ,7.734313049417896
MAP,7.706484183450841
Clay,5.749162301960189
rough_Soil.C,5.377664020563781
rough_Clay,3.3492976892351645
CEC,3.146143242742405
pH,2.489488177581098
