var,rel.inf
rough_Elevation,21.246111828744905
rough_Surface.T,15.50592887300064
rough_MAP,12.036829267928626
Elevation,10.729256712124915
rough_CEC,8.044136880425754
MAP,7.621592374672877
PDQ,6.797560270049885
rough_Soil.C,5.149532815355747
Clay,4.6574001184328715
rough_Clay,3.034427568258779
CEC,2.897927258862219
pH,2.2792960321427795
