var,rel.inf
rough_Elevation,18.406683750355022
rough_Surface.T,14.385848579768162
rough_MAP,11.521623447690104
Elevation,10.755097061062239
rough_CEC,8.124984495183755
MAP,7.953671187421222
PDQ,7.551970796422398
Clay,5.780466546254554
rough_Soil.C,5.610870509502313
rough_Clay,3.7389546503674778
CEC,3.5444343246871344
pH,2.6253946512856285
