nt,pseudo_r2,pred_obs_r2,pred_obs_r2_exp
2750,0.14131258121721546,0.7071830610384521,0.7098635979811346
