var,rel.inf
rough_Elevation,17.999679175138
rough_Surface.T,15.032294179749698
rough_MAP,11.673196557632071
Elevation,10.297724856124601
MAP,8.084808270218742
rough_CEC,7.938889753720748
PDQ,7.415624311010086
Clay,5.885266794920229
rough_Soil.C,5.631628446095064
rough_Clay,3.7191929870340634
CEC,3.6512765280341806
pH,2.6704181403225182
