nt,pseudo_r2,pred_obs_r2,pred_obs_r2_exp
2950,0.15322059855099834,0.7197760564509509,0.7225383869855627
