var,rel.inf
rough_Elevation,18.17945829061754
rough_Surface.T,14.667214857246769
rough_MAP,12.092057193437219
Elevation,10.806435321362198
rough_CEC,7.828777421488312
MAP,7.654202782568565
PDQ,7.391051206064746
Clay,5.911065393813919
rough_Soil.C,5.330401650657358
rough_Clay,3.668571581691825
CEC,3.66685628148027
pH,2.803908019571278
