nt,pseudo_r2,pred_obs_r2,pred_obs_r2_exp
2900,0.13871080427354898,0.7109170350082147,0.713659521829929
