var,rel.inf
rough_Elevation,17.846210859179113
rough_Surface.T,15.02213350540351
rough_MAP,11.425880922146542
Elevation,10.30829076021084
MAP,8.2402758448465
PDQ,7.712714163330879
rough_CEC,7.67011041569536
Clay,6.020255866167888
rough_Soil.C,5.622144743424315
rough_Clay,3.8259496149886916
CEC,3.6738865123910243
pH,2.632146792215339
