var,rel.inf
rough_Elevation,19.082103917480584
rough_Surface.T,15.112876614679399
rough_MAP,11.785106533465665
Elevation,10.15259342765992
rough_CEC,7.921204445746126
MAP,7.8125342877410056
PDQ,7.778381533258736
rough_Soil.C,5.509722995672172
Clay,5.478014715212845
CEC,3.6143349186368323
rough_Clay,3.1921677876649177
pH,2.560958822781804
