var,rel.inf
rough_Elevation,20.06915570617557
rough_Surface.T,15.799852189079761
rough_MAP,12.344982486853832
Elevation,10.779451989282542
MAP,7.790837442017514
rough_CEC,7.752818679124196
PDQ,6.311405984315119
rough_Soil.C,5.557307581312016
Clay,5.199495867819737
rough_Clay,3.199284926933027
CEC,3.0302034732388594
pH,2.1652036738478224
