nt,pseudo_r2,pred_obs_r2,pred_obs_r2_exp
3650,0.13313884739991733,0.7486360630445685,0.750706549601793
