var,rel.inf
rough_Elevation,19.691107086998002
rough_Surface.T,14.767292583117268
rough_MAP,11.626866823701352
Elevation,10.849796171636715
rough_CEC,8.127114094501527
MAP,8.119360801292252
PDQ,7.042958729306318
rough_Soil.C,5.600547686204957
Clay,5.319672901268162
CEC,3.3967477773590775
rough_Clay,3.3853618458623838
pH,2.0731734987519848
