nt,pseudo_r2,pred_obs_r2,pred_obs_r2_exp
2600,0.10902399208946445,0.6958012660901085,0.6989319704260915
