nt,pseudo_r2,pred_obs_r2,pred_obs_r2_exp
2900,0.09283620407990445,0.7131525092437715,0.7155941700354048
