nt,pseudo_r2,pred_obs_r2,pred_obs_r2_exp
4750,0.16724858700799483,0.7891794933334567,0.7903570774153552
