var,rel.inf
rough_Elevation,19.56821165687711
rough_Surface.T,14.864642700843486
rough_MAP,11.796185709051755
Elevation,10.652261174309668
rough_CEC,8.231052285558327
MAP,7.735223039667669
PDQ,7.417493069572334
rough_Soil.C,5.61335145198598
Clay,5.205128310577216
CEC,3.4606155893387887
rough_Clay,2.935474674879524
pH,2.520360337338137
