var,rel.inf
rough_Elevation,20.501048442608667
rough_Surface.T,15.617904663366357
rough_MAP,11.903175659481178
Elevation,11.149405469923623
rough_CEC,8.353009944607486
MAP,7.45964422047529
PDQ,6.508461565184361
rough_Soil.C,5.334146311064528
Clay,5.114461229665024
rough_Clay,2.965063529973141
CEC,2.95462864174397
pH,2.1390503219063683
