var,rel.inf
rough_Elevation,22.250805427905892
rough_Surface.T,16.261678272313592
rough_MAP,11.626434182585573
Elevation,11.409346348219184
rough_CEC,7.814450697933373
MAP,7.341425252854342
PDQ,5.928899020528268
rough_Soil.C,5.187384562183634
Clay,4.344462728051042
CEC,3.1569148535698996
rough_Clay,3.0258406006929963
pH,1.6523580531621969
