var,rel.inf
rough_Elevation,18.2665776894439
rough_Surface.T,13.95647100207564
rough_MAP,11.979355286587088
Elevation,10.662560015723841
rough_CEC,8.026855339313137
PDQ,7.9837750818789885
MAP,7.572440964123566
Clay,5.891335242211123
rough_Soil.C,5.575848107790809
CEC,3.811997726249764
rough_Clay,3.6828285717934004
pH,2.5899549728087425
