var,rel.inf
rough_Elevation,18.758070976682422
rough_Surface.T,14.745142428827364
rough_MAP,12.049684815894468
Elevation,10.909304889702904
rough_CEC,7.782678756508322
MAP,7.38522458263513
PDQ,7.00901656108319
Clay,5.8100472031597095
rough_Soil.C,5.446906050265998
rough_Clay,3.730516471475817
CEC,3.6773056847277013
pH,2.696101579036969
