var,rel.inf
rough_Elevation,17.772359145676546
rough_Surface.T,14.268485989981984
rough_MAP,11.57733946662108
Elevation,10.636095267575904
MAP,8.091425258321525
PDQ,7.846249050250227
rough_CEC,7.7201190324122715
Clay,6.232375685603274
rough_Soil.C,5.584557817626478
rough_Clay,3.7444667175871937
CEC,3.706096243447998
pH,2.8204303248955194
