nt,pseudo_r2,pred_obs_r2,pred_obs_r2_exp
3350,0.14268581203918107,0.7361742169306461,0.7385220285970252
