nt,pseudo_r2,pred_obs_r2,pred_obs_r2_exp
3250,0.1274514228336422,0.7299799420747715,0.7324802165550403
