var,rel.inf
rough_Elevation,20.9517912213227
rough_Surface.T,15.917459334890127
rough_MAP,11.764696650704073
Elevation,10.728840352067627
rough_CEC,7.694482116511639
MAP,7.602517643511536
PDQ,6.64775635927784
rough_Soil.C,5.429319537514711
Clay,5.08531846100452
CEC,3.3166997751425393
rough_Clay,2.9832544521188185
pH,1.8778640959338748
