nt,pseudo_r2,pred_obs_r2,pred_obs_r2_exp
2600,0.10411743823636954,0.6984303290240089,0.700812408550999
