var,rel.inf
rough_Elevation,18.39831749244485
rough_Surface.T,14.563027443116088
rough_MAP,11.833600487504496
Elevation,10.894591726609711
MAP,7.959319423976252
rough_CEC,7.711580573010889
PDQ,7.5014287149585694
Clay,6.082708793549412
rough_Soil.C,5.3500084612642915
CEC,3.517819384778457
rough_Clay,3.4590529302147095
pH,2.728544568572268
