nt,pseudo_r2,pred_obs_r2,pred_obs_r2_exp
3500,0.16014235856518033,0.7429200767591994,0.7448708318620836
