nt,pseudo_r2,pred_obs_r2,pred_obs_r2_exp
3200,0.0963705326518075,0.72968946167519,0.7321022625498578
