nt,pseudo_r2,pred_obs_r2,pred_obs_r2_exp
2700,0.12441626786177984,0.7040985291587306,0.7069613351961154
