var,rel.inf
rough_Elevation,20.76569887147714
rough_Surface.T,15.497664435696347
rough_MAP,11.845860414387676
Elevation,10.465319346924014
rough_CEC,8.10375476008398
MAP,7.360337681390017
PDQ,6.802410974199051
rough_Soil.C,5.575524360603508
Clay,5.075071901082342
CEC,3.138398111069438
rough_Clay,3.048651578921021
pH,2.3213075641654632
