var,rel.inf
rough_Elevation,19.232575440331477
rough_Surface.T,14.90941109077437
rough_MAP,12.164024744579743
Elevation,10.435508846370729
rough_CEC,7.848753852529077
MAP,7.672948363646003
PDQ,7.064682854213564
Clay,5.452614293170775
rough_Soil.C,5.430338347576088
CEC,3.7305328680775167
rough_Clay,3.4167211932871173
pH,2.6418881054435435
