nt,pseudo_r2,pred_obs_r2,pred_obs_r2_exp
3700,0.13679652172658874,0.7532898752481205,0.7552359404028065
