var,rel.inf
rough_Elevation,19.90480088206734
rough_Surface.T,15.510544523222565
rough_MAP,11.772480414155437
Elevation,10.696346398424646
rough_CEC,7.810240038860329
MAP,7.690427523213899
PDQ,6.8173063907093034
rough_Soil.C,5.591111200383748
Clay,5.533487500411542
rough_Clay,3.5160029047182055
CEC,3.154438623599114
pH,2.0028136002338655
