nt,pseudo_r2,pred_obs_r2,pred_obs_r2_exp
3100,0.1438049408541081,0.7235928896537392,0.7261368942796207
