var,rel.inf
rough_Elevation,19.27662779503017
rough_Surface.T,15.381551383970157
rough_MAP,11.60230929857309
Elevation,10.361267933082008
rough_CEC,8.282252797661958
MAP,7.801387955738079
PDQ,7.301605596386841
Clay,5.488075744481883
rough_Soil.C,5.316984042318622
CEC,3.5233928904777487
rough_Clay,3.3879895709067767
pH,2.276554991372664
