nt,pseudo_r2,pred_obs_r2,pred_obs_r2_exp
3800,0.18117818521008233,0.7556498447978661,0.7574516492849749
