nt,pseudo_r2,pred_obs_r2,pred_obs_r2_exp
2900,0.15594024338763612,0.7142869311886043,0.7167016992173127
