var,rel.inf
rough_Elevation,18.881352998880235
rough_Surface.T,14.665637594323282
rough_MAP,11.878925934366633
Elevation,10.605947221779044
MAP,7.992558267697324
rough_CEC,7.785312298275803
PDQ,7.614700796704753
Clay,5.969925859756412
rough_Soil.C,5.258609529257264
rough_Clay,3.4353883351813694
CEC,3.3488963616598277
pH,2.562744802118056
