nt,pseudo_r2,pred_obs_r2,pred_obs_r2_exp
3350,0.14664883130806095,0.7356482470706905,0.737632277644448
