nt,pseudo_r2,pred_obs_r2,pred_obs_r2_exp
2800,0.1465865559283447,0.7095780890016326,0.7126338760425208
