nt,pseudo_r2,pred_obs_r2,pred_obs_r2_exp
3100,0.16768627459441487,0.7218038377074522,0.7242761373920631
