nt,pseudo_r2,pred_obs_r2,pred_obs_r2_exp
3300,0.1851089070579156,0.7328196700459978,0.7351596828367626
