var,rel.inf
rough_Elevation,19.806438541831056
rough_Surface.T,15.107648340087366
rough_MAP,11.899003886907122
Elevation,10.23289232695396
MAP,7.805875176091974
rough_CEC,7.692124351241615
PDQ,7.246043558386098
rough_Soil.C,5.667652754938284
Clay,5.370677183305719
CEC,3.5028599751379756
rough_Clay,3.2782391498275523
pH,2.3905447552912826
