var,rel.inf
rough_Elevation,19.47424080078835
rough_Surface.T,15.043116485608598
rough_MAP,11.752655136698488
Elevation,10.431185195002659
rough_CEC,8.101284058071714
MAP,8.035975706760158
PDQ,7.049778611196302
rough_Soil.C,5.395998242999104
Clay,5.374989444675555
rough_Clay,3.7317053795829613
CEC,3.2165822040892516
pH,2.39248873452685
