var,rel.inf
rough_Elevation,19.029955413104965
rough_Surface.T,15.159203844293188
rough_MAP,12.063486074597153
Elevation,10.52561144149387
MAP,8.15666610960698
rough_CEC,7.712200751648489
PDQ,7.249534325791593
rough_Soil.C,5.5521898185092775
Clay,5.397552922919057
rough_Clay,3.4679258727856497
CEC,3.3193415491001352
pH,2.3663318761496455
