var,rel.inf
rough_Elevation,20.648669853446386
rough_Surface.T,15.390697268454431
rough_MAP,11.900574313490274
Elevation,10.569998017621089
rough_CEC,8.213236042999752
MAP,7.514742514736164
PDQ,6.606862369517772
Clay,5.411968985762811
rough_Soil.C,5.366717508412605
rough_Clay,3.4608747067429095
CEC,3.000021875681958
pH,1.9156365431338556
