var,rel.inf
rough_Elevation,20.607401268463594
rough_Surface.T,15.608548713480866
rough_MAP,11.54223868823028
Elevation,10.513248211143733
rough_CEC,8.229544708587955
MAP,7.714989938045209
PDQ,6.912572829483103
rough_Soil.C,5.357540729416528
Clay,5.129211657631073
CEC,3.379501003483394
rough_Clay,3.098025744487904
pH,1.9071765075463682
