var,rel.inf
rough_Elevation,21.860195203733696
rough_Surface.T,16.212153617414938
rough_MAP,12.250968891425048
Elevation,10.652794556438533
rough_CEC,8.443694501705766
MAP,7.384399332603637
PDQ,5.666230538391468
rough_Soil.C,5.359117868026065
Clay,4.364280275318768
rough_Clay,3.0432573343701406
CEC,3.0263554098963033
pH,1.73655247067563
