nt,pseudo_r2,pred_obs_r2,pred_obs_r2_exp
3750,0.17767215053197116,0.7545307736756864,0.7563204705432123
