nt,pseudo_r2,pred_obs_r2,pred_obs_r2_exp
2900,0.1727962313387268,0.7127651686820442,0.7150551538785571
