var,rel.inf
rough_Elevation,20.6748203925851
rough_Surface.T,15.867462993283327
rough_MAP,11.79012115272243
Elevation,10.99814830226844
rough_CEC,8.224421926627224
MAP,7.132418695696063
PDQ,6.054218564715258
rough_Soil.C,5.799984200851362
Clay,4.70610223119604
CEC,3.4414871909671962
rough_Clay,3.111865049024477
pH,2.1989493000630866
