nt,pseudo_r2,pred_obs_r2,pred_obs_r2_exp
2800,0.13918504947296373,0.7070848835527248,0.7101070642886242
