var,rel.inf
rough_Elevation,19.446182505299323
rough_Surface.T,15.491332670870793
rough_MAP,11.638702590720591
Elevation,10.644818108663314
rough_CEC,7.914202636581933
MAP,7.7892269845054525
PDQ,7.095228777571807
rough_Soil.C,5.695890150690768
Clay,5.218996402268646
rough_Clay,3.4499996854064485
CEC,3.166035371441208
pH,2.4493841159797225
