var,rel.inf
rough_Elevation,20.125146236659543
rough_Surface.T,15.454174117146916
rough_MAP,11.769321178826987
Elevation,10.73189905578964
MAP,8.167478966534533
rough_CEC,8.114616105408233
PDQ,6.771503346222208
rough_Soil.C,5.461478956937928
Clay,4.923215104595653
rough_Clay,3.3396124992384166
CEC,2.9021884871475763
pH,2.2393659454923713
