var,rel.inf
rough_Elevation,21.76706185258276
rough_Surface.T,15.659439989671576
rough_MAP,11.72215882409944
Elevation,11.120673974182298
rough_CEC,8.427940855448234
MAP,7.699647216451731
PDQ,6.044749569426852
rough_Soil.C,5.184225163099925
Clay,4.731100483311216
CEC,2.966664153492964
rough_Clay,2.778596169949136
pH,1.8977417482838717
