var,rel.inf
rough_Elevation,21.39028491528041
rough_Surface.T,15.933577195101034
rough_MAP,11.93439110092365
Elevation,10.813059513131035
rough_CEC,8.430435251537885
MAP,7.043575325114877
PDQ,6.27494265924096
rough_Soil.C,5.547558346249034
Clay,4.798933202815223
CEC,2.979700779286109
rough_Clay,2.922568338368263
pH,1.9309733729515266
