var,rel.inf
rough_Elevation,21.010896929413487
rough_Surface.T,15.382323501503471
rough_MAP,12.109008292220828
Elevation,10.939380936664337
rough_CEC,8.330082612311498
MAP,7.185170169549351
PDQ,6.518636036390082
rough_Soil.C,5.322622811454709
Clay,4.732027578730518
CEC,3.3512366385873027
rough_Clay,3.074680828632419
pH,2.0439336645419948
