nt,pseudo_r2,pred_obs_r2,pred_obs_r2_exp
3200,0.1260234043735119,0.7317600902390965,0.7340568004991552
