nt,pseudo_r2,pred_obs_r2,pred_obs_r2_exp
3200,0.092412028460653,0.7302308469278551,0.7324911680972858
