var,rel.inf
rough_Elevation,20.22029376766563
rough_Surface.T,15.326942251000299
rough_MAP,12.425166349566368
Elevation,10.680853975250653
rough_CEC,7.992074237344478
MAP,7.711567681990725
PDQ,6.8574390880712945
rough_Soil.C,5.383827840528196
Clay,5.135214162555341
rough_Clay,3.3264466170770555
CEC,2.9000044025524923
pH,2.0401696263974602
