var,rel.inf
rough_Elevation,18.75096341874898
rough_Surface.T,14.517996595804382
rough_MAP,11.965307441567047
Elevation,10.803167466986938
MAP,7.852513252577947
rough_CEC,7.70094256075375
PDQ,7.680492335123936
Clay,5.6752751993714945
rough_Soil.C,5.531321015284549
CEC,3.4629113377775607
rough_Clay,3.46024334455823
pH,2.5988660314451786
