nt,pseudo_r2,pred_obs_r2,pred_obs_r2_exp
2850,0.10416689870812357,0.7113100480013919,0.7142700913538985
