nt,pseudo_r2,pred_obs_r2,pred_obs_r2_exp
2300,0.11462095587394616,0.6786208400093058,0.681496933694363
