nt,pseudo_r2,pred_obs_r2,pred_obs_r2_exp
2600,0.15899928360161109,0.6971304980841058,0.7001570644380927
