nt,pseudo_r2,pred_obs_r2,pred_obs_r2_exp
3650,0.12692814840056865,0.749029253091035,0.7510040423723363
