var,rel.inf
rough_Elevation,19.653569810491533
rough_Surface.T,15.823267243892216
rough_MAP,11.578811596607464
Elevation,10.579388818079794
rough_CEC,7.871836693704691
MAP,7.423716393843228
PDQ,6.6937474783400805
rough_Soil.C,5.626540924989785
Clay,5.429035953842347
rough_Clay,3.5016579871116402
CEC,3.2683453180591338
pH,2.550081781038091
