var,rel.inf
rough_Elevation,22.94078918023485
rough_Surface.T,16.452063708578294
rough_MAP,11.9141309554904
Elevation,10.86418041503821
rough_CEC,8.311166021918284
MAP,6.882681547644573
PDQ,5.743566543370985
rough_Soil.C,5.639267647449283
Clay,4.316568824974388
rough_Clay,2.566712140808881
CEC,2.5412743496060513
pH,1.8275986648858067
