nt,pseudo_r2,pred_obs_r2,pred_obs_r2_exp
3800,0.1438640655382244,0.7537712716547089,0.7558573794411388
