nt,pseudo_r2,pred_obs_r2,pred_obs_r2_exp
2550,0.10756863975793729,0.6976306039286901,0.7002036527681893
