var,rel.inf
rough_Elevation,19.19511289259571
rough_Surface.T,15.29203800840906
rough_MAP,11.728895003149159
Elevation,10.652287818283375
rough_CEC,8.094724844057328
MAP,7.77647203876087
PDQ,7.029168007372809
Clay,5.683313217634145
rough_Soil.C,5.4466376751415275
rough_Clay,3.6236539052870844
CEC,3.2916171434688737
pH,2.186079445840061
