var,rel.inf
rough_Elevation,19.35568678635076
rough_Surface.T,15.403461119669092
rough_MAP,12.122894370163024
Elevation,10.600497069598154
MAP,7.879146977135346
rough_CEC,7.870988371818747
PDQ,7.224450405569389
Clay,5.506973946665044
rough_Soil.C,5.17640138365809
rough_Clay,3.5501979231650758
CEC,3.1086788144017707
pH,2.2006228318055086
