var,rel.inf
rough_Elevation,19.149780236003767
rough_Surface.T,14.902153801842003
rough_MAP,11.75909452347211
Elevation,10.440703331216037
rough_CEC,8.13881413519948
MAP,7.570940746545401
PDQ,7.536465318872731
Clay,5.764469406306307
rough_Soil.C,5.621650765891748
CEC,3.284014210835542
rough_Clay,3.2269679316882676
pH,2.604945592126612
