var,rel.inf
rough_Elevation,19.528230665487797
rough_Surface.T,15.195461803789412
rough_MAP,11.82495967931036
Elevation,10.501058779584369
rough_CEC,7.847251218675738
MAP,7.728333003538724
PDQ,7.113725728097294
Clay,5.633828437111031
rough_Soil.C,5.520050545722417
rough_Clay,3.4818966682400765
CEC,3.11708563830574
pH,2.5081178321370405
