var,rel.inf
rough_Elevation,23.762447712452865
rough_Surface.T,16.348944822094737
rough_MAP,12.468682524072344
Elevation,10.937167140183238
rough_CEC,7.913404179428513
MAP,7.447427403114298
rough_Soil.C,5.493010377446236
PDQ,5.42556276404479
Clay,3.890427459196013
CEC,2.436795985611345
rough_Clay,2.2352866959007973
pH,1.64084293645482
