nt,pseudo_r2,pred_obs_r2,pred_obs_r2_exp
2800,0.1107820651231195,0.7105471239452713,0.7134784683572019
