nt,pseudo_r2,pred_obs_r2,pred_obs_r2_exp
2600,0.1443861784958782,0.6972010809532313,0.700124962924916
