var,rel.inf
rough_Elevation,20.457818230893476
rough_Surface.T,15.29661881294203
rough_MAP,12.08549786881728
Elevation,10.811716040624322
rough_CEC,7.8230416918257255
MAP,7.762281435306128
PDQ,6.5913342487957625
rough_Soil.C,5.428194574814881
Clay,4.996288972820724
CEC,3.4578420542879114
rough_Clay,3.2927554105554973
pH,1.9966106583162637
