var,rel.inf
rough_Elevation,20.687804308648523
rough_Surface.T,15.643440639871917
rough_MAP,12.137060141001728
Elevation,10.934803559559057
rough_CEC,8.080547546404079
MAP,7.343752552570123
PDQ,6.226595192918729
rough_Soil.C,5.512587147966022
Clay,5.258164838487361
rough_Clay,3.235718206151676
CEC,2.887318900999482
pH,2.0522069654213086
