var,rel.inf
rough_Elevation,18.309639235006475
rough_Surface.T,14.608740847332443
rough_MAP,12.013397336371296
Elevation,10.36716978606629
MAP,8.394485701506088
rough_CEC,7.745069721400451
PDQ,7.041164977659249
Clay,5.85558523758035
rough_Soil.C,5.43964387910437
rough_Clay,3.9016016354853886
CEC,3.7162987671507253
pH,2.6072028753368732
