nt,pseudo_r2,pred_obs_r2,pred_obs_r2_exp
3050,0.12105653973626829,0.7208283388928841,0.7235681881894923
