var,rel.inf
rough_Elevation,19.594606873184997
rough_Surface.T,14.6540823239324
rough_MAP,12.016984345277523
Elevation,10.735586543482322
rough_CEC,8.362497420090083
MAP,7.940762457284869
PDQ,6.831575746410247
Clay,5.325327806650132
rough_Soil.C,5.275728962123505
rough_Clay,3.592162509472857
CEC,3.4712742775501444
pH,2.1994107345409115
