nt,pseudo_r2,pred_obs_r2,pred_obs_r2_exp
4350,0.21868035773113936,0.7768103556991995,0.7782633324054659
