nt,pseudo_r2,pred_obs_r2,pred_obs_r2_exp
3900,0.12826748703927138,0.7590640783288,0.7609622994489056
