nt,pseudo_r2,pred_obs_r2,pred_obs_r2_exp
3850,0.1686701548803703,0.7565946880489576,0.7585337943616601
