nt,pseudo_r2,pred_obs_r2,pred_obs_r2_exp
3200,0.1239007080968324,0.7283137899639566,0.7305170249344873
