nt,pseudo_r2,pred_obs_r2,pred_obs_r2_exp
3650,0.12050823515116638,0.7490049814688192,0.7510725190163882
