nt,pseudo_r2,pred_obs_r2,pred_obs_r2_exp
4100,0.17764764140781508,0.766724109720769,0.7684436476228662
