var,rel.inf
rough_Elevation,19.04631021978188
rough_Surface.T,15.006596461038521
rough_MAP,11.871495347887233
Elevation,10.338390508870418
MAP,7.821549868315639
rough_CEC,7.656882814222858
PDQ,7.5867848477271345
Clay,5.706100248532294
rough_Soil.C,5.501865343241455
rough_Clay,3.627431136273021
CEC,3.3950867093878876
pH,2.4415064947216467
