var,rel.inf
rough_Elevation,18.22386675681407
rough_Surface.T,14.307926379267988
rough_MAP,11.762537463358301
Elevation,10.31336059581245
rough_CEC,8.133194123063795
MAP,8.039095225993687
PDQ,7.540578287968868
Clay,6.315462524689992
rough_Soil.C,5.586430833038389
rough_Clay,3.7239691034597713
CEC,3.4169138000315264
pH,2.6366649065011605
