nt,pseudo_r2,pred_obs_r2,pred_obs_r2_exp
2750,0.10688376310663061,0.7043996624842763,0.7074232491627359
