nt,pseudo_r2,pred_obs_r2,pred_obs_r2_exp
3950,0.14791961199616532,0.7622828198305983,0.7640588959672927
