nt,pseudo_r2,pred_obs_r2,pred_obs_r2_exp
3500,0.16167135444716196,0.7430262733218032,0.7450309483365865
