nt,pseudo_r2,pred_obs_r2,pred_obs_r2_exp
2800,0.14059348532779992,0.7092778641964473,0.7117989319310084
