nt,pseudo_r2,pred_obs_r2,pred_obs_r2_exp
3150,0.16918271503701177,0.7275219589898599,0.7299425917247909
