nt,pseudo_r2,pred_obs_r2,pred_obs_r2_exp
2550,0.09821822900451582,0.6941661390883311,0.6972851640330933
