nt,pseudo_r2,pred_obs_r2,pred_obs_r2_exp
1200,0.060502065743960554,0.5934069685553004,0.5983394312194794
