nt,pseudo_r2,pred_obs_r2,pred_obs_r2_exp
2850,0.13895281851037045,0.7113200515893167,0.7139224284637594
