var,rel.inf
rough_Elevation,18.503200150929313
rough_Surface.T,14.49525055735849
rough_MAP,12.02069353994623
Elevation,10.414746924140717
rough_CEC,8.034380761413153
MAP,7.8722212924259765
PDQ,7.586101854579212
Clay,6.051550115095053
rough_Soil.C,5.374697523891263
rough_Clay,3.642219307424455
CEC,3.2042372776683803
pH,2.8007006951277504
