var,rel.inf
rough_Elevation,18.987124088632502
rough_Surface.T,14.478708354490884
rough_MAP,12.235925268446701
Elevation,10.88841211566135
MAP,8.033966759122066
rough_CEC,7.697203735370335
PDQ,7.174053230552246
Clay,5.681013056968111
rough_Soil.C,5.37103607113046
CEC,3.558688212433821
rough_Clay,3.391490246629077
pH,2.50237886056245
