var,rel.inf
rough_Elevation,18.55902816585932
rough_Surface.T,14.65118137604077
rough_MAP,11.998875656207336
Elevation,10.564908395015292
MAP,8.064087925675024
rough_CEC,7.5712329263958535
PDQ,7.201355948865442
Clay,6.105300397570212
rough_Soil.C,5.597665149485071
rough_Clay,3.7295325925105773
CEC,3.451275984601039
pH,2.50555548177406
