var,rel.inf
rough_Elevation,21.082991468440085
rough_Surface.T,15.752219252425864
rough_MAP,12.227977686227508
Elevation,10.600754081285249
rough_CEC,8.62302091136096
MAP,7.287489029940655
PDQ,6.233796204200451
rough_Soil.C,5.363287862850696
Clay,4.565581443150656
rough_Clay,3.217038685513414
CEC,2.768775217680901
pH,2.2770681569235567
