nt,pseudo_r2,pred_obs_r2,pred_obs_r2_exp
2550,0.11393658708544596,0.6929421789429933,0.6961358329942741
