nt,pseudo_r2,pred_obs_r2,pred_obs_r2_exp
3e3,0.16265544005812727,0.7198217822489325,0.722375292888648
