nt,pseudo_r2,pred_obs_r2,pred_obs_r2_exp
3650,0.09931186073070353,0.7500970147946966,0.7522326627588641
