nt,pseudo_r2,pred_obs_r2,pred_obs_r2_exp
3050,0.13639653520191697,0.7222825210242627,0.7246710485615542
