nt,pseudo_r2,pred_obs_r2,pred_obs_r2_exp
3100,0.13180401084336746,0.7240873343643024,0.726561695392926
