nt,pseudo_r2,pred_obs_r2,pred_obs_r2_exp
3e3,0.12772185220503096,0.7204910892125618,0.7230565595724334
