var,rel.inf
rough_Elevation,18.938711307414117
rough_Surface.T,15.011311558808828
rough_MAP,11.495021834163838
Elevation,10.490735453659541
rough_CEC,7.871010480526269
MAP,7.852006744639036
PDQ,7.302975965636461
Clay,5.889969818839193
rough_Soil.C,5.666079296519387
CEC,3.500354518262297
rough_Clay,3.3084428904240855
pH,2.6733801311069496
