var,rel.inf
rough_Elevation,18.509479074343332
rough_Surface.T,14.78912229733843
rough_MAP,11.878836700686573
Elevation,10.556235848934582
MAP,7.936826486373255
rough_CEC,7.625876294111801
PDQ,7.593995976825687
Clay,5.655774066889546
rough_Soil.C,5.417373088885826
rough_Clay,3.741923494280956
CEC,3.634918716437124
pH,2.6596379548928875
