nt,pseudo_r2,pred_obs_r2,pred_obs_r2_exp
3050,0.11489709824937222,0.7211080679891745,0.7237640346989945
