nt,pseudo_r2,pred_obs_r2,pred_obs_r2_exp
3550,0.11803878562662384,0.7435960564008625,0.7454731530278965
