nt,pseudo_r2,pred_obs_r2,pred_obs_r2_exp
3350,0.15034632172718165,0.7348881048245264,0.7372903308702923
