nt,pseudo_r2,pred_obs_r2,pred_obs_r2_exp
3300,0.15020529069035982,0.7320809980163931,0.7344473715721723
