var,rel.inf
rough_Elevation,23.497258237066898
rough_Surface.T,16.363523736763003
rough_MAP,12.066208667713433
Elevation,10.896397468538137
rough_CEC,8.106615833018159
MAP,6.750038696101559
PDQ,5.755514356578751
rough_Soil.C,5.499358251973961
Clay,4.062124406683459
CEC,2.7116278754885874
rough_Clay,2.494587026703532
pH,1.7967454433705188
