nt,pseudo_r2,pred_obs_r2,pred_obs_r2_exp
2550,0.10749666508613875,0.6943949234224919,0.6975708688189496
