var,rel.inf
rough_Elevation,20.007612691625916
rough_Surface.T,14.999703873410034
rough_MAP,12.310023789710463
Elevation,10.691227414637238
rough_CEC,8.041905693951145
MAP,7.502539376135852
PDQ,7.1519608602876055
rough_Soil.C,5.333267785463846
Clay,5.256642190054238
CEC,3.456727555639436
rough_Clay,2.9062534478502515
pH,2.3421353212339655
