var,rel.inf
rough_Elevation,20.000027281979833
rough_Surface.T,15.793717166197991
rough_MAP,12.125451283466989
Elevation,10.381068074179186
rough_CEC,7.9361205416012455
MAP,7.401225741951869
PDQ,6.948812229881803
Clay,5.506288993707064
rough_Soil.C,5.361762266834343
rough_Clay,3.04517636075893
CEC,2.9806301555087513
pH,2.519719903931993
