nt,pseudo_r2,pred_obs_r2,pred_obs_r2_exp
4500,0.19873845157102454,0.7816903607806941,0.782912647660806
