nt,pseudo_r2,pred_obs_r2,pred_obs_r2_exp
3150,0.16383646258624285,0.7261348336453256,0.7283104605189006
