var,rel.inf
rough_Elevation,18.776887565039832
rough_Surface.T,14.750454411981643
rough_MAP,12.024514341151077
Elevation,10.3349410949511
MAP,8.107125419582315
rough_CEC,8.070498340861036
PDQ,7.364091428610222
Clay,5.712289338046123
rough_Soil.C,5.439238594356556
rough_Clay,3.4523735380199554
CEC,3.448701396417101
pH,2.518884530983035
