var,rel.inf
rough_Elevation,18.610495941599172
rough_Surface.T,14.804874094444612
rough_MAP,11.999852029987753
Elevation,10.22197460566946
rough_CEC,8.086042668598065
MAP,7.602632223949179
PDQ,7.3352982813620455
Clay,5.908466494703037
rough_Soil.C,5.543425011923252
rough_Clay,3.732043717476169
CEC,3.4736453177104547
pH,2.6812496125768006
