nt,pseudo_r2,pred_obs_r2,pred_obs_r2_exp
3500,0.15275376777095817,0.7422411306952886,0.7444764737205367
