var,rel.inf
rough_Elevation,18.878926103934067
rough_Surface.T,14.745183646041196
rough_MAP,12.175852039849705
Elevation,10.559014567636229
rough_CEC,8.161229807354477
MAP,7.649929079923868
PDQ,7.184971922293086
Clay,5.775829579108256
rough_Soil.C,5.415188440621802
rough_Clay,3.7230693503301793
CEC,3.302660853699549
pH,2.4281446092075827
