nt,pseudo_r2,pred_obs_r2,pred_obs_r2_exp
3200,0.16856631423687063,0.7301115422220902,0.7326164465609767
