var,rel.inf
rough_Elevation,19.018799780402677
rough_Surface.T,15.048313536469205
rough_MAP,12.164852359217782
Elevation,10.738759156348532
rough_CEC,7.76725204245974
MAP,7.597755584029325
PDQ,7.446124885313142
rough_Soil.C,5.676555846962711
Clay,5.508051615324106
rough_Clay,3.402968847308605
CEC,3.212998333297002
pH,2.4175680128671733
