nt,pseudo_r2,pred_obs_r2,pred_obs_r2_exp
2950,0.16217132352216856,0.7141819242696847,0.7168693070861631
