var,rel.inf
rough_Elevation,18.699473748468414
rough_Surface.T,14.802706060012705
rough_MAP,11.924904559461035
Elevation,10.240065044649402
MAP,8.221153465881141
rough_CEC,7.6706751166484235
PDQ,7.188592028965421
Clay,5.872409478097613
rough_Soil.C,5.338270039879202
rough_Clay,3.767177601989759
CEC,3.518723681538084
pH,2.7558491744088047
