nt,pseudo_r2,pred_obs_r2,pred_obs_r2_exp
2050,0.09869175051468604,0.6642479234971645,0.667569940742348
