nt,pseudo_r2,pred_obs_r2,pred_obs_r2_exp
3950,0.20586281904116566,0.7616985264051606,0.7634095281229875
