nt,pseudo_r2,pred_obs_r2,pred_obs_r2_exp
3800,0.1959307982049967,0.7559625911863446,0.7578163550675295
