nt,pseudo_r2,pred_obs_r2,pred_obs_r2_exp
2600,0.10461008064905297,0.7001273374026032,0.7028236908818009
