nt,pseudo_r2,pred_obs_r2,pred_obs_r2_exp
3600,0.1339879573883329,0.7462335771333894,0.7481847278795757
