var,rel.inf
rough_Elevation,20.416065202449573
rough_Surface.T,15.189347729681577
rough_MAP,11.763729690760893
Elevation,10.776570592139269
rough_CEC,8.003101224489878
MAP,7.764007097567544
PDQ,7.027749729413944
rough_Soil.C,5.544736201198025
Clay,5.329957412423332
rough_Clay,3.1791396300787813
CEC,2.8487200827930814
pH,2.1568754070041027
