nt,pseudo_r2,pred_obs_r2,pred_obs_r2_exp
3750,0.15097468294247096,0.7538378007208417,0.7559298134663403
