var,rel.inf
rough_Elevation,18.501136640694895
rough_Surface.T,14.719763051709442
rough_MAP,11.516719132702628
Elevation,10.520222382384675
MAP,8.560188910727925
rough_CEC,7.8558807862106725
PDQ,7.059561957013606
Clay,5.902362437489669
rough_Soil.C,5.71027659060238
rough_Clay,3.6389965891969003
CEC,3.4411344297063216
pH,2.5737570915608914
