var,rel.inf
rough_Elevation,23.60343523479041
rough_Surface.T,16.612243352783434
rough_MAP,12.199276569351017
Elevation,11.020292750289478
rough_CEC,8.137832143878118
MAP,7.05737257189534
rough_Soil.C,5.673060546889092
PDQ,5.1733663240189625
Clay,3.783228569871805
CEC,2.611935593515085
rough_Clay,2.5336519518647758
pH,1.594304390852477
