nt,pseudo_r2,pred_obs_r2,pred_obs_r2_exp
2950,0.160440496115006,0.7164923456809842,0.7192510910024867
