nt,pseudo_r2,pred_obs_r2,pred_obs_r2_exp
2950,0.16910944731501554,0.7175357590858024,0.720186200422649
