nt,pseudo_r2,pred_obs_r2,pred_obs_r2_exp
2550,0.13225860344468976,0.6957482908488584,0.6990322804656305
