var,rel.inf
rough_Elevation,20.17265844887102
rough_Surface.T,15.805779186243665
rough_MAP,11.823361048841008
Elevation,10.624753065043656
rough_CEC,8.49916403711431
MAP,7.98905164831105
PDQ,6.519087718254527
rough_Soil.C,5.27759101213521
Clay,4.731306846420126
rough_Clay,3.29011549543229
CEC,3.1479243960891896
pH,2.119207097243954
