nt,pseudo_r2,pred_obs_r2,pred_obs_r2_exp
3150,0.16585500184320567,0.7280114459662236,0.7305777474096916
