var,rel.inf
rough_Elevation,19.756728508170596
rough_Surface.T,14.94048762871694
rough_MAP,11.379929134762722
Elevation,10.163724187991118
rough_CEC,8.336745323434632
MAP,7.859306631619999
PDQ,7.200854164065555
rough_Soil.C,5.88159211849311
Clay,5.222595988070214
rough_Clay,3.45270714360567
CEC,3.316711053018187
pH,2.4886181180512486
