var,rel.inf
rough_Elevation,19.031627937807574
rough_Surface.T,14.726983358941725
rough_MAP,11.889727188366491
Elevation,10.359669379748079
rough_CEC,8.300329264870527
MAP,7.672744709055707
PDQ,7.1049867885243145
Clay,5.889735159004624
rough_Soil.C,5.568013479870195
rough_Clay,3.672883621264403
CEC,3.17791976833591
pH,2.6053793442104567
