nt,pseudo_r2,pred_obs_r2,pred_obs_r2_exp
3300,0.15630478013764482,0.7337854975238125,0.7356698629200991
