var,rel.inf
rough_Elevation,19.626098143789733
rough_Surface.T,15.591922606150252
rough_MAP,12.30232541961325
Elevation,10.794617088417013
rough_CEC,8.23847631269358
MAP,7.815468415729037
PDQ,6.635860040529577
rough_Soil.C,5.533065417708011
Clay,5.058606247891576
rough_Clay,3.482012615165313
CEC,2.896014056781889
pH,2.0255336355307754
