nt,pseudo_r2,pred_obs_r2,pred_obs_r2_exp
3400,0.14312459442442105,0.7365442034303187,0.7389870324915507
