var,rel.inf
rough_Elevation,19.486056606761597
rough_Surface.T,14.973312337341422
rough_MAP,11.83641207017201
Elevation,10.526796338584251
MAP,8.048326635291202
rough_CEC,7.624626257006312
PDQ,7.273620148262306
rough_Soil.C,5.570311457925039
Clay,5.548675377953798
rough_Clay,3.386943730726714
CEC,3.267418791446988
pH,2.4575002485283615
