var,rel.inf
rough_Elevation,17.64907529041593
rough_Surface.T,13.920720476776424
rough_MAP,11.74973243517022
Elevation,10.350473118752879
MAP,8.31715647443162
rough_CEC,8.070486958740949
PDQ,7.721703331974772
Clay,6.364944280488873
rough_Soil.C,5.76853141669528
rough_Clay,3.9249395895101324
CEC,3.4865582038550005
pH,2.6756784231879176
