nt,pseudo_r2,pred_obs_r2,pred_obs_r2_exp
4400,0.20532929141902478,0.7780193494720977,0.7793592137302947
