nt,pseudo_r2,pred_obs_r2,pred_obs_r2_exp
3e3,0.11140827562588018,0.7191732037664395,0.7221083697788289
