var,rel.inf
rough_Elevation,19.644260268032994
rough_Surface.T,15.057270899739757
rough_MAP,11.870135209722326
Elevation,10.961472513128806
rough_CEC,8.044785155756198
MAP,7.6874364361703025
PDQ,7.104442783162713
Clay,5.545746221909421
rough_Soil.C,5.5296833230526365
rough_Clay,3.326078462120946
CEC,3.0740898464231634
pH,2.1545988807807337
