var,rel.inf
rough_Elevation,20.317652171275462
rough_Surface.T,15.532461504473371
rough_MAP,11.92258408608195
Elevation,11.079002136165878
rough_CEC,8.294928432390286
MAP,7.477015971777106
PDQ,6.411455633046986
rough_Soil.C,5.385045639854472
Clay,4.80606759212919
CEC,3.3362255560130794
rough_Clay,3.0604824452509063
pH,2.3770788315413145
