var,rel.inf
rough_Elevation,19.159823639339475
rough_Surface.T,15.06383451364791
rough_MAP,11.958692422393172
Elevation,10.330498118599502
rough_CEC,7.823432489475865
MAP,7.691134522085826
PDQ,7.268485271877572
rough_Soil.C,5.734557943178705
Clay,5.636890795866535
rough_Clay,3.6266722552693285
CEC,3.5121687927990473
pH,2.193809235467058
