nt,pseudo_r2,pred_obs_r2,pred_obs_r2_exp
2850,0.13315154015395947,0.7096815292730989,0.7123525547043594
