var,rel.inf
rough_Elevation,18.736245268738283
rough_Surface.T,14.635041654246862
rough_MAP,11.993488186676153
Elevation,10.310589505374153
MAP,8.41814206711086
rough_CEC,7.775463254453546
PDQ,7.350790815813596
Clay,5.704354920643061
rough_Soil.C,5.397661071970682
rough_Clay,3.587337594054467
CEC,3.4755070882468884
pH,2.615378572671451
