var,rel.inf
rough_Elevation,19.87184613563649
rough_Surface.T,15.235241771559473
rough_MAP,12.05444069964562
Elevation,10.660407109426114
MAP,8.10293672023982
rough_CEC,7.964612059686801
PDQ,6.878833799883287
rough_Soil.C,5.465647245765514
Clay,5.053677457300735
rough_Clay,3.1829530271091597
CEC,3.1078920778495376
pH,2.421511895897454
