nt,pseudo_r2,pred_obs_r2,pred_obs_r2_exp
3700,0.14771794401510918,0.7520375088312259,0.7540222111197785
