nt,pseudo_r2,pred_obs_r2,pred_obs_r2_exp
3800,0.1818039034335881,0.7541291125331563,0.7560530610045968
