var,rel.inf
rough_Elevation,19.202270942673074
rough_Surface.T,14.615150926714364
rough_MAP,11.904362901324317
Elevation,10.6181247718556
rough_CEC,8.085133614901192
MAP,7.700995894753595
PDQ,7.2459880269402746
rough_Soil.C,5.667328554757377
Clay,5.6060222074649415
CEC,3.474330415695775
rough_Clay,3.3672570967485687
pH,2.5130346461709197
