nt,pseudo_r2,pred_obs_r2,pred_obs_r2_exp
4050,0.13446008692265277,0.7646199392690417,0.7660474833011278
