nt,pseudo_r2,pred_obs_r2,pred_obs_r2_exp
2850,0.10396138927871656,0.7133066279932149,0.7160758950177755
