var,rel.inf
rough_Elevation,19.459384290636503
rough_Surface.T,14.99721881388064
rough_MAP,11.862631539202523
Elevation,10.457796528628696
rough_CEC,8.22402815237362
MAP,7.719610225692156
PDQ,7.199639528250359
Clay,5.698258683302504
rough_Soil.C,5.627100254280935
rough_Clay,3.2379634270921316
CEC,3.1303300583051703
pH,2.386038498354759
