nt,pseudo_r2,pred_obs_r2,pred_obs_r2_exp
2950,0.1333107933803067,0.7168769543599323,0.719551947213182
