var,rel.inf
rough_Elevation,20.046373361993478
rough_Surface.T,14.866169600689133
rough_MAP,12.130468064467923
Elevation,11.520775432140045
rough_CEC,8.022586652227254
MAP,7.58228829589788
PDQ,7.109334132832727
rough_Soil.C,5.05394587363305
Clay,5.005571321764173
CEC,3.46875612557088
rough_Clay,3.0480119217233397
pH,2.1457192170601243
