nt,pseudo_r2,pred_obs_r2,pred_obs_r2_exp
3700,0.14109027690152665,0.7504828154111044,0.7529366223729034
