nt,pseudo_r2,pred_obs_r2,pred_obs_r2_exp
2500,0.11585134945666697,0.6923399382466393,0.6954389165948068
