var,rel.inf
rough_Elevation,20.360988059249948
rough_Surface.T,15.610626110365363
rough_MAP,11.806764438315431
Elevation,10.817146121176119
rough_CEC,8.352240622745702
MAP,7.519990303838756
PDQ,6.7422858637355985
rough_Soil.C,5.353984623228939
Clay,5.063591941749623
rough_Clay,3.4175775966500437
CEC,2.8620939969477512
pH,2.092710321996734
