var,rel.inf
rough_Elevation,24.6215309773685
rough_Surface.T,16.92637408761266
rough_MAP,11.755453919590595
Elevation,11.573594506598852
rough_CEC,8.731995723735295
MAP,6.512378060036409
rough_Soil.C,5.492971136258121
PDQ,4.344555965264047
Clay,3.493004993175494
CEC,2.542363569343765
rough_Clay,2.2679847359743164
pH,1.7377923250419474
