nt,pseudo_r2,pred_obs_r2,pred_obs_r2_exp
3900,0.11890390871342416,0.7585768394718768,0.7603219188828954
