nt,pseudo_r2,pred_obs_r2,pred_obs_r2_exp
3050,0.17500816608168157,0.7221412392168852,0.7244280882858855
