var,rel.inf
rough_Elevation,19.659771014271808
rough_Surface.T,15.303975564581938
rough_MAP,11.827257531771338
Elevation,10.769073035252239
rough_CEC,7.995704373055381
MAP,7.597510115855401
PDQ,7.103329995797145
rough_Soil.C,5.692660655412811
Clay,5.333338373558114
rough_Clay,3.276871332607775
CEC,3.2113339551320443
pH,2.2291740527040083
