var,rel.inf
rough_Elevation,19.78303041941625
rough_Surface.T,15.372718258552663
rough_MAP,12.168723932603722
Elevation,10.606240961591741
MAP,8.026539794256648
rough_CEC,7.83205480626469
PDQ,6.935738279869611
rough_Soil.C,5.257037709169385
Clay,5.204429024583842
rough_Clay,3.352244167153932
CEC,3.174460840411765
pH,2.2867818061257563
