var,rel.inf
rough_Elevation,18.67093901461561
rough_Surface.T,14.548260481370486
rough_MAP,11.627508848484835
Elevation,10.612276002174651
rough_CEC,8.510847233928821
MAP,7.608356584922761
PDQ,7.209416419996676
Clay,5.940696904478881
rough_Soil.C,5.469282770971228
rough_Clay,3.786163293319318
CEC,3.5513142950932326
pH,2.464938150643498
