nt,pseudo_r2,pred_obs_r2,pred_obs_r2_exp
3150,0.14902113830051955,0.7261673645419464,0.7290314620583788
