nt,pseudo_r2,pred_obs_r2,pred_obs_r2_exp
3450,0.15323206550898727,0.7413135297710368,0.7432448548977886
