var,rel.inf
rough_Elevation,19.928073829623813
rough_Surface.T,15.413850401058454
rough_MAP,12.156433121386984
Elevation,10.801824134022864
rough_CEC,7.822177503682508
MAP,7.513271136948213
PDQ,6.714834059063119
Clay,5.481057076091824
rough_Soil.C,5.292022279853709
rough_Clay,3.3358948077589528
CEC,3.2214394964660453
pH,2.3191221540435087
