nt,pseudo_r2,pred_obs_r2,pred_obs_r2_exp
2800,0.13014644784745644,0.7114810514955398,0.7142661923982908
