nt,pseudo_r2,pred_obs_r2,pred_obs_r2_exp
2850,0.18193167849004188,0.711764831254796,0.7144713753233446
