nt,pseudo_r2,pred_obs_r2,pred_obs_r2_exp
2450,0.09514258847874768,0.6899853097652424,0.6927245498188307
