var,rel.inf
rough_Elevation,19.445715794377353
rough_Surface.T,15.055289233350065
rough_MAP,11.970277431132658
Elevation,10.846148333457803
rough_CEC,8.239845131066438
MAP,7.34882698695322
PDQ,7.096725727911186
rough_Soil.C,5.672414837496404
Clay,5.4271474389305014
CEC,3.299710047369781
rough_Clay,3.2813159465085575
pH,2.316583091446026
