nt,pseudo_r2,pred_obs_r2,pred_obs_r2_exp
3300,0.12718978238304313,0.7332882245955207,0.73559707828591
