var,rel.inf
rough_Elevation,21.219347707288552
rough_Surface.T,15.084953335495765
rough_MAP,12.223040093850727
Elevation,10.706241890660968
rough_CEC,8.03205851259265
MAP,7.5347930808209265
PDQ,6.560294384068101
rough_Soil.C,5.981771815403762
Clay,4.997739600415532
CEC,3.1530138263951693
rough_Clay,2.7052387546693764
pH,1.8015069983384686
