var,rel.inf
rough_Elevation,20.03075621214819
rough_Surface.T,14.831648512639426
rough_MAP,11.762128943422391
Elevation,11.049575909556136
rough_CEC,7.99676306035204
MAP,7.786806385974327
PDQ,6.890252779737424
rough_Soil.C,5.502872937648868
Clay,5.387785103809119
CEC,3.438657903875696
rough_Clay,3.1329782228630023
pH,2.1897740279733826
