nt,pseudo_r2,pred_obs_r2,pred_obs_r2_exp
3600,0.17500766986618455,0.7451298099487752,0.7471895902516541
