var,rel.inf
rough_Elevation,19.491444330360576
rough_Surface.T,15.482059565532623
rough_MAP,12.229900124655508
Elevation,10.906496924313387
rough_CEC,7.527232832879423
MAP,7.458777850762424
PDQ,7.024879838623613
Clay,5.524918391496346
rough_Soil.C,5.446654221747183
CEC,3.3505018761905863
rough_Clay,3.32090745791299
pH,2.2362265855253427
