var,rel.inf
rough_Elevation,19.23492444721966
rough_Surface.T,15.160944251435257
rough_MAP,11.816221974269817
Elevation,10.99515257142097
rough_CEC,7.951874191572148
MAP,7.605623008216412
PDQ,7.1084063767184755
Clay,5.688665689108297
rough_Soil.C,5.465052768324393
CEC,3.28650282267991
rough_Clay,3.2827635873521044
pH,2.403868311682555
