nt,pseudo_r2,pred_obs_r2,pred_obs_r2_exp
2500,0.12241010481889625,0.6919560526107915,0.69523931415008
