nt,pseudo_r2,pred_obs_r2,pred_obs_r2_exp
3300,0.14901011281154186,0.7332662619067785,0.7358086883051126
