var,rel.inf
rough_Elevation,21.08107216329344
rough_Surface.T,15.527004184007511
rough_MAP,11.83343576912518
Elevation,10.916772665195595
rough_CEC,8.601993826297493
MAP,7.289165196575303
PDQ,6.575063996915944
rough_Soil.C,5.249838377023902
Clay,4.697599816030171
CEC,3.3360162984808426
rough_Clay,2.8231146213650815
pH,2.0689230856895375
