nt,pseudo_r2,pred_obs_r2,pred_obs_r2_exp
2550,0.10227083773764178,0.6963641815357263,0.6995522023675835
