var,rel.inf
rough_Elevation,18.651522960519497
rough_Surface.T,14.904090870287785
rough_MAP,11.956025486395383
Elevation,10.500544575157763
MAP,8.117399799986506
rough_CEC,7.7651810070821705
PDQ,7.446665247644569
Clay,5.960912080160999
rough_Soil.C,5.322527383814235
CEC,3.513637460138467
rough_Clay,3.296421923570229
pH,2.5650712052424054
