var,rel.inf
rough_Elevation,21.51609566436672
rough_Surface.T,15.334202501851566
rough_MAP,12.265491461915131
Elevation,11.33503624665486
rough_CEC,8.477770531027883
MAP,7.250025392439644
PDQ,6.358716961392157
rough_Soil.C,5.229854160841459
Clay,4.609126522489957
rough_Clay,3.166420143563627
CEC,2.763519498023017
pH,1.6937409154339764
