var,rel.inf
rough_Elevation,18.61254728182846
rough_Surface.T,14.619445936701023
rough_MAP,12.222607458236562
Elevation,10.830608863473797
MAP,7.784166712630075
PDQ,7.64639489155262
rough_CEC,7.62852890172444
Clay,5.9394981858763956
rough_Soil.C,5.397377699414282
CEC,3.4393507915920893
rough_Clay,3.186266521449971
pH,2.693206755520283
