nt,pseudo_r2,pred_obs_r2,pred_obs_r2_exp
3350,0.14156720354789398,0.735101006298672,0.7375675091479722
