nt,pseudo_r2,pred_obs_r2,pred_obs_r2_exp
4100,0.13350524482946546,0.7659990269062271,0.7677913784920253
