var,rel.inf
rough_Elevation,18.890282308311363
rough_Surface.T,14.797968369181014
rough_MAP,11.972692040717254
Elevation,10.750831086504098
rough_CEC,8.061160953753948
MAP,8.036715399475627
PDQ,7.610274974632291
Clay,5.478693027661088
rough_Soil.C,5.150053293173471
CEC,3.5477492490887257
rough_Clay,3.245173443351334
pH,2.4584058541497793
