var,rel.inf
rough_Elevation,19.069656232207944
rough_Surface.T,14.546452180898848
rough_MAP,11.395398748613196
Elevation,10.45490156794366
MAP,8.145128510052253
rough_CEC,8.017974829962876
PDQ,7.64213288692378
Clay,6.0303477932916705
rough_Soil.C,5.384198597235552
rough_Clay,3.473363291191306
CEC,3.341299569400603
pH,2.499145792278309
