nt,pseudo_r2,pred_obs_r2,pred_obs_r2_exp
2700,0.15878574678154522,0.7029778026320548,0.705885626484524
