var,rel.inf
rough_Elevation,19.433891937388434
rough_Surface.T,15.107524891955562
rough_MAP,11.965096733773644
Elevation,10.83880159564655
rough_CEC,7.895608469571956
MAP,7.364620058297982
PDQ,7.095167780552309
Clay,5.702757935911868
rough_Soil.C,5.459055860505707
rough_Clay,3.499937281871941
CEC,3.254849656027452
pH,2.3826877984965957
