nt,pseudo_r2,pred_obs_r2,pred_obs_r2_exp
2950,0.11297158296460785,0.7175205378699395,0.7200379743630712
