nt,pseudo_r2,pred_obs_r2,pred_obs_r2_exp
3800,0.15648952880570244,0.7544650299240188,0.7565364813213643
