nt,pseudo_r2,pred_obs_r2,pred_obs_r2_exp
3650,0.1507067785334285,0.7511762912317879,0.7530922639245832
