nt,pseudo_r2,pred_obs_r2,pred_obs_r2_exp
2900,0.1413871091067399,0.7143593333829348,0.7168764648580537
