nt,pseudo_r2,pred_obs_r2,pred_obs_r2_exp
2750,0.11076060663269072,0.7066530295169625,0.7093391493983093
