var,rel.inf
rough_Elevation,19.15957052374612
rough_Surface.T,14.719770609253253
rough_MAP,11.845630302597131
Elevation,10.55690054983035
rough_CEC,7.9326487482572
MAP,7.817007549030916
PDQ,7.426930111928967
Clay,5.932697793239242
rough_Soil.C,5.128967604105117
rough_Clay,3.7863640941261116
CEC,3.162465566025929
pH,2.531046547859672
