nt,pseudo_r2,pred_obs_r2,pred_obs_r2_exp
2400,0.13937538104755498,0.6863409631274223,0.6894425678919518
