var,rel.inf
rough_Elevation,19.79793220201464
rough_Surface.T,15.551563576517463
rough_MAP,12.052615329544789
Elevation,10.775802392671533
rough_CEC,8.10782768157268
MAP,7.309320753361294
PDQ,7.040375380632238
rough_Soil.C,5.39560442197655
Clay,5.310178031910561
CEC,3.196572104772629
rough_Clay,3.1451112877526044
pH,2.3170968372730183
