var,rel.inf
rough_Elevation,19.072652087708157
rough_Surface.T,14.771356454542868
rough_MAP,11.790619314975086
Elevation,10.649326058892989
rough_CEC,8.209808601983307
MAP,7.516815194767711
PDQ,7.07256976818548
Clay,5.866315041673759
rough_Soil.C,5.756953016307938
rough_Clay,3.540244376949398
CEC,3.211855938061833
pH,2.5414841459514728
