nt,pseudo_r2,pred_obs_r2,pred_obs_r2_exp
2600,0.16754759062566382,0.6967521709339172,0.6996142263621833
