nt,pseudo_r2,pred_obs_r2,pred_obs_r2_exp
1850,0.07039905911935262,0.6503591855045319,0.654647796952443
