nt,pseudo_r2,pred_obs_r2,pred_obs_r2_exp
3e3,0.14231092374812615,0.7192468722361888,0.7220733566514799
