nt,pseudo_r2,pred_obs_r2,pred_obs_r2_exp
2950,0.160953476705626,0.71412513962626,0.7169433288905824
