var,rel.inf
rough_Elevation,19.225605154329067
rough_Surface.T,15.39189221290614
rough_MAP,12.075794807846986
Elevation,10.688623044719781
rough_CEC,7.853719700202814
MAP,7.269164934567145
PDQ,7.243016851723108
rough_Soil.C,5.664447171927219
Clay,5.451187983656411
CEC,3.3773278597054848
rough_Clay,3.275815153841137
pH,2.483405124574706
