nt,pseudo_r2,pred_obs_r2,pred_obs_r2_exp
2650,0.1314443060828263,0.7001138286717148,0.7032113980533631
