nt,pseudo_r2,pred_obs_r2,pred_obs_r2_exp
3250,0.14383700455391257,0.7293359194614635,0.7317038884555669
