var,rel.inf
rough_Elevation,22.367472075818498
rough_Surface.T,15.753363507893168
rough_MAP,12.008451183705645
Elevation,11.434584960304228
rough_CEC,8.164686686692518
MAP,7.178315711744037
PDQ,5.568875400480615
rough_Soil.C,5.361722473305622
Clay,4.539439934621519
rough_Clay,2.9201217146532827
CEC,2.8167355896393977
pH,1.8862307611414642
