nt,pseudo_r2,pred_obs_r2,pred_obs_r2_exp
3600,0.1572436394740091,0.7447285236681483,0.7465952570756201
