nt,pseudo_r2,pred_obs_r2,pred_obs_r2_exp
3900,0.12150430953227054,0.7619722524437439,0.7640660118620627
