nt,pseudo_r2,pred_obs_r2,pred_obs_r2_exp
3100,0.1424355465815098,0.7218422885377689,0.7243790288968043
