var,rel.inf
rough_Elevation,19.3067514655978
rough_Surface.T,14.963684334123295
rough_MAP,11.99192202086175
Elevation,10.276183902736364
rough_CEC,8.120255492416153
MAP,7.780268547932432
PDQ,6.795176013614803
Clay,5.561082702953231
rough_Soil.C,5.486282598582994
rough_Clay,3.6882604473073015
CEC,3.6174234745189398
pH,2.4127089993549378
