var,rel.inf
rough_Elevation,20.43027010262198
rough_Surface.T,14.969563686432911
rough_MAP,11.712362137492665
Elevation,10.92563319581058
rough_CEC,7.924762414532598
MAP,7.377702755572866
PDQ,6.785122345338396
rough_Soil.C,5.697330606769538
Clay,5.59375264714087
rough_Clay,3.2438482811426415
CEC,3.196634271053553
pH,2.1430175560913973
