var,rel.inf
rough_Elevation,21.688252700265394
rough_Surface.T,15.732514290470835
rough_MAP,12.132177427202775
Elevation,10.847322278748404
rough_CEC,8.310223546163762
MAP,7.120837024277784
PDQ,6.1860713560467255
rough_Soil.C,5.4505699882820355
Clay,4.391278992333609
CEC,3.2318589575373995
rough_Clay,2.7449663770012784
pH,2.1639270616699986
