nt,pseudo_r2,pred_obs_r2,pred_obs_r2_exp
4e3,0.15868708806857978,0.764584426082824,0.7660440703758588
