nt,pseudo_r2,pred_obs_r2,pred_obs_r2_exp
3400,0.13834278409668188,0.7374443576545812,0.7394534525741724
