var,rel.inf
rough_Elevation,18.958227972701803
rough_Surface.T,14.731171931590165
rough_MAP,11.836466619573736
Elevation,10.536015686165507
rough_CEC,8.515224391021174
PDQ,7.5434699649787325
MAP,7.289913867125403
Clay,5.705682083112282
rough_Soil.C,5.098855086086302
CEC,3.7618994257196365
rough_Clay,3.6314892929011036
pH,2.391583679024155
