var,rel.inf
rough_Elevation,18.517237059892643
rough_Surface.T,14.490933720882072
rough_MAP,12.041483131531017
Elevation,10.301468215891697
rough_CEC,7.924520886937696
MAP,7.8330552948618255
PDQ,7.63053610012496
Clay,6.076165716630848
rough_Soil.C,5.457575917057861
rough_Clay,3.647842062480592
CEC,3.260253099306177
pH,2.818928794402606
