var,rel.inf
rough_Elevation,18.08955163294638
rough_Surface.T,14.86468966875272
rough_MAP,11.523295405759818
Elevation,10.589663378899072
rough_CEC,8.017356780461027
MAP,7.88778733808676
PDQ,7.3659283024987054
Clay,6.0403442294805165
rough_Soil.C,5.612919666510073
rough_Clay,3.8617573675835692
CEC,3.3927205095483823
pH,2.753985719472972
