var,rel.inf
rough_Elevation,19.164911519603024
rough_Surface.T,15.178753563986271
rough_MAP,11.685239830123653
Elevation,10.801665574590881
MAP,7.7850098803668
rough_CEC,7.7804388387603876
PDQ,7.320534188522636
Clay,5.5283194734324015
rough_Soil.C,5.310273428846751
CEC,3.554613582016471
rough_Clay,3.476603880765114
pH,2.4136362389856134
