var,rel.inf
rough_Elevation,20.836677288146372
rough_Surface.T,15.922273205749292
rough_MAP,11.777611437441397
Elevation,11.17958832900445
rough_CEC,8.06111312658223
MAP,7.5186015419054915
PDQ,6.014033230408448
rough_Soil.C,5.612400866137799
Clay,5.134392396909731
rough_Clay,3.1210358725451517
CEC,3.0929328110909577
pH,1.7293398940786786
