nt,pseudo_r2,pred_obs_r2,pred_obs_r2_exp
2450,0.13536982890348326,0.6899470061928052,0.6932453156336066
