nt,pseudo_r2,pred_obs_r2,pred_obs_r2_exp
3450,0.15423501558251373,0.7417799122102092,0.7436679857318711
