nt,pseudo_r2,pred_obs_r2,pred_obs_r2_exp
2900,0.14912056468324753,0.7157918049825767,0.7182019812124886
