nt,pseudo_r2,pred_obs_r2,pred_obs_r2_exp
3800,0.1632001957473792,0.7553086179233724,0.7573756777381373
