var,rel.inf
rough_Elevation,18.341451016931643
rough_Surface.T,15.078949724829945
rough_MAP,11.521461818684347
Elevation,10.578537230307774
rough_CEC,8.271020513463041
MAP,7.829695836168534
PDQ,7.5988612973697185
Clay,5.767971413506345
rough_Soil.C,5.585092235269046
rough_Clay,3.658344750465657
CEC,3.2059788331848487
pH,2.5626353298190967
