nt,pseudo_r2,pred_obs_r2,pred_obs_r2_exp
2200,0.11432471048809623,0.6730607669464883,0.6762503222002343
