var,rel.inf
rough_Elevation,18.612272646523085
rough_Surface.T,14.44782894908049
rough_MAP,12.339577615001355
Elevation,10.728159807347552
rough_CEC,7.973213109189774
MAP,7.905313806695492
PDQ,7.24778034685923
Clay,5.8787046781798376
rough_Soil.C,5.262814511421083
rough_Clay,3.655966925016331
CEC,3.374556162896258
pH,2.5738114417895184
