nt,pseudo_r2,pred_obs_r2,pred_obs_r2_exp
3050,0.13831264537851173,0.7212437523092566,0.7237623262599397
