nt,pseudo_r2,pred_obs_r2,pred_obs_r2_exp
3550,0.17627539781641277,0.7431463171067578,0.7450978717724139
