nt,pseudo_r2,pred_obs_r2,pred_obs_r2_exp
3200,0.12358877704367832,0.7282778785862251,0.7307270045481076
