nt,pseudo_r2,pred_obs_r2,pred_obs_r2_exp
2050,0.10855609068293459,0.659090386210059,0.6627866879746874
