nt,pseudo_r2,pred_obs_r2,pred_obs_r2_exp
2300,0.10520491391815945,0.6773941210540911,0.6810449832844235
