nt,pseudo_r2,pred_obs_r2,pred_obs_r2_exp
3900,0.13222181876155026,0.7610443988826868,0.7628077115088716
