nt,pseudo_r2,pred_obs_r2,pred_obs_r2_exp
3850,0.18447573275711004,0.7572587365497044,0.7590155984813456
