nt,pseudo_r2,pred_obs_r2,pred_obs_r2_exp
2650,0.1360041401859402,0.7014656419247287,0.7042502720539463
