nt,pseudo_r2,pred_obs_r2,pred_obs_r2_exp
2950,0.15846079093171894,0.7157428808852937,0.7184574357647144
