var,rel.inf
rough_Elevation,17.70968424162322
rough_Surface.T,14.172567723631115
rough_MAP,11.777956788683001
Elevation,10.361774566926204
MAP,8.195750671798427
rough_CEC,7.986866514330537
PDQ,7.613179438918859
Clay,6.206309527838142
rough_Soil.C,5.623694238725455
rough_Clay,4.061132555694758
CEC,3.502472131896663
pH,2.788611599933617
