nt,pseudo_r2,pred_obs_r2,pred_obs_r2_exp
3e3,0.1498120735123979,0.7191521224004722,0.7217911971587329
