var,rel.inf
rough_Elevation,20.019065130753553
rough_Surface.T,15.227206218441045
rough_MAP,11.841485536998823
Elevation,10.54744796710513
rough_CEC,8.012889986631045
MAP,7.62718333801926
PDQ,7.279564867830324
rough_Soil.C,5.62425209885343
Clay,5.248738914350796
rough_Clay,3.239202334827156
CEC,3.0734654552955254
pH,2.2594981508939016
