var,rel.inf
rough_Elevation,20.094316005234816
rough_Surface.T,14.976191873990222
rough_MAP,11.819664009760723
Elevation,10.384156092530466
MAP,8.123535960295245
rough_CEC,8.10397246706511
PDQ,6.653054250375212
Clay,5.478910887758693
rough_Soil.C,5.276156761025121
CEC,3.657129226413886
rough_Clay,3.126787653414226
pH,2.3061248121362787
