nt,pseudo_r2,pred_obs_r2,pred_obs_r2_exp
2950,0.1427897066171897,0.7170921526023083,0.7200110086003415
