nt,pseudo_r2,pred_obs_r2,pred_obs_r2_exp
3250,0.13339120109083102,0.7318469378342637,0.7344232705170253
