var,rel.inf
rough_Elevation,18.35680795252922
rough_Surface.T,14.714479749047484
rough_MAP,11.714726509614733
Elevation,10.520027000666492
rough_CEC,8.049140141962305
MAP,8.009016026720094
PDQ,7.860574518296529
Clay,5.893619629573238
rough_Soil.C,5.2564650550762275
rough_Clay,3.70762309176944
CEC,3.3528544755547625
pH,2.564665849189471
