nt,pseudo_r2,pred_obs_r2,pred_obs_r2_exp
3250,0.14956744473599293,0.7291077836531487,0.7314157645498736
