var,rel.inf
rough_Elevation,18.91675778553439
rough_Surface.T,15.241426658030797
rough_MAP,11.739899772602676
Elevation,10.679202020916078
rough_CEC,7.977649779241568
MAP,7.799714215268188
PDQ,7.180168296224259
Clay,5.7330329887873
rough_Soil.C,5.359973023041414
rough_Clay,3.4788391909041825
CEC,3.246640991386894
pH,2.6466952780622623
