nt,pseudo_r2,pred_obs_r2,pred_obs_r2_exp
2500,0.10358299955023276,0.688765076501622,0.6919484894996274
