nt,pseudo_r2,pred_obs_r2,pred_obs_r2_exp
3950,0.18350607681383146,0.7617611110355332,0.7630477739398631
