nt,pseudo_r2,pred_obs_r2,pred_obs_r2_exp
2850,0.14326493785193006,0.7135490222434904,0.7158022066109351
