nt,pseudo_r2,pred_obs_r2,pred_obs_r2_exp
2400,0.09767536764354978,0.6817674031810245,0.6850183087695494
