var,rel.inf
rough_Elevation,19.534073052622187
rough_Surface.T,14.747416700844527
rough_MAP,12.060692742990758
Elevation,10.713568469281489
rough_CEC,8.229955905554451
MAP,7.802096509038263
PDQ,7.189062755312354
Clay,5.5458256322992945
rough_Soil.C,5.31363149608659
rough_Clay,3.398094063040296
CEC,3.3470856411379644
pH,2.118497031791822
