var,rel.inf
rough_Elevation,20.053153539895728
rough_Surface.T,15.893963338555638
rough_MAP,11.906047929538905
Elevation,10.413624332870588
rough_CEC,8.218648354074995
MAP,7.464223007428025
PDQ,6.908684150986242
rough_Soil.C,5.413179113945668
Clay,5.352278018461268
rough_Clay,3.18817724885362
CEC,3.1006207048409036
pH,2.0874002605484216
