nt,pseudo_r2,pred_obs_r2,pred_obs_r2_exp
2550,0.12115184256963529,0.6945085422632451,0.6974346914702629
