nt,pseudo_r2,pred_obs_r2,pred_obs_r2_exp
3600,0.18362876702034814,0.7468570445911705,0.7490419272294209
