var,rel.inf
rough_Elevation,19.69818382859137
rough_Surface.T,14.936025701867738
rough_MAP,12.060646857565505
Elevation,10.46983249368609
MAP,7.957940679532683
rough_CEC,7.908268797293205
PDQ,7.183108025778158
rough_Soil.C,5.521448682679441
Clay,5.477788958678007
rough_Clay,3.3426794059570453
CEC,3.0804682837029294
pH,2.363608284667823
