nt,pseudo_r2,pred_obs_r2,pred_obs_r2_exp
3500,0.14549724145798404,0.7419703822572137,0.7443118565137848
