var,rel.inf
rough_Elevation,19.578345879768484
rough_Surface.T,14.891799423056
rough_MAP,12.174555763160631
Elevation,10.363656778327211
rough_CEC,8.264579351260055
MAP,7.718828710186973
PDQ,7.0181301655237265
Clay,5.634931246666553
rough_Soil.C,5.22632697046942
rough_Clay,3.5202361888480787
CEC,3.3203124419049646
pH,2.2882970808279017
