var,rel.inf
rough_Elevation,19.380847883415314
rough_Surface.T,15.267934835491943
rough_MAP,11.584351707327533
Elevation,10.717383617903174
rough_CEC,8.090793046896351
MAP,7.634155148975476
PDQ,7.319047792570359
Clay,5.503489237908305
rough_Soil.C,5.22275665892395
CEC,3.490662001316898
rough_Clay,3.346209382174933
pH,2.442368687095773
