nt,pseudo_r2,pred_obs_r2,pred_obs_r2_exp
3250,0.13832475235611363,0.7290119190348211,0.7313809893453136
