nt,pseudo_r2,pred_obs_r2,pred_obs_r2_exp
2800,0.15236305378114245,0.706431180682097,0.7093338270403889
