nt,pseudo_r2,pred_obs_r2,pred_obs_r2_exp
4050,0.17292460860297865,0.7645035730198647,0.7664064341350927
