var,rel.inf
rough_Elevation,19.04175995188468
rough_Surface.T,14.820288404782149
rough_MAP,11.79036597602921
Elevation,10.526557169369173
MAP,8.237705580118678
rough_CEC,7.781911106727198
PDQ,7.3305650664021815
Clay,5.546999486100695
rough_Soil.C,5.432627823745609
CEC,3.6549333886632893
rough_Clay,3.34756848483973
pH,2.488717561337413
