var,rel.inf
rough_Elevation,18.373378545949464
rough_Surface.T,14.27079009114864
rough_MAP,11.690317956834246
Elevation,10.394392276338952
MAP,8.066319624003004
rough_CEC,7.97694819784874
PDQ,7.7250765062422015
Clay,5.998989970905112
rough_Soil.C,5.308603979122161
rough_Clay,3.858392830328424
CEC,3.5986115313873297
pH,2.7381784898917205
