nt,pseudo_r2,pred_obs_r2,pred_obs_r2_exp
3650,0.14983231108037365,0.7484537338629685,0.7503237323912794
