var,rel.inf
rough_Elevation,21.191263050467988
rough_Surface.T,15.095122735617498
rough_MAP,11.959578715813743
Elevation,11.555128234964636
MAP,7.996324585909339
rough_CEC,7.762060036449559
PDQ,6.746863912439531
rough_Soil.C,5.278515055779168
Clay,4.76676958811513
CEC,3.1141815624892994
rough_Clay,2.6999008688122674
pH,1.8342916531418423
