var,rel.inf
rough_Elevation,19.70789493272246
rough_Surface.T,14.939579782744591
rough_MAP,11.983340993996437
Elevation,10.937280123262404
MAP,7.971036430644517
rough_CEC,7.717302394135951
PDQ,6.9615492445282134
Clay,5.514360830340432
rough_Soil.C,5.445659060842089
rough_Clay,3.347600943171977
CEC,3.2390103494598588
pH,2.235384914151075
