nt,pseudo_r2,pred_obs_r2,pred_obs_r2_exp
3400,0.14953961776749103,0.7392221187851432,0.7412726794219165
