nt,pseudo_r2,pred_obs_r2,pred_obs_r2_exp
3200,0.12777536213251306,0.727789247310301,0.7302427929868046
