nt,pseudo_r2,pred_obs_r2,pred_obs_r2_exp
2600,0.10345828767409349,0.6992103064818075,0.7019737173048695
