var,rel.inf
rough_Elevation,19.53771874454086
rough_Surface.T,14.998085542583397
rough_MAP,11.57856686480321
Elevation,10.131231451365691
rough_CEC,8.154496460980663
MAP,7.7657294212667365
PDQ,7.510221445141726
rough_Soil.C,5.549287127899144
Clay,5.490776975642226
CEC,3.5282204654408784
rough_Clay,3.243065506219897
pH,2.51259999411557
