nt,pseudo_r2,pred_obs_r2,pred_obs_r2_exp
2750,0.13261054557100216,0.7058162166513825,0.7082831766219804
