var,rel.inf
rough_Elevation,18.721466656051575
rough_Surface.T,15.1873327634638
rough_MAP,11.967139427807654
Elevation,10.422588910539009
rough_CEC,8.096475487462122
MAP,8.023158402517828
PDQ,6.869560645716568
Clay,5.655861293272289
rough_Soil.C,5.3176890724854555
rough_Clay,3.666062067021854
CEC,3.501597045557809
pH,2.5710682281040267
