nt,pseudo_r2,pred_obs_r2,pred_obs_r2_exp
3300,0.14857654934222142,0.7347820825945272,0.7367636010964473
