nt,pseudo_r2,pred_obs_r2,pred_obs_r2_exp
4050,0.18782459353664083,0.76556267058260985,0.767038326043337
