nt,pseudo_r2,pred_obs_r2,pred_obs_r2_exp
3250,0.13336466387394552,0.7303782649620889,0.733014725471835
