var,rel.inf
rough_Elevation,18.454332643141218
rough_Surface.T,14.502368791212175
rough_MAP,11.91110196756019
Elevation,10.790619749166733
MAP,8.113231409604305
rough_CEC,7.729912548645846
PDQ,7.125121321816222
Clay,6.108073803002296
rough_Soil.C,5.705533110394566
rough_Clay,3.6379841062427194
CEC,3.4723451014208866
pH,2.4493754477928444
