nt,pseudo_r2,pred_obs_r2,pred_obs_r2_exp
4100,0.14007718767442112,0.7662608054661876,0.767902936278861
