nt,pseudo_r2,pred_obs_r2,pred_obs_r2_exp
2950,0.1354055859132226,0.7166266096318958,0.7192298750379316
