var,rel.inf
rough_Elevation,19.420973295510695
rough_Surface.T,14.816794551429732
rough_MAP,11.850753564446316
Elevation,10.665045160332355
MAP,8.22985663293865
rough_CEC,7.697708251890132
PDQ,7.394865069439836
Clay,5.594110809983809
rough_Soil.C,5.524908971263981
CEC,3.398820134401391
rough_Clay,3.0484000270242926
pH,2.3577635313388132
