nt,pseudo_r2,pred_obs_r2,pred_obs_r2_exp
3800,0.16498725390293367,0.7540269220094967,0.7558335244338215
