nt,pseudo_r2,pred_obs_r2,pred_obs_r2_exp
2750,0.10533056168870725,0.7056207411489471,0.7085985531316102
