var,rel.inf
rough_Elevation,21.581684608360018
rough_Surface.T,16.314161420420273
rough_MAP,11.942065490491963
Elevation,11.158501674817433
rough_CEC,8.132618436783828
MAP,7.320955042169128
PDQ,5.697948822362918
rough_Soil.C,5.592411946335456
Clay,4.594127761971082
rough_Clay,2.9527629002120044
CEC,2.8226560860834073
pH,1.8901058099924835
