nt,pseudo_r2,pred_obs_r2,pred_obs_r2_exp
3550,0.18675675397072544,0.7436830561559422,0.7456711502643014
