var,rel.inf
rough_Elevation,20.01416257884968
rough_Surface.T,15.316626854048934
rough_MAP,12.273142067893135
Elevation,10.504013971638019
MAP,7.81128005723922
rough_CEC,7.614946145271792
PDQ,7.259182156322674
rough_Soil.C,5.621768225472086
Clay,5.200025843008509
CEC,3.0741320898154507
rough_Clay,2.970645082707011
pH,2.3400749277334847
