nt,pseudo_r2,pred_obs_r2,pred_obs_r2_exp
3450,0.1845486595366731,0.7403787673406346,0.7427430996264736
