var,rel.inf
rough_Elevation,17.506121342535838
rough_Surface.T,14.25955419354956
rough_MAP,11.715351645054367
Elevation,10.230329152633226
MAP,8.314488743029735
rough_CEC,8.093819350719773
PDQ,7.737467843676177
Clay,6.232989230082432
rough_Soil.C,5.61608466214184
CEC,3.7709979168659276
rough_Clay,3.6125793499985615
pH,2.9102165697125573
