var,rel.inf
rough_Elevation,20.084963184619276
rough_Surface.T,15.711029661096653
rough_MAP,11.807593349143099
Elevation,10.702991189480304
MAP,7.703017467406027
rough_CEC,7.668394418685106
PDQ,7.278594357559519
rough_Soil.C,5.483147933923239
Clay,5.103717105489516
CEC,3.19482552952466
rough_Clay,2.971566257059033
pH,2.2901595460135686
