var,rel.inf
rough_Elevation,19.288785935321474
rough_Surface.T,14.475343239899402
rough_MAP,12.333171052573823
Elevation,10.811860635929811
rough_CEC,7.932037149609999
MAP,7.9262318947944665
PDQ,6.94550890417046
Clay,5.443936451952526
rough_Soil.C,5.375497083665693
rough_Clay,3.602528563624164
CEC,3.395384864788318
pH,2.4697142236698637
