nt,pseudo_r2,pred_obs_r2,pred_obs_r2_exp
2450,0.0963604373866368,0.6870856344170742,0.6902882523706009
