nt,pseudo_r2,pred_obs_r2,pred_obs_r2_exp
2750,0.11200405815903935,0.7059877712476378,0.7090203884583263
