var,rel.inf
rough_Elevation,18.543283469321587
rough_Surface.T,14.109999819953902
rough_MAP,12.184559599269386
Elevation,10.281634480766979
rough_CEC,8.024111362068286
PDQ,7.791118150207606
MAP,7.6941304133912825
rough_Soil.C,5.9296629250257755
Clay,5.803826177206966
rough_Clay,3.7450941214607223
CEC,3.173498626593275
pH,2.7190808547342273
