var,rel.inf
rough_Elevation,19.787587652395406
rough_Surface.T,15.22920059838912
rough_MAP,11.84948487662224
Elevation,10.693368805454787
rough_CEC,8.182403253266223
MAP,7.792376016397523
PDQ,6.957519318207915
rough_Soil.C,5.4853544751916115
Clay,5.3359339786589635
rough_Clay,3.3714894102774697
CEC,3.0524321447219083
pH,2.26284947041683
