nt,pseudo_r2,pred_obs_r2,pred_obs_r2_exp
3750,0.14686958075601986,0.7539132149665222,0.7556732150063911
