var,rel.inf
rough_Elevation,20.279106272204835
rough_Surface.T,15.539863354242609
rough_MAP,11.775602983297665
Elevation,10.72548691360367
rough_CEC,8.12237845463734
MAP,7.886435712203909
PDQ,6.681410558745728
rough_Soil.C,5.730991949475519
Clay,4.679334880506376
rough_Clay,3.349946008965249
CEC,3.1848357636938878
pH,2.0446071484232107
