var,rel.inf
rough_Elevation,18.772635815583122
rough_Surface.T,14.845701817345248
rough_MAP,11.518426483952329
Elevation,10.510077643007367
rough_CEC,7.964968009398967
MAP,7.836943718086001
PDQ,7.278754165918538
Clay,6.120804865662048
rough_Soil.C,5.69991832622203
CEC,3.4741541150515216
rough_Clay,3.4174631861438054
pH,2.560151853629015
