var,rel.inf
rough_Elevation,19.045420680219408
rough_Surface.T,14.98586966532429
rough_MAP,12.471133465600216
Elevation,10.405931272430204
rough_CEC,7.9045980155493085
MAP,7.740068926205079
PDQ,7.326260927688395
Clay,5.7409137896240825
rough_Soil.C,5.380659374411798
CEC,3.3673815324870784
rough_Clay,3.3644897232162316
pH,2.2672726272439006
