nt,pseudo_r2,pred_obs_r2,pred_obs_r2_exp
4350,0.22433817571810732,0.7751055219893916,0.7767198796296133
