nt,pseudo_r2,pred_obs_r2,pred_obs_r2_exp
4e3,0.12518580471373486,0.7619759468464609,0.7638789981926646
