nt,pseudo_r2,pred_obs_r2,pred_obs_r2_exp
3400,0.15241063170152225,0.7384842078146051,0.7408568419785709
