nt,pseudo_r2,pred_obs_r2,pred_obs_r2_exp
3300,0.1665335010637714,0.7343117847954429,0.7365464299911432
