nt,pseudo_r2,pred_obs_r2,pred_obs_r2_exp
3450,0.1638083068071059,0.7413091684105383,0.7438615642235322
