nt,pseudo_r2,pred_obs_r2,pred_obs_r2_exp
2750,0.12544019659588568,0.7056722466430405,0.7086176463490828
