nt,pseudo_r2,pred_obs_r2,pred_obs_r2_exp
2950,0.14142391731996584,0.7161438322392688,0.7189225637522695
