var,rel.inf
rough_Elevation,19.02770141016838
rough_Surface.T,14.892106027846108
rough_MAP,12.125143295106882
Elevation,11.054575416133115
rough_CEC,7.995277782058473
MAP,7.407645981499966
PDQ,7.238744259140005
Clay,5.841152436490925
rough_Soil.C,5.429575022191831
CEC,3.3113658582708863
rough_Clay,3.147020875917529
pH,2.529691635175899
