nt,pseudo_r2,pred_obs_r2,pred_obs_r2_exp
3250,0.17521989595813248,0.7322028337065374,0.7345828661909817
