var,rel.inf
rough_Elevation,19.55077531624216
rough_Surface.T,15.641208613282517
rough_MAP,11.859755712706361
Elevation,10.887571862096243
rough_CEC,7.819685542459602
MAP,7.5236660860122
PDQ,7.200528061498166
rough_Soil.C,5.539275604719679
Clay,5.291936535599129
CEC,3.349203766877252
rough_Clay,3.1113205086686904
pH,2.225072389838008
