nt,pseudo_r2,pred_obs_r2,pred_obs_r2_exp
3300,0.17988230599489674,0.7331838761400703,0.735361208675718
