var,rel.inf
rough_Elevation,20.194263073605832
rough_Surface.T,15.563804447826126
rough_MAP,12.095686213748726
Elevation,10.554066598606038
rough_CEC,8.059424833733498
MAP,7.783820732043683
PDQ,6.627258080160065
rough_Soil.C,5.6888628676561295
Clay,4.815687088869656
CEC,3.4904816874239315
rough_Clay,3.161135990456975
pH,1.9655083858693434
