var,rel.inf
rough_Elevation,18.53721423959724
rough_Surface.T,14.700660075483446
rough_MAP,12.055059545525403
Elevation,10.895930076643037
rough_CEC,7.925127568606708
MAP,7.735502307639189
PDQ,7.3226317399613405
Clay,5.78991630849299
rough_Soil.C,5.340476391865366
rough_Clay,3.534697491474957
CEC,3.4315462365317724
pH,2.73123801817854
