nt,pseudo_r2,pred_obs_r2,pred_obs_r2_exp
2950,0.11052495709225019,0.7194840467055413,0.7218322724263618
