nt,pseudo_r2,pred_obs_r2,pred_obs_r2_exp
3200,0.1447176171150918,0.7275353466131087,0.7296165724181599
