var,rel.inf
rough_Elevation,18.714885827177945
rough_Surface.T,14.666993183734787
rough_MAP,11.98453891966405
Elevation,10.259168140905812
rough_CEC,7.83654994092356
PDQ,7.711707357031575
MAP,7.692944231644398
Clay,5.845013162982132
rough_Soil.C,5.476542126046822
rough_Clay,3.517533627759383
CEC,3.40377968778972
pH,2.890343794339808
