var,rel.inf
rough_Elevation,18.367079349227353
rough_Surface.T,14.498829819757525
rough_MAP,11.909568630172494
Elevation,10.613624869010614
MAP,8.160127841434987
rough_CEC,7.780730785187383
PDQ,7.6499542630646005
Clay,5.970107633420319
rough_Soil.C,5.436297115767141
CEC,3.6204782133730644
rough_Clay,3.5427362992820273
pH,2.450465180302498
