nt,pseudo_r2,pred_obs_r2,pred_obs_r2_exp
3150,0.16807397837168603,0.7262149030788507,0.7291355342291719
