nt,pseudo_r2,pred_obs_r2,pred_obs_r2_exp
3050,0.15507940351281868,0.7225174186932097,0.724929006424554
