nt,pseudo_r2,pred_obs_r2,pred_obs_r2_exp
2650,0.11400826505954464,0.6993687345683182,0.7023100234997101
