var,rel.inf
rough_Elevation,19.60279235671209
rough_Surface.T,15.20445506543701
rough_MAP,11.980588039465907
Elevation,10.369002668903029
MAP,7.886094278449822
rough_CEC,7.833189807991796
PDQ,7.037435050310915
rough_Soil.C,5.561224204043868
Clay,5.495014625863636
rough_Clay,3.3894633296767704
CEC,3.2832036449486175
pH,2.3575369281965415
