nt,pseudo_r2,pred_obs_r2,pred_obs_r2_exp
2150,0.10036635643800274,0.6717222904249728,0.6751579996954685
