var,rel.inf
rough_Elevation,19.707941012427426
rough_Surface.T,15.183046310567109
rough_MAP,12.450262832722732
Elevation,10.559537423805937
rough_CEC,7.891712401107197
MAP,7.828360347544076
PDQ,6.878666659127262
Clay,5.6544201552824545
rough_Soil.C,5.500865234957741
rough_Clay,3.1174012826744915
CEC,3.105102300120646
pH,2.122684039662929
