nt,pseudo_r2,pred_obs_r2,pred_obs_r2_exp
2550,0.12341432433008448,0.6965193381879928,0.6996482428309655
