nt,pseudo_r2,pred_obs_r2,pred_obs_r2_exp
4950,0.19419426169634169,0.7946450154243001,0.7957387193638101
