var,rel.inf
rough_Elevation,20.213842349564505
rough_Surface.T,15.419733600500306
rough_MAP,11.953971336008715
Elevation,10.62022801349334
rough_CEC,8.227823743418492
MAP,7.653641441144525
PDQ,6.983934673483682
rough_Soil.C,5.518433007941927
Clay,5.0802970621818915
CEC,3.16316629620278
rough_Clay,2.9344574025702705
pH,2.2304710734895665
