var,rel.inf
rough_Elevation,18.578754083647297
rough_Surface.T,14.710491604698953
rough_MAP,11.762234715160854
Elevation,10.592069089117023
rough_CEC,8.496519502524794
MAP,7.968085819258972
PDQ,7.044040480895588
Clay,5.987617480994493
rough_Soil.C,5.2250772561450525
rough_Clay,3.7537253446911207
CEC,3.4188877695580198
pH,2.4624968533078286
