nt,pseudo_r2,pred_obs_r2,pred_obs_r2_exp
2950,0.15690369479225263,0.7174863013735201,0.7200435944411172
