nt,pseudo_r2,pred_obs_r2,pred_obs_r2_exp
3e3,0.12452249327800835,0.7201499911450647,0.7227195260784814
