nt,pseudo_r2,pred_obs_r2,pred_obs_r2_exp
1850,0.12724295155129417,0.6512019244481894,0.65503140449289
