var,rel.inf
rough_Elevation,21.855273954342884
rough_Surface.T,16.197105675940104
rough_MAP,12.081951367654163
Elevation,11.414784895391929
rough_CEC,8.417950662116503
MAP,7.467889835222565
rough_Soil.C,5.6755165064350415
PDQ,5.565224148918192
Clay,4.081225830440863
CEC,2.894833040189024
rough_Clay,2.604349199932642
pH,1.7438948834160932
