nt,pseudo_r2,pred_obs_r2,pred_obs_r2_exp
3300,0.12577399956641544,0.7348837998498075,0.7371705575524528
