nt,pseudo_r2,pred_obs_r2,pred_obs_r2_exp
2750,0.12194393480139276,0.7053673585004876,0.7081528778260138
