var,rel.inf
rough_Elevation,19.720043222565337
rough_Surface.T,14.650056450553407
rough_MAP,11.495012853238917
Elevation,10.84333516521721
rough_CEC,8.079017234829783
MAP,7.641030154741617
PDQ,7.256922903478794
Clay,5.76605535015865
rough_Soil.C,5.693537498565249
rough_Clay,3.3888548952856894
CEC,3.2644008829391016
pH,2.2017333884262436
