nt,pseudo_r2,pred_obs_r2,pred_obs_r2_exp
3450,0.13225500731001116,0.7397525871414015,0.741799623494731
