nt,pseudo_r2,pred_obs_r2,pred_obs_r2_exp
2350,0.11684705402181639,0.6834713718306116,0.6867720487627054
