nt,pseudo_r2,pred_obs_r2,pred_obs_r2_exp
3050,0.147417753003939,0.7218635108028867,0.7242734366440615
