nt,pseudo_r2,pred_obs_r2,pred_obs_r2_exp
3300,0.14298205100133998,0.732002409553281,0.7348674793791783
