var,rel.inf
rough_Elevation,19.554978822770508
rough_Surface.T,14.983571391055586
rough_MAP,11.738215174071954
Elevation,10.527628301731301
rough_CEC,7.887088609426886
MAP,7.724235809355445
PDQ,7.371444157180117
Clay,5.775797921174889
rough_Soil.C,5.457466720828055
rough_Clay,3.4093862470593344
CEC,3.3143988742673476
pH,2.2557879710785786
