var,rel.inf
rough_Elevation,19.686600162663222
rough_Surface.T,15.403221507746283
rough_MAP,11.779857968636817
Elevation,10.151123376202497
rough_CEC,8.328398511085675
MAP,7.9059059208737805
PDQ,6.96435882496006
rough_Soil.C,5.495498735893498
Clay,5.25643057040086
rough_Clay,3.424097816592303
CEC,3.2471247092518896
pH,2.357381895693112
