var,rel.inf
rough_Elevation,18.67017617207845
rough_Surface.T,15.249944716602865
rough_MAP,11.718011644792124
Elevation,10.907298439534035
rough_CEC,7.664419714933926
MAP,7.608282133230523
PDQ,7.331679956061938
Clay,5.813289895382933
rough_Soil.C,5.678478648955354
CEC,3.5036377364797757
rough_Clay,3.405193901131986
pH,2.4495870408160876
