var,rel.inf
rough_Elevation,20.287995411464976
rough_Surface.T,15.121644635102898
rough_MAP,11.560921125921356
Elevation,10.485706956823927
MAP,8.045322670887181
rough_CEC,7.370058092318472
PDQ,7.1436985391593195
rough_Soil.C,5.726371089401261
Clay,5.500483293258744
CEC,3.295233503267211
rough_Clay,3.2817418160109444
pH,2.1808228663837013
