nt,pseudo_r2,pred_obs_r2,pred_obs_r2_exp
3e3,0.12056568679462276,0.7163793841696744,0.7190412143871587
