var,rel.inf
rough_Elevation,21.533467478046
rough_Surface.T,15.70987196570606
rough_MAP,12.334569487736267
Elevation,11.29954776211243
rough_CEC,8.5948652207085
MAP,7.284648262257097
PDQ,6.075156777821992
rough_Soil.C,5.262371807981021
Clay,4.360166661049738
rough_Clay,2.9718880226303486
CEC,2.6679296070744805
pH,1.9055169468760622
