nt,pseudo_r2,pred_obs_r2,pred_obs_r2_exp
3050,0.11365518871558489,0.7211141976193483,0.7237018010041635
