nt,pseudo_r2,pred_obs_r2,pred_obs_r2_exp
3450,0.10666454156931826,0.7421587534972088,0.7445579513218228
