nt,pseudo_r2,pred_obs_r2,pred_obs_r2_exp
4050,0.14216012535884603,0.7655312062777649,0.7673834294193433
