nt,pseudo_r2,pred_obs_r2,pred_obs_r2_exp
2950,0.13605299064850918,0.7169819034290528,0.7195887567473107
