var,rel.inf
rough_Elevation,22.01180738371696
rough_Surface.T,16.008985028653825
rough_MAP,12.080785086869886
Elevation,11.40584191035774
rough_CEC,8.124260326421854
MAP,6.963857830988541
PDQ,6.051178867639824
rough_Soil.C,5.65464832485826
Clay,4.450560346324718
CEC,3.0640143713572714
rough_Clay,2.478348728082116
pH,1.7057117947289944
