var,rel.inf
rough_Elevation,18.994424269894736
rough_Surface.T,14.879894459742493
rough_MAP,11.92657822413223
Elevation,10.254118029139304
rough_CEC,7.961931036161235
MAP,7.901967181730769
PDQ,7.206298692377783
rough_Soil.C,5.473592838988033
Clay,5.458794234071315
rough_Clay,3.7358751801867416
CEC,3.4553936423725413
pH,2.751132211202819
