nt,pseudo_r2,pred_obs_r2,pred_obs_r2_exp
3950,0.11318471276961828,0.7612972310092639,0.7631390070460713
