var,rel.inf
rough_Elevation,20.961166487078643
rough_Surface.T,16.223693118036824
rough_MAP,11.763613720447324
Elevation,10.897531660585035
rough_CEC,7.971413492285322
MAP,7.555902196705879
PDQ,6.216736035454338
rough_Soil.C,5.189170675857829
Clay,4.816890602061918
CEC,3.218693931725889
rough_Clay,3.140067780881429
pH,2.045120298879577
