var,rel.inf
rough_Elevation,22.46947700205529
rough_Surface.T,16.30772863327733
rough_MAP,11.487969413513293
Elevation,11.317206358164109
rough_CEC,8.497155731631816
MAP,7.3890518258880356
PDQ,5.460455493541725
rough_Soil.C,5.301521689495651
Clay,3.9761185280617317
CEC,2.829631733565247
rough_Clay,2.82701626454591
pH,2.136667326259869
