var,rel.inf
rough_Elevation,18.562625084626692
rough_Surface.T,14.563279199178554
rough_MAP,12.23484654510425
Elevation,10.516526499305277
MAP,8.112136943581135
rough_CEC,7.8324770168906666
PDQ,7.587584408729488
Clay,5.669313347652283
rough_Soil.C,5.406996311348895
rough_Clay,3.3892194085290575
CEC,3.362252712666399
pH,2.7627425223873034
