var,rel.inf
rough_Elevation,20.409419470617006
rough_Surface.T,15.148426928103511
rough_MAP,11.705319247347418
Elevation,10.653278438103715
rough_CEC,8.367419960564659
MAP,7.180590875652275
PDQ,6.985791160078132
rough_Soil.C,5.764690837794951
Clay,5.272465138372852
rough_Clay,3.181624944689296
CEC,3.100901186494684
pH,2.2300718121815044
