nt,pseudo_r2,pred_obs_r2,pred_obs_r2_exp
2900,0.12334763129853121,0.7147332482071551,0.717385162161264
