nt,pseudo_r2,pred_obs_r2,pred_obs_r2_exp
2600,0.13402855191289464,0.6981984681168403,0.700887314395143
