nt,pseudo_r2,pred_obs_r2,pred_obs_r2_exp
3150,0.15045079323425747,0.7260499582316174,0.7285604216554727
