var,rel.inf
rough_Elevation,18.814607419808453
rough_Surface.T,15.113851110752508
rough_MAP,11.947996850015242
Elevation,10.445580700547145
rough_CEC,7.920131722964058
MAP,7.898870811888767
PDQ,7.291636657395632
Clay,5.595741837546809
rough_Soil.C,5.412178516412946
rough_Clay,3.521783610102642
CEC,3.466793608647159
pH,2.5708271539186347
