var,rel.inf
rough_Elevation,19.724021245937013
rough_Surface.T,15.003697853085889
rough_MAP,11.935990568678717
Elevation,10.318343618281931
rough_CEC,8.01182453688189
MAP,7.9494322963954716
PDQ,7.079839512082334
rough_Soil.C,5.619275240976267
Clay,5.245388267087858
rough_Clay,3.4897354092000556
CEC,3.2501081632560105
pH,2.37234328813657
