var,rel.inf
rough_Elevation,19.96422380220159
rough_Surface.T,15.13256199778706
rough_MAP,12.217280733201244
Elevation,10.405108174691176
rough_CEC,8.231182863681838
MAP,7.638492082642708
PDQ,7.05051198358161
rough_Soil.C,5.434783220784568
Clay,5.0963842323531505
rough_Clay,3.2986230792063793
CEC,3.2853979566040414
pH,2.2454498732646364
