nt,pseudo_r2,pred_obs_r2,pred_obs_r2_exp
4150,0.18488513847062837,0.7675598599969778,0.7693350211292711
