nt,pseudo_r2,pred_obs_r2,pred_obs_r2_exp
3500,0.17164925869188674,0.7406710486883333,0.7429302358594544
