nt,pseudo_r2,pred_obs_r2,pred_obs_r2_exp
3250,0.13889197271507447,0.7302176842851917,0.732427649466185
