nt,pseudo_r2,pred_obs_r2,pred_obs_r2_exp
2100,0.12282967831938096,0.6654231046465812,0.6687499934458252
