nt,pseudo_r2,pred_obs_r2,pred_obs_r2_exp
2500,0.10870977124959214,0.6909690063267403,0.693902468684868
