nt,pseudo_r2,pred_obs_r2,pred_obs_r2_exp
3500,0.14886664898622282,0.7423600188956483,0.74419125510500606
