nt,pseudo_r2,pred_obs_r2,pred_obs_r2_exp
3600,0.10987503970228696,0.7486218151815982,0.7505433310929922
