var,rel.inf
rough_Elevation,18.059682112929103
rough_Surface.T,14.34868344132584
rough_MAP,11.844855922349286
Elevation,10.33330080476585
MAP,8.242108363973708
rough_CEC,7.806440310516435
PDQ,7.704160171615817
Clay,6.268743886381003
rough_Soil.C,5.539650128435238
CEC,3.565188562608149
rough_Clay,3.4651304601121558
pH,2.8220558349874105
