nt,pseudo_r2,pred_obs_r2,pred_obs_r2_exp
4150,0.17769600739766933,0.7671554523787718,0.7690268818004458
