nt,pseudo_r2,pred_obs_r2,pred_obs_r2_exp
2500,0.07026373589018398,0.691555390872168,0.6944582647609631
