var,rel.inf
rough_Elevation,23.050791986231467
rough_Surface.T,16.77311995467135
rough_MAP,12.46314758400429
Elevation,11.120484127428583
rough_CEC,8.614191030983886
MAP,6.685605002255717
rough_Soil.C,5.640441670909533
PDQ,4.864682522066072
Clay,4.239706378238129
rough_Clay,2.6389899366560776
CEC,2.375377980723107
pH,1.5334618258317958
