var,rel.inf
rough_Elevation,19.480859651056914
rough_Surface.T,15.40809330246515
rough_MAP,11.83080111313187
Elevation,10.784683024954147
rough_CEC,8.068385086394626
MAP,8.018008864887458
PDQ,7.095584030077271
Clay,5.479496622179384
rough_Soil.C,5.108140932535245
rough_Clay,3.3109688996828255
CEC,3.020786632207968
pH,2.3941918404271387
