nt,pseudo_r2,pred_obs_r2,pred_obs_r2_exp
2450,0.1561480077294204,0.690077952440527,0.6929079392229519
