var,rel.inf
rough_Elevation,18.772817951205713
rough_Surface.T,14.779939401877252
rough_MAP,11.739851530928172
Elevation,10.024358696799709
MAP,8.280116168726758
rough_CEC,7.74062008360852
PDQ,7.722911674760455
Clay,5.924952548983942
rough_Soil.C,5.4126594473214
CEC,3.4768871694409675
rough_Clay,3.474899823927866
pH,2.649985502419247
