nt,pseudo_r2,pred_obs_r2,pred_obs_r2_exp
3550,0.1799940506619524,0.7443491707758298,0.7464473665756938
