nt,pseudo_r2,pred_obs_r2,pred_obs_r2_exp
4100,0.1792920497561814,0.7664668038526345,0.7678414502859322
