nt,pseudo_r2,pred_obs_r2,pred_obs_r2_exp
2600,0.1126974770568665,0.6967811621352895,0.6998119323093371
