var,rel.inf
rough_Elevation,19.708442161051074
rough_Surface.T,15.478371440849338
rough_MAP,11.63775799640279
Elevation,10.514194359807211
MAP,8.296191673764081
rough_CEC,8.037081338468369
PDQ,7.000300554140847
rough_Soil.C,5.367275345152297
Clay,5.3034177756561185
rough_Clay,3.3863174748007356
CEC,3.1732573503545245
pH,2.097392529552615
