var,rel.inf
rough_Elevation,19.67159852022712
rough_Surface.T,15.376880816997003
rough_MAP,11.806409369696883
Elevation,10.822949973210516
rough_CEC,8.10318766637881
MAP,7.493666350315861
PDQ,7.155764433515236
rough_Soil.C,5.414514990109603
Clay,5.316641658546854
rough_Clay,3.4531550086430642
CEC,3.152436448823413
pH,2.2327947635356433
