nt,pseudo_r2,pred_obs_r2,pred_obs_r2_exp
3300,0.14281955788406342,0.733102939782494,0.7354181909679952
