var,rel.inf
rough_Elevation,18.128833558784432
rough_Surface.T,14.441984486715365
rough_MAP,11.731630616039151
Elevation,10.174686104255372
MAP,8.154303312802934
rough_CEC,7.957810702994802
PDQ,7.744750892617094
Clay,5.913248389772297
rough_Soil.C,5.62098433967015
rough_Clay,3.8164953791277756
CEC,3.629982507703133
pH,2.6852897095174937
