var,rel.inf
rough_Elevation,18.852448770795593
rough_Surface.T,14.548076789516267
rough_MAP,11.495698039586877
Elevation,11.065944089518776
rough_CEC,8.05468015220837
MAP,7.765895534646028
PDQ,7.213060631151574
Clay,6.031765486127227
rough_Soil.C,5.428564161252769
rough_Clay,3.6163916405767695
CEC,3.3863556143600526
pH,2.541119090259695
