var,rel.inf
rough_Elevation,19.808919848436275
rough_Surface.T,15.611591365688298
rough_MAP,11.707677374536946
Elevation,10.896059892077224
rough_CEC,7.899561663873192
MAP,7.729491672002961
PDQ,6.917217103004879
rough_Soil.C,5.481570372901663
Clay,5.456192697320011
rough_Clay,3.0743401751204265
CEC,3.0276990629934812
pH,2.3896787720446335
