var,rel.inf
rough_Elevation,19.44766339263089
rough_Surface.T,14.783663266028617
rough_MAP,11.8730285370131
Elevation,10.70274339776343
rough_CEC,8.286460727571079
MAP,7.432628659369598
PDQ,7.361338569330324
Clay,5.593434400985249
rough_Soil.C,5.395070847624899
rough_Clay,3.3889426812136807
CEC,3.276795021822861
pH,2.458230498646277
