nt,pseudo_r2,pred_obs_r2,pred_obs_r2_exp
3500,0.12532243339534643,0.7398003336700983,0.741916658455149
