nt,pseudo_r2,pred_obs_r2,pred_obs_r2_exp
3e3,0.10253004462981341,0.7201395466976175,0.7226849709949761
