var,rel.inf
rough_Elevation,19.3616642578324
rough_Surface.T,15.246451717896505
rough_MAP,12.048228483459987
Elevation,10.246257146603416
MAP,7.90337775429226
rough_CEC,7.825000536186283
PDQ,7.198887947627003
Clay,5.7552420287174675
rough_Soil.C,5.161616309586942
CEC,3.424349795988958
rough_Clay,3.3507347058546624
pH,2.4781893159541086
