var,rel.inf
rough_Elevation,18.081060856355894
rough_Surface.T,14.210516330086776
rough_MAP,11.764742605781354
Elevation,10.70466209652507
rough_CEC,8.055918625167758
MAP,7.776296646783586
PDQ,7.696128700685784
Clay,6.133278770095783
rough_Soil.C,5.5249381551623715
rough_Clay,3.742123677171394
CEC,3.6864400667587547
pH,2.6238934694254743
