nt,pseudo_r2,pred_obs_r2,pred_obs_r2_exp
2850,0.12026175662119432,0.7102710057273609,0.7131338599653418
