nt,pseudo_r2,pred_obs_r2,pred_obs_r2_exp
3800,0.18772613548839545,0.7543357260150471,0.7564007493921715
