nt,pseudo_r2,pred_obs_r2,pred_obs_r2_exp
2800,0.1308718549855994,0.7071100939068622,0.710211226266754
