var,rel.inf
rough_Elevation,20.07857814176231
rough_Surface.T,14.987180039443516
rough_MAP,11.850784965431552
Elevation,10.650946424373634
rough_CEC,8.377760570142085
MAP,7.394787236044298
PDQ,6.771658626700843
rough_Soil.C,5.660188878357544
Clay,5.317347033098655
rough_Clay,3.3648313886763064
CEC,3.3490292153221275
pH,2.196907480647129
