var,rel.inf
rough_Elevation,19.462906496846042
rough_Surface.T,15.093978154438352
rough_MAP,11.642349484143423
Elevation,10.906554982722756
MAP,8.027892771475324
rough_CEC,7.674113912933206
PDQ,6.993086844862213
rough_Soil.C,5.970988282896547
Clay,5.443160230290393
rough_Clay,3.327078303698483
CEC,3.2979435643791897
pH,2.1599469713140653
