var,rel.inf
rough_Elevation,21.22739152791435
rough_Surface.T,15.96703619301729
rough_MAP,12.01000843468687
Elevation,10.933703644235651
rough_CEC,8.103031396221432
MAP,7.30198137560253
PDQ,6.349549955614218
rough_Soil.C,5.518914893828456
Clay,4.92709780066094
rough_Clay,2.880690606757243
CEC,2.8061614267852932
pH,1.9744327446757235
