nt,pseudo_r2,pred_obs_r2,pred_obs_r2_exp
3100,0.15646224892116867,0.7243475609546061,0.7271739047541615
