nt,pseudo_r2,pred_obs_r2,pred_obs_r2_exp
2650,0.11723403060976367,0.7001049864239522,0.7033054799492416
