nt,pseudo_r2,pred_obs_r2,pred_obs_r2_exp
3800,0.16290227708356453,0.7556660114677218,0.7573618090931583
