var,rel.inf
rough_Elevation,19.49243729559134
rough_Surface.T,15.097540382169399
rough_MAP,12.003669528855573
Elevation,10.887323878028539
rough_CEC,8.486257900437826
MAP,7.618205358066894
PDQ,6.4873420064046465
Clay,5.354073735857873
rough_Soil.C,5.237082163236943
CEC,3.4913414693828373
rough_Clay,3.4192705921386564
pH,2.4254556898294677
