var,rel.inf
rough_Elevation,19.014800580200244
rough_Surface.T,15.090751720296522
rough_MAP,12.051082334801848
Elevation,10.203036979310534
rough_CEC,8.14713520636316
MAP,7.660960057745732
PDQ,7.093464855457043
Clay,5.913105795339902
rough_Soil.C,5.452924272607319
rough_Clay,3.7256583738347393
CEC,3.0948538443905784
pH,2.552225979652385
