nt,pseudo_r2,pred_obs_r2,pred_obs_r2_exp
3050,0.1611869413320115,0.7227987077000491,0.7255798477064004
