nt,pseudo_r2,pred_obs_r2,pred_obs_r2_exp
3150,0.16686944974103413,0.7274096780229244,0.729816167549625
