nt,pseudo_r2,pred_obs_r2,pred_obs_r2_exp
2850,0.14275025395005625,0.7115681289409328,0.714539648213021
