var,rel.inf
rough_Elevation,18.794550352666857
rough_Surface.T,14.576824011079614
rough_MAP,11.829431593636286
Elevation,10.436599721573227
rough_CEC,8.341753117242712
MAP,7.612872238812383
PDQ,7.167258890937567
Clay,6.069485562916179
rough_Soil.C,5.6381420103814675
rough_Clay,3.4041434682946905
CEC,3.333076045859511
pH,2.7958629865995133
