var,rel.inf
rough_Elevation,20.183662148939728
rough_Surface.T,15.050549414705564
rough_MAP,12.443018835256225
Elevation,10.503871644208798
rough_CEC,8.119931743751364
MAP,7.471212061764869
PDQ,7.006713362083339
rough_Soil.C,5.3830277280501555
Clay,5.042074156816903
rough_Clay,3.351690532039599
CEC,3.2148144066392534
pH,2.229433965744195
