nt,pseudo_r2,pred_obs_r2,pred_obs_r2_exp
2150,0.11748043019788745,0.6708906314876938,0.6741395001278842
