nt,pseudo_r2,pred_obs_r2,pred_obs_r2_exp
2700,0.11969858814601275,0.7037274456617,0.706571092549372
