nt,pseudo_r2,pred_obs_r2,pred_obs_r2_exp
3750,0.19474278995882266,0.7526104970216979,0.7547710059045932
