nt,pseudo_r2,pred_obs_r2,pred_obs_r2_exp
2800,0.13692531630887284,0.706028918279766,0.7091757810376522
