nt,pseudo_r2,pred_obs_r2,pred_obs_r2_exp
2600,0.12246837911990738,0.7003248016041361,0.7030631983288946
