nt,pseudo_r2,pred_obs_r2,pred_obs_r2_exp
3650,0.10922615311312811,0.7479161227002896,0.7501154634409819
