nt,pseudo_r2,pred_obs_r2,pred_obs_r2_exp
2850,0.15852689156579125,0.710765440710309,0.7133020916083428
