nt,pseudo_r2,pred_obs_r2,pred_obs_r2_exp
3450,0.18242667186823558,0.741751867461505,0.7438724813519357
