nt,pseudo_r2,pred_obs_r2,pred_obs_r2_exp
2800,0.15735253556486428,0.7083826969404704,0.7108342023112186
