var,rel.inf
rough_Elevation,20.219363298241902
rough_Surface.T,15.350811381678541
rough_MAP,11.90952404776082
Elevation,10.382585998237404
rough_CEC,8.613378214509936
MAP,7.7134548706464665
PDQ,6.661872314481416
rough_Soil.C,5.437508508592198
Clay,5.195363733619169
rough_Clay,3.3355873949997177
CEC,2.9739646953871475
pH,2.2065855418452807
