nt,pseudo_r2,pred_obs_r2,pred_obs_r2_exp
3150,0.10850559293061424,0.7281697526806491,0.730421044654585
