var,rel.inf
rough_Elevation,18.468415920102235
rough_Surface.T,14.563310427071796
rough_MAP,11.58105184675064
Elevation,10.819541929142236
MAP,8.131464955461832
rough_CEC,8.103627137548838
PDQ,7.402538964730192
Clay,6.058999332689694
rough_Soil.C,5.434471442076642
CEC,3.633713367261221
rough_Clay,3.4483251745055785
pH,2.3545395026590974
