nt,pseudo_r2,pred_obs_r2,pred_obs_r2_exp
2400,0.14445524263574872,0.6865884233170679,0.6896380216196111
