nt,pseudo_r2,pred_obs_r2,pred_obs_r2_exp
2500,0.11091671607480336,0.6922317427528806,0.6954150355446762
