nt,pseudo_r2,pred_obs_r2,pred_obs_r2_exp
3150,0.1614544995142434,0.724652466715249,0.7273721308923632
