var,rel.inf
rough_Elevation,19.589117348793977
rough_Surface.T,15.025493656423686
rough_MAP,11.979058957052459
Elevation,10.767516190772678
rough_CEC,8.239243016277609
MAP,7.369003661834246
PDQ,6.701422123917709
Clay,5.587959842838589
rough_Soil.C,5.109674901761757
CEC,3.6779889548848548
rough_Clay,3.566318545735326
pH,2.3872027997071106
