var,rel.inf
rough_Elevation,18.565933204752238
rough_Surface.T,14.665634667053174
rough_MAP,11.570765479592689
Elevation,10.638014671711602
rough_CEC,7.9177142336380495
MAP,7.875708875310724
PDQ,7.521612235290364
Clay,5.863891166665137
rough_Soil.C,5.396846736147915
rough_Clay,3.6283660107279463
CEC,3.519529228928392
pH,2.835983490181762
