var,rel.inf
rough_Elevation,18.603507607426522
rough_Surface.T,15.011110233180155
rough_MAP,11.629893141127651
Elevation,10.41831775842921
MAP,8.04484274953704
rough_CEC,7.880840070254751
PDQ,7.5184876074731974
Clay,5.8950820172977005
rough_Soil.C,5.607830338170793
rough_Clay,3.5830468815268675
CEC,3.284428783301238
pH,2.5226128122748714
