nt,pseudo_r2,pred_obs_r2,pred_obs_r2_exp
1750,0.05663611369102328,0.6359688478854624,0.6399186143742082
