nt,pseudo_r2,pred_obs_r2,pred_obs_r2_exp
2900,0.11551987204632364,0.7137733786127316,0.7160298244879315
