nt,pseudo_r2,pred_obs_r2,pred_obs_r2_exp
3250,0.14435238112412774,0.7299530735226721,0.7320984845069369
