var,rel.inf
rough_Elevation,20.655013123265565
rough_Surface.T,15.498142826366093
rough_MAP,11.921723417061035
Elevation,10.857615698956662
rough_CEC,8.188386414677968
MAP,7.428827700601171
PDQ,6.360994777737867
rough_Soil.C,5.518467409095445
Clay,5.013549952136233
CEC,3.3309642624540454
rough_Clay,3.226019386770197
pH,2.000295030877709
