var,rel.inf
rough_Elevation,20.524626278656967
rough_Surface.T,15.774692680699577
rough_MAP,12.131161759277404
Elevation,10.958484725029635
rough_CEC,8.069345100003437
MAP,7.280175537221161
PDQ,6.322216434150194
rough_Soil.C,5.573314777004694
Clay,5.054135877442256
rough_Clay,3.2350841858562522
CEC,2.993202205227914
pH,2.083560439430498
