nt,pseudo_r2,pred_obs_r2,pred_obs_r2_exp
2550,0.11935053752665137,0.6968646885865187,0.6998630954097215
