var,rel.inf
rough_Elevation,19.447319733922896
rough_Surface.T,15.620885425008755
rough_MAP,11.657949388704138
Elevation,10.427188241702341
rough_CEC,8.293096458966843
MAP,8.05807917848966
PDQ,7.306103675905755
rough_Soil.C,5.377367239457008
Clay,5.296298890934801
CEC,3.4355677700402287
rough_Clay,2.78817535029549
pH,2.291968646572089
