var,rel.inf
rough_Elevation,22.25603899381844
rough_Surface.T,15.80844773084867
rough_MAP,11.95412933144864
Elevation,11.28844014745381
rough_CEC,8.500114113255067
MAP,7.301217141846588
PDQ,5.782859171359207
rough_Soil.C,5.127809994149303
Clay,4.266018837896143
rough_Clay,3.0345618709264794
CEC,2.9058883875529284
pH,1.7744742794447212
