var,rel.inf
rough_Elevation,19.57845456629643
rough_Surface.T,14.818290291752273
rough_MAP,12.10195290088358
Elevation,10.546475561657553
rough_CEC,8.032215340352305
MAP,7.605454894482179
PDQ,7.148167222677651
rough_Soil.C,5.7104930476192335
Clay,5.402524158085564
rough_Clay,3.4068768613388674
CEC,3.3887094080585483
pH,2.260385746795819
