var,rel.inf
rough_Elevation,19.226560569559524
rough_Surface.T,15.513790645481633
rough_MAP,11.875969318487444
Elevation,10.73985219847041
rough_CEC,8.003595248667015
MAP,7.403912227374826
PDQ,6.913024674230894
rough_Soil.C,5.781996219354412
Clay,5.391189471111932
rough_Clay,3.381889788741388
CEC,3.236744656588844
pH,2.5314749819316766
