nt,pseudo_r2,pred_obs_r2,pred_obs_r2_exp
2200,0.070430357561859,0.6718644670697321,0.6746849857855046
