nt,pseudo_r2,pred_obs_r2,pred_obs_r2_exp
1650,0.08903134186255246,0.6329820009177982,0.6372550638452659
