nt,pseudo_r2,pred_obs_r2,pred_obs_r2_exp
2350,0.14216137049029876,0.6855670278328502,0.6883081566455044
