nt,pseudo_r2,pred_obs_r2,pred_obs_r2_exp
3e3,0.12443157182623943,0.7180680802400731,0.7202753335186994
