nt,pseudo_r2,pred_obs_r2,pred_obs_r2_exp
2800,0.12245834480548268,0.7080677030711757,0.7109252962960315
