var,rel.inf
rough_Elevation,18.904031564201382
rough_Surface.T,14.655349654787898
rough_MAP,11.642109449032496
Elevation,10.51753878620392
rough_CEC,8.016720193236178
MAP,7.944894139418581
PDQ,7.404546210279377
Clay,5.839216403572549
rough_Soil.C,5.4523347944111915
rough_Clay,3.5083412013657567
CEC,3.3213469259761332
pH,2.7935706775145355
