nt,pseudo_r2,pred_obs_r2,pred_obs_r2_exp
3750,0.42031203331861633,0.763561467832963,0.7622853253325333
