nt,pseudo_r2,pred_obs_r2,pred_obs_r2_exp
3e3,0.3855648663904596,0.7364998143891391,0.7345277390263881
