nt,pseudo_r2,pred_obs_r2,pred_obs_r2_exp
4950,0.4620166159044854,0.7990369755916642,0.7984784290580291
