nt,pseudo_r2,pred_obs_r2,pred_obs_r2_exp
3800,0.4270462877339696,0.7662112441919752,0.7650181494711037
