var,rel.inf
MAP,35.13345120521901
rough_Elevation,13.572848741621424
CEC,10.56381940728744
PDQ,6.367168286375776
rough_MAP,6.307928818723119
Elevation,5.431090698326357
rough_NDVI,5.120886287265342
rough_Soil.C,4.186385543288065
rough_CEC,3.808888984791732
pH,2.2019785358594914
rough_Surface.T,2.1582117128263794
Surface.T,1.9779022576586807
Clay,1.6369439488429118
rough_PDQ,1.5324955719142648
