nt,pseudo_r2,pred_obs_r2,pred_obs_r2_exp
4e3,0.42340232297979363,0.7724696392856774,0.7714460305348881
