nt,pseudo_r2,pred_obs_r2,pred_obs_r2_exp
4500,0.4391524914913938,0.7879386235222277,0.7871101934173593
