nt,pseudo_r2,pred_obs_r2,pred_obs_r2_exp
4200,0.4591032537873817,0.7779504668451338,0.776844036760552
