nt,pseudo_r2,pred_obs_r2,pred_obs_r2_exp
4150,0.4293160326459704,0.7757274860346025,0.7747072193294716
