nt,pseudo_r2,pred_obs_r2,pred_obs_r2_exp
4250,0.46790819294502917,0.7797494233496688,0.7789751280783803
