var,rel.inf
MAP,35.073916054322666
rough_Elevation,13.814665007396053
CEC,10.63088260345546
rough_MAP,6.613984081219628
PDQ,6.394889496232088
Elevation,5.3546197061358605
rough_NDVI,5.250575480575994
rough_Soil.C,4.284078019764198
rough_CEC,3.5537415726627772
pH,2.1287761112941856
Surface.T,2.0720564334816207
rough_Surface.T,2.054325731508608
Clay,1.4985229699781426
rough_PDQ,1.274966731972727
