nt,pseudo_r2,pred_obs_r2,pred_obs_r2_exp
3900,0.4253002936080006,0.7685295339177646,0.7674332173024987
