var,rel.inf
MAP,34.2514395116505
rough_Elevation,13.774305277981995
CEC,10.52371645936713
rough_MAP,6.691654710178085
PDQ,6.37894898195465
rough_NDVI,5.409209136896979
Elevation,5.369206219372577
rough_Soil.C,4.440708432041869
rough_CEC,3.6283061009466517
pH,2.3750646796501376
Surface.T,2.135205533305505
rough_Surface.T,1.862205782645567
Clay,1.644685640723312
rough_PDQ,1.5153435332850422
