var,rel.inf
MAP,35.76794497248583
rough_Elevation,13.774544803925282
CEC,10.601690643755425
rough_MAP,6.745510401987346
PDQ,6.528726532483718
rough_NDVI,5.133920675330727
Elevation,5.030140896867196
rough_Soil.C,4.195650393380439
rough_CEC,3.345746349953039
Surface.T,2.3419886943482795
pH,2.133356160694702
rough_Surface.T,1.793381122004932
Clay,1.3247622473526757
rough_PDQ,1.282636105430402
