var,rel.inf
MAP,34.879156432656416
rough_Elevation,13.518091194631003
CEC,10.404753894810067
PDQ,6.5175954655680854
rough_MAP,6.435714937174315
Elevation,5.49146182884264
rough_NDVI,5.215400027253895
rough_Soil.C,4.2810380794887
rough_CEC,3.6825846466247585
rough_Surface.T,2.3340151438522345
pH,2.2954068892500827
Surface.T,1.9774558224725933
Clay,1.5160476896864623
rough_PDQ,1.4512779476887423
