nt,pseudo_r2,pred_obs_r2,pred_obs_r2_exp
3800,0.443667004744163,0.7659117271631036,0.764629304905817
