nt,pseudo_r2,pred_obs_r2,pred_obs_r2_exp
4850,0.4587639847889783,0.7963687626146642,0.7957112927465599
