nt,pseudo_r2,pred_obs_r2,pred_obs_r2_exp
4050,0.4191188927691273,0.7744552990286392,0.7731794281730016
