var,rel.inf
MAP,34.81084401064263
rough_Elevation,13.456004816407184
CEC,10.615287290888244
rough_MAP,6.715827842442926
PDQ,6.47110232046974
Elevation,5.425249615575745
rough_NDVI,5.230743584512127
rough_Soil.C,4.372573831003084
rough_CEC,3.5804768012632513
pH,2.3122332606120346
Surface.T,2.062658198052026
rough_Surface.T,1.972743996252613
Clay,1.6404694856990274
rough_PDQ,1.3337849461793536
