nt,pseudo_r2,pred_obs_r2,pred_obs_r2_exp
3450,0.430438727433639,0.7532916050082396,0.7519036666613022
