nt,pseudo_r2,pred_obs_r2,pred_obs_r2_exp
4400,0.4430242541860938,0.7850852751343284,0.7842595468526028
