nt,pseudo_r2,pred_obs_r2,pred_obs_r2_exp
4350,0.4478061580539511,0.7823083967462273,0.7814817004663306
