nt,pseudo_r2,pred_obs_r2,pred_obs_r2_exp
3700,0.43316693289742503,0.7615257685536062,0.7604486066898318
