var,rel.inf
MAP,35.98210755863157
rough_Elevation,13.57467551162086
CEC,10.940182247443927
rough_MAP,7.033038461787532
PDQ,6.41632818246557
Elevation,5.218365534730487
rough_NDVI,5.093552586483673
rough_Soil.C,4.016021349931214
rough_CEC,3.418517803844195
rough_Surface.T,1.9371262037690378
pH,1.928900716361833
Surface.T,1.8488356321171728
Clay,1.3537640150074417
rough_PDQ,1.2385841958054808
