var,rel.inf
MAP,34.37386592219826
rough_Elevation,13.380475952619125
CEC,10.5871217405213
rough_MAP,6.963037487638725
PDQ,6.515372778864104
Elevation,5.584876737683716
rough_NDVI,5.0885739932817025
rough_Soil.C,4.40024878574169
rough_CEC,3.6310510821287054
pH,2.3777823345694427
rough_Surface.T,2.047140491305023
Surface.T,1.9604212588158416
Clay,1.696993576742029
rough_PDQ,1.3930378578903388
