var,rel.inf
MAP,34.88270463264608
rough_Elevation,13.488092106962275
CEC,10.539572357447009
rough_MAP,6.410737672045739
PDQ,6.192552425490282
Elevation,5.520445752263507
rough_NDVI,5.240823480658722
rough_Soil.C,4.656352648746762
rough_CEC,3.486082408616586
pH,2.3093880783159526
rough_Surface.T,2.1516939825529082
Surface.T,1.916223662723511
Clay,1.7644935110859779
rough_PDQ,1.4408372804446878
