nt,pseudo_r2,pred_obs_r2,pred_obs_r2_exp
4100,0.42464865177435396,0.7758669398736615,0.7748424760783834
