nt,pseudo_r2,pred_obs_r2,pred_obs_r2_exp
3450,0.4480612023992948,0.7533687411144693,0.7518572322911452
