var,rel.inf
MAP,34.989558084007406
rough_Elevation,13.47762732692954
CEC,10.568321716987505
rough_MAP,6.786602803428356
PDQ,6.3847580305333445
Elevation,5.198606880169543
rough_NDVI,5.025315219656486
rough_Soil.C,4.397423181404297
rough_CEC,3.6511740491317646
pH,2.415573238714179
rough_Surface.T,2.190357107948944
Surface.T,2.0974454130259437
Clay,1.4489541311282101
rough_PDQ,1.368282816934479
