nt,pseudo_r2,pred_obs_r2,pred_obs_r2_exp
3800,0.43209883481659417,0.7655204910529352,0.7642733645100027
