nt,pseudo_r2,pred_obs_r2,pred_obs_r2_exp
3900,0.4268847514549533,0.767988484616174,0.7668150761721128
