var,rel.inf
MAP,33.64202517206401
rough_Elevation,13.80307965450941
CEC,10.569477003469787
rough_MAP,6.665255930993319
PDQ,6.1460184499231145
Elevation,5.556824568544568
rough_NDVI,5.315896953176861
rough_Soil.C,4.455990863268997
rough_CEC,4.127927193745867
pH,2.29273793043161
rough_Surface.T,2.149096377779025
Surface.T,2.0106175737020586
Clay,1.7307016715362114
rough_PDQ,1.5343506568551557
