nt,pseudo_r2,pred_obs_r2,pred_obs_r2_exp
3450,0.4087146526310438,0.7536238215361016,0.7521843418818822
