nt,pseudo_r2,pred_obs_r2,pred_obs_r2_exp
4100,0.4100856372252354,0.7752279123750209,0.7741650787415523
