var,rel.inf
MAP,34.24123689208173
rough_Elevation,13.463890450060308
CEC,10.321895196046512
rough_MAP,7.052438344982724
PDQ,6.404540465555054
Elevation,5.545469459095394
rough_NDVI,4.901571819041741
rough_Soil.C,4.438764354879094
rough_CEC,3.8923054692196537
pH,2.4046288616607994
rough_Surface.T,2.1315775029824846
Surface.T,2.1255091103047876
Clay,1.622598578901987
rough_PDQ,1.453573495187747
