nt,pseudo_r2,pred_obs_r2,pred_obs_r2_exp
3700,0.41978120101293703,0.7617664250784868,0.7603208813280274
