nt,pseudo_r2,pred_obs_r2,pred_obs_r2_exp
4900,0.4321623724060787,0.7974754609531659,0.7965913332000221
