var,rel.inf
MAP,34.54380382206357
rough_Elevation,13.084713391855802
CEC,10.577773951758367
rough_MAP,6.732007841851467
PDQ,6.279078877035922
rough_NDVI,5.565418149433209
Elevation,5.326855142132516
rough_Soil.C,4.282749727638669
rough_CEC,3.7995061064140874
pH,2.39771388658669
Surface.T,2.053408470972591
rough_Surface.T,2.030658390854874
Clay,1.8194615174573496
rough_PDQ,1.5068507239448843
