nt,pseudo_r2,pred_obs_r2,pred_obs_r2_exp
4550,0.45144296160449326,0.7891689811505399,0.788374664721826
