nt,pseudo_r2,pred_obs_r2,pred_obs_r2_exp
3400,0.39743731699162266,0.7529203412182699,0.7511676201080042
