var,rel.inf
MAP,34.93647905327841
rough_Elevation,13.697561088955712
CEC,10.590765555147694
rough_MAP,7.207907710342214
PDQ,6.409250028194485
rough_NDVI,5.371932606455188
Elevation,5.117540866477213
rough_Soil.C,4.2663938698208
rough_CEC,3.495460314687917
pH,2.199167549658546
rough_Surface.T,1.9393595070103373
Surface.T,1.9082351558789188
Clay,1.550517427973271
rough_PDQ,1.309429266119293
