nt,pseudo_r2,pred_obs_r2,pred_obs_r2_exp
4150,0.44967254912095167,0.7755841941581474,0.77458611340969
