var,rel.inf
MAP,34.57487449539208
rough_Elevation,13.426457276060832
CEC,10.548353494542482
rough_MAP,6.526321092632241
PDQ,6.473145042251265
Elevation,5.325140062233661
rough_NDVI,5.1367521088379355
rough_Soil.C,4.490565967005402
rough_CEC,3.673807789822627
pH,2.313718940702795
rough_Surface.T,2.286820612171039
Surface.T,2.0639895458826203
Clay,1.5933956334514427
rough_PDQ,1.5666579390135773
