nt,pseudo_r2,pred_obs_r2,pred_obs_r2_exp
4200,0.43208731107025156,0.7767228429408125,0.7756762546629413
