nt,pseudo_r2,pred_obs_r2,pred_obs_r2_exp
3200,0.42463671363190536,0.7446915045428415,0.7428259015861425
