var,rel.inf
MAP,35.76164386831397
rough_Elevation,13.501379450322016
CEC,10.892813116004229
rough_MAP,6.957266553169786
PDQ,6.321307998293705
Elevation,5.050051783777255
rough_NDVI,4.844363593570135
rough_Soil.C,4.1759950490021485
rough_CEC,3.6301505833958663
pH,2.3439025735978536
rough_Surface.T,1.9202776312849084
Surface.T,1.8547817705397562
Clay,1.410968724776501
rough_PDQ,1.3350973039518643
