var,rel.inf
MAP,34.63200833125704
rough_Elevation,13.774308519384265
CEC,10.537886333015354
rough_MAP,6.636254982074509
PDQ,6.4653084173628566
rough_NDVI,5.296039496536661
Elevation,5.257352426885284
rough_Soil.C,4.410557076690878
rough_CEC,3.5183620856246725
pH,2.233668580682774
Surface.T,2.0735216701718993
rough_Surface.T,2.0422095425238083
Clay,1.6313233473200408
rough_PDQ,1.491199190469963
