nt,pseudo_r2,pred_obs_r2,pred_obs_r2_exp
3850,0.42854064671316705,0.7673171733390344,0.7661987740562456
