var,rel.inf
MAP,35.612436572304865
rough_Elevation,13.541722501941406
CEC,10.512199718093747
rough_MAP,6.720841618802772
PDQ,6.6131168268616545
Elevation,5.154342682172636
rough_NDVI,5.089860943083143
rough_Soil.C,4.121579093823948
rough_CEC,3.578792577060139
pH,2.2101715865478244
rough_Surface.T,2.1402813548839448
Surface.T,1.8064783976770566
Clay,1.5480037290467763
rough_PDQ,1.350172397700086
