nt,pseudo_r2,pred_obs_r2,pred_obs_r2_exp
4450,0.4385471451798655,0.785378566693526,0.7844429847696693
