nt,pseudo_r2,pred_obs_r2,pred_obs_r2_exp
4050,0.4606950093262083,0.7738264105040074,0.7727833587362543
