var,rel.inf
MAP,35.03610134369515
rough_Elevation,13.516125140534701
CEC,10.695561039347142
rough_MAP,6.758719447787874
PDQ,6.5139620002723095
rough_NDVI,5.287088610516645
Elevation,5.263958868812321
rough_Soil.C,4.258444293558733
rough_CEC,3.6653930351680475
pH,2.19106415350316
Surface.T,1.9725624224074052
rough_Surface.T,1.892391734249566
Clay,1.5542974280960637
rough_PDQ,1.3943304820508897
