nt,pseudo_r2,pred_obs_r2,pred_obs_r2_exp
3650,0.4322959978589874,0.7602630276922955,0.7588236230019428
