var,rel.inf
MAP,35.227074810469865
rough_Elevation,13.576896980541221
CEC,10.854999437187576
rough_MAP,6.908934413534418
PDQ,6.559480953804781
rough_NDVI,5.3736427718820226
Elevation,5.110079897029917
rough_Soil.C,4.080132378822208
rough_CEC,3.463788929066369
pH,2.1993641907273846
Surface.T,2.0442058605570304
rough_Surface.T,1.9219848535898938
Clay,1.4388554419442532
rough_PDQ,1.2405590808430664
