nt,pseudo_r2,pred_obs_r2,pred_obs_r2_exp
4250,0.41974899206573635,0.7796926011953597,0.7787415636829378
