var,rel.inf
MAP,36.05117490351129
rough_Elevation,13.637950339431406
CEC,10.819887322010153
rough_MAP,6.823703036594344
PDQ,6.401876878687057
Elevation,5.196097883630927
rough_NDVI,4.997047286860857
rough_Soil.C,3.950483083928408
rough_CEC,3.401904622918958
pH,2.198638709867821
Surface.T,1.9915459975129108
rough_Surface.T,1.969422948379368
Clay,1.370120277191688
rough_PDQ,1.1901467094748148
