nt,pseudo_r2,pred_obs_r2,pred_obs_r2_exp
4500,0.43719149131743096,0.7870902862961324,0.7862753361501025
