var,rel.inf
MAP,34.93621624735352
rough_Elevation,13.565572001476724
CEC,10.729997389042373
rough_MAP,6.822106312709253
PDQ,6.359017814775973
rough_NDVI,5.408135285496711
Elevation,5.092022025204466
rough_Soil.C,4.137091118031719
rough_CEC,3.4891424134517735
pH,2.353635001896832
Surface.T,2.1324763780256375
rough_Surface.T,2.045713455650944
Clay,1.5727299996225512
rough_PDQ,1.356144557261524
