nt,pseudo_r2,pred_obs_r2,pred_obs_r2_exp
3500,0.42397374875667926,0.7558762519568785,0.7543965075414552
