var,rel.inf
MAP,35.21257896503071
rough_Elevation,13.397152857936513
CEC,10.803847617560697
PDQ,6.416987115028766
rough_MAP,6.290040177597507
Elevation,5.429992454159121
rough_NDVI,5.138521878543543
rough_Soil.C,4.493763794696029
rough_CEC,3.6766753152515017
pH,2.2854846902352595
Surface.T,2.009217313885585
rough_Surface.T,1.7531512059665282
Clay,1.6695558812799787
rough_PDQ,1.423030732828261
