var,rel.inf
MAP,34.97287411119818
rough_Elevation,13.900938173984091
CEC,10.930170570329738
rough_MAP,7.498389213789914
PDQ,6.242872999707475
Elevation,5.0598410794700746
rough_NDVI,4.983508449942468
rough_Soil.C,4.041774923239412
rough_CEC,3.5628423132842815
pH,2.1606977910682135
Surface.T,1.929222312929814
rough_Surface.T,1.8390067778479302
Clay,1.5797500047045885
rough_PDQ,1.2981112785038134
