nt,pseudo_r2,pred_obs_r2,pred_obs_r2_exp
3850,0.42773928492807967,0.7665458722586967,0.76539516065987
