nt,pseudo_r2,pred_obs_r2,pred_obs_r2_exp
4200,0.43834730171902647,0.7783873257747461,0.7775160803499993
