var,rel.inf
MAP,33.87781580791325
rough_Elevation,13.683548557959035
CEC,10.719951195439771
rough_MAP,6.830702934514484
PDQ,6.357079844478116
rough_NDVI,5.5190026216347405
Elevation,5.376378871894953
rough_Soil.C,4.41245331262164
rough_CEC,3.72482067391562
pH,2.4616369851994415
Surface.T,2.0735048863734016
rough_Surface.T,1.9657247430049147
Clay,1.5919195429983921
rough_PDQ,1.405460022052247
