var,rel.inf
MAP,33.81642520087418
rough_Elevation,13.483660761953873
CEC,10.495863483409423
rough_MAP,6.504396130502576
PDQ,6.215917706407314
Elevation,5.683277231460434
rough_NDVI,5.415375828896577
rough_Soil.C,4.296540497334318
rough_CEC,3.9486075751809886
pH,2.5543539255145302
rough_Surface.T,2.1009743039729303
Surface.T,1.9677891434543278
Clay,1.8459549277315885
rough_PDQ,1.6708632833069377
