var,rel.inf
MAP,32.97548757396809
rough_Elevation,13.380991549174329
CEC,10.591865296667823
rough_MAP,7.169546411471789
PDQ,6.192602808465998
Elevation,5.518858515193906
rough_NDVI,5.26156599383202
rough_Soil.C,4.656026433882725
rough_CEC,3.856702544826538
pH,2.625074003308272
Surface.T,2.160332625318145
Clay,2.0554654901716223
rough_Surface.T,2.0323269364632037
rough_PDQ,1.5231538172555465
