var,rel.inf
MAP,34.85355852264321
rough_Elevation,13.752930526090104
CEC,10.585039838432397
rough_MAP,6.608377359342989
PDQ,6.2177431153929374
Elevation,5.409470545017487
rough_NDVI,5.173321808062822
rough_Soil.C,4.385165064784777
rough_CEC,3.51478524550129
pH,2.3606791266760347
Surface.T,2.1223024065355727
rough_Surface.T,1.822548739209181
Clay,1.6726094857602931
rough_PDQ,1.5214682165508977
