var,rel.inf
MAP,34.79920984829401
rough_Elevation,13.561488199482916
CEC,10.559796147655145
rough_MAP,6.781065498187433
PDQ,6.2032841924301785
rough_NDVI,5.406815628467338
Elevation,5.240472864920977
rough_Soil.C,4.340270000800192
rough_CEC,3.7202775703802904
pH,2.424978496708261
rough_Surface.T,2.0846690298884902
Surface.T,2.025096858752046
Clay,1.611413062665406
rough_PDQ,1.2411626013673052
