nt,pseudo_r2,pred_obs_r2,pred_obs_r2_exp
5300,0.467729514435106,0.8082693983866867,0.8078252215404003
