nt,pseudo_r2,pred_obs_r2,pred_obs_r2_exp
3250,0.4353035765051386,0.74599737716633,0.7444319471866622
