nt,pseudo_r2,pred_obs_r2,pred_obs_r2_exp
4050,0.44227055513344304,0.7730154024693264,0.7721680817907026
