var,rel.inf
MAP,32.952628208484555
rough_Elevation,13.224005635442397
CEC,10.450045473873427
rough_MAP,6.557879927218005
PDQ,5.917564580637454
Elevation,5.708103835936544
rough_NDVI,5.2130419351717805
rough_Soil.C,4.70018725115925
rough_CEC,3.891786148519196
pH,2.741590946951192
rough_Surface.T,2.478775436531365
Surface.T,2.3078449342937986
Clay,2.0590465172172343
rough_PDQ,1.7974991685638064
