var,rel.inf
MAP,35.750253399175996
rough_Elevation,13.8982982702044
CEC,10.775609765737052
rough_MAP,7.091293953161915
PDQ,6.556524102462787
Elevation,5.056519010710152
rough_NDVI,4.912153142560114
rough_Soil.C,4.201624915682303
rough_CEC,3.319878737091967
pH,2.0687640871718944
Surface.T,1.9898443836985371
rough_Surface.T,1.7282296918420963
Clay,1.3735929558499946
rough_PDQ,1.277413584650787
