nt,pseudo_r2,pred_obs_r2,pred_obs_r2_exp
4500,0.4388322076218384,0.7857803952977025,0.7847110170341863
