var,rel.inf
MAP,35.96064684662945
rough_Elevation,13.666612483320124
CEC,10.436875263193441
PDQ,6.455592511075743
rough_MAP,6.192000694906621
Elevation,5.336415317037058
rough_NDVI,5.283550323597634
rough_Soil.C,3.904828123193134
rough_CEC,3.512353731643649
pH,2.2138020392581157
Surface.T,2.1319990096792054
rough_Surface.T,1.9102834194453064
Clay,1.618001506558571
rough_PDQ,1.3770387304619423
