var,rel.inf
MAP,36.726728124600626
rough_Elevation,13.457476215514651
CEC,10.904603536909065
rough_MAP,7.092523466925761
PDQ,6.600639386681362
rough_NDVI,5.546383001106009
Elevation,4.614967479020745
rough_Soil.C,3.6374150876334634
rough_CEC,3.155140890343284
rough_Surface.T,1.9980271081947165
Surface.T,1.9770981808791213
pH,1.9745661976731568
Clay,1.1580647000662772
rough_PDQ,1.156366624451757
