nt,pseudo_r2,pred_obs_r2,pred_obs_r2_exp
4250,0.4383496764292649,0.779952768376577,0.7790089348050124
