var,rel.inf
MAP,34.329550327659426
rough_Elevation,13.626251867465212
CEC,10.648585083554595
rough_MAP,6.691015011594063
PDQ,6.201825324160395
Elevation,5.393140302604849
rough_NDVI,5.240205637968726
rough_Soil.C,4.396291198143821
rough_CEC,3.769969864019617
pH,2.3099983699530084
rough_Surface.T,2.056841275507318
Surface.T,2.028625796263649
Clay,1.8607464295918594
rough_PDQ,1.4469535115134602
