nt,pseudo_r2,pred_obs_r2,pred_obs_r2_exp
4050,0.42373546461194467,0.773615713929909,0.7722799814692424
