nt,pseudo_r2,pred_obs_r2,pred_obs_r2_exp
3850,0.44890296780795413,0.7659304390093448,0.7645053194202485
