var,rel.inf
MAP,33.78095263019385
rough_Elevation,13.783489643624982
CEC,10.438197655790798
rough_MAP,6.854790902129738
PDQ,6.626194008570853
Elevation,5.394622433389879
rough_NDVI,5.172001739133452
rough_Soil.C,4.576260433420469
rough_CEC,3.6422865941086218
pH,2.3864852098692877
rough_Surface.T,2.0553250328977133
Surface.T,1.9877521861370588
Clay,1.8485291737570988
rough_PDQ,1.4531123569762097
