var,rel.inf
MAP,33.00965969394788
rough_Elevation,13.387131024258641
CEC,10.264776852261223
rough_MAP,7.0063912968631
PDQ,6.0698153227369875
Elevation,5.376287809518894
rough_NDVI,5.23617481542458
rough_Soil.C,4.770989577443426
rough_CEC,4.104119921223297
pH,2.514503777083724
Surface.T,2.3439454225410095
Clay,2.1810241995333532
rough_Surface.T,2.0966593202533215
rough_PDQ,1.6385209669105691
