var,rel.inf
MAP,34.51614771769077
rough_Elevation,13.284059988369856
CEC,10.594895956329225
rough_MAP,6.6267323335697235
PDQ,6.208922009788477
Elevation,5.391732640472139
rough_NDVI,5.293119722730919
rough_Soil.C,4.473496094804017
rough_CEC,3.5610079030110096
pH,2.405928718183453
Surface.T,2.256196972982074
rough_Surface.T,2.2088778456468594
Clay,1.7774227727527971
rough_PDQ,1.4014593236686779
