var,rel.inf
MAP,34.37469625992749
rough_Elevation,13.73243542610248
CEC,10.471119246475558
rough_MAP,6.930761457536726
PDQ,6.220058209527785
Elevation,5.467089884580418
rough_NDVI,5.1928757990680445
rough_Soil.C,4.257727108863351
rough_CEC,3.5845538137834616
pH,2.4398579936772062
Surface.T,2.004172248923624
rough_Surface.T,1.9564542490798813
Clay,1.7313144241467302
rough_PDQ,1.6368838783072424
