var,rel.inf
MAP,34.484707559874295
rough_Elevation,13.44524934105918
CEC,10.55641035429366
rough_MAP,6.476837981349411
PDQ,6.420793442694127
Elevation,5.373557812205986
rough_NDVI,5.231121169811257
rough_Soil.C,4.175495063833221
rough_CEC,3.8300664944978644
pH,2.5163825761824223
rough_Surface.T,2.2097523178500214
Surface.T,2.122603494281331
Clay,1.7207723041792096
rough_PDQ,1.4362500878880011
