var,rel.inf
MAP,34.4211086893388
rough_Elevation,13.483673070510598
CEC,10.438939571338222
rough_MAP,7.224830293714493
PDQ,6.2830387457640775
Elevation,5.396363909372932
rough_NDVI,5.330943167175566
rough_Soil.C,4.240462734365032
rough_CEC,3.580191645890498
pH,2.364457820702972
Surface.T,2.2824701352976
rough_Surface.T,1.8740317753377171
Clay,1.621017568136325
rough_PDQ,1.458470873055173
