nt,pseudo_r2,pred_obs_r2,pred_obs_r2_exp
4950,0.467120672404298,0.7993759808035521,0.7986076986312517
