nt,pseudo_r2,pred_obs_r2,pred_obs_r2_exp
3950,0.44124976513850056,0.7710167010099457,0.7698302935408513
