var,rel.inf
MAP,34.044197818265914
rough_Elevation,13.588040281886586
CEC,10.35473668692572
rough_MAP,6.6281221075259715
PDQ,6.581065955881411
rough_NDVI,5.480084593030077
Elevation,5.414368610961339
rough_Soil.C,4.387502292585853
rough_CEC,3.740151593679683
pH,2.452535312851465
Surface.T,2.1216383564335817
rough_Surface.T,1.9309184262466679
Clay,1.762554355815988
rough_PDQ,1.514083607909728
