nt,pseudo_r2,pred_obs_r2,pred_obs_r2_exp
4600,0.46673452663192994,0.7905689748202328,0.7898699700838684
