var,rel.inf
MAP,34.922529132412194
rough_Elevation,13.346279282209421
CEC,10.572471907406818
rough_MAP,7.020673428642741
PDQ,6.542511952306533
Elevation,5.236154078236619
rough_NDVI,5.15514100053972
rough_Soil.C,4.131350346923648
rough_CEC,3.737921030402008
pH,2.2519412395750025
Surface.T,2.132201983916615
rough_Surface.T,1.915303863133096
Clay,1.563834521972346
rough_PDQ,1.4716862323232347
