var,rel.inf
MAP,35.130391036735695
rough_Elevation,13.331154219824771
CEC,10.514637320216845
PDQ,6.332171904930399
rough_MAP,6.094472636983175
Elevation,5.44440278304231
rough_NDVI,5.372947289222372
rough_Soil.C,4.21695428539781
rough_CEC,3.8434199073047997
pH,2.363924840245323
Surface.T,2.04991776396721
rough_Surface.T,2.034948479658834
Clay,1.7601179392012125
rough_PDQ,1.510539593269242
