var,rel.inf
MAP,35.042807096647394
rough_Elevation,13.707787460959661
CEC,10.578674180547184
rough_MAP,7.176048896378723
PDQ,6.327450251760383
Elevation,5.34699693625896
rough_NDVI,5.045893937128094
rough_Soil.C,4.070676444459828
rough_CEC,3.468203133988195
pH,2.314000248345892
rough_Surface.T,2.09515584437772
Surface.T,2.063366963765882
Clay,1.5169924262002674
rough_PDQ,1.2459461791818103
