var,rel.inf
MAP,35.330510935488526
rough_Elevation,13.59596590933289
CEC,10.645184231485683
rough_MAP,7.111731031642146
PDQ,6.477897154933452
Elevation,5.275034594606987
rough_NDVI,5.016080637623837
rough_Soil.C,4.260450366460723
rough_CEC,3.367022992727866
pH,2.1291677923039756
rough_Surface.T,2.0482779446263635
Surface.T,1.953293742770423
Clay,1.5652878704955808
rough_PDQ,1.2240947955015455
