nt,pseudo_r2,pred_obs_r2,pred_obs_r2_exp
5e3,0.4519744492834692,0.8005096951985304,0.8000596965676114
