nt,pseudo_r2,pred_obs_r2,pred_obs_r2_exp
4850,0.450365520016457,0.7953626556424489,0.794744939301262
