nt,pseudo_r2,pred_obs_r2,pred_obs_r2_exp
4400,0.4208930795273085,0.7855376414457781,0.7845044911514405
