nt,pseudo_r2,pred_obs_r2,pred_obs_r2_exp
4150,0.430524852857025,0.7770094486822693,0.7759158275289793
