var,rel.inf
MAP,35.18573375893508
rough_Elevation,13.554482605437764
CEC,10.864485669033394
rough_MAP,6.5386713334576365
PDQ,6.3177171916125205
Elevation,5.208966704028951
rough_NDVI,5.101288857872865
rough_Soil.C,4.255324589996281
rough_CEC,3.650402739633423
pH,2.2590894686238516
Surface.T,1.95638242975618
rough_Surface.T,1.9528605271130661
Clay,1.584530342935783
rough_PDQ,1.5700637815632121
