nt,pseudo_r2,pred_obs_r2,pred_obs_r2_exp
4600,0.43982136383371806,0.790317383669392,0.7893900398093008
