var,rel.inf
MAP,34.48368629993799
rough_Elevation,13.398145580439348
CEC,10.845587678527275
rough_MAP,6.499265613790631
PDQ,6.438842509198691
Elevation,5.627086129511079
rough_NDVI,5.110890068044136
rough_Soil.C,4.380486170118997
rough_CEC,3.679590605249337
pH,2.222280614758315
Surface.T,2.142777983618073
rough_Surface.T,2.1233166170960427
Clay,1.6184529444616642
rough_PDQ,1.4295911852484235
