nt,pseudo_r2,pred_obs_r2,pred_obs_r2_exp
4250,0.4192867081735827,0.7808980591352782,0.7799101783284941
