var,rel.inf
MAP,35.56435589035104
rough_Elevation,13.877275000166398
CEC,10.580577499749
rough_MAP,6.873536380065984
PDQ,6.574437660945393
Elevation,5.24208087495931
rough_NDVI,5.049210154878979
rough_Soil.C,4.186971121873715
rough_CEC,3.36860366382286
pH,2.1878931432957542
Surface.T,1.9923942273561857
rough_Surface.T,1.9724715870937712
Clay,1.38424042643379
rough_PDQ,1.145952369007827
