var,rel.inf
MAP,36.72146144629546
rough_Elevation,13.694365116080764
CEC,10.873709906103796
rough_MAP,6.833871017960553
PDQ,6.527414613148342
rough_NDVI,5.171344405206477
Elevation,4.9443408132640005
rough_Soil.C,3.8552208862479556
rough_CEC,3.164847460804856
pH,2.0562190607370545
rough_Surface.T,1.9196502290977442
Surface.T,1.8193781190480636
Clay,1.2661501592776072
rough_PDQ,1.1520267667273323
