var,rel.inf
MAP,34.23444768044835
rough_Elevation,13.468536702991967
CEC,10.589921917361574
rough_MAP,7.313508980061442
PDQ,6.490234127653127
Elevation,5.221395704412688
rough_NDVI,5.185627275040035
rough_Soil.C,4.376651834109
rough_CEC,3.606287105944303
pH,2.357750375952179
rough_Surface.T,2.1594875374403824
Surface.T,1.8407563673142628
Clay,1.7049851382181085
rough_PDQ,1.4504092530525783
