nt,pseudo_r2,pred_obs_r2,pred_obs_r2_exp
4050,0.44542586995066547,0.7731297864086675,0.7720593909363468
