var,rel.inf
MAP,36.16870926434894
rough_Elevation,13.723969951654091
CEC,10.622208928300994
PDQ,6.64751922768463
rough_MAP,6.624871865235383
Elevation,5.123145813217648
rough_NDVI,5.107770733648747
rough_Soil.C,3.8897793494827866
rough_CEC,3.487579663332835
pH,2.1896528080373523
Surface.T,2.116842635558432
rough_Surface.T,1.9200190509987576
Clay,1.273218916483104
rough_PDQ,1.1047117920162985
