nt,pseudo_r2,pred_obs_r2,pred_obs_r2_exp
4100,0.4232812459532376,0.7755386056376431,0.7744433541786014
