nt,pseudo_r2,pred_obs_r2,pred_obs_r2_exp
4e3,0.43262097027468394,0.7717306773402174,0.7706681693877823
