var,rel.inf
MAP,35.11282818243959
rough_Elevation,13.567309398850883
CEC,10.996405854098398
rough_MAP,6.731990790276674
PDQ,6.060240911079008
rough_NDVI,5.437314976124454
Elevation,5.1605124788374335
rough_Soil.C,3.9522697415190624
rough_CEC,3.839151071115421
pH,2.2095267180688114
Surface.T,1.941190424103046
rough_Surface.T,1.932275862481043
Clay,1.6263813278081274
rough_PDQ,1.4326022631980535
