nt,pseudo_r2,pred_obs_r2,pred_obs_r2_exp
4250,0.426524254373131,0.7789628858075297,0.7776908872703526
