nt,pseudo_r2,pred_obs_r2,pred_obs_r2_exp
3550,0.42630654587893246,0.7548812179870679,0.7531170822442852
