var,rel.inf
MAP,36.197809543201274
rough_Elevation,14.019864504394578
CEC,10.674417847593736
rough_MAP,7.7855189522866635
PDQ,6.563953944185357
Elevation,4.788016854064329
rough_NDVI,4.734257313408029
rough_Soil.C,3.989011131416638
rough_CEC,3.409635206453532
rough_Surface.T,1.9323667248226606
pH,1.8501373290814938
Surface.T,1.8497636483579236
Clay,1.1629746672392858
rough_PDQ,1.0422723334945052
