var,rel.inf
MAP,34.76046871428799
rough_Elevation,13.479996152414138
CEC,10.586051604330159
rough_MAP,6.689961587361133
PDQ,6.425191520207203
rough_NDVI,5.349817260756438
Elevation,5.290278231961336
rough_Soil.C,4.3414613282443
rough_CEC,3.6078472459054503
pH,2.3079478791681183
Surface.T,2.2911155772205016
rough_Surface.T,1.8423446427592878
Clay,1.6317450930428274
rough_PDQ,1.3957731623411254
