nt,pseudo_r2,pred_obs_r2,pred_obs_r2_exp
3950,0.4239180145961611,0.7707070123208343,0.7694088069870972
