var,rel.inf
MAP,34.83025797873154
rough_Elevation,13.21903955990534
CEC,10.561397221689248
rough_MAP,6.521132773756634
PDQ,6.519137983636936
Elevation,5.494993580797359
rough_NDVI,5.370757298460219
rough_Soil.C,4.246095388749678
rough_CEC,3.7499013855361456
pH,2.3254861840189793
rough_Surface.T,2.081367021679118
Clay,1.8605042425872955
Surface.T,1.8302925192087915
rough_PDQ,1.389636861242716
