nt,pseudo_r2,pred_obs_r2,pred_obs_r2_exp
3900,0.4365979061238102,0.7689400322255396,0.7677748068274064
