nt,pseudo_r2,pred_obs_r2,pred_obs_r2_exp
4350,0.45512442876721715,0.7823058459362559,0.7813172036236741
