nt,pseudo_r2,pred_obs_r2,pred_obs_r2_exp
4e3,0.4297734223364904,0.7708880653135811,0.7697761280386298
