var,rel.inf
MAP,35.24758595945915
rough_Elevation,13.600617891380303
CEC,10.728099612701715
PDQ,6.530077236847804
rough_MAP,6.510065149161916
Elevation,5.198274955336947
rough_NDVI,5.048994178833716
rough_Soil.C,4.424820404026321
rough_CEC,3.734206838574489
pH,2.1733441384402434
rough_Surface.T,2.0885246303838607
Surface.T,1.7827930233961848
Clay,1.5268078698406278
rough_PDQ,1.4057881116167135
