nt,pseudo_r2,pred_obs_r2,pred_obs_r2_exp
3950,0.44251350328560124,0.7709540200359477,0.7697688781818248
