var,rel.inf
MAP,35.464063630566486
rough_Elevation,13.628992777010602
CEC,10.690185506948003
rough_MAP,6.808983705079603
PDQ,6.2332675036868554
Elevation,5.196077772947975
rough_NDVI,5.071071258012452
rough_Soil.C,4.216008734653894
rough_CEC,3.6314638428606227
pH,2.1891087398162936
rough_Surface.T,2.0511977527330667
Surface.T,1.999307829559873
Clay,1.4912225801581456
rough_PDQ,1.3290483659661165
