var,rel.inf
MAP,34.34048138355944
rough_Elevation,13.572833210069511
CEC,10.740761467261668
rough_MAP,7.090868255495589
PDQ,6.475283928981201
Elevation,5.43620280032501
rough_NDVI,4.949170948494416
rough_Soil.C,4.186192035341539
rough_CEC,3.6529821517448124
pH,2.4335009260829366
Surface.T,1.964253243282552
rough_Surface.T,1.8966026165856393
Clay,1.8031179647551256
rough_PDQ,1.457749068020555
