var,rel.inf
MAP,35.26890356860149
rough_Elevation,13.595113823153865
CEC,10.238216150442568
rough_MAP,6.985901379901556
PDQ,6.707960569538937
rough_NDVI,5.176962440645476
Elevation,5.042887675711339
rough_Soil.C,4.271102186633639
rough_CEC,3.6049520098054684
pH,2.3341791840355532
Surface.T,2.057857541622102
rough_Surface.T,2.045335959909025
Clay,1.4533988731459875
rough_PDQ,1.2172286368530059
