nt,pseudo_r2,pred_obs_r2,pred_obs_r2_exp
3950,0.45447576355002384,0.769854997370034,0.768674436850399
