nt,pseudo_r2,pred_obs_r2,pred_obs_r2_exp
5300,0.47535991198583694,0.8079319522656178,0.8075090476455288
