nt,pseudo_r2,pred_obs_r2,pred_obs_r2_exp
4300,0.44938372139156557,0.7819865868075663,0.7810305116768712
