var,rel.inf
MAP,34.48685020372251
rough_Elevation,13.822458055773486
CEC,10.44577419689004
rough_MAP,7.675369688961153
PDQ,6.549461601427045
Elevation,5.178753963317335
rough_NDVI,5.036658121592497
rough_Soil.C,4.200451283079453
rough_CEC,3.4549976472136783
Surface.T,2.2112505206411583
pH,2.1598989378722444
rough_Surface.T,1.8386777540287833
Clay,1.58884045644032
rough_PDQ,1.3505575690402907
