nt,pseudo_r2,pred_obs_r2,pred_obs_r2_exp
3850,0.42385068045650887,0.767210087191062,0.765876325051918
