nt,pseudo_r2,pred_obs_r2,pred_obs_r2_exp
3900,0.4282974087061622,0.7671378630580914,0.7657941540367369
