nt,pseudo_r2,pred_obs_r2,pred_obs_r2_exp
3700,0.42888906675279836,0.7630276465578287,0.7616096888670124
