nt,pseudo_r2,pred_obs_r2,pred_obs_r2_exp
3700,0.43213124962069105,0.7614424148410125,0.7601314072335225
