nt,pseudo_r2,pred_obs_r2,pred_obs_r2_exp
4600,0.4719682183345967,0.7902367417379851,0.7892463393623467
