nt,pseudo_r2,pred_obs_r2,pred_obs_r2_exp
4450,0.43945420909985855,0.7846529318332452,0.7837589284556339
