nt,pseudo_r2,pred_obs_r2,pred_obs_r2_exp
4050,0.4423331767428019,0.7735840955081401,0.77259381911228
