nt,pseudo_r2,pred_obs_r2,pred_obs_r2_exp
5200,0.44298020989301423,0.8069243190717916,0.8063456212906226
