nt,pseudo_r2,pred_obs_r2,pred_obs_r2_exp
4e3,0.4058465793866606,0.770703669718945,0.7694893657508818
