var,rel.inf
MAP,34.49814210444364
rough_Elevation,13.418192070300657
CEC,10.541403853699537
PDQ,6.626041473782787
rough_MAP,6.520580297015902
rough_NDVI,5.51476816351222
Elevation,5.2322825520416645
rough_Soil.C,4.357758532308834
rough_CEC,3.735757831334948
pH,2.2971995362283706
rough_Surface.T,2.2232958492869948
Surface.T,2.1500083408778448
Clay,1.5746708125754099
rough_PDQ,1.309898582591185
