var,rel.inf
MAP,35.02701746604582
rough_Elevation,13.476225407542621
CEC,10.645906456906273
rough_MAP,6.930645095826525
PDQ,6.19088947803822
rough_NDVI,5.450884807408628
Elevation,5.2453357113982735
rough_Soil.C,4.254838266165028
rough_CEC,3.4780075982684346
pH,2.2015636789281685
rough_Surface.T,2.1273528700855135
Surface.T,1.8958199269618063
Clay,1.7122152828698751
rough_PDQ,1.3632979535548124
