var,rel.inf
MAP,34.05175349244585
rough_Elevation,13.165694987204937
CEC,10.456068890131366
rough_MAP,6.641901390418107
PDQ,6.3778078471603985
Elevation,5.42012748965827
rough_NDVI,5.327635853859641
rough_Soil.C,4.4040292321371
rough_CEC,3.905246680087134
pH,2.5810361878759847
Surface.T,2.110336634942072
rough_Surface.T,2.1023047925881597
Clay,1.8335841717887362
rough_PDQ,1.6224723497022386
