nt,pseudo_r2,pred_obs_r2,pred_obs_r2_exp
3550,0.42570399706023043,0.7568019386464493,0.7551749824716747
