var,rel.inf
MAP,34.31472101382421
rough_Elevation,13.57701982132593
CEC,10.740297741108634
rough_MAP,6.6388819323465444
PDQ,6.191433967145817
rough_NDVI,5.565086023604343
Elevation,5.129136874519253
rough_Soil.C,4.4592239014368396
rough_CEC,3.645521576992624
pH,2.531059260185905
Surface.T,2.072506574954257
rough_Surface.T,1.9580845209564917
Clay,1.8535551891996054
rough_PDQ,1.323471602399536
