var,rel.inf
MAP,33.569768958479266
rough_Elevation,13.377203382068112
CEC,10.375344934864303
rough_MAP,6.85590877903634
PDQ,6.148945163397206
Elevation,5.676729932614356
rough_NDVI,5.218941486768657
rough_Soil.C,4.4586034382967
rough_CEC,4.086413297620703
pH,2.3725904441604686
rough_Surface.T,2.239088141401218
Surface.T,2.205414063126606
Clay,1.8338698429440954
rough_PDQ,1.5811781352219767
