nt,pseudo_r2,pred_obs_r2,pred_obs_r2_exp
4450,0.444250981017121,0.7858807362640081,0.785014904832679
