var,rel.inf
MAP,35.01304098661508
rough_Elevation,13.57341566772191
CEC,10.58726151145073
rough_MAP,6.623530045395124
PDQ,6.616148256500791
rough_NDVI,5.185595249380244
Elevation,5.177649201841928
rough_Soil.C,4.283092784861067
rough_CEC,3.617185275949153
pH,2.3231478671855834
rough_Surface.T,2.045559398661167
Surface.T,1.975012628161031
Clay,1.5192343958315109
rough_PDQ,1.4601267304446799
