var,rel.inf
MAP,35.39586202781504
rough_Elevation,13.854564425239253
CEC,10.315241660678879
rough_MAP,7.798532377067168
PDQ,6.727268978893174
rough_NDVI,5.155566892797483
Elevation,5.0844113903201915
rough_Soil.C,3.807940626185137
rough_CEC,3.230672830840212
pH,2.0958213796973784
Surface.T,2.037788648947694
rough_Surface.T,2.029086461561321
Clay,1.2931931730853377
rough_PDQ,1.174049126871719
