var,rel.inf
MAP,34.68410750148854
rough_Elevation,13.211569675431386
CEC,10.573841228404241
rough_MAP,6.4439076247930815
PDQ,6.128981614456676
Elevation,5.661536228574433
rough_NDVI,5.36570944869317
rough_Soil.C,4.289123310624511
rough_CEC,3.7346380887526602
pH,2.5525897649160427
rough_Surface.T,2.072538927146464
Surface.T,2.0021549656850897
Clay,1.7855150039858412
rough_PDQ,1.4937866170478533
