nt,pseudo_r2,pred_obs_r2,pred_obs_r2_exp
4250,0.420164004314156,0.7798666196437707,0.7788640601599204
