var,rel.inf
MAP,35.16872789436107
rough_Elevation,13.45001819404286
CEC,10.911228327118044
rough_MAP,6.861525855724588
PDQ,6.439340708045552
Elevation,5.225505641865563
rough_NDVI,5.21092225078722
rough_Soil.C,4.126139555960978
rough_CEC,3.566111222958691
pH,2.368282342548574
Surface.T,2.012033010339594
rough_Surface.T,1.8633211442386295
Clay,1.4092494394266777
rough_PDQ,1.3875944125819533
