var,rel.inf
MAP,35.628455981564365
rough_Elevation,13.419478200011838
CEC,10.73113768335255
PDQ,6.4896679073324455
rough_MAP,6.352172944265055
Elevation,5.169265941791546
rough_NDVI,5.040987026513869
rough_Soil.C,4.3334808283495505
rough_CEC,3.571286616379903
pH,2.310050095044601
rough_Surface.T,2.018223592193154
Surface.T,1.959945187532723
Clay,1.6035288871726814
rough_PDQ,1.3723191084957145
