var,rel.inf
MAP,34.685566871702555
rough_Elevation,13.600958798524573
CEC,10.491971139233849
PDQ,6.507978311932264
rough_MAP,6.343714780423514
rough_NDVI,5.500810915918563
Elevation,5.2064866467921656
rough_Soil.C,4.436634348781388
rough_CEC,3.6582476318761823
pH,2.3185616466024728
Surface.T,2.196408916130006
rough_Surface.T,1.9164916106301875
Clay,1.6377967840875949
rough_PDQ,1.4983715973646923
