nt,pseudo_r2,pred_obs_r2,pred_obs_r2_exp
3750,0.46236377322366773,0.7630217319196541,0.7616507439999168
