var,rel.inf
MAP,34.88650459158175
rough_Elevation,13.54113016200202
CEC,10.4468388056537
rough_MAP,7.060922690089737
PDQ,6.7828996881742505
rough_NDVI,5.2332440913837255
Elevation,5.132392777093963
rough_Soil.C,4.145478264048805
rough_CEC,3.5243637239664958
pH,2.3599147510365666
Surface.T,2.0644958639348507
rough_Surface.T,1.875622965261218
Clay,1.556817756096805
rough_PDQ,1.3893738696761098
