var,rel.inf
MAP,34.80840552992763
rough_Elevation,13.501044325976824
CEC,10.481761486318753
rough_MAP,6.78728001563711
PDQ,6.416277673091743
Elevation,5.21164562933067
rough_NDVI,5.196896740726271
rough_Soil.C,4.327356729242507
rough_CEC,3.7447975249313097
pH,2.184020067824253
Surface.T,2.161282944145261
rough_Surface.T,2.095816915578757
Clay,1.6306652867095637
rough_PDQ,1.4527491305593498
