var,rel.inf
MAP,35.856098857471125
rough_Elevation,14.129159168659088
CEC,10.829283619188232
rough_MAP,6.810554338161029
PDQ,6.526389702655203
Elevation,5.046540655142913
rough_NDVI,4.901129799066905
rough_Soil.C,4.073468621265269
rough_CEC,3.414229652230768
Surface.T,2.0790286910759144
pH,1.9886926628493853
rough_Surface.T,1.7827700125775627
Clay,1.4147175846767253
rough_PDQ,1.1479366349798907
