var,rel.inf
MAP,36.105932801729345
rough_Elevation,13.614020591849187
CEC,10.601284181073412
rough_MAP,6.853288697366269
PDQ,6.403755227410399
rough_NDVI,5.190654708065421
Elevation,4.965142630238713
rough_Soil.C,3.8301775412300243
rough_CEC,3.4179996766915637
pH,2.1535802558472734
Surface.T,2.106311581122697
rough_Surface.T,2.0171317948066427
Clay,1.45705064092082
rough_PDQ,1.2836696716482439
