var,rel.inf
MAP,34.46398754469191
rough_Elevation,13.998005672192594
CEC,10.48648050763676
rough_MAP,6.96447628879258
PDQ,6.553502265608168
rough_NDVI,5.433163958655077
Elevation,5.1168357061119565
rough_Soil.C,4.271181066278026
rough_CEC,3.747119628103063
pH,2.20624372843754
rough_Surface.T,1.9940140510984738
Surface.T,1.9049247934797913
Clay,1.6025766793514358
rough_PDQ,1.257488109562622
