nt,pseudo_r2,pred_obs_r2,pred_obs_r2_exp
4350,0.43948895502065344,0.7835159322553008,0.7824124477058384
