var,rel.inf
MAP,33.42340940209223
rough_Elevation,13.374062509741808
CEC,10.53077374407863
rough_MAP,6.784907088093989
PDQ,6.068010942047626
rough_NDVI,5.577388918459371
Elevation,5.464815521767555
rough_Soil.C,4.68143196780936
rough_CEC,4.0645380117933625
pH,2.4925203947777366
Surface.T,2.0869569925815714
rough_Surface.T,1.9634389795454819
Clay,1.9188121879463005
rough_PDQ,1.5689333392649691
