nt,pseudo_r2,pred_obs_r2,pred_obs_r2_exp
4e3,0.4550110874303318,0.7709196377161063,0.7697305308367942
