nt,pseudo_r2,pred_obs_r2,pred_obs_r2_exp
3400,0.3924895704524627,0.7517562711685051,0.7502667390378971
