nt,pseudo_r2,pred_obs_r2,pred_obs_r2_exp
3650,0.44024918488659726,0.7606029309115478,0.7594853932433171
