nt,pseudo_r2,pred_obs_r2,pred_obs_r2_exp
4450,0.46602645169293366,0.7845254030820769,0.7836173397917944
