nt,pseudo_r2,pred_obs_r2,pred_obs_r2_exp
3850,0.44023254938290324,0.7673283502459759,0.7660691019540613
