var,rel.inf
MAP,34.27451594688842
rough_Elevation,13.43689738422348
CEC,10.159068822685567
rough_MAP,6.839966598856137
PDQ,6.643869041375893
Elevation,5.4282466887481515
rough_NDVI,5.362090641721028
rough_Soil.C,4.535421974991193
rough_CEC,3.7061434174533723
pH,2.411435536383311
Surface.T,2.0886360343397117
rough_Surface.T,1.9822734286053019
Clay,1.7983949107107031
rough_PDQ,1.3330395730177245
