var,rel.inf
MAP,36.66693618024672
rough_Elevation,13.643687718722235
CEC,10.90277248987187
rough_MAP,6.905032614216273
PDQ,6.329568141727374
Elevation,4.858350837607999
rough_NDVI,4.81225006655706
rough_Soil.C,3.8276374148573695
rough_CEC,3.3072584719060054
pH,2.2485876283480875
rough_Surface.T,2.1393644368634517
Surface.T,1.943537579241544
Clay,1.3408687410053397
rough_PDQ,1.0741476788286666
