var,rel.inf
MAP,34.89865128476588
rough_Elevation,13.851787136915501
CEC,10.655002265931026
rough_MAP,7.311066227599236
PDQ,6.562137462388257
Elevation,5.0697188603006085
rough_NDVI,4.870687547741482
rough_Soil.C,4.279962316688803
rough_CEC,3.6428957999755194
pH,2.195580418151714
Surface.T,2.0594870731093673
rough_Surface.T,1.7611835872282198
Clay,1.5201100091186557
rough_PDQ,1.3217300100857383
