var,rel.inf
MAP,34.05687162691089
rough_Elevation,13.483506471668287
CEC,10.564028574356804
rough_MAP,6.949415594602953
PDQ,6.441167846901966
Elevation,5.335338368974569
rough_NDVI,5.282270046085765
rough_Soil.C,4.275912973289557
rough_CEC,3.624808760344799
pH,2.399294293966537
rough_Surface.T,2.2151775412240067
Surface.T,2.132482215818658
Clay,1.7105857947588459
rough_PDQ,1.5291398910963598
