var,rel.inf
MAP,34.884746639948276
rough_Elevation,13.571170007906192
CEC,10.603595139707704
PDQ,6.530636719619263
rough_MAP,6.520075594495395
Elevation,5.423157488862503
rough_NDVI,5.036307449883216
rough_Soil.C,4.247628688184785
rough_CEC,3.85806931142078
pH,2.17650775014768
rough_Surface.T,2.0586560976975945
Surface.T,1.9168318706204142
Clay,1.785138353410349
rough_PDQ,1.3874788880958413
