nt,pseudo_r2,pred_obs_r2,pred_obs_r2_exp
4e3,0.42732493416960915,0.7720830361128518,0.7712284570110131
