var,rel.inf
MAP,34.82536008692872
rough_Elevation,13.647876429291854
CEC,10.479459195039663
rough_MAP,7.478338546469846
PDQ,6.686032197800435
Elevation,5.107551259872341
rough_NDVI,5.005349879426522
rough_Soil.C,4.410838761889353
rough_CEC,3.255969286503863
pH,2.2016226456603585
Surface.T,2.0247081585496116
rough_Surface.T,1.8554021932625915
Clay,1.681043613693803
rough_PDQ,1.3404477456110369
