var,rel.inf
MAP,33.46777498858445
rough_Elevation,13.519050976029245
CEC,10.397296582685998
rough_MAP,6.801907813889792
PDQ,6.411277748493396
rough_NDVI,5.589761712365466
Elevation,5.3797871910412844
rough_Soil.C,4.543013907445905
rough_CEC,3.6921182513825617
pH,2.3964716883522854
rough_Surface.T,2.285741160777597
Surface.T,2.2021105825145275
Clay,1.8165922689228216
rough_PDQ,1.4970951275146744
