var,rel.inf
MAP,33.31804116907789
rough_Elevation,13.37929070255822
CEC,10.34368466276314
rough_MAP,6.496913196596505
PDQ,6.2109312011624755
Elevation,5.657425362528643
rough_NDVI,5.470703332198315
rough_Soil.C,4.556582535521572
rough_CEC,3.971318757395807
pH,2.6344135010699423
Surface.T,2.245815233012491
rough_Surface.T,2.143165126413216
Clay,2.038607609058056
rough_PDQ,1.5331076106437238
