nt,pseudo_r2,pred_obs_r2,pred_obs_r2_exp
4e3,0.4300330506168548,0.7705059550091257,0.7693526826755541
