var,rel.inf
MAP,36.20202681327626
rough_Elevation,13.597958701805647
CEC,10.629260694601232
rough_MAP,6.8872642524522005
PDQ,6.6659079977230755
rough_NDVI,5.105169825021523
Elevation,4.940257473978662
rough_Soil.C,3.8743029809389586
rough_CEC,3.4728846432429528
pH,2.087006000740617
rough_Surface.T,2.079179358536272
Surface.T,1.8929914356671886
Clay,1.330861711245712
rough_PDQ,1.2349281107697005
