nt,pseudo_r2,pred_obs_r2,pred_obs_r2_exp
3750,0.4254753947084452,0.7640927783054955,0.7629763603237004
