var,rel.inf
MAP,35.178646850157456
rough_Elevation,13.666535273201713
CEC,10.603022692503178
PDQ,6.393236230760063
rough_MAP,6.385258646730861
Elevation,5.182880422845345
rough_NDVI,5.141302611648314
rough_Soil.C,4.52442993945978
rough_CEC,3.601085887942056
pH,2.2856853738548324
rough_Surface.T,2.0749920940282824
Surface.T,1.903481776327685
Clay,1.6786764584662395
rough_PDQ,1.380765742074204
