var,rel.inf
MAP,35.13487062825418
rough_Elevation,13.601470784210877
CEC,10.843940083300291
rough_MAP,6.759123434709817
PDQ,6.491184681220655
Elevation,5.202729825879838
rough_NDVI,4.978029304518713
rough_Soil.C,4.224029879288525
rough_CEC,3.620708247292925
pH,2.2947911505976246
Surface.T,1.9806103857330706
rough_Surface.T,1.8962608759172626
Clay,1.639200101334273
rough_PDQ,1.3330506177419625
