nt,pseudo_r2,pred_obs_r2,pred_obs_r2_exp
4500,0.4621665572189264,0.7858255901840829,0.7848393318730744
