nt,pseudo_r2,pred_obs_r2,pred_obs_r2_exp
4e3,0.442942759509122,0.7705458992981591,0.7693386304071833
