var,rel.inf
MAP,35.527076114103515
rough_Elevation,13.528393613735048
CEC,10.945847674212656
rough_MAP,7.595219203233284
PDQ,6.5535268732959375
Elevation,5.079004780384327
rough_NDVI,4.966888029240054
rough_Soil.C,4.06445030488325
rough_CEC,3.4203713048557938
pH,2.0773583082665397
Surface.T,1.948360544570853
rough_Surface.T,1.919852242474795
Clay,1.284151994717362
rough_PDQ,1.0894990120265893
