nt,pseudo_r2,pred_obs_r2,pred_obs_r2_exp
4e3,0.4112196576978314,0.7721936109494042,0.7710751550614167
