var,rel.inf
MAP,35.264506209307456
rough_Elevation,13.709081378013245
CEC,10.72920496751457
rough_MAP,6.459192683736267
PDQ,6.448594636478474
rough_NDVI,5.247933421313037
Elevation,5.1095971091376455
rough_Soil.C,4.364643534731471
rough_CEC,3.599900306768815
pH,2.2765395273463986
Surface.T,2.0159906171491624
rough_Surface.T,1.9107204329873175
Clay,1.612421344570441
rough_PDQ,1.2516738309456972
