var,rel.inf
MAP,34.46589323225919
rough_Elevation,13.677248071479056
CEC,10.64823596257632
rough_MAP,6.405574403493892
PDQ,6.213647729959679
rough_NDVI,5.596567039524183
Elevation,5.428431215032603
rough_Soil.C,4.413847853887887
rough_CEC,3.7020346184983834
pH,2.3162752150279093
rough_Surface.T,2.067758874925598
Surface.T,2.0237491441841327
Clay,1.6808579116630065
rough_PDQ,1.359878727488152
