var,rel.inf
MAP,34.684516845638434
rough_Elevation,13.715136538522207
CEC,10.691302311695821
rough_MAP,6.858977582803739
PDQ,6.344695738485289
rough_NDVI,5.515678970824843
Elevation,5.26794943576399
rough_Soil.C,4.283212726795554
rough_CEC,3.3208186596022866
pH,2.3294723901172345
Surface.T,2.0825777359850384
rough_Surface.T,1.9481097040638857
Clay,1.7030474478870679
rough_PDQ,1.254503911814599
