nt,pseudo_r2,pred_obs_r2,pred_obs_r2_exp
3950,0.42188530240619915,0.7707057812132926,0.7695417847628618
