nt,pseudo_r2,pred_obs_r2,pred_obs_r2_exp
4350,0.44262778584523665,0.78233721489168,0.7813717854297247
