nt,pseudo_r2,pred_obs_r2,pred_obs_r2_exp
3700,0.4297268224155181,0.7618764147590384,0.7605098737442167
