nt,pseudo_r2,pred_obs_r2,pred_obs_r2_exp
4300,0.4356731834372516,0.7802845851269303,0.7792280466607677
