nt,pseudo_r2,pred_obs_r2,pred_obs_r2_exp
3850,0.4312293639275321,0.7675621685851474,0.7660369064580743
