var,rel.inf
MAP,35.54990146959134
rough_Elevation,13.47350248706104
CEC,10.59801569964183
PDQ,6.604338304093202
rough_MAP,6.51833559470438
rough_NDVI,5.344683723099127
Elevation,4.874689356445903
rough_Soil.C,4.163021917586846
rough_CEC,3.7381488530868947
pH,2.3117797924397663
Surface.T,2.070364768653444
rough_Surface.T,1.967579853692725
Clay,1.4602291315377773
rough_PDQ,1.3254090483657186
