nt,pseudo_r2,pred_obs_r2,pred_obs_r2_exp
3500,0.40758871384685214,0.7544271093273046,0.7529700995208662
