var,rel.inf
MAP,34.36829081269812
rough_Elevation,13.566783642055922
CEC,10.637107402629823
rough_MAP,6.91536628664797
PDQ,6.189580829972987
Elevation,5.4041922397162425
rough_NDVI,5.211255294627972
rough_Soil.C,4.376707510574345
rough_CEC,3.6253538924924325
Surface.T,2.197478265486206
pH,2.1892983879095342
rough_Surface.T,2.0090187599049765
Clay,1.8108824657084985
rough_PDQ,1.4986842095749773
