nt,pseudo_r2,pred_obs_r2,pred_obs_r2_exp
3700,0.41549314976425544,0.7618417351858999,0.7607883091494724
