var,rel.inf
MAP,35.012486968149894
rough_Elevation,14.105498987567298
CEC,10.74599463403429
rough_MAP,7.242844758775667
PDQ,6.486145550174591
Elevation,5.218928250182622
rough_NDVI,4.772106811082798
rough_Soil.C,4.194728721947822
rough_CEC,3.486378605148694
pH,2.2296900036447993
Surface.T,1.9210878909516458
rough_Surface.T,1.7347577278921895
Clay,1.567288486549778
rough_PDQ,1.282062603897911
