nt,pseudo_r2,pred_obs_r2,pred_obs_r2_exp
3600,0.40111384144879736,0.7581067189961888,0.7569350814331786
