var,rel.inf
MAP,34.180438649911196
rough_Elevation,13.332353360283875
CEC,10.623284773407299
rough_MAP,7.021148029709262
PDQ,6.089650175200746
Elevation,5.39800261072546
rough_NDVI,5.344617255571689
rough_Soil.C,4.505388827058863
rough_CEC,3.8482602044791716
pH,2.3524002171607767
rough_Surface.T,2.0469120053524774
Surface.T,2.0080780414217556
Clay,1.8036768771891356
rough_PDQ,1.4457889725282878
