var,rel.inf
MAP,33.03639308888894
rough_Elevation,13.394264704878719
CEC,10.362706596637901
rough_MAP,6.919446478168975
PDQ,6.487720912723733
Elevation,5.48871567437662
rough_NDVI,5.255290079484253
rough_Soil.C,4.694577963166725
rough_CEC,4.081467991033731
pH,2.5261066502030145
Clay,2.0824008379050607
rough_Surface.T,2.0618732189000073
Surface.T,1.9280638095386882
rough_PDQ,1.6809719940936374
