var,rel.inf
MAP,34.312889859790346
rough_Elevation,13.088782572623902
CEC,10.625875282588263
rough_MAP,6.143947248988219
PDQ,6.077817587954737
Elevation,5.612555346739161
rough_NDVI,5.5348669599774
rough_Soil.C,4.5675889433176815
rough_CEC,3.9116945171381157
pH,2.6601147292310254
rough_Surface.T,2.135815672382159
Surface.T,2.0906766323562587
Clay,1.882106353793686
rough_PDQ,1.3552682931190385
