var,rel.inf
MAP,35.37235488310895
rough_Elevation,13.54177775958914
CEC,10.495082607466452
rough_MAP,6.58125552876879
PDQ,6.4734870863590235
Elevation,5.314273741435635
rough_NDVI,5.282467207389222
rough_Soil.C,4.221165463177227
rough_CEC,3.6341489241950584
pH,2.3261581236526574
Surface.T,1.925678388056122
rough_Surface.T,1.9136103071311437
Clay,1.5576572426676
rough_PDQ,1.3608827370029764
