nt,pseudo_r2,pred_obs_r2,pred_obs_r2_exp
3750,0.4222613094206238,0.7631625991044242,0.761792096530882
