var,rel.inf
MAP,34.51451632168139
rough_Elevation,13.848971195016764
CEC,10.316102387398676
rough_MAP,6.882776001449757
PDQ,6.653772653680001
rough_NDVI,5.29761159712305
Elevation,5.185322359235329
rough_Soil.C,4.371958310948305
rough_CEC,3.649215493305861
pH,2.264288406578154
rough_Surface.T,2.0442300376391263
Surface.T,1.953116119032098
Clay,1.6657874540906652
rough_PDQ,1.3523316628208242
