var,rel.inf
MAP,36.09518065585544
rough_Elevation,13.414622893280761
CEC,10.705790279842327
rough_MAP,6.602714652052323
PDQ,6.331142428855185
Elevation,5.08129553310003
rough_NDVI,5.0534821061951405
rough_Soil.C,3.9515762388100444
rough_CEC,3.4503436079233207
rough_Surface.T,2.2540373114404675
pH,2.224549212422735
Surface.T,1.8648608933437258
Clay,1.5878369423039835
rough_PDQ,1.3825672445745296
