nt,pseudo_r2,pred_obs_r2,pred_obs_r2_exp
4e3,0.4294905729946463,0.7714044381972657,0.7701624103035575
