var,rel.inf
MAP,36.664808522762186
rough_Elevation,13.780958275482668
CEC,10.890026976579968
PDQ,6.56667285166857
rough_MAP,6.004354685108227
Elevation,5.115136545025061
rough_NDVI,5.045124831706248
rough_Soil.C,4.277580715233494
rough_CEC,3.235360236149674
pH,2.2062519168427492
Surface.T,1.8647686118109363
rough_Surface.T,1.8499280403178355
Clay,1.3254493079330665
rough_PDQ,1.1735784833793086
