nt,pseudo_r2,pred_obs_r2,pred_obs_r2_exp
4e3,0.4625089819456597,0.7709531702526025,0.7696772055091793
