nt,pseudo_r2,pred_obs_r2,pred_obs_r2_exp
3650,0.4293633648457593,0.7613229045403301,0.7600127054346798
