var,rel.inf
MAP,35.43766004320844
rough_Elevation,13.492123961590691
CEC,10.6731348044651
rough_MAP,6.913032101124372
PDQ,6.513806430433165
Elevation,5.166633293413222
rough_NDVI,5.045077306660286
rough_Soil.C,4.311446413354826
rough_CEC,3.5800358383406943
pH,2.1409939897856094
Surface.T,1.8736667435639
rough_Surface.T,1.8518675315346247
Clay,1.667175700131713
rough_PDQ,1.3333458423933555
