nt,pseudo_r2,pred_obs_r2,pred_obs_r2_exp
4050,0.43418104301261573,0.7734355646359276,0.7723337441690556
