var,rel.inf
MAP,34.52408690269327
rough_Elevation,13.71919419951769
CEC,10.67244289550788
rough_MAP,6.6372150214804755
PDQ,6.4138576208124425
Elevation,5.26001772684764
rough_NDVI,5.20610256375834
rough_Soil.C,4.4359904457952215
rough_CEC,3.5977934729250562
pH,2.3732122235513735
rough_Surface.T,2.068299854372977
Surface.T,2.008685521311241
Clay,1.707756981084912
rough_PDQ,1.3753445703414793
