nt,pseudo_r2,pred_obs_r2,pred_obs_r2_exp
3250,0.409202280004873,0.747493569446785,0.7458711241270921
