nt,pseudo_r2,pred_obs_r2,pred_obs_r2_exp
4700,0.4443580636842718,0.7932747495232962,0.7925574489065484
