var,rel.inf
MAP,34.336210413904915
rough_Elevation,14.018522151787158
CEC,10.831728277522235
rough_MAP,7.047523455868299
PDQ,6.406827447149227
Elevation,5.27648387207115
rough_NDVI,5.242294511492536
rough_Soil.C,4.0281508310077365
rough_CEC,3.5916924727880426
pH,2.2779847402739213
Surface.T,2.0269378970900114
rough_Surface.T,1.9247177137446903
Clay,1.648373468009156
rough_PDQ,1.3425527472909211
