var,rel.inf
MAP,36.12870012725516
rough_Elevation,13.642966652132161
CEC,10.828728025496604
rough_MAP,7.078354951240363
PDQ,6.582336575440016
rough_NDVI,5.2658744923097975
Elevation,5.053652901032935
rough_Soil.C,3.6216535789268818
rough_CEC,3.2689026717210816
Surface.T,2.0795338469858957
pH,1.9678390912027912
rough_Surface.T,1.8487797467988645
Clay,1.3742520326742258
rough_PDQ,1.2584253067832283
