nt,pseudo_r2,pred_obs_r2,pred_obs_r2_exp
4100,0.4294875319242176,0.7739930847412263,0.7729367316792339
