var,rel.inf
MAP,34.506221507246885
rough_Elevation,13.437586633879404
CEC,10.72763553946645
rough_MAP,6.512789151621345
PDQ,6.092135272589739
Elevation,5.5254711102716385
rough_NDVI,5.291569923616108
rough_Soil.C,4.413026482394262
rough_CEC,3.6561702472085646
pH,2.255713181887538
Surface.T,2.205548596435337
rough_Surface.T,2.1133103445114436
Clay,1.7417256806599155
rough_PDQ,1.5210963282113807
