var,rel.inf
MAP,35.11100624818291
rough_Elevation,13.161447016296234
CEC,10.669791156463162
rough_MAP,6.7421004663303465
PDQ,6.216055581613952
Elevation,5.442715963842064
rough_NDVI,5.304110048043572
rough_Soil.C,4.359609109158959
rough_CEC,3.758217777409251
pH,2.3130872661187927
Surface.T,1.9360650796337875
rough_Surface.T,1.92375406519776
Clay,1.6891473260150094
rough_PDQ,1.3728928956941993
