var,rel.inf
MAP,34.139247421940624
rough_Elevation,13.727289757445416
CEC,10.888154027867069
rough_MAP,6.439366225175093
PDQ,6.067101946105542
Elevation,5.547457759978708
rough_NDVI,5.325938853282826
rough_Soil.C,4.328855176264224
rough_CEC,3.879481040765237
pH,2.5043876094187034
rough_Surface.T,2.0406500993182686
Surface.T,1.9788160132751251
Clay,1.7356572272081525
rough_PDQ,1.3975968419550195
