nt,pseudo_r2,pred_obs_r2,pred_obs_r2_exp
3600,0.41347944527612457,0.7589872185504154,0.7575229105913275
