nt,pseudo_r2,pred_obs_r2,pred_obs_r2_exp
4050,0.42153981408637664,0.7733137711746223,0.7723581573397786
