var,rel.inf
MAP,33.74653302471177
rough_Elevation,13.888052264495958
CEC,10.95608264683091
rough_MAP,6.7993290463100875
PDQ,5.941443044087024
rough_NDVI,5.584583974476775
Elevation,5.399432313688356
rough_Soil.C,4.459566150698372
rough_CEC,3.825371439400185
pH,2.357543214701173
rough_Surface.T,2.027819027202361
Surface.T,1.9962864549684542
Clay,1.6630637462140392
rough_PDQ,1.354893652214543
