nt,pseudo_r2,pred_obs_r2,pred_obs_r2_exp
3800,0.43820136975191504,0.7665994557624549,0.7655681011418173
