nt,pseudo_r2,pred_obs_r2,pred_obs_r2_exp
5250,0.46853505823149577,0.8068892258783189,0.8062404006347748
