var,rel.inf
MAP,35.461500828398094
rough_Elevation,13.597265648411799
CEC,10.822635229860158
rough_MAP,7.15089888207794
PDQ,6.658943892530878
Elevation,5.230380961565551
rough_NDVI,5.121689600161247
rough_Soil.C,3.980369560093001
rough_CEC,3.5687909802487314
pH,2.1874318147397807
Surface.T,1.8661245680670895
rough_Surface.T,1.7680814479533196
Clay,1.3846832086897525
rough_PDQ,1.2012033772026556
