var,rel.inf
MAP,34.92937839884588
rough_Elevation,13.53560528714843
CEC,10.772393732024991
rough_MAP,7.7378836728454585
PDQ,6.197584363714698
Elevation,5.303940433887929
rough_NDVI,4.929294012144445
rough_Soil.C,4.07046677523756
rough_CEC,3.4482135104587215
pH,2.277121462533607
rough_Surface.T,2.034303297276012
Surface.T,1.8906547573044756
Clay,1.4884317015541884
rough_PDQ,1.384728595023605
