var,rel.inf
MAP,34.2161878412735
rough_Elevation,13.38693014621839
CEC,10.60371484506053
rough_MAP,6.266157607623377
PDQ,6.2172454779103905
Elevation,5.506584595027273
rough_NDVI,5.467884152885281
rough_Soil.C,4.358246007305522
rough_CEC,3.8895479261247776
pH,2.446954527319431
Surface.T,2.093745782599721
rough_Surface.T,2.054536188017864
Clay,1.9349207629277718
rough_PDQ,1.5573441397061667
