nt,pseudo_r2,pred_obs_r2,pred_obs_r2_exp
4150,0.4550235940918068,0.7770561888269604,0.7760433102045
