var,rel.inf
MAP,34.40372742927737
rough_Elevation,13.92508925644533
CEC,10.601557105393788
rough_MAP,6.747551210965576
PDQ,6.515797890964729
Elevation,5.126593605789013
rough_NDVI,5.087529131025087
rough_Soil.C,4.21840539212215
rough_CEC,3.760498499402767
pH,2.3707586679099273
Surface.T,2.096464551468865
rough_Surface.T,2.076678515228153
Clay,1.722262251980337
rough_PDQ,1.3470864920269083
