var,rel.inf
MAP,34.92110066798232
rough_Elevation,13.595987284531265
CEC,10.703940653755948
rough_MAP,7.343244117476548
PDQ,6.658711307053354
Elevation,5.20306017378844
rough_NDVI,5.043511252833723
rough_Soil.C,4.107544943209551
rough_CEC,3.3683231838732586
pH,2.21903520263588
rough_Surface.T,2.111538157078221
Surface.T,1.9211302519465
Clay,1.4613145351265424
rough_PDQ,1.3415582687084389
