var,rel.inf
MAP,35.61996748504776
rough_Elevation,13.502245723780959
CEC,10.613271424861988
PDQ,6.596470714920387
rough_MAP,6.485339006149559
rough_NDVI,5.324825317682671
Elevation,5.246467738730382
rough_Soil.C,4.211289881551958
rough_CEC,3.3369155442705245
pH,2.248463149199066
Surface.T,1.9591236519760753
rough_Surface.T,1.871607227331508
Clay,1.640405497810051
rough_PDQ,1.3436076366871113
