nt,pseudo_r2,pred_obs_r2,pred_obs_r2_exp
4750,0.46012531005673074,0.7939454339577203,0.7933145746154142
