var,rel.inf
MAP,33.95086118565887
rough_Elevation,13.77282200260526
CEC,10.530495585682154
rough_MAP,6.5804796086248825
PDQ,6.406197343848655
rough_NDVI,5.481287888491459
Elevation,5.454206523904351
rough_Soil.C,4.3720700438697655
rough_CEC,3.763608546950045
pH,2.3896208946088606
rough_Surface.T,2.0848499921871517
Surface.T,1.9174167198237493
Clay,1.820740642586403
rough_PDQ,1.4753430211583776
