var,rel.inf
MAP,34.95304459373741
rough_Elevation,13.562917847019039
CEC,10.784285453998772
rough_MAP,6.918913889906768
PDQ,6.070797517570616
Elevation,5.271173367511717
rough_NDVI,5.078915646189183
rough_Soil.C,4.263548669758399
rough_CEC,3.5606159712756087
Surface.T,2.177734377181558
pH,2.1757125729456797
rough_Surface.T,2.154188817349431
Clay,1.6082489028773015
rough_PDQ,1.4199023726785136
