nt,pseudo_r2,pred_obs_r2,pred_obs_r2_exp
4300,0.46300215136547895,0.7810185816558115,0.7802302719457241
