var,rel.inf
MAP,35.45070912546519
rough_Elevation,13.652874760659596
CEC,10.577477120963712
rough_MAP,6.7963005677090145
PDQ,6.580183499988056
Elevation,5.225611129548419
rough_NDVI,4.830291423193461
rough_Soil.C,4.247072027892754
rough_CEC,3.488393826955918
pH,2.236465584939995
rough_Surface.T,2.036451552596893
Surface.T,1.9574750022381702
Clay,1.6123171317979612
rough_PDQ,1.3083772460508567
