nt,pseudo_r2,pred_obs_r2,pred_obs_r2_exp
4350,0.4379934085409304,0.7830334922539779,0.7819021488502755
