var,rel.inf
MAP,36.0583394813321
rough_Elevation,13.426143765983126
CEC,11.016973210270251
rough_MAP,6.778541205602766
PDQ,6.350225260552655
rough_NDVI,5.0431544304227085
Elevation,4.936349071931002
rough_Soil.C,4.081288332358039
rough_CEC,3.389227452944686
rough_Surface.T,2.0604284972917624
pH,2.0511066123084354
Surface.T,1.9959309657498476
Clay,1.4497794925373677
rough_PDQ,1.3625122207152562
