var,rel.inf
MAP,34.033484329815444
rough_Elevation,13.92898233709575
CEC,10.494126999772813
rough_MAP,6.817411731837016
PDQ,6.443501017269826
Elevation,5.378449913184892
rough_NDVI,5.293501395792141
rough_Soil.C,4.3809548279703545
rough_CEC,3.815065579473121
pH,2.401698816949328
rough_Surface.T,2.0398698866780594
Surface.T,1.9679957295491781
Clay,1.6143259204898257
rough_PDQ,1.3906315141222536
