nt,pseudo_r2,pred_obs_r2,pred_obs_r2_exp
4e3,0.41403251698984245,0.7722060500206422,0.7710029372184223
