var,rel.inf
MAP,36.76561452018719
rough_Elevation,13.680613745994899
CEC,10.744828756969875
rough_MAP,6.848059211831285
PDQ,6.63548568400158
rough_NDVI,5.161723352918474
Elevation,5.160740282608197
rough_Soil.C,3.499562792616925
rough_CEC,3.334129037273521
pH,2.1077745512303183
rough_Surface.T,1.9304231704677142
Surface.T,1.6403859280679667
Clay,1.2882550657382577
rough_PDQ,1.2024039000938003
