var,rel.inf
MAP,35.75054796063604
rough_Elevation,13.863530271566159
CEC,10.677643698930403
rough_MAP,6.651297679117747
PDQ,6.453863434275307
rough_NDVI,5.221710039780155
Elevation,5.036411058101808
rough_Soil.C,4.241204212569422
rough_CEC,3.5244476696732554
pH,2.192860140768078
rough_Surface.T,1.9673222272249744
Surface.T,1.8299568313844823
Clay,1.355590909674338
rough_PDQ,1.2336138662978295
