var,rel.inf
MAP,36.529330586647966
rough_Elevation,13.740254603385475
CEC,10.718586648324502
rough_MAP,6.632000513024715
PDQ,6.412751030817245
rough_NDVI,5.386647231165805
Elevation,4.894572082350815
rough_Soil.C,3.921872891194775
rough_CEC,3.4764934267440903
pH,1.9735229879610519
rough_Surface.T,1.958361833208357
Surface.T,1.7559041533637336
Clay,1.4021362684560796
rough_PDQ,1.1975657433553963
