nt,pseudo_r2,pred_obs_r2,pred_obs_r2_exp
4400,0.44323226478025657,0.7841441117829367,0.7830021328400086
