nt,pseudo_r2,pred_obs_r2,pred_obs_r2_exp
3900,0.4103301038395065,0.7684451355348441,0.7673917985528194
