nt,pseudo_r2,pred_obs_r2,pred_obs_r2_exp
4350,0.47050743827718533,0.7829580214203485,0.7820174164883924
