nt,pseudo_r2,pred_obs_r2,pred_obs_r2_exp
3400,0.4349066364786486,0.7517403706799335,0.7503633936398255
