var,rel.inf
MAP,33.69811508059551
rough_Elevation,13.124210138247912
CEC,10.802950348434928
rough_MAP,7.071425444354929
PDQ,6.03401003149894
rough_NDVI,5.417573845007413
Elevation,5.379081606879899
rough_Soil.C,4.488332740863428
rough_CEC,4.063210931035976
pH,2.4136792336578226
rough_Surface.T,2.1910010294229387
Surface.T,2.0652060360843487
Clay,1.7668888507323355
rough_PDQ,1.4843146831836116
