var,rel.inf
MAP,33.9020335226569
rough_Elevation,13.13388688405698
CEC,10.548705657430139
rough_MAP,6.73120819826725
PDQ,6.246591375924713
rough_NDVI,5.571577339662861
Elevation,5.532880737176973
rough_Soil.C,4.625056046580077
rough_CEC,3.756670554005654
pH,2.5252990095917163
rough_Surface.T,2.080237295758837
Surface.T,1.939589552761078
Clay,1.7832661127980545
rough_PDQ,1.622997713328772
