var,rel.inf
MAP,34.17842809704994
rough_Elevation,13.635198097845066
CEC,10.569365048530749
rough_MAP,6.829807145730204
PDQ,6.4319440201778315
Elevation,5.39712718011261
rough_NDVI,5.165806257937809
rough_Soil.C,4.399091583992187
rough_CEC,3.6314068225848177
pH,2.400963040662874
rough_Surface.T,2.1633564861703656
Surface.T,2.013970608534742
Clay,1.7219348297953467
rough_PDQ,1.461600780875456
