nt,pseudo_r2,pred_obs_r2,pred_obs_r2_exp
4550,0.4226343053996515,0.7899105465760793,0.7888997154070213
