var,rel.inf
MAP,35.11050291527459
rough_Elevation,13.578669141773682
CEC,10.782513771103924
rough_MAP,7.3211268225434045
PDQ,6.393483083839357
Elevation,5.1531352716397025
rough_NDVI,5.1459431496059596
rough_Soil.C,4.116811897090578
rough_CEC,3.388324233307981
pH,2.1877745400229824
Surface.T,2.1035342902016363
rough_Surface.T,1.861840328517609
Clay,1.51084984294523
rough_PDQ,1.3454907121333608
