var,rel.inf
MAP,36.176015008354035
rough_Elevation,13.52398691644896
CEC,10.810544296334621
rough_MAP,7.749020817161052
PDQ,6.468931096781279
rough_NDVI,5.079124139915268
Elevation,4.787423464823245
rough_Soil.C,3.7217202790209245
rough_CEC,3.2837126849126697
pH,2.121663585084895
Surface.T,1.8873764359587097
rough_Surface.T,1.7888043973158168
rough_PDQ,1.309671720351461
Clay,1.2920051575370666
