var,rel.inf
MAP,34.288182758793546
rough_Elevation,13.948595144665115
CEC,10.654113555340121
rough_MAP,7.318032849371596
PDQ,6.42798615078876
Elevation,5.236597399176115
rough_NDVI,5.041872055626631
rough_Soil.C,4.080598259770264
rough_CEC,3.6337548320145743
pH,2.2945879229302806
rough_Surface.T,2.0862133705482226
Surface.T,2.0629568502641176
Clay,1.5171829350131887
rough_PDQ,1.4093259156974747
