nt,pseudo_r2,pred_obs_r2,pred_obs_r2_exp
4050,0.4262662385783407,0.7741638751396669,0.7731070070483504
