var,rel.inf
MAP,35.964243074896686
rough_Elevation,13.77258509104828
CEC,10.91818649919881
rough_MAP,7.190291040777127
PDQ,6.353347538398276
Elevation,5.247572191316869
rough_NDVI,5.002821161955776
rough_Soil.C,3.8340913614025163
rough_CEC,3.425539295491959
pH,2.0683889637274078
Surface.T,1.947068355765858
rough_Surface.T,1.7105295516933137
Clay,1.332173984873877
rough_PDQ,1.2331618894532341
