var,rel.inf
MAP,34.21085600226944
rough_Elevation,13.551392530958926
CEC,10.55373409263639
rough_MAP,6.524716483881364
PDQ,6.25612499235479
Elevation,5.388968023969824
rough_NDVI,5.186738444489441
rough_Soil.C,4.4670077020730155
rough_CEC,4.017554587845179
pH,2.3813663818334536
Surface.T,2.151027189658756
rough_Surface.T,2.046149803032136
Clay,1.8003460366047275
rough_PDQ,1.4640177283925613
