var,rel.inf
MAP,34.879187529286185
rough_Elevation,13.514616009121369
CEC,10.6170408506036
rough_MAP,6.620609506524221
PDQ,6.374546069108823
Elevation,5.4056461882175535
rough_NDVI,5.10314910509231
rough_Soil.C,4.27832832989314
rough_CEC,3.6650992880898112
pH,2.383122478590796
rough_Surface.T,2.1956417505395676
Surface.T,1.9902819767202007
Clay,1.6566671947395366
rough_PDQ,1.316063723472888
