nt,pseudo_r2,pred_obs_r2,pred_obs_r2_exp
4350,0.41413587961911014,0.7819769564432205,0.7809044312815909
