nt,pseudo_r2,pred_obs_r2,pred_obs_r2_exp
3700,0.4440673228853813,0.761781651798686,0.7604669941628557
