nt,pseudo_r2,pred_obs_r2,pred_obs_r2_exp
3950,0.41168306201100036,0.7696359286182538,0.7684660880844658
