var,rel.inf
MAP,33.38018597759831
rough_Elevation,13.35958794130489
CEC,10.273737092548535
rough_MAP,6.604854320017427
PDQ,6.279461749906027
rough_NDVI,5.7107379415907396
Elevation,5.3379418973231845
rough_Soil.C,4.599400537479846
rough_CEC,4.159606818945225
pH,2.546700425834396
Surface.T,2.217193568721163
rough_Surface.T,2.004032179138275
Clay,1.8780087655965692
rough_PDQ,1.6485507839954205
