var,rel.inf
MAP,34.766169524252156
rough_Elevation,13.436699003341236
CEC,10.654772303430748
rough_MAP,6.950116505503366
PDQ,6.339721636873294
Elevation,5.29797257560097
rough_NDVI,5.018630817301145
rough_Soil.C,4.565978942974991
rough_CEC,3.6997906682364605
pH,2.215198127879643
Surface.T,2.0411883233130905
rough_Surface.T,1.9992764775579357
Clay,1.6395486082254813
rough_PDQ,1.3749364855094808
