var,rel.inf
MAP,34.58843199968618
rough_Elevation,13.349126372062715
CEC,10.783481807477727
rough_MAP,7.0529589197237526
PDQ,6.061188100676199
Elevation,5.431995688692495
rough_NDVI,5.185104307735084
rough_Soil.C,4.287305915167509
rough_CEC,3.5846265597756997
rough_Surface.T,2.2738158986681545
pH,2.2553822072752183
Surface.T,2.050955561297924
Clay,1.7809974688084287
rough_PDQ,1.3146291929529126
