var,rel.inf
MAP,34.0723029276411
rough_Elevation,13.738518730367792
CEC,10.299888595743242
PDQ,6.620192769130756
rough_MAP,6.369597076780244
Elevation,5.57954569894288
rough_NDVI,5.457547372056842
rough_Soil.C,4.325223018185263
rough_CEC,3.7781641425836523
pH,2.326994715678717
rough_Surface.T,2.14937579693401
Surface.T,2.0914837128039516
Clay,1.8052403601850866
rough_PDQ,1.385925082966464
