var,rel.inf
MAP,35.54848972128184
rough_Elevation,13.507463926751965
CEC,10.619103444669156
PDQ,6.800864998116972
rough_MAP,6.449503323716066
rough_NDVI,5.322149037794974
Elevation,5.317551532194696
rough_Soil.C,4.217202271530962
rough_CEC,3.7217783084034015
pH,2.1659073960915145
rough_Surface.T,1.9003282072312278
Surface.T,1.7687463385350235
Clay,1.4357865390244586
rough_PDQ,1.225124954657751
