var,rel.inf
MAP,35.39141058639068
rough_Elevation,13.539534698490884
CEC,10.77169041729348
PDQ,6.68535464303811
rough_MAP,6.400860410089502
Elevation,5.323506346165366
rough_NDVI,5.126401713142938
rough_Soil.C,4.163883065403423
rough_CEC,3.6283169063679233
pH,2.1227411877842455
rough_Surface.T,1.9654740929656274
Surface.T,1.953812603424226
Clay,1.5749101137158594
rough_PDQ,1.352103215727739
