nt,pseudo_r2,pred_obs_r2,pred_obs_r2_exp
4750,0.47441597541385916,0.7941737345219353,0.7933980220319974
