var,rel.inf
MAP,35.73609924347022
rough_Elevation,13.854686599271727
CEC,10.38435347994695
rough_MAP,6.949730614072734
PDQ,6.921473670887989
Elevation,5.111116338705281
rough_NDVI,5.108524167687479
rough_Soil.C,4.074595212496066
rough_CEC,3.3445998060799633
pH,2.1474656855846272
Surface.T,1.8567577832716395
rough_Surface.T,1.8049980761463502
Clay,1.4901705819668418
rough_PDQ,1.2154287404121338
