var,rel.inf
MAP,36.0668758821039
rough_Elevation,13.35237578209324
CEC,10.814051306233672
PDQ,6.520841022332613
rough_MAP,6.37126515396486
rough_NDVI,5.373158438416878
Elevation,5.040073464539573
rough_Soil.C,4.049632481232672
rough_CEC,3.5242177888264026
pH,2.268878608422399
rough_Surface.T,2.067475365155361
Surface.T,1.8614688487622852
Clay,1.3558311686248115
rough_PDQ,1.3338546892913241
