var,rel.inf
MAP,35.311996436374756
rough_Elevation,13.486553004698983
CEC,10.723132007912948
rough_MAP,6.987974629174923
PDQ,6.595332309138524
rough_NDVI,5.34697801147852
Elevation,5.218676202799765
rough_Soil.C,3.853892663483693
rough_CEC,3.593191528282502
pH,2.1884733057002825
rough_Surface.T,1.973605189525283
Surface.T,1.8300581467417631
Clay,1.4551918821585959
rough_PDQ,1.434944682529463
