var,rel.inf
MAP,36.36935765014009
rough_Elevation,13.974077671559764
CEC,10.71177159934586
PDQ,6.741599300719777
rough_MAP,6.6712518908653955
rough_NDVI,5.243620329716705
Elevation,4.937528353509444
rough_Soil.C,3.9267264929213614
rough_CEC,3.259980363931053
Surface.T,2.1128980577342347
pH,1.9385095315744376
rough_Surface.T,1.6508056731602037
Clay,1.297033450778061
rough_PDQ,1.1648396340436231
