nt,pseudo_r2,pred_obs_r2,pred_obs_r2_exp
4800,0.441393310526642,0.7962964247386786,0.795493378833331
