var,rel.inf
MAP,36.14253838855581
rough_Elevation,13.75965345570013
CEC,10.749674348438308
rough_MAP,6.901317276765179
PDQ,6.686622536248768
rough_NDVI,5.202167317055963
Elevation,5.0758475271121055
rough_Soil.C,4.004157654973896
rough_CEC,3.345421776163422
pH,2.041068960024702
Surface.T,1.867401651467425
rough_Surface.T,1.7303886721539503
Clay,1.3742804514811842
rough_PDQ,1.1194599838591495
