nt,pseudo_r2,pred_obs_r2,pred_obs_r2_exp
4750,0.4319637685425717,0.7947062004619023,0.7938491959721933
