nt,pseudo_r2,pred_obs_r2,pred_obs_r2_exp
4e3,0.43858012168082705,0.7709303514050203,0.7697341858278685
