nt,pseudo_r2,pred_obs_r2,pred_obs_r2_exp
4300,0.42988772674881537,0.7825340589045976,0.78141746429713
