nt,pseudo_r2,pred_obs_r2,pred_obs_r2_exp
4800,0.43061653740989114,0.7961181558868592,0.7954521458608049
