nt,pseudo_r2,pred_obs_r2,pred_obs_r2_exp
4300,0.4324486595959681,0.781240190578817,0.7801736691893572
