var,rel.inf
MAP,34.866636772165265
rough_Elevation,13.575005426680773
CEC,10.5823517983884
rough_MAP,6.376896251739662
PDQ,6.335020622979027
Elevation,5.5920011605701845
rough_NDVI,5.059291755439023
rough_Soil.C,4.244091047816946
rough_CEC,3.8477066289507227
pH,2.1782901676072846
Surface.T,2.08965476265395
rough_Surface.T,2.058848930375417
Clay,1.7616102888653147
rough_PDQ,1.4325943857680308
