nt,pseudo_r2,pred_obs_r2,pred_obs_r2_exp
3650,0.44582843771384606,0.7596808416732286,0.7583371313483523
