nt,pseudo_r2,pred_obs_r2,pred_obs_r2_exp
4100,0.4192798149398197,0.7761325507822604,0.7750110657658308
