var,rel.inf
MAP,34.22659785046881
rough_Elevation,13.537629130176011
CEC,10.888965717648288
rough_MAP,6.8038721491334515
PDQ,6.308314946372521
rough_NDVI,5.380200735908047
Elevation,5.318108291764607
rough_Soil.C,4.283232969276583
rough_CEC,3.6173912940823065
pH,2.476248539026448
Surface.T,2.032673204978693
rough_Surface.T,1.8275473909309523
Clay,1.6583390157573523
rough_PDQ,1.6408787644759129
