nt,pseudo_r2,pred_obs_r2,pred_obs_r2_exp
4500,0.4428024400875059,0.7881633726334952,0.7871837468208402
