var,rel.inf
MAP,35.21332941241709
rough_Elevation,13.280541823455616
CEC,10.648093286714563
rough_MAP,6.858411682446765
PDQ,6.334362699368661
Elevation,5.496601983419853
rough_NDVI,5.338141975947505
rough_Soil.C,4.253816692099992
rough_CEC,3.519043329197834
pH,2.410032125894278
rough_Surface.T,2.0201149747196907
Surface.T,1.885427912972902
Clay,1.5405290845431514
rough_PDQ,1.201553016802092
