nt,pseudo_r2,pred_obs_r2,pred_obs_r2_exp
4800,0.437925766068864,0.7961471858685191,0.7954942791444081
