nt,pseudo_r2,pred_obs_r2,pred_obs_r2_exp
4250,0.4212163937718634,0.7798630385713576,0.7788400908700646
