nt,pseudo_r2,pred_obs_r2,pred_obs_r2_exp
3850,0.4138269701902264,0.7667004184851443,0.765402269582749
