var,rel.inf
MAP,34.87088722522306
rough_Elevation,13.619760313138256
CEC,10.586929218507892
PDQ,6.42969278354765
rough_MAP,6.2007478954190365
rough_NDVI,5.386770316902188
Elevation,5.280965015339798
rough_Soil.C,4.274613818207429
rough_CEC,3.962104885061503
pH,2.200484533833372
rough_Surface.T,2.1035436707252853
Surface.T,1.9379041904267482
Clay,1.6210837255410178
rough_PDQ,1.524512408126759
