nt,pseudo_r2,pred_obs_r2,pred_obs_r2_exp
4e3,0.4644178812836576,0.7719418950545577,0.7707906472058302
