var,rel.inf
MAP,35.46149011231975
rough_Elevation,13.383943550360401
CEC,10.994657801184855
rough_MAP,6.487950794669635
PDQ,6.371036765336956
rough_NDVI,5.324436264108051
Elevation,5.265875778680777
rough_Soil.C,4.161570500353998
rough_CEC,3.7323659322364366
pH,2.186354336304459
rough_Surface.T,1.974656963718293
Surface.T,1.823108079080912
Clay,1.4874278837220822
rough_PDQ,1.345125237923403
