var,rel.inf
MAP,32.79772365641671
rough_Elevation,13.4163888815857
CEC,10.23452075598722
rough_MAP,6.516744861037208
PDQ,6.460344011130457
Elevation,5.52979238042183
rough_NDVI,5.082667723970975
rough_Soil.C,4.664310149413854
rough_CEC,4.303982933469784
pH,2.5531535332379236
Surface.T,2.4843825396820614
rough_Surface.T,2.1755846357720183
Clay,2.114304462021091
rough_PDQ,1.6660994758531764
