var,rel.inf
MAP,35.39304741777226
rough_Elevation,13.650522576786045
CEC,10.676027811798585
rough_MAP,7.178291749994489
PDQ,6.373618057433602
rough_NDVI,5.3452929305028505
Elevation,4.978648268487001
rough_Soil.C,3.953637123977136
rough_CEC,3.5764322377763462
pH,2.10766823821345
rough_Surface.T,1.9570130301180757
Surface.T,1.930818046250478
Clay,1.586400081129656
rough_PDQ,1.2925824297600101
