nt,pseudo_r2,pred_obs_r2,pred_obs_r2_exp
4250,0.43348925020156304,0.7785315078422876,0.777584045153821
