var,rel.inf
MAP,34.12462482572811
rough_Elevation,13.583041303028535
CEC,10.542630266974168
rough_MAP,6.50733752270122
PDQ,6.321856814337051
rough_NDVI,5.559787496400599
Elevation,5.277109515526029
rough_Soil.C,4.424155762065538
rough_CEC,4.140073813840196
pH,2.38590073962176
Surface.T,2.1253064933431784
rough_Surface.T,1.9394426860171123
Clay,1.673887984896822
rough_PDQ,1.3948447755196745
