var,rel.inf
MAP,34.97956294000014
rough_Elevation,13.779127331801693
CEC,10.870848786974456
rough_MAP,6.76212649515866
PDQ,6.347416336403374
rough_NDVI,5.267066511713637
Elevation,4.999378773086321
rough_Soil.C,4.175835652123486
rough_CEC,3.753191844328805
pH,2.2439627803153113
Surface.T,1.9086224650197092
rough_Surface.T,1.8927759364025407
Clay,1.592583976963723
rough_PDQ,1.427500169708145
