var,rel.inf
MAP,34.146025712615604
rough_Elevation,13.553556395822188
CEC,10.724117952059823
rough_MAP,6.959526813161173
PDQ,6.273402326231911
Elevation,5.472138489685653
rough_NDVI,5.379425410929693
rough_Soil.C,4.45992878615157
rough_CEC,3.6762892600684407
pH,2.214430983405761
Surface.T,2.133060409813042
rough_Surface.T,1.9028125246440055
Clay,1.6584170626270802
rough_PDQ,1.4468678727840625
