nt,pseudo_r2,pred_obs_r2,pred_obs_r2_exp
4350,0.4406191603293812,0.783611849876524,0.7827515251487054
