var,rel.inf
MAP,33.859636376943286
rough_Elevation,13.314471572035389
CEC,10.62052502111801
rough_MAP,6.552053479910594
PDQ,6.2331581592784016
Elevation,5.638788381549292
rough_NDVI,5.476776578156047
rough_Soil.C,4.542713422868875
rough_CEC,4.000071562816984
pH,2.328450163039623
rough_Surface.T,2.161640150908039
Surface.T,1.9406919033701417
Clay,1.7101518531964452
rough_PDQ,1.6208713748088701
