nt,pseudo_r2,pred_obs_r2,pred_obs_r2_exp
4300,0.45406023183236544,0.7807948043450159,0.7799379889473648
