var,rel.inf
MAP,32.960808540433625
rough_Elevation,13.615355244276211
CEC,10.91587998503403
rough_MAP,7.251006916301249
PDQ,6.107839888978465
rough_NDVI,5.635794376622449
Elevation,5.5258676660761
rough_Soil.C,4.407020317306567
rough_CEC,3.6587293134471817
pH,2.5091161519372114
Surface.T,2.111584401115139
rough_Surface.T,1.8851303215753028
Clay,1.8391199644165612
rough_PDQ,1.5767469124799105
