var,rel.inf
MAP,35.153187224344855
rough_Elevation,14.010121742060985
CEC,10.56919323707316
rough_MAP,6.85432002632374
PDQ,6.666444227713052
Elevation,5.141901166973993
rough_NDVI,4.943088529744425
rough_Soil.C,4.301890668665531
rough_CEC,3.5671709695625777
pH,2.169835111475999
Surface.T,2.057925666583828
rough_Surface.T,1.8321002788859417
Clay,1.4940942837420974
rough_PDQ,1.238726866849811
