nt,pseudo_r2,pred_obs_r2,pred_obs_r2_exp
4600,0.4398085651673035,0.7900071443720306,0.789173225069392
