var,rel.inf
MAP,35.124890009871784
rough_Elevation,13.720466679674896
CEC,10.557992064363832
PDQ,6.5195587218716655
rough_MAP,6.318420764123363
Elevation,5.391102120763777
rough_NDVI,5.11951855078177
rough_Soil.C,4.4778353513384
rough_CEC,3.613715636255842
pH,2.2712405241866067
rough_Surface.T,2.088616422538032
Surface.T,1.9268837152277534
Clay,1.5627856879800972
rough_PDQ,1.306973751022182
