var,rel.inf
MAP,35.292973489218966
rough_Elevation,13.519591143497928
CEC,10.81510150962478
rough_MAP,6.589474224562425
PDQ,6.2670235222157755
rough_NDVI,5.37130034927313
Elevation,5.186866343087938
rough_Soil.C,4.169975773343847
rough_CEC,3.5304881554886647
pH,2.3462949998830727
Surface.T,2.0352107899361336
rough_Surface.T,1.9804579733176497
Clay,1.5860900438691923
rough_PDQ,1.3091516826804963
