var,rel.inf
MAP,35.576811457543045
rough_Elevation,13.70844980266086
CEC,10.555475900302376
rough_MAP,7.178750826369676
PDQ,6.391112850146662
rough_NDVI,5.273302668485854
Elevation,5.1561772879081955
rough_Soil.C,3.928842421678893
rough_CEC,3.689140896628365
Surface.T,2.025955439638536
pH,1.9887557270887712
rough_Surface.T,1.923142625227041
Clay,1.4582848356605358
rough_PDQ,1.145797260661198
