nt,pseudo_r2,pred_obs_r2,pred_obs_r2_exp
3550,0.44869926294605844,0.7559085432053138,0.7544510251767111
