nt,pseudo_r2,pred_obs_r2,pred_obs_r2_exp
4600,0.4341363390322305,0.78951874838754,0.7887033835763166
