var,rel.inf
MAP,33.19402099689594
rough_Elevation,13.700072339429108
CEC,10.361027171010253
rough_MAP,7.350491647254289
PDQ,6.667082899153512
Elevation,5.376213846809819
rough_NDVI,5.084828983788829
rough_Soil.C,4.512095150844696
rough_CEC,3.7496806638322777
pH,2.422642667169835
Surface.T,2.0765253061244837
rough_Surface.T,1.9342001686015957
Clay,1.9122009434479106
rough_PDQ,1.6589172156374634
