nt,pseudo_r2,pred_obs_r2,pred_obs_r2_exp
3300,0.41728780327967385,0.7482032998670849,0.7466206199293698
