var,rel.inf
MAP,35.043986718655376
rough_Elevation,13.565322080395767
CEC,10.892279238630492
rough_MAP,7.600591869717953
PDQ,6.367971416908853
Elevation,5.077846746627804
rough_NDVI,5.044612954296547
rough_Soil.C,4.109079351845242
rough_CEC,3.5722167798287026
pH,2.1624448805417487
rough_Surface.T,2.15665183530452
Surface.T,1.7885815376129377
Clay,1.4131442403274022
rough_PDQ,1.205270349306669
