var,rel.inf
MAP,35.999942997620614
rough_Elevation,14.021678947563188
CEC,10.72776759120925
PDQ,6.729465362819816
rough_MAP,6.679249473639899
Elevation,4.958666236697274
rough_NDVI,4.9397181873426295
rough_Soil.C,4.206482150451592
rough_CEC,3.437987609515788
pH,2.0212062048483306
rough_Surface.T,2.0208719136849393
Surface.T,1.9451781389194451
Clay,1.2463805658981053
rough_PDQ,1.0654046197891411
