nt,pseudo_r2,pred_obs_r2,pred_obs_r2_exp
4700,0.4288839477928693,0.7935161072875654,0.792928586740904
