var,rel.inf
MAP,33.19815044064849
rough_Elevation,13.400435720186634
CEC,10.568517703155825
rough_MAP,7.38646301972123
PDQ,6.260687493777263
Elevation,5.540154573237714
rough_NDVI,5.063730127588697
rough_Soil.C,4.534060844280676
rough_CEC,3.887184598954098
pH,2.362642293150451
Surface.T,2.170965079418549
rough_Surface.T,2.1252953109543555
Clay,1.9525780592442492
rough_PDQ,1.5491347356817573
