nt,pseudo_r2,pred_obs_r2,pred_obs_r2_exp
4350,0.4452872313006815,0.7815918064907645,0.7806198311741575
