var,rel.inf
MAP,35.37308157221707
rough_Elevation,13.63881570966802
CEC,10.42391476288404
rough_MAP,6.751288248825497
PDQ,6.556825323622044
Elevation,5.301990776795939
rough_NDVI,5.24077458733911
rough_Soil.C,4.228485710134121
rough_CEC,3.580928502898828
pH,2.288115029459454
Surface.T,2.0501694624114077
rough_Surface.T,1.8664190350548062
Clay,1.4596133947510332
rough_PDQ,1.2395778839386349
