nt,pseudo_r2,pred_obs_r2,pred_obs_r2_exp
3750,0.43091524698829364,0.7646805397686021,0.763330824196301
