nt,pseudo_r2,pred_obs_r2,pred_obs_r2_exp
4300,0.4390196389942679,0.7794772200049692,0.7783520348462896
