nt,pseudo_r2,pred_obs_r2,pred_obs_r2_exp
5050,0.461975332158973,0.8028361480706896,0.8024050110332888
