nt,pseudo_r2,pred_obs_r2,pred_obs_r2_exp
4700,0.45928769192392593,0.792649555442745,0.7916881914968199
