var,rel.inf
MAP,36.149651078626405
rough_Elevation,13.556765361940869
CEC,10.800175180271587
rough_MAP,7.202568699655843
PDQ,6.164049054394695
Elevation,5.130848630206499
rough_NDVI,4.6309711855735385
rough_Soil.C,4.007655605125672
rough_CEC,3.4304998536369773
pH,2.22764082941944
rough_Surface.T,2.006169069675466
Surface.T,1.9971187862550648
Clay,1.4340719577382355
rough_PDQ,1.2618147074797068
