var,rel.inf
MAP,35.27985445838984
rough_Elevation,13.404062202782603
CEC,10.54082626467385
rough_MAP,6.9091438316862765
PDQ,6.283321590144375
rough_NDVI,5.340872657892262
Elevation,5.33126954253075
rough_Soil.C,4.018728683328863
rough_CEC,3.5050096995476103
pH,2.2665713082195413
rough_Surface.T,2.1637092669860323
Surface.T,2.0900996123315663
Clay,1.586618713928159
rough_PDQ,1.2799121675582614
