var,rel.inf
MAP,35.326182188515816
rough_Elevation,13.550841664330378
CEC,10.83793339059528
rough_MAP,6.826392410113145
PDQ,6.2282794499556084
rough_NDVI,5.394799758407609
Elevation,5.186318986203029
rough_Soil.C,4.060921930387849
rough_CEC,3.4512346560043037
pH,2.237049002841969
rough_Surface.T,2.139275615600805
Surface.T,2.013227418919941
Clay,1.49515262937036
rough_PDQ,1.2523908987539083
