var,rel.inf
MAP,36.05662349955364
rough_Elevation,13.856415810475188
CEC,10.333296947852574
PDQ,6.638901034273053
rough_MAP,6.4448264354142495
rough_NDVI,5.33914487643178
Elevation,5.136857686665611
rough_Soil.C,4.072946760723815
rough_CEC,3.5010898691979184
pH,2.3531263667468134
Surface.T,1.7724177669994952
rough_Surface.T,1.7703228428567404
Clay,1.5438924258306381
rough_PDQ,1.1801376769784835
