var,rel.inf
MAP,36.195417309918156
rough_Elevation,13.676403369757859
CEC,10.573327608683211
rough_MAP,6.804086750147927
PDQ,6.597806645113221
rough_NDVI,5.251267050143332
Elevation,4.915090925719203
rough_Soil.C,3.9737803469346002
rough_CEC,3.336895072303917
pH,2.2938503988165153
rough_Surface.T,1.945148806569209
Surface.T,1.7844634161067723
Clay,1.4445549584874162
rough_PDQ,1.2079073412986578
