nt,pseudo_r2,pred_obs_r2,pred_obs_r2_exp
5100,0.4765734432454256,0.8032630911516508,0.8026655599916468
