var,rel.inf
MAP,36.22292940580586
rough_Elevation,13.27179169199727
CEC,10.74525965272604
rough_MAP,6.440110443698129
PDQ,6.289115186734813
rough_NDVI,5.473580949423556
Elevation,5.149241580165734
rough_Soil.C,3.91571674561215
rough_CEC,3.4886323562262285
pH,2.223551095546432
rough_Surface.T,2.094677592375785
Surface.T,1.9523226200032282
Clay,1.4741098743583543
rough_PDQ,1.2589608053264265
