nt,pseudo_r2,pred_obs_r2,pred_obs_r2_exp
4950,0.445521788683373,0.7998266613299098,0.7991037680789216
