nt,pseudo_r2,pred_obs_r2,pred_obs_r2_exp
3800,0.423808911694299,0.7651389136680316,0.7639994573260773
