nt,pseudo_r2,pred_obs_r2,pred_obs_r2_exp
4e3,0.4201904535621537,0.771173034984542,0.76997496803191
