nt,pseudo_r2,pred_obs_r2,pred_obs_r2_exp
4150,0.44078497539947425,0.7767301851759916,0.7755575743738751
