nt,pseudo_r2,pred_obs_r2,pred_obs_r2_exp
3300,0.4211963646363115,0.7464516369264257,0.7447446525046251
