var,rel.inf
MAP,34.736899482839114
rough_Elevation,13.608487875498408
CEC,10.647981757368486
rough_MAP,6.644186004760355
PDQ,6.554641471811728
Elevation,5.466962237564319
rough_NDVI,5.243609943165027
rough_Soil.C,4.119091424112653
rough_CEC,3.6314179677792
pH,2.382841154763994
Surface.T,2.0212824148375623
rough_Surface.T,1.9418063497197682
Clay,1.7005089324008074
rough_PDQ,1.3002829833785803
