var,rel.inf
MAP,34.64299871231137
rough_Elevation,13.473817922392591
CEC,10.655289339814155
rough_MAP,6.187863660268487
PDQ,6.039002094534976
rough_NDVI,5.388023162197262
Elevation,5.3154877690831235
rough_Soil.C,4.56819924225314
rough_CEC,3.677019356716405
pH,2.4130043645334633
rough_Surface.T,2.1867403228155182
Surface.T,2.0386351942287626
Clay,1.8654916598741234
rough_PDQ,1.5484271989766167
