var,rel.inf
MAP,35.89571025804048
rough_Elevation,13.993030782009455
CEC,10.993730111353798
rough_MAP,7.485140876827384
PDQ,6.637501554773016
rough_NDVI,5.347977288270038
Elevation,4.738958684305388
rough_Soil.C,3.6544576385444314
rough_CEC,3.3850111568433756
pH,1.9620848468503527
Surface.T,1.818618609925068
rough_Surface.T,1.7445124905565073
Clay,1.1839228653053449
rough_PDQ,1.159342836395355
