nt,pseudo_r2,pred_obs_r2,pred_obs_r2_exp
3950,0.44232426069592545,0.7685631563513434,0.7675585074055001
