nt,pseudo_r2,pred_obs_r2,pred_obs_r2_exp
4550,0.4269402238223954,0.788431226128615,0.7874058130941644
