nt,pseudo_r2,pred_obs_r2,pred_obs_r2_exp
3650,0.4374242571567347,0.7596593593031219,0.7581820457965527
