nt,pseudo_r2,pred_obs_r2,pred_obs_r2_exp
4600,0.41221825610045926,0.7900103015764038,0.78903160741135
