nt,pseudo_r2,pred_obs_r2,pred_obs_r2_exp
3200,0.41472492621408796,0.7437209221338841,0.741885299715969
