nt,pseudo_r2,pred_obs_r2,pred_obs_r2_exp
3650,0.42824712463632975,0.7600058013593616,0.7585294014035318
