nt,pseudo_r2,pred_obs_r2,pred_obs_r2_exp
4050,0.45065862191082917,0.7737103668829819,0.77254362665209
