nt,pseudo_r2,pred_obs_r2,pred_obs_r2_exp
4500,0.42552328427677744,0.7880441368554508,0.7872334187923758
