nt,pseudo_r2,pred_obs_r2,pred_obs_r2_exp
3950,0.42592678343495727,0.7698445465997213,0.7687155910594061
