var,rel.inf
MAP,35.723979375762234
rough_Elevation,13.581586270311968
CEC,10.77573511974289
rough_MAP,7.130171731650053
PDQ,6.386917730342401
rough_NDVI,5.330211067786067
Elevation,5.068538073784966
rough_Soil.C,3.9475707059024416
rough_CEC,3.4775422034947177
Surface.T,2.1380174818267754
pH,2.1053429730954556
rough_Surface.T,1.878197074928986
Clay,1.3134080111542457
rough_PDQ,1.1427821802167846
