nt,pseudo_r2,pred_obs_r2,pred_obs_r2_exp
4150,0.43118315379805516,0.7771067283867181,0.7762536083850258
