nt,pseudo_r2,pred_obs_r2,pred_obs_r2_exp
3400,0.4227373786867443,0.7520393243669778,0.750703705325071
