nt,pseudo_r2,pred_obs_r2,pred_obs_r2_exp
3650,0.4048301184782782,0.7591479239340129,0.757888442926206
