var,rel.inf
MAP,33.80737735696194
rough_Elevation,13.925730510419461
CEC,10.698336822801341
rough_MAP,7.094194860178816
PDQ,6.457698690386791
rough_NDVI,5.3519715413307845
Elevation,5.303262838844834
rough_Soil.C,4.286123266552899
rough_CEC,3.523584168607719
pH,2.3570122653893897
Surface.T,2.109600741623645
rough_Surface.T,1.8934679357545072
Clay,1.8223183383748827
rough_PDQ,1.369320662772995
