nt,pseudo_r2,pred_obs_r2,pred_obs_r2_exp
3900,0.4281890134882701,0.7687801914644521,0.7673487972559856
