nt,pseudo_r2,pred_obs_r2,pred_obs_r2_exp
4200,0.44502915545065447,0.7779224616734227,0.777079055396212
