var,rel.inf
MAP,36.13373968127835
rough_Elevation,13.489538896356594
CEC,10.817977972103412
rough_MAP,6.62279837876075
PDQ,6.3647113665079305
rough_NDVI,5.164973394308372
Elevation,5.123107006885392
rough_Soil.C,4.046111450241783
rough_CEC,3.55564281768561
pH,2.07836433028097
Surface.T,1.9763925894606325
rough_Surface.T,1.9309406091320316
Clay,1.384194451302003
rough_PDQ,1.3115070556961659
