var,rel.inf
MAP,34.67374566281293
rough_Elevation,13.974770651624215
CEC,10.609268061708153
PDQ,6.4399322092238185
rough_MAP,6.425553920624144
rough_NDVI,5.2219359274795405
Elevation,5.179762592628281
rough_Soil.C,4.438915818249187
rough_CEC,3.686959976020605
pH,2.197910936939957
Surface.T,2.0938463043642255
rough_Surface.T,2.005375174855521
Clay,1.569088938935825
rough_PDQ,1.4829338245335948
