nt,pseudo_r2,pred_obs_r2,pred_obs_r2_exp
3700,0.42529655253631404,0.7629682662568125,0.761613953986221
