nt,pseudo_r2,pred_obs_r2,pred_obs_r2_exp
3600,0.42737262266564024,0.757870054907827,0.7562248406414129
