var,rel.inf
MAP,34.49661124679104
rough_Elevation,13.30766715501083
CEC,10.875273346097538
rough_MAP,6.857697497642857
PDQ,6.491133396123645
rough_NDVI,5.345212689713374
Elevation,5.299224186217046
rough_Soil.C,4.309477248063949
rough_CEC,3.694969265695239
pH,2.4327559664286484
rough_Surface.T,1.9434880978617726
Surface.T,1.7659055917560609
Clay,1.6449477535890993
rough_PDQ,1.5356365590089018
