nt,pseudo_r2,pred_obs_r2,pred_obs_r2_exp
3550,0.4505183560335566,0.7572701541172643,0.7558574253725878
