nt,pseudo_r2,pred_obs_r2,pred_obs_r2_exp
4350,0.4343079790374109,0.7829750787564299,0.7818671106637638
