var,rel.inf
MAP,35.19242543036676
rough_Elevation,13.365390775180828
CEC,10.889272388563247
rough_MAP,7.203908001077137
PDQ,6.123488211457421
rough_NDVI,5.395794057261325
Elevation,5.196516978816763
rough_Soil.C,3.9952687757622862
rough_CEC,3.5839689662648744
pH,2.1417826662236505
Surface.T,2.065789937458866
rough_Surface.T,2.0279216840655674
Clay,1.4895700495211555
rough_PDQ,1.3289020779801275
