var,rel.inf
MAP,35.00163801517376
rough_Elevation,13.889967575308672
CEC,11.022252543833684
rough_MAP,7.003089113523773
PDQ,6.19147309325312
rough_NDVI,5.174500037309042
Elevation,5.107166563381735
rough_Soil.C,4.1465160548064794
rough_CEC,3.4884554582011598
pH,2.161851627190538
rough_Surface.T,1.9215425443267413
Surface.T,1.89388615051993
rough_PDQ,1.5889184597684565
Clay,1.408742763402905
