nt,pseudo_r2,pred_obs_r2,pred_obs_r2_exp
4350,0.4477531834161106,0.7821003901125417,0.7812748276795823
