var,rel.inf
MAP,34.94352697775363
rough_Elevation,13.735671911317944
CEC,10.498175343799275
rough_MAP,6.950505486777282
PDQ,6.368665901661374
rough_NDVI,5.46252432978371
Elevation,5.286895621078188
rough_Soil.C,4.233020213542974
rough_CEC,3.3639667806207285
pH,2.254349265964358
Surface.T,2.0504317662557687
rough_Surface.T,1.8940847054965482
Clay,1.6164798515709122
rough_PDQ,1.3417018443773023
