nt,pseudo_r2,pred_obs_r2,pred_obs_r2_exp
4200,0.4276632889687849,0.7769700335335964,0.7758704456758906
