nt,pseudo_r2,pred_obs_r2,pred_obs_r2_exp
4550,0.4530494446123764,0.7884812266944058,0.7875424163284988
