nt,pseudo_r2,pred_obs_r2,pred_obs_r2_exp
4100,0.4339631324028209,0.775323513120171,0.7742807188169896
