var,rel.inf
MAP,33.255490276197484
rough_Elevation,13.445507579086593
CEC,10.79570337602171
rough_MAP,6.848213017303971
PDQ,6.33427563040025
Elevation,5.520923365763741
rough_NDVI,5.4219805115836435
rough_Soil.C,4.5717762409848595
rough_CEC,3.6997924126047232
pH,2.49694686227527
rough_Surface.T,2.1254490621170556
Surface.T,2.116008826608174
Clay,1.7723619728320756
rough_PDQ,1.5955708662204444
