nt,pseudo_r2,pred_obs_r2,pred_obs_r2_exp
3100,0.3970415032978918,0.7394010899777997,0.737567033722994
