var,rel.inf
MAP,35.09488641160334
rough_Elevation,13.611932243011802
CEC,11.00380013486428
rough_MAP,6.501998697025036
PDQ,6.03392284229413
Elevation,5.301512276520628
rough_NDVI,5.274860825922568
rough_Soil.C,4.202579222232762
rough_CEC,3.610720217445639
pH,2.1964837177482655
rough_Surface.T,2.1061245036495566
Surface.T,2.0885162386409
Clay,1.5488865807192547
rough_PDQ,1.423776088321831
