var,rel.inf
MAP,32.76325352528152
rough_Elevation,13.730783091971345
CEC,10.550354064031296
rough_MAP,7.044394200198836
PDQ,6.1943344264153914
Elevation,5.525109383758319
rough_NDVI,5.3943083992416625
rough_Soil.C,4.649900218704855
rough_CEC,3.8918592488279393
pH,2.3912874288200845
Surface.T,2.1967175505993994
Clay,2.0517448536530787
rough_Surface.T,1.9725665814125046
rough_PDQ,1.643387027083773
