nt,pseudo_r2,pred_obs_r2,pred_obs_r2_exp
4350,0.45988269099550916,0.7839204568169957,0.7829741568154475
