var,rel.inf
MAP,34.35136795015477
rough_Elevation,13.829589786643517
CEC,10.581980856621728
rough_MAP,7.140377519570377
PDQ,6.305656246541511
Elevation,5.442803944586129
rough_NDVI,5.215724879296239
rough_Soil.C,4.234782206930468
rough_CEC,3.4790034244983494
Surface.T,2.2952247358905544
pH,2.2631784939774686
rough_Surface.T,1.8798388385874936
Clay,1.6291496029612502
rough_PDQ,1.351321513740157
