nt,pseudo_r2,pred_obs_r2,pred_obs_r2_exp
4400,0.4252440323343777,0.7838606888644477,0.7830561209391981
