nt,pseudo_r2,pred_obs_r2,pred_obs_r2_exp
4600,0.43301813206630846,0.7898778123649481,0.7889125784105745
