nt,pseudo_r2,pred_obs_r2,pred_obs_r2_exp
5050,0.45825211616232064,0.8021416041701036,0.8016129795815292
