nt,pseudo_r2,pred_obs_r2,pred_obs_r2_exp
3850,0.41942324228740446,0.7670202699039232,0.7657687734981168
