nt,pseudo_r2,pred_obs_r2,pred_obs_r2_exp
3800,0.44134581970079567,0.7658484760192648,0.7645632155129802
