var,rel.inf
MAP,35.00323277527773
rough_Elevation,13.793647044860132
CEC,10.752457455264926
rough_MAP,6.5408703361800224
PDQ,6.253665828212764
rough_NDVI,5.484724215494584
Elevation,5.376558637702307
rough_Soil.C,4.382710152797139
rough_CEC,3.3664892358388014
pH,2.263113972322923
Surface.T,2.234867754455355
rough_Surface.T,1.8572843312615366
Clay,1.4833962847848805
rough_PDQ,1.2069819755469091
