nt,pseudo_r2,pred_obs_r2,pred_obs_r2_exp
5e3,0.44557802573892413,0.8009782419272996,0.8005700358927996
