var,rel.inf
MAP,32.45555115335371
rough_Elevation,13.223332679328653
CEC,10.291778327296722
rough_MAP,6.768603632596531
PDQ,6.298377908838751
Elevation,5.771906776595984
rough_NDVI,5.212524656968147
rough_Soil.C,4.9686790414452116
rough_CEC,4.121421125207453
pH,2.7426863802605768
Surface.T,2.2132393795529963
Clay,2.090861869563113
rough_Surface.T,2.0580755521889897
rough_PDQ,1.7829615168031592
