var,rel.inf
MAP,35.89141710617554
rough_Elevation,13.62659799423629
CEC,10.889152238572471
rough_MAP,7.113717446198598
PDQ,6.468203926614743
Elevation,5.245711528281273
rough_NDVI,5.0743928049290625
rough_Soil.C,3.958263286772793
rough_CEC,3.4448145424641945
pH,1.9683004487604259
Surface.T,1.9544723279978249
rough_Surface.T,1.7766502947403662
Clay,1.4001514314628147
rough_PDQ,1.1881546227936048
