nt,pseudo_r2,pred_obs_r2,pred_obs_r2_exp
3550,0.41824456719039205,0.7573322849067092,0.7560847719364052
