var,rel.inf
MAP,34.099831160146735
rough_Elevation,13.535422556379222
CEC,10.500651458896826
rough_MAP,6.770846094892973
PDQ,6.3219777626484
rough_NDVI,5.533374068954196
Elevation,5.493489628277065
rough_Soil.C,4.269966225890606
rough_CEC,3.8114304027168426
pH,2.407530616957158
rough_Surface.T,2.0506502006826195
Surface.T,1.9891760956386382
Clay,1.6847249620926883
rough_PDQ,1.5309287658260313
