nt,pseudo_r2,pred_obs_r2,pred_obs_r2_exp
3750,0.4144273913842117,0.7641789175379501,0.7631160414942291
