var,rel.inf
MAP,34.76678953104033
rough_Elevation,13.529080395811922
CEC,10.780160629505021
rough_MAP,6.666693757172515
PDQ,6.380348122227841
Elevation,5.242280732044688
rough_NDVI,5.081898317898254
rough_Soil.C,4.305753233919834
rough_CEC,3.927858868654052
pH,2.245158587402064
rough_Surface.T,2.1106674816221638
Surface.T,1.9426271611504218
Clay,1.6067146124739928
rough_PDQ,1.4139685690768977
