var,rel.inf
MAP,36.25261053856506
rough_Elevation,14.044886759098137
CEC,10.81699767206465
rough_MAP,7.545553721616847
PDQ,6.503669110716459
rough_NDVI,5.068503906508592
Elevation,4.865122914534224
rough_Soil.C,3.6574145318717193
rough_CEC,3.2021362376195373
Surface.T,2.0200967351708443
pH,1.8869682507276744
rough_Surface.T,1.8357081460865339
Clay,1.239206973408582
rough_PDQ,1.0611245020111357
