nt,pseudo_r2,pred_obs_r2,pred_obs_r2_exp
3100,0.4262417884440377,0.7396403979521173,0.7378470881080204
