nt,pseudo_r2,pred_obs_r2,pred_obs_r2_exp
3500,0.41214756188331503,0.7548713681055488,0.7536075563950557
