nt,pseudo_r2,pred_obs_r2,pred_obs_r2_exp
3850,0.41034977727870137,0.7667154521498144,0.7654166294901416
