nt,pseudo_r2,pred_obs_r2,pred_obs_r2_exp
5200,0.46722079396845806,0.8060837695875617,0.8053872232256049
