var,rel.inf
MAP,36.29444557087178
rough_Elevation,13.923730184527273
CEC,10.700771908037526
rough_MAP,6.833899812269794
PDQ,6.693981415753326
rough_NDVI,5.28245765325817
Elevation,4.992040144506001
rough_Soil.C,3.9081433685354288
rough_CEC,3.1914702481874517
pH,2.1468590631193627
rough_Surface.T,1.9451492245101596
Surface.T,1.6970931462793872
Clay,1.2381075107946582
rough_PDQ,1.151850749349695
