var,rel.inf
MAP,35.74242667210933
rough_Elevation,13.65513719711405
CEC,10.658530642866571
rough_MAP,6.9619931874104015
PDQ,6.325031949158797
Elevation,5.34935970696052
rough_NDVI,4.916707405898907
rough_Soil.C,4.252918230517209
rough_CEC,3.565351571342159
pH,2.140608926019256
Surface.T,1.9209263567547148
rough_Surface.T,1.8458218100900101
Clay,1.4512108882556927
rough_PDQ,1.213975455502388
