var,rel.inf
MAP,36.81701322158527
rough_Elevation,13.980835133102207
CEC,10.59598560254605
rough_MAP,7.269911924820302
PDQ,6.701660536160796
rough_NDVI,4.798518436180881
Elevation,4.679415971045591
rough_Soil.C,3.7954006455170433
rough_CEC,3.3149171892161675
pH,2.0626703506122332
rough_Surface.T,1.8594644661479227
Surface.T,1.790109555546462
rough_PDQ,1.1915167278325518
Clay,1.142580239686525
