nt,pseudo_r2,pred_obs_r2,pred_obs_r2_exp
4950,0.447770963991163,0.7992422496320883,0.7982765407021062
