nt,pseudo_r2,pred_obs_r2,pred_obs_r2_exp
4650,0.4373985820887327,0.7915140696175004,0.7907151591817518
