var,rel.inf
MAP,35.734934046637164
rough_Elevation,13.3416813320165
CEC,10.982591106074105
rough_MAP,6.649953138283839
PDQ,6.60004143841932
rough_NDVI,5.308112178359973
Elevation,5.194767952280992
rough_Soil.C,4.015658572723134
rough_CEC,3.648774207692617
pH,2.050362609129598
Surface.T,1.9832438138000323
rough_Surface.T,1.935352450377628
Clay,1.2898675533053903
rough_PDQ,1.264659600899703
