nt,pseudo_r2,pred_obs_r2,pred_obs_r2_exp
3650,0.4302386597210146,0.7582321436433435,0.7566704526283184
