nt,pseudo_r2,pred_obs_r2,pred_obs_r2_exp
4300,0.42403833651254574,0.7815707892193459,0.7805593672421065
