var,rel.inf
MAP,34.462198221757625
rough_Elevation,13.452459233925852
CEC,10.874206732775557
rough_MAP,7.036454362408084
PDQ,5.983663523937162
Elevation,5.314358218330727
rough_NDVI,5.1390549984967375
rough_Soil.C,4.29761348470785
rough_CEC,3.7617118024450997
pH,2.366734122002757
rough_Surface.T,2.2154687197383
Surface.T,1.8464687302578664
Clay,1.812484313574525
rough_PDQ,1.4371235356418592
