var,rel.inf
MAP,34.4972530909714
rough_Elevation,13.333465527163003
CEC,10.26709465464175
PDQ,6.828935920935338
rough_MAP,6.106470887789002
Elevation,5.429177396185674
rough_NDVI,5.205411512728844
rough_Soil.C,4.506015298616479
rough_CEC,3.99054909138142
pH,2.333235475587436
Surface.T,2.0957264408826
rough_Surface.T,2.0190305609932397
Clay,1.7154767082660902
rough_PDQ,1.6721574338577132
