var,rel.inf
MAP,34.71255891715784
rough_Elevation,13.833132296612963
CEC,10.42893947451372
rough_MAP,6.879378484752143
PDQ,6.293608752361059
Elevation,5.395386714795541
rough_NDVI,5.104850160420365
rough_Soil.C,4.137905808830386
rough_CEC,3.649368572239042
pH,2.4183117528583966
rough_Surface.T,2.2279608474707486
Surface.T,1.863080051834924
Clay,1.6514471916563647
rough_PDQ,1.4040709744965014
