var,rel.inf
MAP,34.658444866247
rough_Elevation,13.430499937254766
CEC,10.47549969187901
rough_MAP,6.337393772177411
PDQ,6.167730548936134
rough_NDVI,5.715698995493378
Elevation,5.491678085714003
rough_Soil.C,4.408614742984695
rough_CEC,3.610572666457832
pH,2.4809459911095337
rough_Surface.T,2.073802866560267
Surface.T,1.9929445632890161
Clay,1.7663085130452436
rough_PDQ,1.3898647588517006
