var,rel.inf
MAP,34.96068417922134
rough_Elevation,13.062631188639552
CEC,10.675740888547356
rough_MAP,6.841077698573735
PDQ,6.110732700071919
rough_NDVI,5.4485186763560005
Elevation,5.426569934370728
rough_Soil.C,4.359730196749378
rough_CEC,3.5558937326338373
pH,2.3118350299644117
Surface.T,2.08866162206489
rough_Surface.T,2.079447114498799
Clay,1.7066037087330543
rough_PDQ,1.3718733295749923
