nt,pseudo_r2,pred_obs_r2,pred_obs_r2_exp
4700,0.4507678340246849,0.7932777837049052,0.7924001904693557
