var,rel.inf
MAP,34.155381916798035
rough_Elevation,14.097010563377273
CEC,10.313520561973156
rough_MAP,6.915749667582108
PDQ,6.47884703461357
Elevation,5.341398064120938
rough_NDVI,5.169963794053086
rough_Soil.C,4.211415752157843
rough_CEC,3.9085112718917405
pH,2.3299610709109837
Surface.T,2.0748646844961725
rough_Surface.T,1.9044791888090635
Clay,1.7101178744601866
rough_PDQ,1.3887785547558342
