var,rel.inf
MAP,33.88514401698122
rough_Elevation,13.42947869491525
CEC,10.848117592812253
rough_MAP,7.162188380106447
PDQ,5.893522709577033
Elevation,5.536168597221995
rough_NDVI,5.337099857730401
rough_Soil.C,4.38473724527091
rough_CEC,3.702972562507261
pH,2.419005883622378
Surface.T,2.1074265551464526
rough_Surface.T,2.041197442245215
Clay,1.7401781753426298
rough_PDQ,1.512762286520561
