nt,pseudo_r2,pred_obs_r2,pred_obs_r2_exp
3950,0.43363867041923265,0.7698878166014642,0.7686697842417247
