var,rel.inf
MAP,35.08149246619908
rough_Elevation,13.60275685886708
CEC,10.600536055039894
rough_MAP,7.117326664286504
PDQ,6.314906057051674
Elevation,5.317514062292795
rough_NDVI,5.28821838256894
rough_Soil.C,4.026955385687577
rough_CEC,3.5069517186815835
pH,2.2933725785216517
rough_Surface.T,2.1327771933437183
Surface.T,1.982307614177038
Clay,1.4160081052269327
rough_PDQ,1.3188768580555443
