nt,pseudo_r2,pred_obs_r2,pred_obs_r2_exp
4e3,0.43744518821477696,0.771869898121196,0.7707111457194809
