var,rel.inf
MAP,35.92638983605453
rough_Elevation,13.651915714837743
CEC,10.659642130148537
rough_MAP,6.790262253811247
PDQ,6.711438191558985
rough_NDVI,5.3868968876447045
Elevation,4.992746049524367
rough_Soil.C,3.9745470090656467
rough_CEC,3.365066077645284
pH,2.105432645289009
rough_Surface.T,1.9102047645844735
Surface.T,1.9088379071715198
Clay,1.4086157013880671
rough_PDQ,1.208004831275886
