var,rel.inf
MAP,36.119080428057416
rough_Elevation,13.494681663281122
CEC,10.820622205342483
PDQ,6.507575372971664
rough_MAP,6.424615683749679
rough_NDVI,5.240130710040136
Elevation,5.030031237010692
rough_Soil.C,4.155850082003305
rough_CEC,3.4889653865023
pH,2.1978935799303065
rough_Surface.T,1.9661869346502598
Surface.T,1.8096132333882382
Clay,1.501718363957893
rough_PDQ,1.2430351191145033
