var,rel.inf
MAP,35.32715361078492
rough_Elevation,13.696329775598748
CEC,10.877318573047399
rough_MAP,6.928884446697343
PDQ,6.490864304104628
rough_NDVI,5.239167079812876
Elevation,5.150287228691081
rough_Soil.C,4.103748170220584
rough_CEC,3.7471718606530784
pH,2.262846384670488
Surface.T,1.8465832615774407
rough_Surface.T,1.7698742729969295
Clay,1.3039485575936245
rough_PDQ,1.2558224735508619
