nt,pseudo_r2,pred_obs_r2,pred_obs_r2_exp
3400,0.436049315300029,0.7504618999970942,0.7490046538089453
