nt,pseudo_r2,pred_obs_r2,pred_obs_r2_exp
4500,0.4351733230724495,0.7872352863383104,0.7863881987790668
