var,rel.inf
MAP,35.220923556793515
rough_Elevation,13.683450929793027
CEC,10.899460745740729
rough_MAP,6.798961567046578
PDQ,6.468786318759843
Elevation,5.214705001953908
rough_NDVI,5.095051838208176
rough_Soil.C,4.318575326407174
rough_CEC,3.5258666367738463
pH,2.079418432917379
rough_Surface.T,2.0021418170326175
Surface.T,1.9898288692067123
Clay,1.4141059131765141
rough_PDQ,1.2887230461899755
