var,rel.inf
MAP,34.26729220103669
rough_Elevation,13.875673675052688
CEC,10.585332403245115
rough_MAP,6.761581422162862
PDQ,6.489439413698356
Elevation,5.382670259981677
rough_NDVI,5.053983591266895
rough_Soil.C,4.2290218066146785
rough_CEC,3.724350592843935
pH,2.38909772216582
rough_Surface.T,2.068074504280742
Surface.T,2.0087946286842513
Clay,1.7571039083704771
rough_PDQ,1.407583870595813
