var,rel.inf
MAP,35.13225238465761
rough_Elevation,13.192942139541744
CEC,10.814341307695033
rough_MAP,6.412853160918761
PDQ,6.226147907957205
Elevation,5.465032231001942
rough_NDVI,5.183407496846542
rough_Soil.C,4.155930845955915
rough_CEC,3.9098702297069456
pH,2.39316092728393
rough_Surface.T,2.198104898636197
Surface.T,1.707512434311503
Clay,1.668332833473649
rough_PDQ,1.5401112020130212
