nt,pseudo_r2,pred_obs_r2,pred_obs_r2_exp
3900,0.44190393279845563,0.7687774475145107,0.7673213149414911
