var,rel.inf
MAP,34.71248848089809
rough_Elevation,14.06864569568926
CEC,10.67371460637954
rough_MAP,6.882520723733785
PDQ,6.486448355724753
rough_NDVI,5.342239909532365
Elevation,5.316396025632404
rough_Soil.C,4.171276317822458
rough_CEC,3.4755319533019007
pH,2.225421066923021
rough_Surface.T,1.9469124553180928
Surface.T,1.8997379925668632
Clay,1.4838694935124774
rough_PDQ,1.314796922964987
