nt,pseudo_r2,pred_obs_r2,pred_obs_r2_exp
3950,0.44422234769661495,0.769929437823436,0.768585059601528
