nt,pseudo_r2,pred_obs_r2,pred_obs_r2_exp
4e3,0.43473097693815277,0.7716293299186042,0.7704677590917406
