nt,pseudo_r2,pred_obs_r2,pred_obs_r2_exp
4200,0.43259693912725317,0.7793432068965513,0.778400536282797
