nt,pseudo_r2,pred_obs_r2,pred_obs_r2_exp
4600,0.45141022322388635,0.7906736102899894,0.7897702239276791
