nt,pseudo_r2,pred_obs_r2,pred_obs_r2_exp
4200,0.43596509997459265,0.7776085795749922,0.7765295266961489
