nt,pseudo_r2,pred_obs_r2,pred_obs_r2_exp
4800,0.42152133447927376,0.7942990566055963,0.7934668082272968
