nt,pseudo_r2,pred_obs_r2,pred_obs_r2_exp
4050,0.42932919347054355,0.7726946089244908,0.7715232272192172
