nt,pseudo_r2,pred_obs_r2,pred_obs_r2_exp
4800,0.45568687958335197,0.7952494587748016,0.7944478678043837
