nt,pseudo_r2,pred_obs_r2,pred_obs_r2_exp
3500,0.41510423533373964,0.7556236465720153,0.7543703084859913
