var,rel.inf
MAP,34.580230093426934
rough_Elevation,13.995137049667024
CEC,10.427553677448358
rough_MAP,6.58870494209225
PDQ,6.524522098667984
rough_NDVI,5.4436087411597125
Elevation,5.30729304538777
rough_Soil.C,4.389006489067458
rough_CEC,3.513592459012494
pH,2.350284254006351
rough_Surface.T,2.1146765963618175
Surface.T,1.979045383119037
Clay,1.4687779113696284
rough_PDQ,1.3175672592131948
