var,rel.inf
MAP,33.368820498458746
rough_Elevation,13.572430469821803
CEC,10.413014001849131
rough_MAP,6.867999622938568
PDQ,6.4690230131903395
Elevation,5.588847464779375
rough_NDVI,5.184136064669081
rough_Soil.C,4.7429003573556185
rough_CEC,3.6187199667624133
pH,2.341846382828692
rough_Surface.T,2.318079052129868
Surface.T,2.194744001685863
Clay,1.834207113225226
rough_PDQ,1.4852319903052766
