nt,pseudo_r2,pred_obs_r2,pred_obs_r2_exp
3950,0.43016022018344424,0.7703836442404569,0.7692986281153145
