nt,pseudo_r2,pred_obs_r2,pred_obs_r2_exp
4350,0.4628231221575254,0.7825192461597366,0.7814380409868161
