var,rel.inf
MAP,35.17953982384621
rough_Elevation,13.414298695282834
CEC,10.953603986637807
rough_MAP,7.263223031600676
PDQ,6.178824445372231
Elevation,5.295451473140887
rough_NDVI,4.9960499932691995
rough_Soil.C,4.21042108841181
rough_CEC,3.349764092150949
rough_Surface.T,2.214544556395903
pH,2.192982508546987
Surface.T,1.8955567119068364
Clay,1.490449992280891
rough_PDQ,1.3652896011567577
