var,rel.inf
MAP,33.72510668042007
rough_Elevation,13.667745737425504
CEC,10.41380186680376
PDQ,6.573780893630174
rough_MAP,6.481092410315921
Elevation,5.486210116073297
rough_NDVI,5.401817469869653
rough_Soil.C,4.706052474157851
rough_CEC,3.7259062622054606
pH,2.350619551538703
Surface.T,2.217756185801675
rough_Surface.T,2.0535892443268993
Clay,1.6836475482702529
rough_PDQ,1.512873559160779
