var,rel.inf
MAP,33.17468120334706
rough_Elevation,13.54428837303392
CEC,10.781256457273296
rough_MAP,7.000665066019617
PDQ,6.008595082880156
rough_NDVI,5.5911624922010255
Elevation,5.409688325376925
rough_Soil.C,4.5533060303093915
rough_CEC,4.022833238621215
pH,2.3796378973095265
Surface.T,2.1405969720237477
rough_Surface.T,2.111049605417473
Clay,1.7790606342419713
rough_PDQ,1.5031786219446606
