var,rel.inf
MAP,34.40610493761919
rough_Elevation,13.606459598001397
CEC,10.594907708594326
rough_MAP,6.6090452235927915
PDQ,6.434779809246997
rough_NDVI,5.39581941359934
Elevation,5.3628396034850985
rough_Soil.C,4.3822806975356405
rough_CEC,3.7338635009742482
pH,2.4303703383763207
rough_Surface.T,2.0239233552036775
Surface.T,1.9250589983403787
Clay,1.6259159385603754
rough_PDQ,1.4686308768702083
