nt,pseudo_r2,pred_obs_r2,pred_obs_r2_exp
4750,0.4573695904054138,0.7957569800323462,0.7951024522107808
