nt,pseudo_r2,pred_obs_r2,pred_obs_r2_exp
4250,0.4346288333555327,0.7808842419345216,0.7798513969100429
