var,rel.inf
MAP,34.54845781557581
rough_Elevation,13.45604021015225
CEC,10.473104787757368
rough_MAP,6.619308765044636
PDQ,6.524623493722514
rough_NDVI,5.3263039521582
Elevation,5.324454735585417
rough_Soil.C,4.421164575946129
rough_CEC,3.71361713759899
pH,2.3582844549351485
Surface.T,2.0496535200083694
rough_Surface.T,1.921374727884314
Clay,1.6454711655958119
rough_PDQ,1.618140658035052
