nt,pseudo_r2,pred_obs_r2,pred_obs_r2_exp
3250,0.40870468659666825,0.7466584053233002,0.7446841498244259
