nt,pseudo_r2,pred_obs_r2,pred_obs_r2_exp
3700,0.41077582360061826,0.7606021221266487,0.7591119555339834
