nt,pseudo_r2,pred_obs_r2,pred_obs_r2_exp
4450,0.444783920092787,0.7851231888645738,0.7842261436652228
