var,rel.inf
MAP,35.066730493309244
rough_Elevation,13.855366875957548
CEC,10.700345036193802
rough_MAP,6.682272137406835
PDQ,6.486208497707607
rough_NDVI,5.227327673837744
Elevation,5.156783920159909
rough_Soil.C,4.404431248033062
rough_CEC,3.4569625863227973
pH,2.1701097497795927
rough_Surface.T,2.0474541272592806
Surface.T,1.889245630016492
Clay,1.527909140508252
rough_PDQ,1.3288528835078373
