var,rel.inf
MAP,33.97959468452136
rough_Elevation,13.236090523276518
CEC,10.303624782102014
PDQ,6.408617608363037
rough_MAP,6.200069820908223
rough_NDVI,5.633049420356988
Elevation,5.556430313882645
rough_Soil.C,4.6232156447019
rough_CEC,3.861039457557021
pH,2.385559226157303
rough_Surface.T,2.1250152901135695
Surface.T,2.107580215403222
Clay,1.9299514947209908
rough_PDQ,1.6501615179352058
