var,rel.inf
MAP,34.55020374248186
rough_Elevation,13.33690043404951
CEC,10.418279421369666
rough_MAP,6.979256520738916
PDQ,6.648566984175897
Elevation,5.38390499557378
rough_NDVI,5.297028891318044
rough_Soil.C,4.392992536101435
rough_CEC,3.807639298977654
pH,2.3897426303772735
Surface.T,1.9507232523597067
rough_Surface.T,1.867492636898677
Clay,1.7239455654492666
rough_PDQ,1.2533230901283092
