var,rel.inf
MAP,35.498082832881515
rough_Elevation,13.725358600147137
CEC,10.84371846350445
rough_MAP,6.606700779002757
PDQ,6.292374915462551
rough_NDVI,5.3088280694340115
Elevation,5.267637720609754
rough_Soil.C,4.246829318177411
rough_CEC,3.4331088940325873
pH,2.2554772457919343
rough_Surface.T,1.9164901135049668
Surface.T,1.7770276110535286
rough_PDQ,1.4269051189470303
Clay,1.4014603174503735
