var,rel.inf
MAP,35.24185479892899
rough_Elevation,13.569302869583057
CEC,10.702021412583655
rough_MAP,6.5661532248937995
PDQ,6.425763638297744
Elevation,5.406863354399068
rough_NDVI,5.113204524054329
rough_Soil.C,4.206164540505734
rough_CEC,3.4386242502898923
Surface.T,2.258025533543115
pH,2.166221723440274
rough_Surface.T,1.9085093676998535
Clay,1.636973074462409
rough_PDQ,1.3603176873180864
