var,rel.inf
MAP,34.770343677205986
rough_Elevation,13.27640279750186
CEC,10.555272477220011
rough_MAP,6.7670766228027155
PDQ,6.372776880634569
Elevation,5.395086771833
rough_NDVI,5.033385701391579
rough_Soil.C,4.525510805349014
rough_CEC,3.6873776454093607
rough_Surface.T,2.3126842290884038
pH,2.305631159632234
Surface.T,2.006226045887847
Clay,1.7002772359795493
rough_PDQ,1.291947950063861
