var,rel.inf
MAP,34.197164884615226
rough_Elevation,13.483036875570031
CEC,10.066397554142855
rough_MAP,6.801099216277826
PDQ,6.676156335520219
Elevation,5.624586299105694
rough_NDVI,5.159747536729252
rough_Soil.C,4.343876289236154
rough_CEC,3.887111372451785
pH,2.520084193243286
Surface.T,2.0685443595059634
rough_Surface.T,1.975589430017524
Clay,1.7881289073931463
rough_PDQ,1.4084767461910264
