var,rel.inf
MAP,35.7434563734564
rough_Elevation,13.636157068620856
CEC,10.668999648122742
rough_MAP,6.685387631079569
PDQ,6.340815108266489
Elevation,5.2606373268988955
rough_NDVI,5.145946576915548
rough_Soil.C,4.053597994664004
rough_CEC,3.410739701383717
pH,2.275169357921979
Surface.T,1.8715594691221762
rough_Surface.T,1.866409268399677
Clay,1.6483384055975672
rough_PDQ,1.3927860695503806
