var,rel.inf
MAP,36.20698310758551
rough_Elevation,14.00662685601629
CEC,10.4615242780617
rough_MAP,6.919817172761336
PDQ,6.598255830950043
rough_NDVI,5.125079613856425
Elevation,4.942335110775215
rough_Soil.C,3.93447018997666
rough_CEC,3.5360396543726695
pH,2.003487878620936
Surface.T,1.9034887682292172
rough_Surface.T,1.8962272223373853
Clay,1.3452824559610816
rough_PDQ,1.1203818604955236
