var,rel.inf
MAP,34.70308244545514
rough_Elevation,13.403522822923705
CEC,10.367661780174123
rough_MAP,7.432122753760354
PDQ,6.513389427917258
Elevation,5.344371140083622
rough_NDVI,5.122845963087872
rough_Soil.C,4.282077878913426
rough_CEC,3.894295659004977
pH,2.2475623563768123
Surface.T,2.1175067166097743
rough_Surface.T,1.7963382329626498
Clay,1.4738056638001678
rough_PDQ,1.3014171589301207
