nt,pseudo_r2,pred_obs_r2,pred_obs_r2_exp
3550,0.43309445069918673,0.7554916487911456,0.7539699232345988
