var,rel.inf
MAP,34.60931821501879
rough_Elevation,13.870633785433364
CEC,10.652546484756714
rough_MAP,7.110122687589032
PDQ,6.522495899736996
Elevation,5.2943022401711115
rough_NDVI,5.174759774653069
rough_Soil.C,3.9715177566273194
rough_CEC,3.5251420214470834
pH,2.280472647673355
rough_Surface.T,1.9804985561137893
Surface.T,1.9196108649339414
Clay,1.757707947219212
rough_PDQ,1.3308711186262243
