var,rel.inf
MAP,35.7475407852807
rough_Elevation,14.05356515176039
CEC,10.83661261671064
rough_MAP,7.698825874433837
PDQ,6.427628992890257
Elevation,5.045117295367523
rough_NDVI,4.879326580339302
rough_Soil.C,3.8333260381120087
rough_CEC,3.375905206371449
pH,2.0548446407891223
rough_Surface.T,1.9859179269301552
Surface.T,1.7401719528867288
Clay,1.2036790233568904
rough_PDQ,1.1175379147709987
