var,rel.inf
MAP,34.57912064677447
rough_Elevation,13.797736677913571
CEC,10.699056514812451
rough_MAP,6.519027734553752
PDQ,6.395502045757124
rough_NDVI,5.354851493845124
Elevation,5.221841587421005
rough_Soil.C,4.349353238390701
rough_CEC,3.5482369552629605
pH,2.2979646390803503
Surface.T,2.239972207474223
rough_Surface.T,1.879065619305855
rough_PDQ,1.582051181277683
Clay,1.5362194581307203
