var,rel.inf
MAP,34.74184278839208
rough_Elevation,13.760976941120592
CEC,10.45958696087485
rough_MAP,6.902982607765817
PDQ,6.6353264983677445
Elevation,5.279386257596841
rough_NDVI,5.171851292688365
rough_Soil.C,4.359095582037416
rough_CEC,3.5796600893937502
pH,2.199772323009108
Surface.T,1.8979423768215604
rough_Surface.T,1.8679063592357663
Clay,1.6447158657126808
rough_PDQ,1.498954056983426
