var,rel.inf
MAP,34.49983997327409
rough_Elevation,13.370717208313502
CEC,10.514091991388087
rough_MAP,7.296661045864451
PDQ,6.545895419303889
Elevation,5.263620831803731
rough_NDVI,5.101552133182282
rough_Soil.C,4.271147475875233
rough_CEC,3.7128394482873
pH,2.283914729980503
rough_Surface.T,2.08221217216255
Surface.T,1.9866599057413392
Clay,1.7313529764078335
rough_PDQ,1.339494688415207
