nt,pseudo_r2,pred_obs_r2,pred_obs_r2_exp
3800,0.4406488886750525,0.7646494378525387,0.763235035037042
