nt,pseudo_r2,pred_obs_r2,pred_obs_r2_exp
3700,0.40861302285181944,0.7622979915607151,0.7609101746974898
