nt,pseudo_r2,pred_obs_r2,pred_obs_r2_exp
4750,0.47051630775324116,0.7937443122313135,0.7930847668084591
