nt,pseudo_r2,pred_obs_r2,pred_obs_r2_exp
4100,0.43854786365649734,0.7759666421185285,0.7748355076585446
