var,rel.inf
MAP,34.67834169803585
rough_Elevation,13.400775161112351
CEC,10.652778392177302
rough_MAP,6.545304236024166
PDQ,6.273826196253322
rough_NDVI,5.32211471341635
Elevation,5.31586476076529
rough_Soil.C,4.366773690239813
rough_CEC,3.650769809079656
pH,2.3389262877123547
rough_Surface.T,2.0858636605544287
Surface.T,2.0245752350084216
Clay,1.7309727395526617
rough_PDQ,1.6131134200680348
