var,rel.inf
MAP,35.538921767965164
rough_Elevation,13.752279178890607
CEC,10.724174815230137
PDQ,6.612474866132126
rough_MAP,6.239549286953016
Elevation,5.2711011874211
rough_NDVI,5.0491307259117795
rough_Soil.C,4.195551349814398
rough_CEC,3.6188198886473746
pH,2.0910790851437384
Surface.T,2.01523782814726
rough_Surface.T,1.9929969168547073
Clay,1.5992778554876477
rough_PDQ,1.2994052474009528
