nt,pseudo_r2,pred_obs_r2,pred_obs_r2_exp
3850,0.4094931625569934,0.7675053065733849,0.7662761621377856
