var,rel.inf
MAP,34.196270207964446
rough_Elevation,13.391295684540658
CEC,10.592510614682368
PDQ,6.351038441604989
rough_MAP,6.280653469815847
rough_NDVI,5.608638691302251
Elevation,5.521848035007238
rough_Soil.C,4.361719384546504
rough_CEC,3.828470906429667
pH,2.4171096158516945
rough_Surface.T,2.2960850683883964
Surface.T,2.0871687864490767
Clay,1.6739668585337157
rough_PDQ,1.3932242348831556
