nt,pseudo_r2,pred_obs_r2,pred_obs_r2_exp
3300,0.41174698531407694,0.7482762073556702,0.7465270750381267
