var,rel.inf
MAP,33.318228248125884
rough_Elevation,13.536244367711364
CEC,10.520244180330817
rough_MAP,6.8382981664521285
PDQ,6.387831042173472
rough_NDVI,5.541766952079096
Elevation,5.493997325874457
rough_Soil.C,4.6008526272625225
rough_CEC,3.7738185644753353
pH,2.341046391085301
Surface.T,2.2630342035950313
rough_Surface.T,2.0684656014200877
Clay,1.7741278424808433
rough_PDQ,1.5420444869336611
