nt,pseudo_r2,pred_obs_r2,pred_obs_r2_exp
3600,0.4041694257408488,0.7591676454831789,0.7575735601019316
