nt,pseudo_r2,pred_obs_r2,pred_obs_r2_exp
4350,0.44157879248634546,0.7828278786824633,0.7819082848591539
