nt,pseudo_r2,pred_obs_r2,pred_obs_r2_exp
4750,0.42923300787217156,0.794307156100474,0.7935295282254085
