var,rel.inf
MAP,35.595764945787
rough_Elevation,13.879455217445253
CEC,10.7732949427082
rough_MAP,7.514470904872252
PDQ,6.4977359436095625
Elevation,5.076345785395112
rough_NDVI,4.951769979818587
rough_Soil.C,3.863264231658133
rough_CEC,3.244613499891801
pH,2.071688956550163
Surface.T,2.015619918479136
rough_Surface.T,1.9315259100880817
Clay,1.3561466197375667
rough_PDQ,1.2283031439591434
