nt,pseudo_r2,pred_obs_r2,pred_obs_r2_exp
4650,0.4695069575089219,0.7911998462025267,0.7904279544054857
