var,rel.inf
MAP,34.795909904762404
rough_Elevation,13.626637897866859
CEC,10.513387964493154
rough_MAP,6.536378258101097
PDQ,6.431289754765884
Elevation,5.315677527229397
rough_NDVI,5.303659491706906
rough_Soil.C,4.291171820061757
rough_CEC,3.6221206365186815
pH,2.4531055749074935
rough_Surface.T,2.135190517114202
Surface.T,1.9496458979143791
Clay,1.682559261423654
rough_PDQ,1.3432654931341388
