var,rel.inf
MAP,34.096659890127754
rough_Elevation,13.45238726235285
CEC,10.585321510901432
rough_MAP,7.090122052244908
PDQ,6.199255342616153
rough_NDVI,5.527209654173483
Elevation,5.2709435087702206
rough_Soil.C,4.389649340012687
rough_CEC,3.6694761526868285
pH,2.3278477761944063
rough_Surface.T,2.190698486360207
Surface.T,2.1308944326251384
Clay,1.616858455064195
rough_PDQ,1.4526761358697393
