var,rel.inf
MAP,34.62081822465219
rough_Elevation,13.526800418553218
CEC,10.549536371124345
rough_MAP,6.515630630970807
PDQ,6.251052602391997
rough_NDVI,5.243327150396126
Elevation,5.233904826963451
rough_Soil.C,4.368446583631323
rough_CEC,3.8470616415339465
pH,2.389650180715799
Surface.T,2.173961422964764
rough_Surface.T,2.0378726501029383
Clay,1.7222839912351329
rough_PDQ,1.519653304763961
