nt,pseudo_r2,pred_obs_r2,pred_obs_r2_exp
3950,0.4205118460862798,0.7704749671008252,0.7695162616718338
