var,rel.inf
MAP,34.880657044820154
rough_Elevation,13.38816923888339
CEC,10.532596852086362
rough_MAP,6.483922112322276
PDQ,6.393257517570731
Elevation,5.267900394908044
rough_NDVI,5.208216181235549
rough_Soil.C,4.18663216640694
rough_CEC,3.816629831390117
pH,2.366393285217903
rough_Surface.T,2.290350092385843
Surface.T,2.1973214348256884
Clay,1.6084971487989936
rough_PDQ,1.3794566991480057
