var,rel.inf
MAP,34.3358708322121
rough_Elevation,13.613167581650872
CEC,10.844181826425867
rough_MAP,7.04077540988873
PDQ,6.312241310253302
Elevation,5.555766929506268
rough_NDVI,5.262223049779374
rough_Soil.C,4.261446502064069
rough_CEC,3.4138066205207944
pH,2.312864503389083
rough_Surface.T,1.9810495648006685
Surface.T,1.8615912811629656
Clay,1.7275796256349265
rough_PDQ,1.4774349627109644
