nt,pseudo_r2,pred_obs_r2,pred_obs_r2_exp
4150,0.4409759186382587,0.7759968697073443,0.7748359500155307
