var,rel.inf
MAP,34.379716000858856
rough_Elevation,13.212613416388209
CEC,10.660697786197089
rough_MAP,6.918019845978581
PDQ,6.205998487527212
rough_NDVI,5.491166064987642
Elevation,5.4747658932835925
rough_Soil.C,4.260707298451746
rough_CEC,3.725090644413464
pH,2.4026792651996773
Surface.T,2.059087100387541
rough_Surface.T,2.029240710941386
Clay,1.6731708134858894
rough_PDQ,1.50704667189912
