nt,pseudo_r2,pred_obs_r2,pred_obs_r2_exp
4300,0.44818222041393696,0.7799616432193409,0.7788026149111893
