var,rel.inf
MAP,35.46682663142359
rough_Elevation,13.359428332127743
CEC,10.504879136958879
rough_MAP,7.3579719580097835
PDQ,6.742869621151082
rough_NDVI,5.093083580324282
Elevation,5.036743799003958
rough_Soil.C,3.9403424595877308
rough_CEC,3.5709220419897165
pH,2.336212977252128
Surface.T,2.0062034590715028
rough_Surface.T,1.7824743963485998
Clay,1.5000541710085644
rough_PDQ,1.3019874357424461
