var,rel.inf
MAP,34.98867344967171
rough_Elevation,13.596913258749955
CEC,10.741672807215735
rough_MAP,7.057039398329797
PDQ,6.516442536621816
rough_NDVI,5.126046201779544
Elevation,4.991573598300523
rough_Soil.C,4.236070628387213
rough_CEC,3.445185894649466
rough_Surface.T,2.304103460964233
pH,2.18543413694514
Surface.T,2.113530367230064
Clay,1.4097889434943995
rough_PDQ,1.2875253176603962
