nt,pseudo_r2,pred_obs_r2,pred_obs_r2_exp
4400,0.4289015916630178,0.7843690831769051,0.7835200591884756
