var,rel.inf
MAP,35.232107327286165
rough_Elevation,13.608308260276146
CEC,10.716894612662191
rough_MAP,6.937120079176155
PDQ,6.44259074175329
rough_NDVI,5.228001343402897
Elevation,5.1397008312199395
rough_Soil.C,4.13486948296441
rough_CEC,3.5049182370679177
pH,2.3870109897910274
rough_Surface.T,1.9869867280122544
Surface.T,1.8409506401183426
Clay,1.5389397095944966
rough_PDQ,1.3016010166747538
