nt,pseudo_r2,pred_obs_r2,pred_obs_r2_exp
4100,0.43157855240506016,0.7745481413695059,0.7738128685281754
