nt,pseudo_r2,pred_obs_r2,pred_obs_r2_exp
3650,0.4134960856504556,0.7594687123943836,0.7582119674750417
