nt,pseudo_r2,pred_obs_r2,pred_obs_r2_exp
4300,0.43424259481277006,0.781562601370921,0.7806628770379445
