var,rel.inf
MAP,35.83063616920186
rough_Elevation,13.448232792545078
CEC,10.733422879994238
rough_MAP,7.005572341786663
PDQ,6.46349577850298
Elevation,5.340497995427781
rough_NDVI,4.733865145873859
rough_Soil.C,4.228487138784209
rough_CEC,3.4955613655625593
rough_Surface.T,2.066988902791159
pH,2.0574618275635705
Surface.T,1.8148847849314662
Clay,1.5225275828782132
rough_PDQ,1.2583652941563674
