nt,pseudo_r2,pred_obs_r2,pred_obs_r2_exp
4300,0.41303174074016524,0.7800564459543248,0.7787814541609915
