var,rel.inf
MAP,35.00574530357754
rough_Elevation,13.792454010172095
CEC,10.905031806011065
rough_MAP,6.96344537446152
PDQ,6.227009797531706
Elevation,5.26553381475329
rough_NDVI,5.08150868826911
rough_Soil.C,4.216204760573257
rough_CEC,3.431960456380044
pH,2.2571917189851107
Surface.T,1.9257892041459659
rough_Surface.T,1.9203666257998728
Clay,1.6065007374685318
rough_PDQ,1.4012577018708976
