var,rel.inf
MAP,34.2432176353713
rough_Elevation,13.553859155389329
CEC,10.776144060017998
rough_MAP,7.049681577964854
PDQ,6.153558524396437
Elevation,5.472725112916544
rough_NDVI,5.226529243536991
rough_Soil.C,4.437481039573833
rough_CEC,3.6587854359222693
pH,2.377487769634927
rough_Surface.T,1.9395896901410188
Surface.T,1.910485522512478
Clay,1.7520497406575
rough_PDQ,1.4484054919645146
