var,rel.inf
MAP,33.23025468286377
rough_Elevation,13.478763781118232
CEC,10.247878108945025
rough_MAP,6.275282706015378
PDQ,6.130577437721603
Elevation,5.665399669004172
rough_NDVI,5.639585976099008
rough_Soil.C,4.575340575114368
rough_CEC,4.069711462677225
pH,2.703496975491483
rough_Surface.T,2.2154367735311493
Surface.T,2.1354633524794213
Clay,1.9744250015748623
rough_PDQ,1.658383497364292
