nt,pseudo_r2,pred_obs_r2,pred_obs_r2_exp
5100,0.44574969579297175,0.8036143908758834,0.8031404497837076
