var,rel.inf
MAP,35.713534160088464
rough_Elevation,13.549338781689633
CEC,10.913742298900146
rough_MAP,6.993125211247045
PDQ,6.421936469464389
rough_NDVI,5.225133646683376
Elevation,4.915269401855702
rough_Soil.C,4.1903726012028315
rough_CEC,3.337359842896815
pH,2.251540667000042
rough_Surface.T,1.9211325440379157
Surface.T,1.7805067580057148
Clay,1.4469191193639108
rough_PDQ,1.3400884975640017
