nt,pseudo_r2,pred_obs_r2,pred_obs_r2_exp
3100,0.4246741586874434,0.739599998383958,0.737584885119473
