nt,pseudo_r2,pred_obs_r2,pred_obs_r2_exp
5450,0.46604596879771687,0.8123520384600228,0.8118932318410842
