nt,pseudo_r2,pred_obs_r2,pred_obs_r2_exp
4050,0.44460693250519445,0.7734189906077112,0.7725031628136478
