nt,pseudo_r2,pred_obs_r2,pred_obs_r2_exp
4200,0.460955130849509,0.778497893950232,0.7774292518135096
