var,rel.inf
MAP,35.06047700884154
rough_Elevation,13.620755994361536
CEC,10.825545627911199
rough_MAP,6.986274863522169
PDQ,6.347344491243835
rough_NDVI,5.383793562894114
Elevation,5.095842551313579
rough_Soil.C,4.059442647852637
rough_CEC,3.7390559105223136
pH,2.34489246069789
rough_Surface.T,2.0855654664459826
Surface.T,1.7715287477200727
Clay,1.4753178337362254
rough_PDQ,1.2041628329369098
