var,rel.inf
MAP,34.57366697102569
rough_Elevation,13.469199218138746
CEC,10.654766508765604
PDQ,6.460336519950486
rough_MAP,6.018972319204388
Elevation,5.423190785553346
rough_NDVI,5.418809424603983
rough_Soil.C,4.657451707731348
rough_CEC,3.7996159305603814
pH,2.263661727552807
rough_Surface.T,1.976917831650889
Clay,1.8838047947599605
Surface.T,1.8716193997022004
rough_PDQ,1.5279868608001692
