var,rel.inf
MAP,35.681066411233274
rough_Elevation,13.52757556418151
CEC,10.627036223959298
rough_MAP,6.771221698416514
PDQ,6.395595328037894
Elevation,5.427150925747558
rough_NDVI,4.932682437626958
rough_Soil.C,3.933898386186974
rough_CEC,3.6921174340841985
rough_Surface.T,2.1457221210839483
pH,2.143654020829257
Surface.T,2.0100300588463704
Clay,1.4682636489733751
rough_PDQ,1.2439857407928798
