var,rel.inf
MAP,35.62958921289266
rough_Elevation,13.513624160132059
CEC,10.894636728571752
rough_MAP,7.28136185457685
PDQ,6.1598235621370625
rough_NDVI,5.183314997458328
Elevation,5.059194132624189
rough_Soil.C,4.100393777160023
rough_CEC,3.402463701446629
Surface.T,2.172402285334025
pH,2.084540005101159
rough_Surface.T,1.883812820710531
Clay,1.4714882385503048
rough_PDQ,1.1633545233044194
