var,rel.inf
MAP,34.44291637253025
rough_Elevation,13.211464728406
CEC,10.513963007527398
rough_MAP,6.6455714501926115
PDQ,6.3670192508740255
Elevation,5.467858089936809
rough_NDVI,5.320907061248326
rough_Soil.C,4.392169935550442
rough_CEC,4.0813161996692395
pH,2.402063467030424
rough_Surface.T,2.156256899102134
Surface.T,1.887983163621615
Clay,1.7579599481644772
rough_PDQ,1.3525504261462542
