nt,pseudo_r2,pred_obs_r2,pred_obs_r2_exp
3900,0.41961887376693496,0.7685577159863866,0.7672403638043183
