var,rel.inf
MAP,35.38739927311026
rough_Elevation,13.953589853207452
CEC,10.747986191583745
rough_MAP,7.421072482868373
PDQ,6.599945104138746
Elevation,5.20926344529644
rough_NDVI,5.103808954676523
rough_Soil.C,3.8395912187065515
rough_CEC,3.355277925453641
pH,1.9878825464552643
rough_Surface.T,1.9208308760386312
Surface.T,1.8344762625708404
Clay,1.3419791448968736
rough_PDQ,1.2968967209966578
