nt,pseudo_r2,pred_obs_r2,pred_obs_r2_exp
4150,0.44584950236451215,0.7756690724387082,0.774650743415517
