var,rel.inf
MAP,35.62449047001259
rough_Elevation,13.696668976409875
CEC,10.56324826592213
rough_MAP,6.75029133340385
PDQ,6.743325768875209
Elevation,5.066120374306209
rough_NDVI,4.926677533809187
rough_Soil.C,4.39740738803817
rough_CEC,3.6053360867125845
pH,2.1234601269221383
rough_Surface.T,1.933347463834364
Surface.T,1.8412899996373586
Clay,1.4093396443018356
rough_PDQ,1.3189965678145064
