nt,pseudo_r2,pred_obs_r2,pred_obs_r2_exp
3850,0.42891809231636513,0.7673667852466984,0.7661046179892287
