var,rel.inf
MAP,33.460989641177044
rough_Elevation,13.622842129608369
CEC,10.361142416962146
rough_MAP,6.9261005568463085
PDQ,6.256045035883951
Elevation,5.6821254507984165
rough_NDVI,5.36795073009804
rough_Soil.C,4.485108411026027
rough_CEC,3.8430991198815825
pH,2.4742793556919294
Surface.T,2.080399979927009
rough_Surface.T,2.0081115131488394
Clay,1.8598083118872146
rough_PDQ,1.5719973470631192
