nt,pseudo_r2,pred_obs_r2,pred_obs_r2_exp
3300,0.42535141556529266,0.7474192568779549,0.7459307071276127
