nt,pseudo_r2,pred_obs_r2,pred_obs_r2_exp
4200,0.4104197520493643,0.7766370782834198,0.7755720965485664
