nt,pseudo_r2,pred_obs_r2,pred_obs_r2_exp
4150,0.4327378647823832,0.7772897700295173,0.7761890897685239
