var,rel.inf
MAP,34.68257996587888
rough_Elevation,13.496314974201756
CEC,10.547495163030876
rough_MAP,6.810425573272482
PDQ,6.2750868411876795
Elevation,5.6044734369347555
rough_NDVI,5.1909483526912545
rough_Soil.C,4.237358249464171
rough_CEC,3.558782979506161
pH,2.4337622480033754
rough_Surface.T,2.1650222398020866
Surface.T,1.8984704827775503
Clay,1.7033827519119094
rough_PDQ,1.3958967413370589
