nt,pseudo_r2,pred_obs_r2,pred_obs_r2_exp
4e3,0.4178412008550094,0.7713343373466781,0.7703807534249462
