var,rel.inf
rough_CEC,32.10401101532663
rough_Clay,18.315998310818625
rough_Surface.T,11.547350194025487
rough_Elevation,7.247300753306315
rough_Soil.C,6.1460313259878045
PDQ,5.130632838994497
CEC,4.346725825930117
Clay,4.2558320777988285
rough_MAP,3.4769647440691362
MAP,3.416641861682294
Elevation,3.2849404825664412
pH,0.7275705694938237
