nt,pseudo_r2,pred_obs_r2,pred_obs_r2_exp
350,-0.003662611809997607,0.3727639442710227,0.36638300229717835
