nt,pseudo_r2,pred_obs_r2,pred_obs_r2_exp
450,-0.019188551625773265,0.48939080667186563,0.48457897860300964
