nt,pseudo_r2,pred_obs_r2,pred_obs_r2_exp
400,-0.001731711639579414,0.3869513775319621,0.3857439639326476
