nt,pseudo_r2,pred_obs_r2,pred_obs_r2_exp
350,-0.0054626744858996545,0.4094007768853888,0.40949429783185987
