nt,pseudo_r2,pred_obs_r2,pred_obs_r2_exp
550,0.022906109187109447,0.44566787090826177,0.44777504511279936
