var,rel.inf
rough_Surface.T,15.953591576345493
rough_Soil.C,15.729852421426056
MAP,14.736174884154796
rough_Elevation,11.202488665270788
Clay,10.041601276095971
rough_MAP,7.80774655678617
Elevation,6.686960276110126
pH,4.733980437793423
rough_Clay,4.547176334379969
rough_CEC,3.551805278370876
PDQ,3.4656802503629276
CEC,1.5429420429034015
