var,rel.inf
MAP,24.75977691672836
rough_CEC,18.17256875559967
pH,10.17104862746324
rough_Surface.T,7.695894794964059
CEC,7.673587964362996
Clay,7.200111704040015
rough_Clay,5.159338564366828
rough_Elevation,4.811388408100492
Elevation,4.757698586046134
PDQ,4.482812560736775
rough_Soil.C,2.6485505573861845
rough_MAP,2.4672225602052387
