nt,pseudo_r2,pred_obs_r2,pred_obs_r2_exp
1300,0.056093410819445855,0.5217755313796969,0.5192245250389748
