nt,pseudo_r2,pred_obs_r2,pred_obs_r2_exp
300,-0.01559275440980401,0.3910700313918928,0.3947770281149695
