nt,pseudo_r2,pred_obs_r2,pred_obs_r2_exp
400,-0.005032217471752087,0.4053307053990042,0.398676101667833
