nt,pseudo_r2,pred_obs_r2,pred_obs_r2_exp
500,-0.0016576806492232254,0.3588753874932407,0.3592199889289077
