var,rel.inf
rough_Clay,21.293648003955685
PDQ,19.8166064582854
rough_Elevation,13.559883810695347
pH,11.157588133465143
rough_Soil.C,7.94908201623038
rough_CEC,6.582400778277664
Clay,4.628221645268322
MAP,4.492040236420077
rough_Surface.T,3.8335017319457174
Elevation,3.1924439527692496
CEC,2.6009444969367
rough_MAP,0.8936387357503179
