var,rel.inf
rough_CEC,29.012530629454986
Elevation,11.855371769249684
rough_MAP,10.25778119899349
rough_Soil.C,10.000890296639666
pH,8.984297664861982
MAP,8.932763507133643
CEC,7.311480313026701
rough_Clay,5.310259824979624
PDQ,3.4724906430861755
rough_Elevation,2.4641888416767532
rough_Surface.T,1.2173254987780415
Clay,1.1806198121192546
