var,rel.inf
rough_Elevation,26.30620430140437
rough_MAP,15.673827805250253
rough_Surface.T,15.49730311976688
rough_Clay,10.480999799286112
Elevation,9.978215992289526
pH,5.581279742015072
PDQ,3.348793897835614
rough_Soil.C,3.205056062296707
MAP,3.044911305910803
rough_CEC,2.75260446494389
CEC,2.3583609098269247
Clay,1.7724425991738415
