nt,pseudo_r2,pred_obs_r2,pred_obs_r2_exp
700,0.033188921595388554,0.41069367954249875,0.41010292625679073
