nt,pseudo_r2,pred_obs_r2,pred_obs_r2_exp
500,-0.022004188595902363,0.44061579418387087,0.4481851670919031
