var,rel.inf
Elevation,22.6349756695766
rough_MAP,16.372306287587673
rough_CEC,16.10394178276783
CEC,10.33834805518341
PDQ,7.289425212370858
rough_Soil.C,5.331186883299194
rough_Clay,4.833849529881289
rough_Elevation,4.083264657054027
Clay,4.04944603762457
MAP,3.625551151393229
pH,3.1531224679155616
rough_Surface.T,2.184582265345753
