nt,pseudo_r2,pred_obs_r2,pred_obs_r2_exp
250,-0.016061444804824188,0.35664190870706725,0.3592876112141099
