nt,pseudo_r2,pred_obs_r2,pred_obs_r2_exp
500,0.01351298370829268,0.40619193094310624,0.40411479327811545
