var,rel.inf
rough_Clay,26.553285658319574
rough_Surface.T,18.117576270978383
Clay,14.271746190959629
CEC,8.436836637852595
PDQ,7.639447166098744
rough_Elevation,6.992037744610857
rough_Soil.C,4.529086900714368
rough_MAP,3.4269913281774143
rough_CEC,3.3055782130679763
MAP,2.7435017080170585
Elevation,2.381689624530581
pH,1.602222556672824
