var,rel.inf
rough_Clay,35.13318171564511
PDQ,13.347320332684317
rough_Surface.T,12.85267440927983
rough_Soil.C,7.253953722454369
Clay,7.066077853798301
rough_CEC,6.8260810076706235
Elevation,5.8328614704569075
pH,3.853855317850495
MAP,3.354223071628565
rough_MAP,1.9613430634691602
CEC,1.4999753434049257
rough_Elevation,1.0184526916573995
