nt,pseudo_r2,pred_obs_r2,pred_obs_r2_exp
350,-3.958801926318145e-4,0.35884762312060137,0.3640661672827732
