var,rel.inf
rough_Soil.C,20.68675337598804
pH,19.858466996374986
rough_MAP,13.886098726216492
rough_Clay,7.933892787183321
CEC,6.931605056026884
MAP,6.7717114227978294
rough_Elevation,6.34648154589347
Clay,5.144413632429498
Elevation,4.904071031925128
rough_Surface.T,3.288516777916059
PDQ,2.184738525904897
rough_CEC,2.063250121343391
