var,rel.inf
MAP,22.109563792371564
rough_Clay,22.074277807462522
pH,13.935218437760499
PDQ,11.13766492777555
rough_Elevation,8.186458059106721
rough_Soil.C,6.514302259563947
rough_MAP,5.69385010292437
rough_Surface.T,2.630259620315169
rough_CEC,2.2512661325969265
CEC,1.973056918999483
Elevation,1.8135055738043424
Clay,1.680576367318915
