nt,pseudo_r2,pred_obs_r2,pred_obs_r2_exp
300,-0.006768378435979994,0.4165312745594365,0.4167207758109613
