var,rel.inf
rough_MAP,44.29527829784479
Clay,13.819953825388708
rough_Soil.C,9.649049166413041
pH,5.198369166441978
Elevation,5.08569575476669
rough_Elevation,4.834735723332052
rough_Clay,3.4690633843845173
rough_Surface.T,3.2898396502170093
MAP,3.2632416013249803
rough_CEC,2.7842209687278894
PDQ,2.30977393446383
CEC,2.000778526694517
