nt,pseudo_r2,pred_obs_r2,pred_obs_r2_exp
200,-0.023445088429203453,0.3754682624211475,0.3744587794461957
