nt,pseudo_r2,pred_obs_r2,pred_obs_r2_exp
700,-0.0245537243551186,0.47438710322813066,0.4862670366824566
