nt,pseudo_r2,pred_obs_r2,pred_obs_r2_exp
550,-0.018939846982027886,0.5155614991839332,0.5099572883282902
