var,rel.inf
Clay,20.363550423164952
rough_Clay,15.578628014414004
rough_CEC,14.197679698202604
rough_Elevation,12.317782349550452
pH,10.673738976520891
rough_Surface.T,7.294313099112377
CEC,5.177659000659436
rough_MAP,3.706609423639239
MAP,3.6896475940925963
rough_Soil.C,3.21796474702703
Elevation,2.619456786006138
PDQ,1.1629698876102805
