nt,pseudo_r2,pred_obs_r2,pred_obs_r2_exp
200,-0.02217545972126711,0.34829100453855366,0.3551479044062207
