var,rel.inf
PDQ,20.554768533810613
rough_CEC,12.562191641001302
rough_Elevation,10.20162554543718
rough_Surface.T,8.681638290222665
Elevation,8.562841359385466
Clay,8.391596950327118
rough_Soil.C,6.880861749745204
CEC,6.770285962200958
MAP,5.7991998594689935
rough_MAP,5.25646914118831
pH,3.3386652493360516
rough_Clay,2.9998557178761445
