var,rel.inf
rough_Elevation,35.56215800418718
rough_Clay,12.208501775821826
rough_Surface.T,9.522019069058357
Elevation,8.257834268121623
rough_MAP,7.2198252765149435
rough_CEC,6.518816207370813
rough_Soil.C,5.8091167181231365
pH,4.489295162906825
PDQ,3.8046901700072846
CEC,3.280419993287673
MAP,2.7129368936868694
Clay,0.6143864609134599
