var,rel.inf
rough_CEC,23.42331276179515
CEC,13.790476271794335
Clay,13.781774485384126
pH,8.655572666377681
rough_MAP,7.892389928738234
rough_Soil.C,7.8897698333013695
rough_Surface.T,7.573942605483752
MAP,7.493078779033672
rough_Clay,4.400209406605662
PDQ,2.044800377437219
rough_Elevation,1.796748602985634
Elevation,1.25792428106317
