nt,pseudo_r2,pred_obs_r2,pred_obs_r2_exp
200,-0.021309263097995412,0.351419043729341,0.3542550256780475
