nt,pseudo_r2,pred_obs_r2,pred_obs_r2_exp
200,-0.0320088519777082,0.3298127902070702,0.33047988075032914
