var,rel.inf
rough_Clay,18.923747388056274
rough_CEC,17.578839772627408
rough_Soil.C,15.132183714181357
Clay,10.968806523745878
rough_Surface.T,8.327058751008662
rough_Elevation,7.825947111306733
rough_MAP,7.568517026450866
MAP,3.70656484539177
CEC,3.2041549276203263
Elevation,2.9479969679059224
PDQ,2.8798006783932486
pH,0.9363822933115641
