var,rel.inf
Elevation,20.761535527902552
Clay,20.391578058191463
CEC,15.32754853315906
rough_CEC,9.072369377868117
PDQ,8.443919504838592
rough_Surface.T,7.525516732591608
rough_MAP,5.776895436023041
MAP,4.481533084905833
rough_Elevation,2.42238628008748
pH,2.3242004032005745
rough_Soil.C,2.0356586112665456
rough_Clay,1.4368584499651311
