nt,pseudo_r2,pred_obs_r2,pred_obs_r2_exp
900,0.0034208360136077642,0.47702225184133584,0.4749902963608429
