var,rel.inf
rough_CEC,26.564564200984034
rough_Soil.C,18.50104258287126
Clay,16.706360166794767
rough_Elevation,8.864441312239997
rough_Surface.T,6.401575900742339
PDQ,5.525206943665232
MAP,5.4798548166224466
Elevation,4.761575696086291
rough_MAP,3.313739365123725
pH,1.5797204042619735
rough_Clay,1.165987585648958
CEC,1.1359310249589758
