nt,pseudo_r2,pred_obs_r2,pred_obs_r2_exp
700,0.013457670147649536,0.46871242062596696,0.46815475037291326
