var,rel.inf
rough_Soil.C,26.425676223620115
CEC,17.12464104378555
Clay,11.436908102381791
pH,10.34733266090303
MAP,9.145879028320476
rough_MAP,8.23518080843153
rough_CEC,3.9242867995872395
PDQ,3.7286308929374083
rough_Elevation,3.4165459305326698
rough_Clay,2.857206001106352
Elevation,2.4661401195541868
rough_Surface.T,0.8915723888396587
