nt,pseudo_r2,pred_obs_r2,pred_obs_r2_exp
300,-0.01668119533353618,0.39117312934787873,0.388969437866667
