nt,pseudo_r2,pred_obs_r2,pred_obs_r2_exp
400,-0.017182853514847718,0.4353792827539552,0.4360275911513122
