nt,pseudo_r2,pred_obs_r2,pred_obs_r2_exp
250,-0.014632223367069708,0.4111166815690299,0.4049354208867168
