var,rel.inf
rough_Clay,23.063939635390312
PDQ,13.555544846235628
MAP,11.843165127736214
rough_Elevation,11.748110799897184
rough_Surface.T,8.72086214111667
CEC,7.656679221155374
Clay,6.00321954254947
rough_MAP,4.474132040478645
pH,3.443058309781405
rough_CEC,3.3330957013053055
rough_Soil.C,3.1028192407455664
Elevation,3.055373393608221
