var,rel.inf
CEC,33.98747960588534
MAP,12.860506226452188
pH,9.284584973519545
Elevation,8.480569485412065
Clay,8.281799020443225
rough_Soil.C,7.381396333036719
rough_MAP,4.560250496908939
rough_CEC,4.463259464865195
PDQ,3.314384649431416
rough_Surface.T,3.036827688282602
rough_Elevation,2.2403155874203615
rough_Clay,2.108626468342406
