nt,pseudo_r2,pred_obs_r2,pred_obs_r2_exp
250,-0.005640687131966082,0.41171245780932664,0.4145720984937921
