nt,pseudo_r2,pred_obs_r2,pred_obs_r2_exp
1600,0.054765337027517735,0.5854602345443459,0.5777527107394478
