nt,pseudo_r2,pred_obs_r2,pred_obs_r2_exp
500,-6.459139522840829e-4,0.42732613796168906,0.42662848137822235
