nt,pseudo_r2,pred_obs_r2,pred_obs_r2_exp
2e3,0.1746911868290134,0.606839794514763,0.6083136292308677
