var,rel.inf
MAP,19.690383843187803
PDQ,16.33264813739532
rough_CEC,10.624265059230153
rough_Soil.C,9.214152382730472
Elevation,8.849452205658284
pH,6.5526910343277605
Clay,6.2736985910882765
rough_Clay,5.756650561100005
rough_Surface.T,5.090282492779447
rough_Elevation,4.8206099813688965
CEC,4.063211676396438
rough_MAP,2.7319540347371434
