nt,pseudo_r2,pred_obs_r2,pred_obs_r2_exp
300,-0.013510783655799052,0.378031064887487,0.38396916804775894
