var,rel.inf
pH,49.33251908760212
rough_Surface.T,11.772578479277005
CEC,9.903982283433875
MAP,6.172913200171297
rough_CEC,4.478591441425111
Elevation,4.268708521841209
rough_Clay,3.886239053577227
rough_Soil.C,3.5521192124072485
rough_Elevation,2.221471692089065
rough_MAP,1.9277743947449146
Clay,1.6226446871848668
PDQ,0.8604579462460602
