nt,pseudo_r2,pred_obs_r2,pred_obs_r2_exp
1050,-0.014622217660142711,0.5819143269762744,0.5835077121639471
