nt,pseudo_r2,pred_obs_r2,pred_obs_r2_exp
450,-0.00796760258884488,0.49751048597135555,0.4972826326983029
