nt,pseudo_r2,pred_obs_r2,pred_obs_r2_exp
200,-0.014748238501519184,0.3490730821284342,0.3471630889417627
