var,rel.inf
rough_Elevation,27.780778733955028
CEC,13.036649160870049
rough_MAP,9.938308522624022
rough_Surface.T,8.582211846008775
rough_CEC,7.3765646848923
MAP,6.99698146975593
rough_Clay,6.682689188095449
Clay,6.512665592359044
PDQ,5.544405795682562
Elevation,2.973872366706416
pH,2.8205571698287892
rough_Soil.C,1.7543154692216314
