nt,pseudo_r2,pred_obs_r2,pred_obs_r2_exp
1500,0.006490240940440817,0.5342300649854891,0.5221271795504608
