var,rel.inf
CEC,25.208898333781413
PDQ,16.541050875044245
Elevation,10.44375742179058
rough_Surface.T,9.336383162835206
rough_Elevation,8.198434312329661
MAP,5.4818564346607355
pH,5.083729822812307
rough_Clay,4.950931805371026
rough_MAP,4.847655328728637
Clay,3.830659404758748
rough_Soil.C,3.5772357866000513
rough_CEC,2.49940731128738
