nt,pseudo_r2,pred_obs_r2,pred_obs_r2_exp
200,-0.009823350933137132,0.33231514177765387,0.3351810095429528
