nt,pseudo_r2,pred_obs_r2,pred_obs_r2_exp
600,0.02707097185384888,0.46263793582532786,0.4622697363538281
