nt,pseudo_r2,pred_obs_r2,pred_obs_r2_exp
750,0.004264264127990969,0.5154836017077673,0.5085387180589142
