var,rel.inf
rough_Soil.C,23.322858177328687
PDQ,14.931295301997917
rough_Elevation,13.592321215704114
rough_CEC,8.446285758573604
rough_Clay,6.274552746439404
MAP,5.956626065364107
Elevation,5.909459398158156
rough_Surface.T,5.759030001800639
rough_MAP,5.741810697931152
pH,4.630724869888336
Clay,3.300841433713238
CEC,2.134194333100653
