nt,pseudo_r2,pred_obs_r2,pred_obs_r2_exp
1e3,0.012253175915791115,0.499708177576813,0.4988118596418324
