var,rel.inf
rough_Surface.T,39.75005334001639
rough_Elevation,21.650254511309374
rough_MAP,10.160531466413593
rough_CEC,10.125370857142741
Elevation,4.45213316024774
PDQ,3.431148546374964
Clay,3.0249802669147505
rough_Clay,1.9317486983321295
pH,1.899990100264665
rough_Soil.C,1.7113882325652328
MAP,1.4284799809216033
CEC,0.43392083949681964
