var,rel.inf
PDQ,34.031917808062985
CEC,15.802557509433116
rough_MAP,9.932488953112662
Clay,9.079529279555908
Elevation,6.12518041310053
rough_CEC,5.887484567803876
rough_Soil.C,5.35452677438754
rough_Clay,4.918606403142832
MAP,3.1061308563483925
rough_Surface.T,2.575730756267987
pH,1.706147107426985
rough_Elevation,1.4796995713571928
