nt,pseudo_r2,pred_obs_r2,pred_obs_r2_exp
300,-0.007048598327029865,0.44159802944143106,0.4447565060065503
