var,rel.inf
PDQ,26.21964441131632
rough_MAP,18.534642056359647
rough_Surface.T,12.688668964332706
CEC,10.227085260435231
Clay,6.725558583134655
rough_Elevation,5.5405422680985
rough_CEC,4.7110096432493656
rough_Soil.C,4.262925952814886
pH,4.079449623188992
Elevation,3.1906162723453533
rough_Clay,1.9859709565111257
MAP,1.833886008213226
