var,rel.inf
CEC,19.034906672157177
rough_Soil.C,18.95289841103997
rough_Elevation,14.217923769298082
PDQ,11.336071085858368
rough_Clay,6.908921658737548
pH,6.157488015128472
Elevation,6.032372909390251
Clay,4.987403227577346
rough_CEC,4.434943973136935
MAP,3.828302902747431
rough_Surface.T,2.058206055008764
rough_MAP,2.050561319919643
