nt,pseudo_r2,pred_obs_r2,pred_obs_r2_exp
600,-0.011775564583284215,0.4556707987829978,0.46127550289480274
