var,rel.inf
rough_Elevation,37.02510450210399
rough_Soil.C,11.364443529590616
rough_MAP,9.6657988261911445
Elevation,7.040480789596779
MAP,6.470816905217667
rough_CEC,6.230017388813825
rough_Clay,5.8291816954810605
rough_Surface.T,5.453964368279726
CEC,3.2433046527950666
pH,3.1320672206738913
Clay,2.9006243133496907
PDQ,1.644195807906537
