nt,pseudo_r2,pred_obs_r2,pred_obs_r2_exp
400,-0.010668559775444342,0.4402110672676841,0.4460567606381467
