nt,pseudo_r2,pred_obs_r2,pred_obs_r2_exp
400,-0.016012363868995072,0.4493690001605503,0.44380738710193846
