var,rel.inf
Elevation,33.353306249979035
rough_Surface.T,27.087216263023155
rough_Soil.C,8.058442876108726
MAP,6.271809921511141
Clay,5.862335431991316
rough_Clay,4.319267282619727
PDQ,2.997928104838636
rough_MAP,2.9949156384734943
rough_Elevation,2.6038842749672515
CEC,2.2070409908376547
pH,2.1335419975259016
rough_CEC,2.1103109681239576
