nt,pseudo_r2,pred_obs_r2,pred_obs_r2_exp
750,0.03239615569325771,0.4563646335273851,0.45116518543055717
