var,rel.inf
Elevation,26.14432827415436
PDQ,24.676756399708506
MAP,9.18122686329758
pH,9.094553718668214
rough_Elevation,6.796982308435008
rough_Clay,6.131137556820955
rough_Soil.C,4.992831943946246
rough_CEC,4.344171834733936
Clay,3.4316692344296755
rough_MAP,1.9349293720571559
rough_Surface.T,1.8005034773787667
CEC,1.4709090163695901
