nt,pseudo_r2,pred_obs_r2,pred_obs_r2_exp
8150,0.051141423503579087,0.8986215666699701,0.9004597324883951
