var,rel.inf
Clay,29.06466468000067
MAP,14.37243175248794
rough_MAP,14.122080770161299
rough_CEC,9.480154372206723
rough_Clay,7.859587640054888
CEC,6.534589153947583
rough_Soil.C,5.627230761839726
rough_Surface.T,4.82052366175814
rough_Elevation,3.6616371325772743
Elevation,2.524053276748996
pH,1.0293148102213663
PDQ,0.9037319879953979
