nt,pseudo_r2,pred_obs_r2,pred_obs_r2_exp
350,-0.02084452297188588,0.45950622117885315,0.47002627998586505
