nt,pseudo_r2,pred_obs_r2,pred_obs_r2_exp
900,0.010773429328419182,0.5270765664993291,0.5227299773562578
