nt,pseudo_r2,pred_obs_r2,pred_obs_r2_exp
6800,0.11243657224413084,0.8761944362553323,0.8696574858374652
