nt,pseudo_r2,pred_obs_r2,pred_obs_r2_exp
400,-0.01318153726636817,0.4233148681419837,0.4275167941270295
