nt,pseudo_r2,pred_obs_r2,pred_obs_r2_exp
250,0.003439722327670647,0.34429118754702126,0.35462720494309796
