nt,pseudo_r2,pred_obs_r2,pred_obs_r2_exp
400,-0.01769628795039835,0.3927249163202261,0.3976258472456298
