var,rel.inf
rough_MAP,28.29776179255107
rough_Elevation,19.484622671912383
PDQ,11.566075164101102
Clay,9.270613644917573
rough_CEC,8.746496193324724
rough_Clay,6.353917523283421
Elevation,4.751433009296098
rough_Soil.C,3.2214597782961274
MAP,2.4032711737687276
pH,2.3705414690608846
rough_Surface.T,1.8537152693296821
CEC,1.6800923101582086
