nt,pseudo_r2,pred_obs_r2,pred_obs_r2_exp
650,-0.008552736226787205,0.4592902511672789,0.45944821457814516
