nt,pseudo_r2,pred_obs_r2,pred_obs_r2_exp
200,-0.032761879016651285,0.3401210739560187,0.33902808741315693
