var,rel.inf
rough_MAP,14.069507776833595
Elevation,14.012181423026291
CEC,12.58028382086586
PDQ,11.82888074836297
rough_Surface.T,11.662288743428421
rough_CEC,10.451085572592696
Clay,9.0372418624122
rough_Elevation,5.9652595082164614
pH,4.037145576564462
rough_Soil.C,2.9739007145263257
rough_Clay,2.434603750861006
MAP,0.9476205023097127
