nt,pseudo_r2,pred_obs_r2,pred_obs_r2_exp
350,-0.012931689258704582,0.37427583637791245,0.3751508715772001
