nt,pseudo_r2,pred_obs_r2,pred_obs_r2_exp
1450,0.022993341030759007,0.5999297027272568,0.6020066431288608
