var,rel.inf
rough_MAP,26.406256522608068
rough_Elevation,16.76389111549401
PDQ,11.392778878309967
rough_Surface.T,10.018548436710219
Elevation,8.515638855484973
rough_Clay,6.87802217597669
rough_Soil.C,6.515150437514606
rough_CEC,5.779406042042216
pH,2.866603195503636
MAP,1.7882492775206988
Clay,1.7525143255144973
CEC,1.3229407373204207
