nt,pseudo_r2,pred_obs_r2,pred_obs_r2_exp
950,0.03490427525277029,0.4437128149647135,0.4403902915056421
