nt,pseudo_r2,pred_obs_r2,pred_obs_r2_exp
300,-0.021349269378074576,0.35086812561385455,0.341526240468708
