var,rel.inf
rough_Soil.C,35.74251558549403
rough_Surface.T,12.265841329525712
Clay,12.239912955454738
Elevation,11.225094707765495
rough_Elevation,7.90389976969418
rough_MAP,4.181374551093272
MAP,4.050021368253606
CEC,3.982214563595718
pH,3.4488882019830385
rough_CEC,2.3554086406101566
PDQ,1.4414167526310098
rough_Clay,1.1634115738990363
