nt,pseudo_r2,pred_obs_r2,pred_obs_r2_exp
500,-0.003845847678398462,0.47437536643635336,0.4791750647885254
