var,rel.inf
rough_Elevation,23.516330651299803
Elevation,20.84728071691703
CEC,15.721107754426516
pH,8.881079077434784
Clay,7.103319613681509
rough_Soil.C,5.977522662371045
PDQ,5.106418454739875
rough_MAP,3.91328558571314
rough_CEC,3.0794912071629184
rough_Surface.T,2.371023755446323
MAP,2.282883178924085
rough_Clay,1.2002573418829716
