nt,pseudo_r2,pred_obs_r2,pred_obs_r2_exp
1300,0.02308499327018232,0.5318336557325009,0.5301967521666676
