nt,pseudo_r2,pred_obs_r2,pred_obs_r2_exp
200,-0.02392799670921608,0.35636264411725427,0.3544434988109461
