var,rel.inf
PDQ,19.417253052579238
rough_Soil.C,15.562420761081318
rough_Elevation,15.252725103783684
rough_Clay,14.167954364861288
Elevation,6.674802285826653
CEC,6.217352482777582
rough_Surface.T,5.011048629339869
Clay,4.3513165304651436
MAP,4.3183594354577775
pH,3.116290379790965
rough_MAP,3.0340185115634166
rough_CEC,2.8764584624730642
