var,rel.inf
rough_MAP,31.23485895067421
rough_Soil.C,15.002315371754134
rough_Surface.T,14.235594396669736
Clay,12.86233870812525
rough_CEC,6.222356889583778
MAP,6.020607879091447
pH,4.022872571017136
rough_Elevation,3.445248711319713
PDQ,2.371808303934127
Elevation,2.157258524691143
CEC,1.2202350905999475
rough_Clay,1.2045046025393755
