nt,pseudo_r2,pred_obs_r2,pred_obs_r2_exp
450,-0.005512922603539527,0.4749000952491063,0.46536845737282717
