nt,pseudo_r2,pred_obs_r2,pred_obs_r2_exp
400,-0.009544019555861372,0.457380642365959,0.4615538301713067
