nt,pseudo_r2,pred_obs_r2,pred_obs_r2_exp
600,-0.008413925878310247,0.4099395031601876,0.4057304350924395
