nt,pseudo_r2,pred_obs_r2,pred_obs_r2_exp
650,0.0019723031109319944,0.4231538780265396,0.42396378170173593
