nt,pseudo_r2,pred_obs_r2,pred_obs_r2_exp
1850,0.0824397762641601,0.6284372418817643,0.621378305947908
