nt,pseudo_r2,pred_obs_r2,pred_obs_r2_exp
550,-0.013625915212782669,0.397529790885391,0.4052760645069626
