var,rel.inf
rough_MAP,30.05642042991763
PDQ,17.376970385063554
rough_Soil.C,16.806547625948465
Clay,9.34057417497188
rough_Elevation,6.450058774260392
rough_Clay,5.565144394060539
Elevation,5.190413508783731
rough_CEC,3.299948488704544
MAP,1.8853854914927177
rough_Surface.T,1.7415067413359195
CEC,1.4911865432600169
pH,0.7958434422006063
