var,rel.inf
rough_CEC,45.870779361945154
rough_Clay,11.79266791834044
rough_Surface.T,8.361744454227987
MAP,6.722890461747432
CEC,5.844629496693799
PDQ,4.617513540956638
Clay,3.808115693549962
rough_Soil.C,3.51585009624359
rough_Elevation,3.497174676659873
Elevation,3.036956242393868
rough_MAP,1.9381392423285837
pH,0.9935388149126698
