var,rel.inf
Clay,31.576999130864447
CEC,15.418900747019583
rough_Surface.T,11.745200022422706
rough_Clay,7.961574732027417
rough_CEC,7.802722092453625
rough_Soil.C,6.888970602784811
PDQ,5.682291162258503
pH,4.354748976740914
Elevation,3.4007827628431033
rough_MAP,2.5512550539136853
MAP,1.7690998386546364
rough_Elevation,0.8474548780165664
