var,rel.inf
CEC,34.00645311994736
MAP,14.269368908621818
rough_Soil.C,11.462966045761817
pH,8.162160471774317
Elevation,6.325783494683063
Clay,5.183142559761542
rough_Clay,4.925009769629023
rough_Elevation,4.920282584380535
rough_Surface.T,4.066133727258665
rough_CEC,2.618215898733372
PDQ,2.04242116616986
rough_MAP,2.0180622532786345
