nt,pseudo_r2,pred_obs_r2,pred_obs_r2_exp
250,-0.010487063570030042,0.3802207357863171,0.38345131326893434
