nt,pseudo_r2,pred_obs_r2,pred_obs_r2_exp
250,-9.739766322864885e-4,0.4452601574976616,0.44733835263622745
