nt,pseudo_r2,pred_obs_r2,pred_obs_r2_exp
700,0.005173197862952228,0.45957511265643686,0.4603598553040961
