var,rel.inf
PDQ,19.028383906279892
Elevation,14.830178269917951
CEC,13.591694822096537
rough_MAP,12.317080915113136
pH,11.781821627975647
MAP,6.4152623662546775
rough_CEC,6.051090218359218
rough_Soil.C,5.342515895990045
rough_Surface.T,4.251335195330489
Clay,2.9522739440791814
rough_Clay,2.044227976368153
rough_Elevation,1.3941348622350804
