nt,pseudo_r2,pred_obs_r2,pred_obs_r2_exp
600,0.001653359090642459,0.40341412225322454,0.40235793338514825
