var,rel.inf
rough_Surface.T,30.33360215260191
rough_Soil.C,18.478558725093695
Elevation,11.743055073236786
Clay,6.490877465755108
rough_Clay,6.142002166870255
CEC,5.610566481007317
rough_Elevation,4.752133778171991
rough_CEC,4.203131552749073
pH,3.6193167502027417
MAP,3.20872611948441
rough_MAP,3.1896389559971423
PDQ,2.2283907788295654
