var,rel.inf
rough_Surface.T,21.041968649258074
rough_Soil.C,17.571037803171272
rough_Elevation,15.369093467460347
rough_Clay,10.287336900536737
CEC,8.539448331035784
Elevation,6.894327335857322
Clay,6.67342882651629
PDQ,6.4439977887908855
rough_CEC,2.4858288281213947
rough_MAP,1.8333076932251233
MAP,1.5485195390001603
pH,1.3117048370266058
