var,rel.inf
rough_Soil.C,40.85223815790306
rough_Surface.T,22.38232995890044
PDQ,6.460405492141868
pH,5.486773967072535
rough_MAP,4.531944899206917
Elevation,4.504027100840063
CEC,3.96641906746415
Clay,3.4321084952445693
rough_Elevation,3.412276226158313
rough_CEC,1.8708387319353192
MAP,1.6061016684998473
rough_Clay,1.4945362346329256
