var,rel.inf
rough_CEC,44.69088058428322
Clay,10.579454050386186
rough_Elevation,10.429590845113047
rough_Clay,7.141536658243845
rough_MAP,5.228689775599767
rough_Soil.C,4.9241816766043245
rough_Surface.T,4.75705726579929
CEC,3.7153791138262102
PDQ,3.452587828523238
Elevation,2.548927647699539
pH,1.6210014204344543
MAP,0.9107131334868647
