nt,pseudo_r2,pred_obs_r2,pred_obs_r2_exp
200,-0.009800325829331102,0.3935007106076132,0.3902562841234326
