nt,pseudo_r2,pred_obs_r2,pred_obs_r2_exp
300,0.0027250365365615314,0.39614188734535094,0.3959277125049875
