var,rel.inf
rough_Elevation,28.97534634556845
rough_CEC,18.486893238436526
Clay,9.784324493912662
rough_Soil.C,9.732429915598127
rough_Surface.T,8.00508521595886
rough_MAP,7.62954859756285
Elevation,6.598839957180647
MAP,2.980839796203613
pH,2.8392948418905406
rough_Clay,2.5991747568178116
PDQ,1.606992547262173
CEC,0.761230293607745
