nt,pseudo_r2,pred_obs_r2,pred_obs_r2_exp
1850,0.02634411551584903,0.6507033652457782,0.6441548672725985
