nt,pseudo_r2,pred_obs_r2,pred_obs_r2_exp
450,-0.006321530133124975,0.49429134144186504,0.4974018873219704
