nt,pseudo_r2,pred_obs_r2,pred_obs_r2_exp
850,0.002109352710184642,0.574123940957042,0.5745789130315843
