var,rel.inf
Elevation,24.348501897533325
rough_Clay,19.43432584114871
rough_Soil.C,19.406584501759685
Clay,14.301572602087473
rough_Surface.T,7.903431379185786
CEC,4.902344325804546
rough_CEC,3.610294268492432
rough_MAP,2.276718624453237
MAP,1.4215702291973562
rough_Elevation,1.3550488511673495
pH,0.8307370082434897
PDQ,0.2088704709266128
