var,rel.inf
Elevation,34.07185494434971
rough_Elevation,10.696162129335093
rough_CEC,8.40611268771782
rough_Soil.C,7.8362258715518855
MAP,7.77172279753536
pH,7.366994914772217
rough_Surface.T,6.898901838512227
PDQ,4.870087967312295
rough_MAP,4.180700053271216
rough_Clay,3.3810765424858764
CEC,2.564459983454546
Clay,1.9557002697017534
