nt,pseudo_r2,pred_obs_r2,pred_obs_r2_exp
1050,0.035991750662806576,0.5073522351576342,0.5072843974101873
