nt,pseudo_r2,pred_obs_r2,pred_obs_r2_exp
800,0.044451776825896405,0.4570284207266989,0.46163392977996354
