nt,pseudo_r2,pred_obs_r2,pred_obs_r2_exp
450,-0.005490075001539196,0.4816889144344035,0.47649816345327906
