nt,pseudo_r2,pred_obs_r2,pred_obs_r2_exp
550,-0.013956961372858956,0.4518532176596806,0.45633865906214893
