nt,pseudo_r2,pred_obs_r2,pred_obs_r2_exp
600,-4.089744929158812e-5,0.429538642942738,0.42516004559333886
