var,rel.inf
rough_Soil.C,18.297547694837338
rough_Clay,12.863408903957039
rough_Surface.T,12.159590183893382
CEC,10.618327824279547
rough_CEC,9.785120591398156
Elevation,8.86461077760379
pH,7.91942899045852
rough_Elevation,7.605930351546171
rough_MAP,4.9081618964509
Clay,3.1046729396012287
MAP,1.973110870526368
PDQ,1.900088975447567
