nt,pseudo_r2,pred_obs_r2,pred_obs_r2_exp
350,0.006184872106682393,0.37670568164208634,0.38414660714879795
