var,rel.inf
rough_Clay,28.133350338129727
rough_MAP,22.653605685538547
PDQ,15.145678470100219
rough_Surface.T,9.665671829201708
rough_CEC,6.354978277929469
MAP,4.057241644977641
rough_Elevation,3.6136030233831287
Clay,3.59530736239772
rough_Soil.C,2.154007915100375
Elevation,1.7690010318984308
CEC,1.6091714056763253
pH,1.2483830156666984
