nt,pseudo_r2,pred_obs_r2,pred_obs_r2_exp
600,0.015489176222702294,0.3919088997222688,0.3913168571663499
