var,rel.inf
Clay,28.668649661398533
PDQ,15.644115913018858
rough_Elevation,13.799727304221406
rough_CEC,11.282937819059068
Elevation,7.128957745681717
rough_Clay,5.59131690978374
CEC,4.821330905924823
MAP,4.366303397928576
pH,2.8880175971079516
rough_Soil.C,2.7557902647033417
rough_MAP,1.8455008889111246
rough_Surface.T,1.2073515922608582
