nt,pseudo_r2,pred_obs_r2,pred_obs_r2_exp
600,0.022556986111543442,0.3817806368024002,0.3874874151273361
