nt,pseudo_r2,pred_obs_r2,pred_obs_r2_exp
550,0.02699647207104927,0.39742323569135674,0.39448732676388865
