nt,pseudo_r2,pred_obs_r2,pred_obs_r2_exp
300,-0.0269312364214096,0.35986142256723075,0.36197837274015854
