var,rel.inf
rough_CEC,23.576760781198868
rough_Surface.T,14.483256218306261
CEC,13.834605026529484
rough_Soil.C,13.480986729073997
Clay,9.939256615443806
Elevation,6.875651180955874
rough_MAP,6.757378201598229
pH,3.4615650551275876
rough_Elevation,2.9178319184535932
rough_Clay,2.2196525966348877
PDQ,1.5538134859082442
MAP,0.8992421907691719
