var,rel.inf
PDQ,18.66436465199428
MAP,16.436252279949155
rough_Elevation,13.80232894558928
rough_CEC,13.797750383589152
Clay,7.96026496637992
CEC,7.76351942787515
pH,5.8399097719506585
Elevation,4.563184276274418
rough_MAP,3.690746010349891
rough_Clay,3.4497753777187334
rough_Soil.C,2.860388628644035
rough_Surface.T,1.171515279685333
