nt,pseudo_r2,pred_obs_r2,pred_obs_r2_exp
700,-0.006452276374666388,0.45761687635610027,0.46047487444857976
