var,rel.inf
Elevation,28.70306893351637
rough_Soil.C,17.124688076118503
PDQ,10.454004963471354
rough_MAP,8.43826880232617
rough_CEC,7.564773612271013
rough_Elevation,6.0847345062757014
rough_Surface.T,5.447929780993143
rough_Clay,4.932565587936822
Clay,4.466042484780684
MAP,3.3512417955735376
CEC,2.8924943945514823
pH,0.5401870621852176
