nt,pseudo_r2,pred_obs_r2,pred_obs_r2_exp
600,0.005113416571365659,0.44062589074868236,0.4411032756723636
