var,rel.inf
Clay,26.067607203752917
rough_Soil.C,19.616502273891463
CEC,14.400152641340469
rough_MAP,8.371417517167627
rough_Elevation,7.9331494554903514
MAP,5.007168859025806
rough_CEC,4.2708568458361285
Elevation,3.9373886296830345
pH,3.849747022906499
rough_Clay,2.658532237072365
rough_Surface.T,2.1422596843007637
PDQ,1.7452176295325794
