nt,pseudo_r2,pred_obs_r2,pred_obs_r2_exp
500,-0.002035506477581883,0.4401997093935385,0.4424378394090649
