nt,pseudo_r2,pred_obs_r2,pred_obs_r2_exp
200,-0.013237083034597807,0.40562957186997556,0.40320767968244975
