var,rel.inf
rough_Surface.T,32.63020466515463
rough_Elevation,16.04391451972602
rough_Clay,13.502963489851847
CEC,6.540998698486862
rough_Soil.C,6.259733150576958
Clay,6.039771544498141
pH,5.323096941549083
MAP,4.8402304055736165
rough_MAP,4.617310553475359
Elevation,1.5679206944679225
rough_CEC,1.362306477062838
PDQ,1.2715488595767206
