var,rel.inf
rough_Elevation,19.713455608965244
CEC,16.16704449747451
PDQ,16.104021479246537
Elevation,12.555966423308552
pH,8.18142034508485
rough_CEC,7.238098904877175
Clay,6.6728651076750545
rough_MAP,4.507057055381814
rough_Soil.C,3.1993485457053965
rough_Clay,2.2331475455955814
rough_Surface.T,1.9977837379181096
MAP,1.4297907487671762
