var,rel.inf
rough_Surface.T,19.29976896092402
PDQ,16.732677194450567
rough_MAP,10.284068748171398
Clay,9.035446415190734
rough_CEC,7.2562563912540226
MAP,7.106346674748053
pH,7.074910152981847
Elevation,6.379300219555485
CEC,5.674636206778697
rough_Elevation,4.360502879145138
rough_Clay,4.202883271979997
rough_Soil.C,2.593202884820047
