var,rel.inf
rough_Elevation,20.36707052135359
rough_CEC,12.923451288806167
Elevation,12.870454440079559
Clay,11.604405307898297
rough_Soil.C,11.108331953674812
rough_Surface.T,6.660572357508373
PDQ,6.204248065485678
pH,6.046638439015715
CEC,4.004686030610747
rough_Clay,3.465640955116488
rough_MAP,2.969572038781679
MAP,1.7749286016689059
