var,rel.inf
Elevation,25.144711151087336
rough_MAP,13.09350652199276
Clay,12.638904417862134
rough_Clay,11.410614703208907
PDQ,9.736501410121061
pH,9.23577444403436
rough_Elevation,6.75365202736544
rough_CEC,5.58968346338521
rough_Surface.T,2.982500491221361
CEC,1.7836998342468842
rough_Soil.C,0.9291015819918906
MAP,0.7013499534826522
