var,rel.inf
rough_Surface.T,35.374540601865704
MAP,26.732372989324187
rough_CEC,6.232252205979791
rough_MAP,5.246754166213566
rough_Elevation,5.224721911320556
CEC,5.025195124263582
Clay,4.52502726409832
PDQ,3.9464398449243485
rough_Soil.C,3.3290430110787335
rough_Clay,2.3951095460670895
pH,1.0578146039551708
Elevation,0.9107287309089521
