var,rel.inf
rough_Surface.T,23.558185209400307
MAP,20.122750421760514
rough_Clay,10.173656875797558
rough_CEC,10.106213149017103
rough_Soil.C,7.836367741159667
rough_MAP,7.540605955172883
CEC,5.238075971743645
Clay,5.118111007645831
rough_Elevation,4.5747019608935835
pH,2.1624129382839348
Elevation,1.981259725598119
PDQ,1.5876590435268505
