var,rel.inf
rough_CEC,45.73873220443186
rough_Soil.C,12.884319538572155
rough_Clay,10.775897984734483
MAP,8.348238552447643
rough_MAP,5.155385860760293
PDQ,5.155372844717625
CEC,3.2394197700852922
Elevation,3.166897732814331
rough_Surface.T,2.501454797089772
pH,1.5246540620637417
rough_Elevation,1.0512055070023176
Clay,0.4584211452804802
