nt,pseudo_r2,pred_obs_r2,pred_obs_r2_exp
950,0.048728685034243324,0.5230633742394998,0.51800712493057
