var,rel.inf
rough_CEC,32.92130911429808
rough_Soil.C,20.767374130199734
Clay,19.69119600231534
rough_Clay,6.178941998658124
rough_Elevation,5.970902862613575
rough_MAP,3.817556491147238
CEC,2.679150298659678
pH,2.396277603599942
Elevation,2.283658854350766
MAP,1.2692484612523036
rough_Surface.T,1.2115306909166896
PDQ,0.8128534919885306
