nt,pseudo_r2,pred_obs_r2,pred_obs_r2_exp
250,-0.01675193170204592,0.458786837400265,0.4675451263730294
