var,rel.inf
rough_Elevation,29.272718268082986
Elevation,13.270603702166794
CEC,11.276771845227273
rough_MAP,10.969890363516473
rough_Soil.C,8.101510972515415
rough_Clay,6.315118477199639
pH,5.802370787753632
rough_Surface.T,5.592710907881353
rough_CEC,3.8541498496783113
PDQ,3.2239097632650053
Clay,1.4287709128271482
MAP,0.891474149885963
