nt,pseudo_r2,pred_obs_r2,pred_obs_r2_exp
250,-0.01406818387947184,0.3716910169473894,0.37110478407671793
