var,rel.inf
rough_Soil.C,26.767825166549017
rough_PDQ,17.934579619216134
Elevation,16.50677162418368
rough_NDVI,7.807173626538401
rough_Elevation,5.451844204216845
Clay,4.499426117563713
CEC,3.888188947296218
MAP,3.750738957841404
rough_MAP,3.4864392009509224
rough_Surface.T,3.0454236991459673
Surface.T,2.580858086862237
rough_CEC,2.3067436356884126
pH,1.2620063958519505
PDQ,0.7119807180950887
