nt,pseudo_r2,pred_obs_r2,pred_obs_r2_exp
550,0.021525060062195123,0.3421384558686074,0.3399455174107229
