var,rel.inf
rough_CEC,29.07972321287866
Surface.T,16.883230337282615
rough_NDVI,10.587918070488357
rough_MAP,8.441681578810117
PDQ,6.7371207928128225
rough_Surface.T,5.799758404673659
rough_PDQ,5.060389593954015
Elevation,4.194828734558844
pH,3.7190343446861625
MAP,3.5556562050308274
Clay,2.12431362648689
rough_Elevation,1.6794855814072507
CEC,1.6108635184262041
rough_Soil.C,0.5259959985035709
