var,rel.inf
Surface.T,21.641674923771546
rough_CEC,20.826594102317696
CEC,10.69630036101961
rough_PDQ,8.981154571695935
PDQ,7.995096334239299
rough_MAP,6.297568732975649
rough_Soil.C,5.68821115096647
rough_Elevation,4.582186390718248
rough_NDVI,3.4159072235837877
Clay,2.6806128689901083
Elevation,2.6087250319420745
rough_Surface.T,1.9907632783450429
MAP,1.8635281611994856
pH,0.7316768682350494
