var,rel.inf
rough_Surface.T,21.82558312039462
pH,20.588461220512862
Elevation,8.717462706201424
Surface.T,7.778193605930288
rough_Soil.C,7.662003179983068
CEC,6.695726859281201
rough_PDQ,6.233974340916452
rough_Elevation,4.353436917066832
Clay,4.245681962925127
rough_NDVI,3.768457589846171
rough_CEC,3.4744433980714002
PDQ,1.97417314016945
rough_MAP,1.564354327682869
MAP,1.1180476310182434
