nt,pseudo_r2,pred_obs_r2,pred_obs_r2_exp
200,-0.00050300004555969835,0.2807535921834848,0.2744397673184665
