var,rel.inf
rough_Elevation,19.285009303663827
rough_CEC,14.128042119660524
Clay,13.253718089820312
rough_Surface.T,12.178717847124224
MAP,11.45180117459691
CEC,8.916656992434286
rough_MAP,4.934271426089277
rough_PDQ,4.9047140644028175
rough_Soil.C,3.336617443704273
Surface.T,2.127101970764187
rough_NDVI,2.081831570966556
PDQ,1.6207326267471212
Elevation,1.0664765709779958
pH,0.7143087990476845
