nt,pseudo_r2,pred_obs_r2,pred_obs_r2_exp
2050,0.025182673720729687,0.5382340320104265,0.5441340405761207
