nt,pseudo_r2,pred_obs_r2,pred_obs_r2_exp
1100,0.020752763389511486,0.43655150696299755,0.44300810618004877
