var,rel.inf
rough_PDQ,14.688189571355817
rough_CEC,13.843136696365363
Elevation,12.48292207070197
PDQ,12.277078893657633
rough_MAP,11.45011086438402
Surface.T,11.087096140138355
rough_Soil.C,5.163724505031123
MAP,5.069219312073073
rough_Surface.T,4.134178089922039
rough_NDVI,3.4565277707310127
CEC,2.881791637270524
rough_Elevation,1.8435412915066716
Clay,1.0141311276976017
pH,0.6083520291647934
