var,rel.inf
rough_NDVI,21.754439315827998
rough_Elevation,20.507588143362323
rough_Soil.C,11.726143871271468
Elevation,7.142740789622558
Surface.T,6.671099339756848
rough_MAP,6.237942175150159
MAP,6.116643257559559
PDQ,4.643191640891446
Clay,4.426692547503787
rough_PDQ,3.9523039322750964
CEC,2.6465305494272524
rough_Surface.T,2.033984001413956
pH,1.1462094694709262
rough_CEC,0.9944909664666182
