nt,pseudo_r2,pred_obs_r2,pred_obs_r2_exp
200,-0.0038776154251640715,0.3265425149515877,0.32462095038081235
