var,rel.inf
rough_Soil.C,24.62609150843363
rough_NDVI,12.437986355794981
rough_Surface.T,10.761525891001352
rough_Elevation,8.8562942019377
Elevation,7.668771595098973
PDQ,5.92903478035201
rough_MAP,4.9394602219785435
Clay,4.700937795545119
MAP,4.660609302252018
CEC,4.437378648048913
rough_CEC,3.7005593420964265
pH,3.5239696459674037
Surface.T,2.1809168540965227
rough_PDQ,1.5764638573964038
