nt,pseudo_r2,pred_obs_r2,pred_obs_r2_exp
350,-0.005094552632571636,0.35723058043683625,0.35070054153510405
