var,rel.inf
rough_CEC,25.38208445201849
rough_Surface.T,21.72434121824782
rough_Elevation,15.32023460464746
rough_PDQ,7.829277699175544
rough_Soil.C,6.302291162858467
rough_MAP,4.767874579626799
Elevation,4.757390832756129
MAP,3.693554460291218
rough_NDVI,2.9499911032778137
Surface.T,2.436124540722276
pH,1.6973726320553941
Clay,1.3806178875857673
PDQ,1.221252481337363
CEC,0.5375923453994574
