var,rel.inf
rough_MAP,24.24453730630271
CEC,12.736413824461593
rough_Elevation,12.264857225783928
rough_CEC,12.213570049919936
MAP,10.48257581862426
Surface.T,9.970691686494684
pH,3.7635387229539314
rough_PDQ,3.084378082893579
rough_Surface.T,2.797223604770794
rough_Soil.C,2.404983151942342
PDQ,1.9444031376202116
rough_NDVI,1.8503655927794185
Clay,1.2002080673340914
Elevation,1.04225372811853
