nt,pseudo_r2,pred_obs_r2,pred_obs_r2_exp
350,-0.003827678160111647,0.38488287820762757,0.38130428970666086
