nt,pseudo_r2,pred_obs_r2,pred_obs_r2_exp
450,0.004013579221096131,0.3487726593105514,0.35962334956713865
