var,rel.inf
rough_Surface.T,41.51693466535331
rough_MAP,19.225932200466797
Clay,9.535201287483785
rough_NDVI,4.638199374815032
rough_PDQ,4.238408192320287
MAP,3.7184599643235154
PDQ,3.5028642816596336
rough_Elevation,2.553194756598868
rough_CEC,2.4428137829974523
Elevation,2.4259970729442193
rough_Soil.C,1.7556573251701206
CEC,1.5589595772841696
pH,1.5160472327782513
Surface.T,1.3713302858045564
