nt,pseudo_r2,pred_obs_r2,pred_obs_r2_exp
450,0.0014776625455626968,0.3718945446131147,0.3722971304529097
