var,rel.inf
CEC,28.55965879834845
rough_NDVI,13.778016262613173
rough_MAP,10.845244415374358
Clay,10.284296023816735
rough_Elevation,8.186777088829759
rough_PDQ,7.406766670592614
MAP,4.084356307565264
Elevation,4.031596892760512
rough_CEC,3.200845881388753
rough_Surface.T,2.536114300725505
Surface.T,2.1536757905285655
pH,2.05219737991074
rough_Soil.C,2.0057638689182986
PDQ,0.8746903186272686
