nt,pseudo_r2,pred_obs_r2,pred_obs_r2_exp
650,0.014227000766549036,0.3413074661686073,0.33263294245195546
