nt,pseudo_r2,pred_obs_r2,pred_obs_r2_exp
350,-0.004190450546589508,0.3277370976933034,0.3226598158476714
