nt,pseudo_r2,pred_obs_r2,pred_obs_r2_exp
650,0.040719330335905024,0.3428877368024957,0.3416456922004019
