nt,pseudo_r2,pred_obs_r2,pred_obs_r2_exp
200,-0.008902542950846914,0.2962889391609397,0.29203965577261837
