nt,pseudo_r2,pred_obs_r2,pred_obs_r2_exp
250,-0.004985873768563742,0.34465510576417524,0.33573470000733946
