var,rel.inf
rough_MAP,24.03694111409709
rough_NDVI,11.096750469966162
Elevation,10.638125287454645
rough_Surface.T,10.248397985946378
Surface.T,8.282962307119357
CEC,7.307343119041695
MAP,6.768288955944795
rough_Elevation,5.688101659537955
rough_PDQ,4.932198448876276
rough_Soil.C,4.433401826907012
PDQ,3.2793022011538837
pH,2.008180381291766
rough_CEC,0.8020103290698944
Clay,0.4779959135930864
