nt,pseudo_r2,pred_obs_r2,pred_obs_r2_exp
800,-0.005981821909040841,0.45074834911865497,0.4495537318350863
