var,rel.inf
rough_PDQ,17.510928634085666
pH,16.272219501596492
rough_Elevation,11.569356859017491
rough_Surface.T,9.920000170351475
rough_CEC,9.768347106184171
MAP,7.753007860815344
PDQ,6.877123806654845
Clay,5.390213736762584
rough_MAP,3.608732464291
CEC,3.223910415618012
Elevation,2.7407886467982387
rough_Soil.C,2.2630566389985227
rough_NDVI,1.960115458465178
Surface.T,1.142198700360972
