var,rel.inf
MAP,35.36197969974383
pH,13.426743458548522
PDQ,10.474352107626215
Clay,10.334752210798586
Surface.T,6.901640645352425
CEC,4.2856743387416225
rough_NDVI,4.202218978467073
rough_CEC,3.906035584969533
rough_Elevation,2.799042923420682
Elevation,2.3299948376403408
rough_PDQ,2.0612854412236556
rough_Soil.C,1.50802251482972
rough_Surface.T,1.407385924178721
rough_MAP,1.000871334459071
