nt,pseudo_r2,pred_obs_r2,pred_obs_r2_exp
400,-0.0015795175945554352,0.36557302525896274,0.3582161692888652
