var,rel.inf
Clay,19.658708769552582
Elevation,12.19922802381099
rough_PDQ,11.278866775373833
rough_Surface.T,8.551826758005834
rough_Elevation,8.346318972289083
rough_Soil.C,7.866268474858901
rough_MAP,7.771761721711765
rough_NDVI,5.5191327024559635
rough_CEC,4.91472534403415
Surface.T,3.9198432039371665
pH,2.952176036482019
PDQ,2.7504065492986842
MAP,2.531068788448388
CEC,1.7396678797406402
