var,rel.inf
CEC,20.883631606902377
rough_Soil.C,13.051496758089796
Surface.T,12.913256406694698
Elevation,12.24260292780966
MAP,7.990386797416846
PDQ,7.589054597267055
rough_PDQ,5.60291313468712
rough_CEC,5.204344246418388
rough_Elevation,4.768581315436639
rough_MAP,2.4575631544583945
rough_Surface.T,2.4342487754317155
Clay,1.965504252716844
pH,1.6492135247232858
rough_NDVI,1.2472025019471864
