nt,pseudo_r2,pred_obs_r2,pred_obs_r2_exp
400,0.001661356341277176,0.3379307237465396,0.33073869107566417
