var,rel.inf
rough_PDQ,16.934438552047254
rough_Surface.T,13.334498465418967
rough_MAP,12.283388309402346
Surface.T,9.020724412892193
rough_Elevation,8.683757399747249
CEC,7.916969346349051
rough_Soil.C,6.988150875465349
rough_NDVI,6.550718717380892
rough_CEC,4.97936988337175
PDQ,3.8054437348419405
MAP,3.112576591998263
Clay,2.496642193958595
pH,2.3536436998231265
Elevation,1.5396778173030208
