nt,pseudo_r2,pred_obs_r2,pred_obs_r2_exp
700,0.017326776536789046,0.38352807203397804,0.38853795489313386
