var,rel.inf
rough_NDVI,26.85356675367294
PDQ,11.531510203516032
rough_MAP,11.389573164493921
MAP,11.14190843898112
rough_CEC,9.32415809244405
Clay,4.802400687938564
Surface.T,4.66967284153422
CEC,4.494389429427027
rough_PDQ,4.318780278465495
rough_Surface.T,4.177559027777455
pH,2.782339216695985
rough_Elevation,1.890292285462237
Elevation,1.7859478533255155
rough_Soil.C,0.8379017262654386
