nt,pseudo_r2,pred_obs_r2,pred_obs_r2_exp
2200,0.07466476734152228,0.5261754119895665,0.5332885877860913
