nt,pseudo_r2,pred_obs_r2,pred_obs_r2_exp
1150,0.017403895254192503,0.4287485627993198,0.42741510121476717
