nt,pseudo_r2,pred_obs_r2,pred_obs_r2_exp
600,-0.0038715052838285136,0.3521098453348059,0.3482367730241037
