nt,pseudo_r2,pred_obs_r2,pred_obs_r2_exp
350,-0.0065267173210969975,0.3598671712810297,0.3568989730422824
