var,rel.inf
MAP,14.490572613956513
Surface.T,13.48604407227055
pH,10.554713637237615
rough_Surface.T,9.22399582453719
Clay,8.239514347153214
rough_CEC,7.896601402489307
rough_PDQ,7.376445733622809
rough_Soil.C,6.672048332018935
CEC,5.28378044731325
rough_MAP,5.271546911338728
Elevation,4.459502628916136
rough_Elevation,3.840791784153255
rough_NDVI,1.6098249021962365
PDQ,1.5946173627962559
