nt,pseudo_r2,pred_obs_r2,pred_obs_r2_exp
450,-0.005856105073293261,0.3571932924883414,0.34858479262928116
