var,rel.inf
CEC,31.59030752352441
PDQ,16.130320977346223
Clay,8.508013195060178
rough_Elevation,8.25771805822386
rough_CEC,7.8315337842164965
rough_Soil.C,7.215014553746454
rough_NDVI,5.626478118378548
pH,4.891274746513572
rough_PDQ,1.9074913432906755
MAP,1.8449778068905331
Surface.T,1.7013274865870327
rough_Surface.T,1.6897382009027047
rough_MAP,1.5018610350907504
Elevation,1.303943170228561
