var,rel.inf
rough_NDVI,19.734616443739508
Elevation,14.527885708924348
Clay,13.753659063108984
rough_MAP,9.752127407189107
rough_Elevation,9.24346659489038
rough_Surface.T,8.52056180482935
Surface.T,5.97733563179965
rough_PDQ,5.301682643386076
pH,4.595617677608366
PDQ,2.4380218455940055
rough_Soil.C,2.305420432620742
rough_CEC,1.8416441613271937
CEC,1.104032849802064
MAP,0.9039277351802264
