nt,pseudo_r2,pred_obs_r2,pred_obs_r2_exp
400,-0.00220041225849843,0.370988353361369,0.37257871576550555
