var,rel.inf
rough_PDQ,23.756348022866113
rough_Surface.T,15.064322221721117
rough_Elevation,13.516602007528945
rough_CEC,9.693475324174374
pH,6.617853910536444
rough_MAP,5.889853715454085
rough_Soil.C,5.256958762408252
CEC,5.030780834832529
Elevation,4.256928711994018
rough_NDVI,3.805163682852503
Surface.T,2.3512430843063012
PDQ,1.8245449274516687
Clay,1.4988087062075823
MAP,1.4371160876660634
