nt,pseudo_r2,pred_obs_r2,pred_obs_r2_exp
250,-0.004250212386454955,0.3434989295252616,0.3426102830359515
