var,rel.inf
rough_NDVI,24.443168429529187
rough_PDQ,13.68548464727137
pH,13.65991901135362
rough_Surface.T,11.501978445957482
MAP,9.748720100845986
rough_Soil.C,5.783059156834113
rough_CEC,4.078346865039449
Surface.T,3.9003258246620263
rough_MAP,2.9223085881137085
Elevation,2.60590004751449
CEC,2.593920063087263
Clay,2.1122393521919154
rough_Elevation,1.9239290534320062
PDQ,1.0407004141673848
