var,rel.inf
rough_NDVI,15.445284297610982
rough_PDQ,13.107599682644715
MAP,12.625452601212057
Elevation,10.751261283364965
rough_Surface.T,7.874700632868561
rough_Soil.C,7.558913299487991
rough_MAP,6.900386717638843
pH,6.615817394217376
rough_Elevation,5.394439030873982
PDQ,4.023226671854637
rough_CEC,3.53469585106634
Clay,2.1720518039233014
CEC,2.0160100531767777
Surface.T,1.9801606800594769
