nt,pseudo_r2,pred_obs_r2,pred_obs_r2_exp
200,-0.007344727946394958,0.2904657788458585,0.28653838497824374
