var,rel.inf
Clay,21.744288203855838
rough_Surface.T,16.931592020227388
Surface.T,11.188207866483527
Elevation,10.07513414232538
rough_CEC,6.930955870298853
rough_NDVI,6.706364447621575
MAP,5.578511677802226
CEC,4.584692713969284
rough_Elevation,4.4584202780832385
PDQ,3.6943737906405527
rough_MAP,2.50378652857042
rough_Soil.C,2.405103323269057
rough_PDQ,2.196229635097245
pH,1.0023395017554244
