var,rel.inf
rough_CEC,38.73285940515187
rough_PDQ,21.327904716543937
Elevation,6.752818918477115
rough_Soil.C,5.759851953733127
rough_Surface.T,5.48414186959826
CEC,3.655966127475123
rough_MAP,3.43244675434272
MAP,3.108708178427467
pH,2.9468856064522337
Clay,2.847905345436551
PDQ,2.4507724737222474
Surface.T,1.4560435300330639
rough_NDVI,1.249090146303129
rough_Elevation,0.7946049743031478
