nt,pseudo_r2,pred_obs_r2,pred_obs_r2_exp
500,-0.005874413466792072,0.3217283535332651,0.321527497417596
