nt,pseudo_r2,pred_obs_r2,pred_obs_r2_exp
300,-0.01111647889863332,0.2436564147337134,0.2425664284482011
