var,rel.inf
rough_CEC,23.47502710509988
rough_NDVI,14.360249086641064
Clay,13.337083431262922
CEC,8.146289692904995
Surface.T,7.258236638123719
rough_Elevation,6.787997429009723
rough_Soil.C,6.090409071091105
rough_PDQ,4.324805526894859
rough_Surface.T,3.8493247362461465
Elevation,3.4800433500894643
PDQ,2.773405349597302
rough_MAP,2.3258391470701274
MAP,2.221947986134126
pH,1.5693414498345697
