nt,pseudo_r2,pred_obs_r2,pred_obs_r2_exp
700,0.0035448108251222576,0.38726055105587337,0.3884153512241745
