nt,pseudo_r2,pred_obs_r2,pred_obs_r2_exp
300,-0.006559871194711686,0.2843189091698056,0.2936425846471912
