nt,pseudo_r2,pred_obs_r2,pred_obs_r2_exp
200,-0.009408297525762555,0.3188647705682259,0.31103398046566477
