nt,pseudo_r2,pred_obs_r2,pred_obs_r2_exp
1200,0.027077662679433567,0.4828700373564925,0.49266953731936175
