var,rel.inf
rough_CEC,21.71201173807328
rough_Soil.C,20.427437276211876
CEC,11.331478564521609
rough_Surface.T,8.352286499040305
rough_PDQ,7.44828778943078
Elevation,7.159443243165914
Surface.T,5.718524135425985
MAP,4.937658068310982
Clay,4.198894756722503
PDQ,2.3639718043870572
rough_Elevation,2.1933680776783118
pH,1.6968673105710685
rough_NDVI,1.5981091017440514
rough_MAP,0.8616616347162884
