var,rel.inf
rough_MAP,49.595900698757866
rough_NDVI,10.590653796687192
rough_Elevation,8.209598002730317
pH,8.062461420030893
CEC,4.65188242169429
rough_Soil.C,3.944328363330877
PDQ,2.7537884472468983
rough_Surface.T,2.5384818657201667
Clay,2.5138232933788482
rough_PDQ,2.402485664929796
rough_CEC,1.498166254067825
MAP,1.263790478393841
Surface.T,1.085051214239878
Elevation,0.8895880787913071
