var,rel.inf
rough_Surface.T,24.847448344370388
CEC,13.47473493305446
rough_PDQ,11.2817561673671
rough_CEC,9.337640396478479
rough_NDVI,7.171837195898516
pH,6.878644171539064
rough_Soil.C,6.044396084956586
Clay,4.216846648803262
MAP,4.178169464071168
PDQ,3.4265637621194314
rough_Elevation,3.3214554611826244
Surface.T,3.0079046080045493
rough_MAP,1.6107563775748461
Elevation,1.2018463845795264
