var,rel.inf
rough_Soil.C,17.572648307271233
CEC,14.351730549287012
Clay,11.009396218824225
rough_Elevation,10.763483055226644
rough_PDQ,7.997400381142468
rough_CEC,6.941202488814018
MAP,6.607084276426656
rough_NDVI,5.672760538660719
pH,4.814561828645973
PDQ,4.628881646607248
Surface.T,3.808666730115926
Elevation,3.65255164668096
rough_Surface.T,1.2419691999894305
rough_MAP,0.9376631323074857
