nt,pseudo_r2,pred_obs_r2,pred_obs_r2_exp
200,-0.014950659416936407,0.3308878307429984,0.32161705142963765
