var,rel.inf
rough_PDQ,34.6769134373886
Clay,12.389404366538374
rough_MAP,7.318533805893185
rough_NDVI,7.109280119580421
MAP,6.341351378708311
Surface.T,5.588979705471461
rough_Elevation,5.201043856320417
rough_Soil.C,4.510655029460783
rough_CEC,3.757365780544941
rough_Surface.T,3.538804578321028
Elevation,3.416216728458417
PDQ,2.3457674759928566
CEC,2.0327416616553378
pH,1.772942075665877
