nt,pseudo_r2,pred_obs_r2,pred_obs_r2_exp
350,1.3301774443952308e-4,0.38610183836242434,0.3774333131239935
