nt,pseudo_r2,pred_obs_r2,pred_obs_r2_exp
550,-0.010836822888122377,0.38128674984998134,0.38509104545987366
