nt,pseudo_r2,pred_obs_r2,pred_obs_r2_exp
300,0.0037531564304671416,0.264275335057707,0.25955825475632005
