nt,pseudo_r2,pred_obs_r2,pred_obs_r2_exp
4450,0.05486110073331274,0.7266218638772233,0.7206054107550964
