nt,pseudo_r2,pred_obs_r2,pred_obs_r2_exp
350,-0.008146955557401636,0.3404360736782231,0.3324866940937798
