var,rel.inf
Elevation,15.578789926486149
pH,15.384044211779228
rough_MAP,14.084808000502596
Clay,10.033327137020297
MAP,9.32034664895629
CEC,7.537436919409111
rough_Elevation,6.8204088293417495
rough_Surface.T,4.22882730858023
rough_NDVI,3.849007922668621
rough_PDQ,3.633987038863526
PDQ,3.551613082605425
rough_Soil.C,3.4837362306368256
rough_CEC,1.8989696711143138
Surface.T,0.5946970720356318
