var,rel.inf
Clay,41.25538130706914
rough_MAP,8.779162367399465
rough_NDVI,8.24216289971071
pH,7.940249651992327
rough_CEC,7.884814347923647
PDQ,4.197204960028783
rough_Surface.T,4.165774765852914
MAP,3.40165953506125
rough_Elevation,3.1979354177214256
rough_PDQ,2.679133472143724
Elevation,2.5755913900461116
rough_Soil.C,2.4343525873532976
Surface.T,2.1831249224227998
CEC,1.0634523752744034
