var,rel.inf
Clay,32.02628531918562
PDQ,15.179192538924532
rough_CEC,13.75940050567705
CEC,8.010037721922622
rough_NDVI,7.222574161843002
pH,5.420439449028168
Surface.T,4.037048946330331
Elevation,3.8888337467767093
rough_PDQ,2.4076586120792207
MAP,2.1057650449578493
rough_MAP,1.9613658363084152
rough_Surface.T,1.5995553473121678
rough_Soil.C,1.2232442963506938
rough_Elevation,1.1585984733036092
