var,rel.inf
rough_NDVI,22.642924525489505
pH,21.020493738820107
rough_PDQ,13.597038447590489
PDQ,6.898602224867362
rough_CEC,6.41349849732238
MAP,5.2369056854431735
CEC,5.001058835215179
Elevation,3.849352713573285
rough_Elevation,3.699792207272152
rough_MAP,3.051941750266446
Surface.T,2.7718985349474634
rough_Soil.C,2.010482518146892
rough_Surface.T,1.9899341072546741
Clay,1.816076213790898
