nt,pseudo_r2,pred_obs_r2,pred_obs_r2_exp
400,-0.009531747990376482,0.3655751162765388,0.359080981951812
