nt,pseudo_r2,pred_obs_r2,pred_obs_r2_exp
200,-0.006186558277158527,0.26087852290178615,0.25335880780348774
