nt,pseudo_r2,pred_obs_r2,pred_obs_r2_exp
350,-0.008627881098726808,0.29322379427301176,0.29407374438841943
