nt,pseudo_r2,pred_obs_r2,pred_obs_r2_exp
600,0.009703048332447173,0.3738422307880894,0.374734265432398
