nt,pseudo_r2,pred_obs_r2,pred_obs_r2_exp
1150,0.032415326745096174,0.42206977714966226,0.42182687261558843
