nt,pseudo_r2,pred_obs_r2,pred_obs_r2_exp
500,-0.0029845020402854416,0.3668879024069761,0.3664387625572598
