nt,pseudo_r2,pred_obs_r2,pred_obs_r2_exp
300,-0.005863441607458109,0.3658648639300145,0.3698298390836603
