var,rel.inf
rough_Soil.C,12.145475798036273
rough_Elevation,11.335375307085581
PDQ,10.705544214628219
rough_PDQ,10.703675044872911
CEC,10.037798121768764
rough_NDVI,9.920339565102466
Clay,9.82174800973419
rough_MAP,6.523792480788969
rough_CEC,5.5128575929434875
rough_Surface.T,4.02992171051147
Surface.T,2.8288526419512428
pH,2.6953831996877136
Elevation,2.4762291445092357
MAP,1.2630071683794686
