var,rel.inf
rough_NDVI,15.63808540307953
PDQ,13.541133148269644
rough_MAP,12.747922467188074
CEC,11.743961842862765
Clay,7.82971081699246
rough_Soil.C,7.429787373664045
pH,6.850206853324014
Surface.T,5.0282577628963505
rough_CEC,4.115154921162285
Elevation,3.5965604454737092
rough_PDQ,3.55478387572481
rough_Surface.T,3.5448768214297597
MAP,2.809376699873865
rough_Elevation,1.570181568058689
