var,rel.inf
rough_Elevation,17.215723789083103
Clay,14.30260029450824
Elevation,13.28465263910776
MAP,12.518477692857296
rough_NDVI,10.281689180072723
rough_CEC,8.16024855457905
pH,5.248429406894761
rough_Soil.C,3.7561723044059443
rough_Surface.T,3.271507164645264
PDQ,2.816900670222886
rough_PDQ,2.6891880708253475
rough_MAP,2.479450805834967
Surface.T,2.3262023170185797
CEC,1.648757109944083
