nt,pseudo_r2,pred_obs_r2,pred_obs_r2_exp
550,0.006936975917269161,0.3662951866197526,0.36616143562434406
