var,rel.inf
rough_PDQ,28.83357020741509
pH,13.125669488656214
CEC,12.152080337498997
rough_Surface.T,8.321513567904383
rough_NDVI,7.456310440510775
rough_CEC,6.767306269186482
rough_MAP,4.3301040289584645
rough_Soil.C,3.9757147957839893
Elevation,3.768780079858065
PDQ,3.475237008820787
MAP,2.885234511002353
rough_Elevation,1.8939637276332475
Clay,1.5807020641139182
Surface.T,1.4338134726572336
