var,rel.inf
PDQ,20.075026785306047
pH,18.050457557422703
rough_Elevation,9.019540469852329
CEC,8.866246037484279
rough_PDQ,8.11318267288576
rough_CEC,6.476355302925798
MAP,5.382925199211703
Clay,5.224245672084047
Surface.T,4.45765365926029
rough_MAP,3.2628173670707015
rough_NDVI,3.124128026264825
rough_Soil.C,3.122651626205789
Elevation,2.4461911390094686
rough_Surface.T,2.378578485016269
