nt,pseudo_r2,pred_obs_r2,pred_obs_r2_exp
800,0.04022909922864715,0.36866880911015104,0.36393856541629377
