var,rel.inf
rough_Soil.C,34.65229595632283
rough_Elevation,15.801410294182666
rough_PDQ,9.810904172841191
rough_CEC,6.660751746768859
Surface.T,6.141582166943834
rough_NDVI,6.081057057706904
PDQ,6.033287499399211
rough_Surface.T,5.458081930016358
Elevation,2.91552245163494
pH,2.7214616906095346
rough_MAP,2.14992384288533
Clay,0.7839684017311219
MAP,0.47660960683204406
CEC,0.3131431821251686
