nt,pseudo_r2,pred_obs_r2,pred_obs_r2_exp
200,-0.011695711828710875,0.2996222912757968,0.301861815832502
