var,rel.inf
rough_PDQ,44.90717856371308
rough_Elevation,16.59763504085132
MAP,8.052660619812878
Clay,5.396526575705633
rough_Surface.T,4.459859371207649
rough_MAP,3.1555633341118177
Elevation,3.093078671070585
rough_Soil.C,3.0872241480563916
Surface.T,2.4490870377871437
PDQ,2.149999822980683
rough_NDVI,1.901106009316355
rough_CEC,1.860242279777173
CEC,1.5388924026440005
pH,1.350946122965288
