var,rel.inf
rough_CEC,33.86174102479092
rough_PDQ,14.030294677164207
rough_NDVI,8.829162177195812
pH,7.3229914906940845
Clay,6.92972958377205
rough_Surface.T,6.508322110263518
PDQ,5.027262125335591
rough_MAP,4.461740895226402
rough_Elevation,4.002388789548956
MAP,2.979757206677157
Elevation,2.423233930208805
rough_Soil.C,1.5329657905331857
Surface.T,1.1837979602308772
CEC,0.9066122383584312
