nt,pseudo_r2,pred_obs_r2,pred_obs_r2_exp
300,-0.00884643120032047,0.38677896336990925,0.3795287288932934
