var,rel.inf
rough_Elevation,17.894537489717766
CEC,16.611160461329277
rough_MAP,12.564987960167981
rough_Surface.T,10.324611904896193
rough_PDQ,8.633541402495625
PDQ,7.094949060106944
Clay,6.629924477372163
pH,5.706391787769915
Surface.T,4.1081117189540475
rough_NDVI,3.60441882303143
MAP,2.489434017102921
Elevation,1.6713984165324582
rough_Soil.C,1.407875612083014
rough_CEC,1.2586568684402681
