nt,pseudo_r2,pred_obs_r2,pred_obs_r2_exp
250,0.001658949983175173,0.3242520358441891,0.33030749929295633
