nt,pseudo_r2,pred_obs_r2,pred_obs_r2_exp
900,0.01453802765282497,0.43217066153970474,0.424122796722594
