nt,pseudo_r2,pred_obs_r2,pred_obs_r2_exp
700,0.023777587320044313,0.3796342974673414,0.3730788916005845
