nt,pseudo_r2,pred_obs_r2,pred_obs_r2_exp
650,0.01682748916774235,0.35314214017301326,0.3473382270323812
