var,rel.inf
rough_CEC,15.906106425035537
rough_Surface.T,14.094954297199662
rough_Elevation,11.474616649611727
rough_MAP,10.271412766709723
PDQ,9.345681862788659
CEC,8.536284342562816
MAP,8.069185363301546
rough_NDVI,5.17612996192002
rough_Soil.C,5.095348606874546
rough_PDQ,4.242464282306574
Surface.T,3.14477219860576
pH,1.837857822027985
Elevation,1.564224745834953
Clay,1.2409606752204971
