nt,pseudo_r2,pred_obs_r2,pred_obs_r2_exp
550,0.003537618916905849,0.3319743062180315,0.33254345398078616
