nt,pseudo_r2,pred_obs_r2,pred_obs_r2_exp
400,-0.006360718993861703,0.34770757409258857,0.3618081461614771
