var,rel.inf
PDQ,27.66288770864495
MAP,16.229333673826094
rough_Elevation,11.350708040978391
Clay,10.81710549529564
rough_MAP,5.45418630551502
CEC,5.375138428879752
rough_Soil.C,4.9109251340513485
Surface.T,4.602311326121245
pH,3.5588390720041256
rough_NDVI,3.2367914906498374
rough_PDQ,2.3651669197373386
rough_CEC,2.014701958911445
Elevation,1.3629654695835973
rough_Surface.T,1.0589389758012102
