var,rel.inf
rough_Surface.T,24.990457469675533
rough_PDQ,14.34664687943078
rough_CEC,13.756720068954204
CEC,10.585291327264997
PDQ,9.991802723266495
Clay,6.40339771631837
MAP,5.199831605631896
rough_Soil.C,3.225197378122629
rough_Elevation,2.563953660139313
pH,2.283383004171827
Surface.T,1.8139595592883069
rough_NDVI,1.7884669971521157
Elevation,1.6324983947172447
rough_MAP,1.4183932158662889
