var,rel.inf
rough_Elevation,25.44304594386568
MAP,16.537871061743886
PDQ,9.21290290132237
rough_NDVI,7.396556189709605
rough_Surface.T,6.5463684457210185
CEC,6.16842577840418
Surface.T,5.937247727393467
rough_Soil.C,4.921746431824053
rough_PDQ,3.993544876102592
rough_MAP,3.7622400507416676
rough_CEC,3.2633758990514234
Clay,3.1320044160360125
Elevation,2.5938199443027954
pH,1.0908503337812467
