nt,pseudo_r2,pred_obs_r2,pred_obs_r2_exp
1450,0.03955070592123977,0.4367373531538137,0.43822335214920516
