var,rel.inf
Clay,14.257326656496353
rough_Elevation,12.343880654587075
MAP,12.11297391852269
rough_NDVI,10.116343410715972
rough_CEC,9.08116183386512
rough_Surface.T,8.609411875233242
rough_PDQ,7.90988101738636
pH,6.946291282470297
Elevation,5.565213173900753
CEC,5.112585709504211
PDQ,2.8419923169308756
Surface.T,2.6471708037291406
rough_MAP,1.340337256248075
rough_Soil.C,1.1154300904098289
