var,rel.inf
Elevation,31.655983949520454
CEC,14.304508669084603
rough_PDQ,12.650978437356288
PDQ,10.249190647398557
pH,6.836469403899344
rough_Surface.T,5.221109391116435
rough_Elevation,4.754966942598358
Surface.T,3.2605554856852774
Clay,2.6876525235833886
rough_CEC,2.2243519013252118
rough_Soil.C,2.2042303013719327
MAP,1.6212015296291433
rough_MAP,1.4375988232156296
rough_NDVI,0.8912019942153754
