var,rel.inf
rough_PDQ,22.995233477446227
Elevation,16.978306777557734
rough_CEC,8.432242733773368
Clay,8.384557232198116
CEC,7.92218947956039
MAP,7.632761700325077
PDQ,6.234153797465666
rough_Elevation,5.069064590847349
pH,4.933309542834888
rough_NDVI,4.3093869241912435
rough_MAP,2.0860865209258614
Surface.T,1.8901108688844694
rough_Soil.C,1.8326989187880398
rough_Surface.T,1.2998974352015666
