var,rel.inf
rough_CEC,21.935688951465327
rough_NDVI,15.0574860287366
rough_MAP,13.205883903003345
CEC,11.53765418266356
rough_PDQ,9.663698201626103
MAP,5.750896044646888
rough_Surface.T,4.281944242473968
PDQ,3.6675522364229383
Clay,3.551473028949347
Elevation,3.2518038835071925
rough_Elevation,2.9866595304391015
Surface.T,2.536853565293445
rough_Soil.C,1.9591431269424577
pH,0.613263073829736
