nt,pseudo_r2,pred_obs_r2,pred_obs_r2_exp
400,0.00732270358014997,0.26047082709477287,0.2584113653991725
