nt,pseudo_r2,pred_obs_r2,pred_obs_r2_exp
300,-7.682596691320764e-4,0.310350669114282,0.3196017610305677
