var,rel.inf
rough_Surface.T,13.07848141609279
MAP,12.580509502609697
rough_CEC,11.010512110255593
Clay,10.401271830502312
rough_Elevation,9.134902997299388
rough_PDQ,7.726490245843909
rough_Soil.C,7.3999965630627536
pH,6.239836405965462
PDQ,5.858720701738281
rough_NDVI,5.340936934648269
Surface.T,4.332824154248712
rough_MAP,2.613145484884285
CEC,2.292373432457171
Elevation,1.9899982203913729
