var,rel.inf
rough_CEC,34.44110325963328
rough_MAP,17.81628053237981
MAP,11.62497246726691
rough_Soil.C,6.977365520459817
rough_NDVI,5.813708645483641
rough_PDQ,4.071282920704522
PDQ,3.894164829560991
rough_Elevation,3.6316619487292674
Elevation,2.7460247759043845
Surface.T,2.3375694199007753
rough_Surface.T,2.309205637297936
CEC,1.776731556706302
Clay,1.7398405267405836
pH,0.8200879592317795
