nt,pseudo_r2,pred_obs_r2,pred_obs_r2_exp
550,0.02227588220450638,0.33203401976873037,0.3335700356387783
