var,rel.inf
rough_Soil.C,31.20822099765118
pH,14.592006707905318
rough_CEC,13.559991086200565
rough_PDQ,12.102671229672353
Elevation,3.8265414635128923
PDQ,3.6230668314200867
rough_Surface.T,3.493222313528576
rough_Elevation,3.090817704426126
Clay,3.040843690257371
MAP,2.8627075978707786
Surface.T,2.7725493704600344
CEC,2.39413956161471
rough_NDVI,1.814585686544563
rough_MAP,1.6186357589354488
