nt,pseudo_r2,pred_obs_r2,pred_obs_r2_exp
200,-9.025588484610214e-4,0.2836552761545649,0.2852826240270696
