var,rel.inf
MAP,18.525357933921
rough_CEC,15.427848801397618
rough_Surface.T,11.2405540726677
Surface.T,11.214078726486635
rough_MAP,10.228234915339273
CEC,8.305468625492068
PDQ,6.3679085102488795
rough_PDQ,4.008064216656243
Elevation,3.1513225691733213
pH,2.9684835330674604
rough_Soil.C,2.5680964419507073
Clay,2.1467963229647635
rough_NDVI,2.1291226222751294
rough_Elevation,1.7186627083591937
