var,rel.inf
rough_Elevation,23.08603967879983
rough_Surface.T,17.996915562755692
rough_NDVI,7.58033363166228
rough_Soil.C,7.168305473636718
Surface.T,6.815324787613082
CEC,6.160928381687094
MAP,5.965572257757355
rough_MAP,4.833301721852953
pH,4.495358689969671
Elevation,4.192475593497699
rough_CEC,3.7478681886467324
Clay,3.1453888688912386
PDQ,3.105258203060366
rough_PDQ,1.7069289601692959
