nt,pseudo_r2,pred_obs_r2,pred_obs_r2_exp
1e3,0.0038017669758406702,0.40262559101179124,0.39746530270351693
