nt,pseudo_r2,pred_obs_r2,pred_obs_r2_exp
400,0.004317202401726394,0.36545075310095526,0.3753930374496601
