nt,pseudo_r2,pred_obs_r2,pred_obs_r2_exp
500,0.006980426979457444,0.31083157684353546,0.3155906992179453
