nt,pseudo_r2,pred_obs_r2,pred_obs_r2_exp
400,0.011975258417013857,0.27490054807146597,0.27286218109643834
