var,rel.inf
Elevation,23.35740647210109
rough_Soil.C,15.124596522982683
rough_Elevation,12.332422152081973
rough_PDQ,7.279759423546826
CEC,6.589224308848903
Surface.T,6.474613482573098
rough_CEC,6.391356103551557
PDQ,4.313934949630505
pH,4.10558908428321
MAP,3.638083860509146
Clay,3.2905046853686013
rough_NDVI,2.8506842542051913
rough_MAP,2.521109811247952
rough_Surface.T,1.7307148890692732
