nt,pseudo_r2,pred_obs_r2,pred_obs_r2_exp
1500,0.027665106800574435,0.44303282341972033,0.44573831906822614
