nt,pseudo_r2,pred_obs_r2,pred_obs_r2_exp
350,-0.007032557586633015,0.32209160884806964,0.3162390749341846
