nt,pseudo_r2,pred_obs_r2,pred_obs_r2_exp
2200,0.03622813933803937,0.5678716990582836,0.567613863769612
