nt,pseudo_r2,pred_obs_r2,pred_obs_r2_exp
800,0.004371691643225817,0.36768394083315054,0.37097491298114765
