nt,pseudo_r2,pred_obs_r2,pred_obs_r2_exp
250,-0.009773531414428271,0.3176955401141211,0.3178243656783546
