var,rel.inf
rough_CEC,17.8101535171448
pH,16.15348246674395
rough_PDQ,12.903998677612815
Elevation,11.725479313552757
MAP,7.01420730497638
rough_Surface.T,6.774560579454927
rough_NDVI,6.275854104770605
rough_Elevation,6.100370589677727
rough_Soil.C,3.479395197293351
Clay,3.3982911118831844
CEC,3.0970968169990067
rough_MAP,2.390627805950881
PDQ,1.5816443596065235
Surface.T,1.2948381543330876
