var,rel.inf
rough_NDVI,34.364066827963065
MAP,19.249640719020608
Surface.T,10.495812514753752
Elevation,8.701683771779175
rough_Elevation,5.465937043940975
rough_Surface.T,3.547992927969402
rough_MAP,3.140558115019035
Clay,2.767802625601774
rough_Soil.C,2.6454466677466844
PDQ,2.558355847961697
CEC,2.4929656926426085
pH,2.23113862466178
rough_PDQ,1.2310638729204861
rough_CEC,1.10753474801896
