var,rel.inf
rough_PDQ,34.86977863042882
rough_CEC,23.017393860259386
Clay,7.862853438347774
rough_NDVI,5.237705262775777
Surface.T,4.9870370002425615
pH,4.578867136516379
MAP,4.432628994524685
CEC,3.7411559332141295
Elevation,3.186068199367844
rough_MAP,2.9799513402548814
rough_Surface.T,1.8550886889168468
rough_Soil.C,1.1089753894925212
PDQ,1.1041336096614727
rough_Elevation,1.038362515996917
