var,rel.inf
rough_CEC,17.29862082045421
CEC,17.082714779643457
PDQ,15.594614210181556
rough_NDVI,9.192136043108599
rough_PDQ,6.315394109473975
rough_Surface.T,6.027850119812915
rough_Elevation,5.966568193230158
Elevation,4.962390193007866
rough_MAP,4.034429761025976
Surface.T,4.00747149946684
Clay,3.030580899566755
MAP,2.8692347188731717
rough_Soil.C,2.344294601915737
pH,1.2737000502387892
