nt,pseudo_r2,pred_obs_r2,pred_obs_r2_exp
400,0.0028181671512388373,0.28749501421586804,0.27899592238761284
