nt,pseudo_r2,pred_obs_r2,pred_obs_r2_exp
500,-0.0019005446037239082,0.37633832050053306,0.3683538409130771
