var,rel.inf
rough_Surface.T,19.04622137326377
rough_Elevation,14.563681918897206
rough_MAP,12.351912453437514
rough_CEC,12.14061346773154
MAP,10.974028663119755
rough_Soil.C,9.641938528951009
Elevation,5.287630688793396
rough_Clay,4.665046443521042
Clay,4.61136074290223
pH,2.4288773644210977
CEC,2.1554010316818575
PDQ,2.1332873232795784
