var,rel.inf
rough_Surface.T,18.282384269446894
rough_Elevation,14.401306129709802
rough_CEC,11.608678806942732
rough_MAP,11.251533769639822
MAP,10.936125126172863
rough_Soil.C,9.100412271418287
Elevation,5.446297354792742
rough_Clay,5.370321281006067
Clay,5.155468600012682
pH,3.3921029097688007
PDQ,2.7220504510985735
CEC,2.3333190299907374
