nt,pseudo_r2,pred_obs_r2,pred_obs_r2_exp
4950,0.2658184967029297,0.8145168139098644,0.7358418984574563
