var,rel.inf
rough_Surface.T,18.658305367605752
rough_Elevation,14.918328120257806
rough_CEC,12.318124862962776
MAP,11.633939165334132
rough_MAP,11.278547426654198
rough_Soil.C,9.109607602133842
Elevation,5.202510238021874
rough_Clay,4.764916103594429
Clay,4.617175341669162
pH,2.8936502235527155
PDQ,2.3927145351580816
CEC,2.2121810130552344
