nt,pseudo_r2,pred_obs_r2,pred_obs_r2_exp
5900,0.32767201312735306,0.8361574363458671,0.7558698525093831
