var,rel.inf
rough_Surface.T,18.71951699672915
rough_Elevation,14.166666238260039
rough_CEC,11.885673237747396
rough_MAP,11.807160116510904
MAP,10.889163254755694
rough_Soil.C,9.306295004030408
Elevation,5.386039346376928
rough_Clay,5.128850818827122
Clay,4.9019414144211435
pH,3.121109627769798
PDQ,2.4685876276674508
CEC,2.218996316903967
