nt,pseudo_r2,pred_obs_r2,pred_obs_r2_exp
5400,0.2768234813280893,0.8244596320608802,0.7479150187646987
