var,rel.inf
rough_Surface.T,18.7303687565838
rough_Elevation,14.959420849328074
rough_CEC,12.042485577163118
rough_MAP,11.971267807929605
MAP,10.925840261060543
rough_Soil.C,8.973250828505702
Elevation,5.190288897273209
rough_Clay,4.905121794531791
Clay,4.8471830277184536
pH,2.9109706652490464
PDQ,2.4907198490779465
CEC,2.053081685578719
