var,rel.inf
rough_Surface.T,18.93967562272193
rough_Elevation,14.588647382632693
rough_CEC,12.013722056550092
rough_MAP,11.94978360785286
MAP,11.535138066518421
rough_Soil.C,9.581996788143881
Elevation,5.322240936070419
rough_Clay,4.79538069822952
Clay,4.5532413837446
pH,2.6077381790414464
PDQ,2.150021652146374
CEC,1.9624136263477676
