nt,pseudo_r2,pred_obs_r2,pred_obs_r2_exp
3300,0.2718663727305457,0.755290827094127,0.6882386845852548
