var,rel.inf
rough_Surface.T,18.580630787757997
rough_Elevation,14.750336543027174
rough_CEC,12.019818807056938
rough_MAP,11.947400545828113
MAP,10.710925061922788
rough_Soil.C,9.33851630325501
rough_Clay,5.206254208708928
Elevation,5.193614983223244
Clay,4.692990457226226
pH,2.915730279590755
PDQ,2.420069167294124
CEC,2.2237128551086998
