nt,pseudo_r2,pred_obs_r2,pred_obs_r2_exp
5400,0.31131012387038226,0.8244340963481895,0.7490636100366347
