var,rel.inf
rough_Surface.T,18.21530953591785
rough_Elevation,14.626665883573747
rough_CEC,11.791206352816872
MAP,11.090191184316938
rough_MAP,10.915750579381243
rough_Soil.C,9.585936683805611
rough_Clay,5.3730835178608505
Elevation,5.273011464966749
Clay,4.8519879850511956
pH,3.211550930178611
PDQ,2.688861215162845
CEC,2.3764446669674903
