var,rel.inf
rough_Surface.T,18.84919968945713
rough_Elevation,14.469321882009284
rough_CEC,11.69546379486083
rough_MAP,11.195525061939403
MAP,11.065243903048987
rough_Soil.C,9.413764977368388
Elevation,5.500970398790163
rough_Clay,5.146220752017056
Clay,5.038996984901895
pH,2.922680575581435
PDQ,2.5959585762853488
CEC,2.1066534037400815
