var,rel.inf
rough_Surface.T,18.420362534326333
rough_Elevation,14.42655342930665
rough_CEC,11.760606731756976
rough_MAP,11.384529895860908
MAP,11.000493600551502
rough_Soil.C,9.569639680201954
Elevation,5.709101464911981
rough_Clay,5.219575133107995
Clay,4.776978457455624
pH,2.9572025700829574
PDQ,2.5606501127701655
CEC,2.2143063896669517
