var,rel.inf
rough_Surface.T,18.650624448092486
rough_Elevation,15.030093780310672
rough_MAP,12.191173062302102
rough_CEC,11.923424139533193
MAP,11.205441337419217
rough_Soil.C,9.586604139297156
Elevation,5.300252653065498
Clay,4.753786724920728
rough_Clay,4.678178933015018
pH,2.32362179934258
PDQ,2.2815287633753316
CEC,2.0752702193260153
