nt,pseudo_r2,pred_obs_r2,pred_obs_r2_exp
4150,0.23038470560429636,0.7890292125624189,0.7198616366315905
