var,rel.inf
rough_Surface.T,18.609956245438582
rough_Elevation,14.910022571513448
rough_CEC,12.055683607412787
rough_MAP,11.79018660312662
MAP,11.165324594044419
rough_Soil.C,9.701566573051306
Elevation,5.143327408085192
rough_Clay,4.660418226924065
Clay,4.641097987521099
pH,2.9598206379167684
PDQ,2.2920993724183982
CEC,2.0704961725473257
