nt,pseudo_r2,pred_obs_r2,pred_obs_r2_exp
4400,0.2649271404283181,0.7972713316513268,0.7246976679306386
