nt,pseudo_r2,pred_obs_r2,pred_obs_r2_exp
4800,0.28025835356577256,0.8076345229924882,0.734450382906819
