nt,pseudo_r2,pred_obs_r2,pred_obs_r2_exp
3150,0.25593998001736806,0.7502487068628497,0.6844122088904265
