nt,pseudo_r2,pred_obs_r2,pred_obs_r2_exp
2850,0.19103649752862173,0.7386650084232839,0.6756774368468672
