nt,pseudo_r2,pred_obs_r2,pred_obs_r2_exp
5100,0.36961777568561105,0.8159252066694552,0.7398986965238619
