var,rel.inf
rough_Surface.T,19.735703827301563
rough_Elevation,15.123691328422316
rough_MAP,12.865039383219456
rough_CEC,12.133301804335362
MAP,11.18274889765897
rough_Soil.C,9.710802330879488
Elevation,4.985285199758909
Clay,4.153087147382892
rough_Clay,4.0823435694736565
pH,2.10197293123756
CEC,2.0891385109966687
PDQ,1.8368850693331542
