nt,pseudo_r2,pred_obs_r2,pred_obs_r2_exp
5050,0.33234531764330544,0.8156026007942496,0.741657655087092
