var,rel.inf
rough_Surface.T,18.889634751045573
rough_Elevation,14.809900833575657
rough_CEC,12.001230993684706
rough_MAP,11.817184078602102
MAP,11.182254937070143
rough_Soil.C,9.056811963167604
Elevation,5.407683350985269
rough_Clay,4.7958218844288805
Clay,4.747049048362445
pH,2.5536723579993974
PDQ,2.4967740857692107
CEC,2.241981715309007
