nt,pseudo_r2,pred_obs_r2,pred_obs_r2_exp
3550,0.2641783546776505,0.7673105930046545,0.6989742537080961
