var,rel.inf
rough_Surface.T,18.434057698615714
rough_Elevation,14.615575832654613
rough_CEC,11.919801562537593
rough_MAP,11.478623531205471
MAP,11.0535330098661
rough_Soil.C,8.964866706403619
rough_Clay,5.294416935313059
Elevation,5.293788959440301
Clay,4.8593057863030245
pH,3.1085713780172823
PDQ,2.7490926841617846
CEC,2.2283659154814432
