nt,pseudo_r2,pred_obs_r2,pred_obs_r2_exp
4650,0.24288455336040804,0.8042689081649198,0.7315921913859077
