var,rel.inf
rough_Surface.T,18.7776399535811
rough_Elevation,14.607611204497893
rough_CEC,11.815875811533251
rough_MAP,11.58546915608068
MAP,10.981541651483846
rough_Soil.C,9.409900015872616
Elevation,5.226418785251616
rough_Clay,4.945520244014886
Clay,4.837406137696594
pH,2.994245633038598
PDQ,2.6230191750871903
CEC,2.1953522318617305
