nt,pseudo_r2,pred_obs_r2,pred_obs_r2_exp
4800,0.25711037733722975,0.8098526402133853,0.7351775559744688
