nt,pseudo_r2,pred_obs_r2,pred_obs_r2_exp
3350,0.21841310290162874,0.7590624423546098,0.6884053085725391
