nt,pseudo_r2,pred_obs_r2,pred_obs_r2_exp
5400,0.2621501333672379,0.8244035596898032,0.7446149415550659
