var,rel.inf
rough_Surface.T,18.35146929544063
rough_Elevation,14.270401783315915
rough_CEC,11.606991980364356
rough_MAP,11.149908392997727
MAP,10.847886040772693
rough_Soil.C,8.846883632822783
Elevation,5.737556613500228
rough_Clay,5.490993334063782
Clay,5.104625799325423
pH,3.375313437140335
PDQ,2.7817075386045764
CEC,2.4362621516515546
