var,rel.inf
rough_Surface.T,19.21834623519896
rough_Elevation,14.152790632154757
rough_CEC,12.06757530642149
rough_MAP,11.857158822756107
MAP,10.928105968945891
rough_Soil.C,9.260702007900877
Elevation,5.250579997268393
rough_Clay,4.9478973127459565
Clay,4.649698398747195
pH,2.9539089236360034
PDQ,2.388154469859363
CEC,2.325081924364999
