var,rel.inf
rough_Surface.T,19.031640314240434
rough_Elevation,14.35286596708759
rough_MAP,11.773695171691868
rough_CEC,11.739529873296947
MAP,10.981251848996267
rough_Soil.C,9.697018823395874
Elevation,5.438062042014755
rough_Clay,4.90387173034402
Clay,4.7535591418711265
pH,2.8966681094758795
PDQ,2.278237196881496
CEC,2.153599780703738
