nt,pseudo_r2,pred_obs_r2,pred_obs_r2_exp
4150,0.23562357661289124,0.7878652529369399,0.71767855026816
