var,rel.inf
rough_Surface.T,19.37334848008625
rough_Elevation,14.668922062022382
rough_MAP,12.161597510420501
rough_CEC,12.000571471415094
MAP,11.354661346159041
rough_Soil.C,9.227942152995888
Elevation,5.008311604721678
Clay,4.8474421273829345
rough_Clay,4.664938780682586
pH,2.462164130965324
PDQ,2.2099869852024123
CEC,2.0201133479459044
