nt,pseudo_r2,pred_obs_r2,pred_obs_r2_exp
3750,0.24568064557560176,0.7752723312061433,0.7069174843149845
