var,rel.inf
rough_Surface.T,19.20633978354494
rough_Elevation,14.389947032783457
rough_CEC,11.81246855318712
rough_MAP,11.498327259871058
MAP,11.409278386495938
rough_Soil.C,8.849447854970974
Elevation,5.400533528325878
rough_Clay,5.129581816270913
Clay,4.7214996771503115
pH,2.9119903469287745
PDQ,2.368463442671441
CEC,2.3021223177991867
