nt,pseudo_r2,pred_obs_r2,pred_obs_r2_exp
4400,0.2953740375161974,0.7988182553656259,0.7266961576225341
