nt,pseudo_r2,pred_obs_r2,pred_obs_r2_exp
5150,0.3068336197416879,0.8197781058677241,0.7437643220550262
