var,rel.inf
rough_Surface.T,17.817353238705028
rough_Elevation,14.590458826691204
rough_CEC,11.557845214639379
rough_MAP,11.005225843491191
MAP,10.6969808005262
rough_Soil.C,9.08365563611576
rough_Clay,5.785284913219326
Elevation,5.596336878279889
Clay,5.222338788633422
pH,3.299704978980263
PDQ,2.8362776313171736
CEC,2.508537249401167
