nt,pseudo_r2,pred_obs_r2,pred_obs_r2_exp
3750,0.2674803088425749,0.7743196962749409,0.7038885045456167
