var,rel.inf
rough_Surface.T,18.41324545372453
rough_Elevation,14.191946992636046
rough_CEC,11.835437853245354
rough_MAP,11.130163441985944
MAP,10.89373358780209
rough_Soil.C,9.12626543357727
Elevation,5.530045836376576
rough_Clay,5.523264041027412
Clay,5.135807414653783
pH,3.2250869853062407
PDQ,2.713411327286273
CEC,2.281591632378475
