nt,pseudo_r2,pred_obs_r2,pred_obs_r2_exp
4400,0.22233630169717666,0.79730937379788,0.724745485286917
