nt,pseudo_r2,pred_obs_r2,pred_obs_r2_exp
3600,0.26773575890462664,0.7681630689581007,0.6995812894492107
