var,rel.inf
rough_Surface.T,18.81917501540927
rough_Elevation,14.700881365641678
rough_CEC,11.83092956908475
rough_MAP,11.704243712306948
MAP,11.071481243927234
rough_Soil.C,8.965282325024988
rough_Clay,5.12177913197997
Elevation,5.077765030769406
Clay,4.699483255702202
pH,3.1191638970064623
CEC,2.4512085461118294
PDQ,2.4386069070352634
