nt,pseudo_r2,pred_obs_r2,pred_obs_r2_exp
4250,0.2534140934634814,0.7915569766433239,0.7230240600799432
