nt,pseudo_r2,pred_obs_r2,pred_obs_r2_exp
3850,0.27209744298188887,0.7781388174223258,0.7090166309437195
