var,rel.inf
rough_Surface.T,18.79988277198644
rough_Elevation,15.633012246860101
rough_MAP,12.728705151682634
rough_CEC,12.433796887755182
MAP,11.350983681091131
rough_Soil.C,9.88697589260165
Elevation,5.060783316756237
rough_Clay,4.160450268388837
Clay,4.132549835416256
PDQ,2.0335996635181974
pH,1.9743388186752777
CEC,1.8049214652680645
