var,rel.inf
rough_Surface.T,18.80795902618199
rough_Elevation,14.533521580994993
rough_CEC,11.698149201836149
rough_MAP,11.387685933668145
MAP,10.843095821371431
rough_Soil.C,9.635591074369623
rough_Clay,5.321270685203571
Elevation,5.288058140360532
Clay,4.832560553722662
pH,2.9010725190614184
PDQ,2.4973761330035713
CEC,2.253659330225917
