nt,pseudo_r2,pred_obs_r2,pred_obs_r2_exp
3850,0.2763694919302746,0.7770765422473354,0.7069456936585398
