var,rel.inf
rough_Surface.T,18.598864823805616
rough_Elevation,14.419661037917352
rough_CEC,11.809245468969383
rough_MAP,11.346845671390803
MAP,11.042298638283336
rough_Soil.C,9.487060193445524
Elevation,5.529403853832032
rough_Clay,5.294641999509844
Clay,4.825312013063466
pH,3.0461743213542514
PDQ,2.428631763004669
CEC,2.1718602154237243
