nt,pseudo_r2,pred_obs_r2,pred_obs_r2_exp
4100,0.3189340137599669,0.7867722815076906,0.7164640168135934
