nt,pseudo_r2,pred_obs_r2,pred_obs_r2_exp
3500,0.22795108692571742,0.7651881016171229,0.6988939665903124
