nt,pseudo_r2,pred_obs_r2,pred_obs_r2_exp
5250,0.3200453182936581,0.8195432636545562,0.7455082232766356
