var,rel.inf
rough_Surface.T,19.172924623668408
rough_Elevation,14.699780140994468
rough_MAP,12.61723089271584
rough_CEC,12.068728123863957
MAP,11.112179885392536
rough_Soil.C,10.035107018931376
Elevation,4.801858817403421
Clay,4.639910763094413
rough_Clay,4.460733823310727
pH,2.361664327113196
CEC,2.036229991770234
PDQ,1.9936515917414284
