nt,pseudo_r2,pred_obs_r2,pred_obs_r2_exp
3900,0.2640822615676658,0.7786637230680585,0.7114949002567885
