var,rel.inf
rough_Surface.T,18.453458383114764
rough_Elevation,14.758201329925315
rough_CEC,11.736556927465923
rough_MAP,11.425442711185285
MAP,11.309794637152349
rough_Soil.C,9.518361360647438
Elevation,5.423034292832146
rough_Clay,5.017752426067036
Clay,4.901891008032487
pH,2.8303099687052655
PDQ,2.502144866695943
CEC,2.123052088176047
