var,rel.inf
rough_Surface.T,19.04159120246579
rough_Elevation,15.146702697647063
rough_CEC,12.106812885118009
rough_MAP,11.95180026559973
MAP,11.243283521882374
rough_Soil.C,9.570213961246287
Elevation,5.147001649952308
Clay,4.661770107469277
rough_Clay,4.622678398688441
pH,2.40237298859765
PDQ,2.1162905837632344
CEC,1.9894817375698426
