nt,pseudo_r2,pred_obs_r2,pred_obs_r2_exp
4500,0.2548439862418225,0.8005035085455874,0.7251440048325117
