var,rel.inf
rough_Surface.T,18.551530081323744
rough_Elevation,14.790426738825289
rough_CEC,11.747056128367781
rough_MAP,11.612788752753445
MAP,11.280945542899794
rough_Soil.C,9.774002025828128
Elevation,5.38059307572182
rough_Clay,4.93089236961999
Clay,4.855983340802277
pH,2.6868889920251546
PDQ,2.2690379495128172
CEC,2.119855002319759
