var,rel.inf
rough_Surface.T,18.938652495781454
rough_Elevation,14.901580814730758
rough_CEC,12.252057467029598
rough_MAP,11.827984386007635
MAP,11.164351842074652
rough_Soil.C,9.027820922345366
Elevation,5.130421615149499
rough_Clay,4.885564613933969
Clay,4.543457282941275
pH,2.795552275492128
PDQ,2.338338081972983
CEC,2.194218202540691
