nt,pseudo_r2,pred_obs_r2,pred_obs_r2_exp
4650,0.3035942386779429,0.80285588915158,0.7292130222639024
