var,rel.inf
rough_Surface.T,18.472424671045882
rough_Elevation,14.62880771647802
rough_CEC,11.877653626375407
rough_MAP,11.54175147675787
MAP,10.577347215937282
rough_Soil.C,9.557900658529624
Elevation,5.364866166958624
rough_Clay,5.254777868189844
Clay,4.95395654936371
pH,2.993440948898513
PDQ,2.610914439681542
CEC,2.1661586617836788
