nt,pseudo_r2,pred_obs_r2,pred_obs_r2_exp
5e3,0.3018141974146703,0.8144341427287833,0.7409952503558143
