var,rel.inf
rough_Surface.T,18.812833985053352
rough_Elevation,14.19571789754992
rough_CEC,11.887973891038094
MAP,11.223381197343691
rough_MAP,10.97957502409393
rough_Soil.C,9.212538100565464
Elevation,5.512540602556598
rough_Clay,5.385606396149271
Clay,4.846460768155933
pH,3.1526712462073565
PDQ,2.609094060734886
CEC,2.181606830551504
