nt,pseudo_r2,pred_obs_r2,pred_obs_r2_exp
3450,0.21197114293580044,0.7637575292932683,0.6949934037989929
