var,rel.inf
rough_Surface.T,19.246685383947035
rough_Elevation,15.096586600986084
rough_MAP,12.061997692097238
rough_CEC,11.863214934275868
MAP,11.295966044430589
rough_Soil.C,9.43492665101573
Elevation,4.752172120848165
Clay,4.604946627831401
rough_Clay,4.581323035607994
pH,2.77087137010642
PDQ,2.191231214078813
CEC,2.1000783247746635
