nt,pseudo_r2,pred_obs_r2,pred_obs_r2_exp
5e3,0.3043263578311044,0.8126161430800979,0.7373156622982068
