var,rel.inf
rough_Surface.T,19.0544823108698
rough_Elevation,14.974919206509586
rough_CEC,11.901443503903295
rough_MAP,11.537891907461498
MAP,11.160496114789705
rough_Soil.C,9.141240128390347
Elevation,5.052643774173632
rough_Clay,4.9851637130716835
Clay,4.9837573310291985
pH,2.7288286425393373
PDQ,2.2722465754994414
CEC,2.2068867917624724
