var,rel.inf
rough_Surface.T,18.766070178421945
rough_Elevation,15.210348661188563
rough_MAP,12.278972689698133
rough_CEC,11.710002337489914
MAP,11.309626664936461
rough_Soil.C,9.372281987282781
Elevation,5.223625842472644
Clay,4.737696178895725
rough_Clay,4.654543321551238
pH,2.4426272177826056
PDQ,2.234776403166778
CEC,2.0594285171132114
