nt,pseudo_r2,pred_obs_r2,pred_obs_r2_exp
4e3,0.2362599824996524,0.7827114288878438,0.7131776631672135
