var,rel.inf
rough_Surface.T,18.295653450033825
rough_Elevation,14.803510431217992
rough_CEC,11.728278460752605
rough_MAP,11.501969640059222
MAP,11.452618634403553
rough_Soil.C,9.432361000404793
Elevation,5.299402518794877
rough_Clay,5.119933277953213
Clay,4.764718032859394
pH,2.9081364934265137
PDQ,2.4936047518717466
CEC,2.199813308222267
