var,rel.inf
rough_Surface.T,18.742149562587723
rough_Elevation,14.32171380186066
rough_CEC,11.667682201783384
rough_MAP,11.350468410210999
MAP,11.0397166730391
rough_Soil.C,9.48359732471587
Elevation,5.514909507927694
rough_Clay,5.279921139361096
Clay,4.860863192718738
pH,2.8678018227343163
PDQ,2.61732907445384
CEC,2.253847288606574
