nt,pseudo_r2,pred_obs_r2,pred_obs_r2_exp
4300,0.2897397415873758,0.7938843206912964,0.7230034215578863
