nt,pseudo_r2,pred_obs_r2,pred_obs_r2_exp
3600,0.24816852240890197,0.7684250406192307,0.704431743397862
