var,rel.inf
rough_Surface.T,18.74071440222357
rough_Elevation,14.359478703921328
rough_CEC,11.67903515355227
rough_MAP,11.232747887232925
MAP,11.12707826788081
rough_Soil.C,9.357370949090315
rough_Clay,5.334508595081373
Elevation,5.274874234953294
Clay,4.9289209672654
pH,2.9559610808980876
PDQ,2.5831303184575423
CEC,2.426179439443085
