var,rel.inf
rough_Surface.T,18.830090932288737
rough_Elevation,14.672065186884677
rough_MAP,12.232788707203076
rough_CEC,12.025089750339712
MAP,11.109881428284172
rough_Soil.C,8.737244305698376
Elevation,5.152673123204445
rough_Clay,5.079735919432907
Clay,4.679631682480857
pH,3.0167659802735223
PDQ,2.2944255961071685
CEC,2.169607387802355
