var,rel.inf
rough_Surface.T,18.265101747241527
rough_Elevation,14.268073069074378
rough_CEC,11.984644205301466
MAP,11.426226944486864
rough_MAP,11.319384262320172
rough_Soil.C,9.0398782903582
Elevation,5.353913471725386
rough_Clay,5.31526472948984
Clay,4.903062896214159
pH,2.980609124642264
PDQ,2.8611674084566805
CEC,2.2826738506890547
