var,rel.inf
rough_Surface.T,18.048698383706334
rough_Elevation,14.65518671445791
rough_CEC,11.955633913736838
rough_MAP,11.397208185437313
MAP,11.36146105577265
rough_Soil.C,9.19761734426013
rough_Clay,5.232075405822734
Elevation,5.206673204974713
Clay,4.94469434567148
pH,2.994049107810942
PDQ,2.63854822779532
CEC,2.3681541105536446
