var,rel.inf
rough_Surface.T,19.368095355544913
rough_Elevation,15.163365995308629
rough_MAP,12.196779271132781
rough_CEC,12.026880984791681
MAP,11.62037221655902
rough_Soil.C,10.167411100410334
Elevation,4.949809711203468
rough_Clay,4.340113998321932
Clay,3.9934785578895573
pH,2.156423777504122
PDQ,2.027959183337024
CEC,1.9893098479965377
