nt,pseudo_r2,pred_obs_r2,pred_obs_r2_exp
4400,0.2600964040549497,0.7966736564358277,0.7281114358904497
