var,rel.inf
rough_Surface.T,18.577025139429782
rough_Elevation,14.712717590212918
rough_CEC,11.902180362692562
MAP,11.365176479220237
rough_MAP,11.028588684522814
rough_Soil.C,9.401238347377683
rough_Clay,5.336543104824815
Elevation,5.107643451729418
Clay,4.635930540430468
pH,3.067200589898237
PDQ,2.483422873865488
CEC,2.382332835795573
