var,rel.inf
rough_Surface.T,19.91292914896663
rough_Elevation,15.671091344539963
rough_MAP,12.76729057816489
rough_CEC,12.25052575861655
MAP,11.956991890151805
rough_Soil.C,9.56221729706586
Elevation,4.6768536795712725
rough_Clay,3.922208382982828
Clay,3.8889151852356307
CEC,1.8410851280463674
pH,1.7916026179832463
PDQ,1.7582889886749578
