nt,pseudo_r2,pred_obs_r2,pred_obs_r2_exp
4e3,0.2909907478172209,0.7834825557208576,0.7152284184360586
