var,rel.inf
rough_Surface.T,18.522474279936002
rough_Elevation,14.477535621185611
rough_CEC,11.874920795274361
rough_MAP,11.48986057216002
MAP,11.28115761747303
rough_Soil.C,9.241109146723833
Elevation,5.414981943794656
rough_Clay,5.149847977771423
Clay,5.022554458296316
pH,2.683047192167779
PDQ,2.457175209283881
CEC,2.38533518593308
