nt,pseudo_r2,pred_obs_r2,pred_obs_r2_exp
3900,0.22768256007048826,0.7806248585858091,0.7118865589666785
