nt,pseudo_r2,pred_obs_r2,pred_obs_r2_exp
4050,0.2804242603015975,0.7849643474746786,0.7147890644225846
