nt,pseudo_r2,pred_obs_r2,pred_obs_r2_exp
4300,0.26940027620179197,0.7944256673798166,0.7220956859833673
