var,rel.inf
rough_Surface.T,18.70182793749272
rough_Elevation,14.940864958808627
rough_CEC,12.148063111726433
rough_MAP,11.828688269797144
MAP,11.357095928546695
rough_Soil.C,9.741345763663537
Elevation,5.12293379821948
Clay,4.723814343010467
rough_Clay,4.549697107441993
pH,2.577126109485389
PDQ,2.2202571680306975
CEC,2.08828550377682
