nt,pseudo_r2,pred_obs_r2,pred_obs_r2_exp
5e3,0.2609074629735668,0.8139988393553583,0.7377335536720941
