nt,pseudo_r2,pred_obs_r2,pred_obs_r2_exp
3500,0.24088630665038957,0.7648717610397077,0.6987660932130328
