nt,pseudo_r2,pred_obs_r2,pred_obs_r2_exp
4700,0.3095208502067084,0.8052522213643416,0.7329544706821639
