nt,pseudo_r2,pred_obs_r2,pred_obs_r2_exp
5e3,0.26943003912446695,0.8140248960751142,0.738053457547884
