var,rel.inf
rough_Surface.T,18.624483968651592
rough_Elevation,14.665043043923117
rough_CEC,11.995748809678178
rough_MAP,11.59046494557708
MAP,11.152243445171905
rough_Soil.C,8.941929655145007
rough_Clay,5.126608490550307
Elevation,5.119917696102498
Clay,4.991863605165981
pH,2.8553233728100094
PDQ,2.6073076001797473
CEC,2.3290653670445725
