nt,pseudo_r2,pred_obs_r2,pred_obs_r2_exp
4400,0.27757744344850765,0.7987068473728566,0.7257471637704501
