nt,pseudo_r2,pred_obs_r2,pred_obs_r2_exp
4850,0.31208037447032166,0.8105909986174104,0.7382981201363829
