var,rel.inf
rough_Surface.T,19.236377122514657
rough_Elevation,14.623775032544776
rough_CEC,11.79354949310827
rough_MAP,11.326695586127942
MAP,11.307433825085399
rough_Soil.C,10.068534150470452
Elevation,5.313922296999335
rough_Clay,4.715773157520753
Clay,4.664694264069883
pH,2.6522990971143243
PDQ,2.2644447352032655
CEC,2.032501239240944
