var,rel.inf
rough_Surface.T,18.589742339565234
rough_Elevation,14.540440358688494
rough_CEC,12.072066069363691
rough_MAP,11.576033111162408
MAP,11.094193555989596
rough_Soil.C,9.296028660741642
Elevation,5.206790539494595
rough_Clay,5.111714671392247
Clay,4.796888173368862
pH,2.938812830853313
PDQ,2.5598618069473438
CEC,2.2174278824325717
