var,rel.inf
rough_Surface.T,18.069666796143068
rough_Elevation,14.676852994229584
rough_CEC,11.980467437095236
rough_MAP,11.924570234199292
MAP,10.984556773731159
rough_Soil.C,9.422216094523733
Elevation,5.43132056311077
rough_Clay,4.9959072913051426
Clay,4.841472288752749
pH,3.0969818494589165
PDQ,2.4960787063048624
CEC,2.0799089711454894
