var,rel.inf
rough_Surface.T,19.224805456622786
rough_Elevation,15.130877259811776
rough_CEC,12.100190702955791
rough_MAP,11.73809270734518
MAP,11.204922155962498
rough_Soil.C,9.360918284483102
Elevation,5.050475797281722
Clay,4.647825090169072
rough_Clay,4.605858735905327
pH,2.5349026861913955
PDQ,2.322998268225095
CEC,2.078132855046254
