nt,pseudo_r2,pred_obs_r2,pred_obs_r2_exp
4200,0.2622833270975312,0.7888895392001132,0.7178414066324178
