nt,pseudo_r2,pred_obs_r2,pred_obs_r2_exp
4450,0.2643222261489738,0.7982167788795862,0.7253502175751324
