nt,pseudo_r2,pred_obs_r2,pred_obs_r2_exp
3850,0.2800373001304233,0.7770958279390506,0.7060432310660297
