var,rel.inf
rough_Surface.T,18.709011745519554
rough_Elevation,15.42813464985817
rough_CEC,12.479222327949975
rough_MAP,12.033141436714175
MAP,11.538730418244915
rough_Soil.C,9.445886699134466
Elevation,5.091924423405544
Clay,4.45283303485617
rough_Clay,4.407302577268683
pH,2.2328905047632794
PDQ,2.1048186291085185
CEC,2.0761035531765475
