var,rel.inf
rough_Surface.T,19.03440027859557
rough_Elevation,15.474278645703762
rough_MAP,12.933789217645634
rough_CEC,12.239756696388508
MAP,11.358635769533066
rough_Soil.C,10.045264268786825
Elevation,4.7697717915440725
Clay,4.353073951095159
rough_Clay,3.828045684128345
pH,2.27660604476777
CEC,1.9087397592666475
PDQ,1.7776378925446403
