nt,pseudo_r2,pred_obs_r2,pred_obs_r2_exp
4200,0.2196994762758563,0.7917681624086189,0.7215743250330824
