nt,pseudo_r2,pred_obs_r2,pred_obs_r2_exp
4750,0.2932173791966123,0.8066255589139298,0.7340228530798444
