var,rel.inf
rough_Surface.T,18.826113341940584
rough_Elevation,14.515670580668282
rough_CEC,11.807184550894902
rough_MAP,11.444229730237756
MAP,11.240869377233322
rough_Soil.C,9.635553911219233
Elevation,5.293489586378587
rough_Clay,5.106767240750144
Clay,4.762143871385893
pH,2.7054405420720586
PDQ,2.457965808255495
CEC,2.2045714589637453
