var,rel.inf
rough_Surface.T,19.671132162455912
rough_Elevation,15.558557778052107
rough_CEC,12.70664256666593
rough_MAP,12.361359252353761
MAP,11.90907957645818
rough_Soil.C,9.812037848571775
Elevation,4.608919034449479
Clay,4.055037659723819
rough_Clay,3.719699736060692
CEC,1.940994834644376
pH,1.8966776619062624
PDQ,1.7598618886577102
