nt,pseudo_r2,pred_obs_r2,pred_obs_r2_exp
4150,0.25327578337671364,0.7874675924601481,0.7176185285976112
