var,rel.inf
rough_Surface.T,18.732007926469304
rough_Elevation,15.320288708404187
rough_MAP,12.389067738820232
rough_CEC,12.092891931364274
MAP,11.677337614433284
rough_Soil.C,9.559552478346067
Elevation,5.097414811601445
rough_Clay,4.538439755063957
Clay,4.427173589593075
pH,2.288438930859948
PDQ,1.9830433645538554
CEC,1.8943431504903663
