nt,pseudo_r2,pred_obs_r2,pred_obs_r2_exp
5450,0.3107337918016889,0.8271903646912849,0.7500545513696014
