nt,pseudo_r2,pred_obs_r2,pred_obs_r2_exp
4650,0.2399484550327633,0.8035642276218977,0.7290179215766869
