var,rel.inf
rough_Surface.T,19.47406470049616
rough_Elevation,15.629137452425292
rough_MAP,12.844515749293912
rough_CEC,12.203589722317044
MAP,11.172468800978363
rough_Soil.C,9.970131175589565
Elevation,5.089053750219154
rough_Clay,3.911222030055647
Clay,3.900077105113182
pH,1.978911450981638
CEC,1.974098128002504
PDQ,1.8527299345275354
