var,rel.inf
rough_Surface.T,19.274278756425748
rough_Elevation,14.85729238511142
rough_CEC,11.97457788662039
rough_MAP,11.519235980535786
MAP,11.121019431141871
rough_Soil.C,9.264746092735853
Elevation,5.2608369918931235
Clay,4.758652237945131
rough_Clay,4.717724545631095
pH,2.6151789072332203
PDQ,2.361963146043844
CEC,2.274493638682521
