var,rel.inf
rough_Surface.T,18.33594823689797
rough_Elevation,14.597410419504788
rough_MAP,12.07852884647759
rough_CEC,12.043818310935547
MAP,11.546123935342871
rough_Soil.C,9.142845555552025
Elevation,5.15362024868615
rough_Clay,4.910368823858985
Clay,4.767830771466872
pH,2.86762849963569
PDQ,2.3527175988742988
CEC,2.2031587527672105
