var,rel.inf
rough_Surface.T,19.369119260781748
rough_Elevation,15.437742936760236
rough_MAP,11.983984960362157
rough_CEC,11.752961056107996
MAP,11.331553639284898
rough_Soil.C,10.23581704757997
Elevation,5.144887418683121
Clay,4.480421332179702
rough_Clay,3.9729564923273006
pH,2.219497406491245
PDQ,2.0874263933292143
CEC,1.9836320561124052
