nt,pseudo_r2,pred_obs_r2,pred_obs_r2_exp
4500,0.31819317958175297,0.7998780845284567,0.7251781531496815
