nt,pseudo_r2,pred_obs_r2,pred_obs_r2_exp
4e3,0.24359572678472852,0.7808402948345768,0.7111256479369057
