nt,pseudo_r2,pred_obs_r2,pred_obs_r2_exp
4800,0.26063522942262207,0.808439559831246,0.7354897432068414
