nt,pseudo_r2,pred_obs_r2,pred_obs_r2_exp
5300,0.26146530312768845,0.8212766561587398,0.7446207648408931
