var,rel.inf
rough_Surface.T,18.912527247965983
rough_Elevation,14.706147138861185
rough_CEC,11.938393444396501
rough_MAP,11.724283503907166
MAP,11.037446087317717
rough_Soil.C,9.113419177123074
Elevation,5.535084637630262
rough_Clay,4.9411954853052285
Clay,4.7068590806675115
pH,2.7979836238797926
PDQ,2.3931338724731415
CEC,2.19352670047243
