var,rel.inf
rough_Surface.T,19.147657155650904
rough_Elevation,15.101764947306043
rough_CEC,12.050490289752418
rough_MAP,11.472938372122762
MAP,11.223536699448516
rough_Soil.C,9.744476545408443
Elevation,5.102756568914824
Clay,4.706883329903748
rough_Clay,4.624853427286385
pH,2.436700065840335
PDQ,2.251570191748615
CEC,2.1363724066170064
