nt,pseudo_r2,pred_obs_r2,pred_obs_r2_exp
3600,0.2597153639636448,0.7687283446240414,0.69961415987106
