nt,pseudo_r2,pred_obs_r2,pred_obs_r2_exp
5800,0.3378294809131239,0.8364805310405798,0.7525337129270689
