nt,pseudo_r2,pred_obs_r2,pred_obs_r2_exp
3700,0.28339244743532144,0.7731789989589001,0.7040942673193127
