var,rel.inf
rough_Surface.T,18.745626406400373
rough_Elevation,14.471567599066022
rough_MAP,11.858115645510162
rough_CEC,11.810032974888017
MAP,10.677452636407777
rough_Soil.C,8.81349231629425
Elevation,5.376653661464868
rough_Clay,5.249563122227011
Clay,5.188371524431569
pH,3.089080199913661
PDQ,2.6565676523736226
CEC,2.063476261022671
