var,rel.inf
rough_Surface.T,18.40974077427087
rough_Elevation,14.774846020076588
rough_CEC,11.943680383707123
rough_MAP,11.638247888931549
MAP,11.038772886898062
rough_Soil.C,9.337692664221281
Elevation,5.478343164704166
rough_Clay,5.050669821434045
Clay,4.788097943560768
pH,2.863554204054603
PDQ,2.478329467168351
CEC,2.1980247809725895
