var,rel.inf
rough_Surface.T,18.714347866387207
rough_Elevation,14.434373765894208
rough_CEC,11.682441210991437
MAP,10.925402954544916
rough_MAP,10.90708630650661
rough_Soil.C,9.309013768841167
rough_Clay,5.421830590027289
Elevation,5.381734422514531
Clay,4.906575704160044
pH,3.212173660092882
PDQ,2.7482258845919665
CEC,2.356793865447738
