var,rel.inf
rough_Surface.T,18.72759953006818
rough_Elevation,14.657851667829005
rough_MAP,12.076034120650887
rough_CEC,12.05492850886289
MAP,11.096526164602661
rough_Soil.C,9.30135653174783
Elevation,5.226836583902706
rough_Clay,4.9398937406981265
Clay,4.6248288637904444
pH,2.6782137036948543
PDQ,2.550254616870698
CEC,2.0656759672817238
