nt,pseudo_r2,pred_obs_r2,pred_obs_r2_exp
5450,0.2476881132421993,0.8268381650343101,0.7499905992529486
