nt,pseudo_r2,pred_obs_r2,pred_obs_r2_exp
4400,0.2762931594618493,0.7953691121020857,0.7228598023055514
