nt,pseudo_r2,pred_obs_r2,pred_obs_r2_exp
3400,0.2991027331878441,0.7644036380217395,0.6938726607953433
