var,rel.inf
rough_Surface.T,18.8643633946916
rough_Elevation,14.686556659113222
rough_MAP,11.92677692499078
rough_CEC,11.85283682893762
MAP,11.239566010912185
rough_Soil.C,9.335024469220912
Elevation,5.318124708983851
rough_Clay,4.891237594754347
Clay,4.644489469572734
pH,2.6253637760700075
CEC,2.3210291781112344
PDQ,2.294630984641505
