nt,pseudo_r2,pred_obs_r2,pred_obs_r2_exp
5050,0.2944765996212243,0.8160182658651509,0.74112695715134
