var,rel.inf
rough_Surface.T,19.267968706656337
rough_Elevation,15.741246344214481
rough_MAP,12.303466388575224
rough_CEC,11.924149695375972
MAP,11.008126874338085
rough_Soil.C,9.747448449247775
Elevation,4.996389498615865
Clay,4.399473307239365
rough_Clay,4.183129294599367
pH,2.296811696020192
CEC,2.159735033150279
PDQ,1.9720547119670544
