nt,pseudo_r2,pred_obs_r2,pred_obs_r2_exp
5e3,0.2638588001756976,0.8137001198555965,0.7398543827399288
