var,rel.inf
rough_Surface.T,18.460409755640182
rough_Elevation,14.672000898733897
rough_CEC,11.934963748615822
rough_MAP,11.82628756199765
MAP,11.182206267551337
rough_Soil.C,9.745259331347835
Elevation,5.407217682462098
Clay,4.766444362590912
rough_Clay,4.7626815165030845
pH,2.6059859871573883
PDQ,2.3894460894937257
CEC,2.2470967979060643
