nt,pseudo_r2,pred_obs_r2,pred_obs_r2_exp
3900,0.18573398240322914,0.7807027068650592,0.7093344397336674
