nt,pseudo_r2,pred_obs_r2,pred_obs_r2_exp
5700,0.29833676768284867,0.8327108662184571,0.7534335004589292
