var,rel.inf
rough_Surface.T,18.272973122515225
rough_Elevation,14.200695835088627
rough_CEC,11.56772496067745
rough_MAP,10.76910972118511
MAP,10.654821629548554
rough_Soil.C,9.278529848065622
Elevation,5.813506393564709
rough_Clay,5.6070608003371145
Clay,5.098086441876914
pH,3.4007431238276915
PDQ,2.809484906369748
CEC,2.5272632169432394
