nt,pseudo_r2,pred_obs_r2,pred_obs_r2_exp
4850,0.3090193411354145,0.8099131024360995,0.7378646105111597
