var,rel.inf
rough_Surface.T,19.696548629301503
rough_Elevation,15.061283551228817
rough_MAP,12.232244835028647
rough_CEC,12.02568580330576
MAP,11.232879237369493
rough_Soil.C,9.574983379554926
Elevation,4.916374278620815
rough_Clay,4.689102951079117
Clay,4.336567923289213
pH,2.2801765610131333
CEC,1.9901598365296667
PDQ,1.9639930136789097
