var,rel.inf
rough_Surface.T,19.3429802385562
rough_Elevation,15.441698750991202
rough_CEC,12.175041753974162
rough_MAP,11.988618013295033
MAP,11.59283481821272
rough_Soil.C,9.833857396430652
Elevation,4.799668947914447
Clay,4.316851832212055
rough_Clay,4.253303712081053
pH,2.175083958850974
CEC,2.096603495545027
PDQ,1.983457081936468
