var,rel.inf
rough_Surface.T,18.820234322175406
rough_Elevation,14.606483262475072
rough_CEC,11.874284050630735
rough_MAP,11.539111150637412
MAP,11.515194974683533
rough_Soil.C,9.446006233809905
Elevation,5.266482457060301
rough_Clay,4.877139175067039
Clay,4.667102094449003
pH,2.8160533570223243
PDQ,2.315313406638623
CEC,2.2565955153506474
