var,rel.inf
rough_Surface.T,18.430507478558813
rough_Elevation,15.155213665218554
rough_CEC,12.01883526793713
rough_MAP,11.78554467794444
MAP,11.058767374230662
rough_Soil.C,9.644236897379034
Elevation,5.330665281719017
rough_Clay,4.851815839247876
Clay,4.47217554059819
pH,2.7034721882875834
PDQ,2.452987167372893
CEC,2.0957786215058096
