nt,pseudo_r2,pred_obs_r2,pred_obs_r2_exp
4450,0.2796925214698689,0.7984757533980688,0.7242487458291647
