var,rel.inf
rough_Surface.T,18.487148539384588
rough_Elevation,15.244332842551133
rough_CEC,12.079893547616933
rough_MAP,11.845560763936145
MAP,11.226100800722875
rough_Soil.C,9.640780133043675
Elevation,5.227282839275138
rough_Clay,4.651114008443636
Clay,4.445682831354957
pH,2.7139550388867115
PDQ,2.2536578806813736
CEC,2.18449077410283
