nt,pseudo_r2,pred_obs_r2,pred_obs_r2_exp
3750,0.28950385999295414,0.774285621369266,0.7046031156916646
