nt,pseudo_r2,pred_obs_r2,pred_obs_r2_exp
4e3,0.31387462364237595,0.7838755502264567,0.7146912975864165
