nt,pseudo_r2,pred_obs_r2,pred_obs_r2_exp
3050,0.26126121497292176,0.7475529522952875,0.6822708574728213
