nt,pseudo_r2,pred_obs_r2,pred_obs_r2_exp
5400,0.24567707843192688,0.8243814923659494,0.7503125549003259
