var,rel.inf
rough_Surface.T,18.659781445928648
rough_Elevation,14.871871925821738
rough_MAP,12.067064522680349
rough_CEC,11.912386634375656
MAP,11.189976271973645
rough_Soil.C,9.399317551061518
Elevation,5.291846249792937
Clay,4.847500041001833
rough_Clay,4.58513985757411
pH,2.6234346557792025
PDQ,2.3606030302263434
CEC,2.1910778137840152
