var,rel.inf
rough_Surface.T,18.214446335649257
rough_Elevation,14.537563685452309
rough_CEC,11.80620198588377
rough_MAP,11.126336547876713
MAP,11.011938164838822
rough_Soil.C,8.983205479316423
Elevation,5.525065475474633
rough_Clay,5.456241887382746
Clay,5.094202545167789
pH,3.244084676363979
PDQ,2.7118218960929323
CEC,2.288891320500623
