var,rel.inf
rough_Surface.T,18.425992513565642
rough_Elevation,14.22926008664634
rough_CEC,11.856195570870618
rough_MAP,11.575440827573061
MAP,10.83226085549943
rough_Soil.C,9.313891978448323
Elevation,5.549936654264105
rough_Clay,5.211380185017165
Clay,5.175518466930413
pH,3.1429556697171095
PDQ,2.543203676772891
CEC,2.1439635146949048
