nt,pseudo_r2,pred_obs_r2,pred_obs_r2_exp
4450,0.26410904936463686,0.7982960588807049,0.7292470513070882
