nt,pseudo_r2,pred_obs_r2,pred_obs_r2_exp
5650,0.3498116926415866,0.8322982663245012,0.7528858970604767
