nt,pseudo_r2,pred_obs_r2,pred_obs_r2_exp
6700,0.2587914073071118,0.8549395752244768,0.7757116820686272
