var,rel.inf
rough_Surface.T,18.81840802223942
rough_Elevation,15.174220488441936
rough_MAP,12.216583922435472
rough_CEC,12.047172410119085
MAP,11.661889009303835
rough_Soil.C,9.771523273671585
Elevation,4.9926836797936645
rough_Clay,4.605967793039457
Clay,4.4812541317894246
pH,2.293226807427896
PDQ,2.0320607444662224
CEC,1.9050097172720033
