var,rel.inf
rough_Surface.T,18.565237889269163
rough_Elevation,14.756426584868288
rough_CEC,12.103257969491066
rough_MAP,11.505571218814545
MAP,11.160832791903978
rough_Soil.C,9.475382536577246
Elevation,5.377365582543792
rough_Clay,4.9026663331744595
Clay,4.724312345730164
pH,2.8050801239634855
PDQ,2.354792657019533
CEC,2.2690739666442785
