var,rel.inf
rough_Surface.T,18.638067669444087
rough_Elevation,15.17869007058192
rough_CEC,12.524969066775602
rough_MAP,12.180774664169359
MAP,11.570474301052416
rough_Soil.C,9.410259579296977
Elevation,5.203943275548608
rough_Clay,4.489458895118884
Clay,4.2682158712098355
pH,2.431022374438801
CEC,2.0611757285918624
PDQ,2.0429485037716404
