var,rel.inf
rough_Surface.T,18.50229798267596
rough_Elevation,14.769658217345146
rough_CEC,11.85426763603815
MAP,11.487958389413633
rough_MAP,11.399136217584724
rough_Soil.C,9.814060857927856
Elevation,5.383847519704894
rough_Clay,4.745762300995385
Clay,4.5744182366419945
pH,2.9874508313415613
PDQ,2.3991480343490768
CEC,2.0819937759816196
