nt,pseudo_r2,pred_obs_r2,pred_obs_r2_exp
6950,0.3446092072849025,0.8602979272945201,0.7775986068277263
