var,rel.inf
rough_Surface.T,18.77376621027286
rough_Elevation,15.35238397599776
rough_MAP,12.07949312546618
rough_CEC,11.94142185053856
MAP,11.438674408116375
rough_Soil.C,9.537540037045
Elevation,5.257603345854161
rough_Clay,4.568002625021275
Clay,4.430282897905502
pH,2.4857793916242956
CEC,2.097569813504561
PDQ,2.0374823186534727
