nt,pseudo_r2,pred_obs_r2,pred_obs_r2_exp
4700,0.3112674100534033,0.8045204655641482,0.7312724078816064
