nt,pseudo_r2,pred_obs_r2,pred_obs_r2_exp
3900,0.2760249399088881,0.7800820883775962,0.7118198927802588
