nt,pseudo_r2,pred_obs_r2,pred_obs_r2_exp
5400,0.21694870902644192,0.8251633681781883,0.749412082462159
