nt,pseudo_r2,pred_obs_r2,pred_obs_r2_exp
3800,0.28582217872934124,0.7760713468031769,0.7109118072995995
