nt,pseudo_r2,pred_obs_r2,pred_obs_r2_exp
4750,0.2890248332240525,0.8047140074834415,0.7344679222137449
