var,rel.inf
rough_Surface.T,18.233457700320436
rough_Elevation,14.419538962486858
rough_CEC,11.778242162504936
MAP,11.077288254483838
rough_MAP,11.06593436641264
rough_Soil.C,9.152375242832797
rough_Clay,5.680642707457926
Elevation,5.678219271253381
Clay,4.9631517126864155
pH,3.005358958936832
PDQ,2.7018162252287907
CEC,2.2439744353951547
