nt,pseudo_r2,pred_obs_r2,pred_obs_r2_exp
4e3,0.264538301691437,0.7851525370323754,0.7151279976259662
