nt,pseudo_r2,pred_obs_r2,pred_obs_r2_exp
3850,0.27430115288638346,0.7775759237953217,0.7064995172366413
