var,rel.inf
rough_Surface.T,18.310670878519183
rough_Elevation,14.542256199461166
rough_CEC,11.76576358608925
rough_MAP,11.187875246275322
MAP,11.036987935693007
rough_Soil.C,9.492639402498105
Elevation,5.427926156895232
rough_Clay,5.388224736060562
Clay,4.941467616240428
pH,3.106507887122577
PDQ,2.541683964848786
CEC,2.2579963902963778
