nt,pseudo_r2,pred_obs_r2,pred_obs_r2_exp
5100,0.28285181321734043,0.8170134567157067,0.7443364600202833
