var,rel.inf
rough_Surface.T,18.179779679048476
rough_Elevation,15.007045821568171
rough_CEC,12.053880103960028
rough_MAP,11.615279076640812
MAP,11.00139102792942
rough_Soil.C,9.621678030274952
Elevation,5.307362924340667
rough_Clay,4.834930080584761
Clay,4.833742691312385
pH,2.6021087208514824
PDQ,2.6007592594517934
CEC,2.3420425840370536
