var,rel.inf
rough_Surface.T,19.142139514958163
rough_Elevation,14.989167817353556
rough_CEC,12.10687320052605
rough_MAP,11.943198911103716
MAP,11.50156661524025
rough_Soil.C,9.635369281145769
Elevation,4.951481498908553
rough_Clay,4.675984582628593
Clay,4.574869831531821
pH,2.383324565703931
PDQ,2.178321665815448
CEC,1.9177025150841505
