nt,pseudo_r2,pred_obs_r2,pred_obs_r2_exp
4700,0.23113153120030638,0.8055346817751264,0.7323596480225901
