nt,pseudo_r2,pred_obs_r2,pred_obs_r2_exp
3950,0.28335113809749146,0.7822149809445161,0.7131085553236934
