nt,pseudo_r2,pred_obs_r2,pred_obs_r2_exp
4800,0.30125649206769767,0.8081391177771922,0.7340699512441874
