var,rel.inf
rough_Surface.T,18.844992634433474
rough_Elevation,14.611636235842026
rough_CEC,12.111001855036704
MAP,11.194587609960042
rough_MAP,11.118733534525932
rough_Soil.C,9.62429649013415
Elevation,5.150541338079166
rough_Clay,5.05481942143558
Clay,4.93550533880558
pH,2.7461857108821426
PDQ,2.4099765708038436
CEC,2.197723260061358
