var,rel.inf
rough_Surface.T,18.45881336829788
rough_Elevation,14.520205410915057
rough_CEC,11.486425676090414
rough_MAP,11.416252701408961
MAP,11.046684078558398
rough_Soil.C,9.518319891587277
Elevation,5.482933531458666
rough_Clay,5.188831279211748
Clay,4.978147573659675
pH,2.980057755087436
PDQ,2.6075689802967883
CEC,2.315759753427709
