var,rel.inf
rough_Surface.T,18.704484224946725
rough_Elevation,14.436114365859181
rough_CEC,11.917481015896625
rough_MAP,11.598203398022996
MAP,10.73971089960909
rough_Soil.C,9.364568577890644
Elevation,5.614306911513103
rough_Clay,5.2950142295217955
Clay,4.797270408682487
pH,2.8551902199541166
PDQ,2.5246303565084562
CEC,2.1530253915947886
