var,rel.inf
rough_Surface.T,18.617492171805715
rough_Elevation,14.8429186980448
rough_MAP,12.311470459363212
rough_CEC,12.065964997252049
MAP,11.178536421155659
rough_Soil.C,9.524092268136707
Elevation,5.134546058551413
Clay,4.751234934435514
rough_Clay,4.522587030474924
pH,2.8532032301300707
PDQ,2.155653860901833
CEC,2.042299869748099
