var,rel.inf
rough_Surface.T,18.53386574043381
rough_Elevation,14.754868603779412
rough_CEC,12.074933851855857
MAP,11.45807623924303
rough_MAP,11.031622703096465
rough_Soil.C,9.45208535476696
Elevation,5.411060047645979
rough_Clay,5.15753186294475
Clay,4.720559999753042
pH,2.8081225255095963
PDQ,2.5226660519589807
CEC,2.074607019012112
