var,rel.inf
rough_Surface.T,18.93875206064691
rough_Elevation,14.820835640083862
rough_CEC,11.804547793388318
rough_MAP,11.585932413597483
MAP,11.137977850274051
rough_Soil.C,9.45951955257713
Elevation,5.266250616869977
rough_Clay,4.862914334680133
Clay,4.7763486771177135
pH,2.8210379004086006
PDQ,2.311205786090812
CEC,2.2146773742650088
