var,rel.inf
rough_Surface.T,18.722779667561216
rough_Elevation,15.194629643189066
rough_CEC,12.317821111460319
rough_MAP,12.20639361572443
MAP,11.313249049322152
rough_Soil.C,9.333982059512302
Elevation,5.3127880365950775
rough_Clay,4.472631355729304
Clay,4.452585229304887
pH,2.4073751655733884
PDQ,2.302462678826596
CEC,1.963302387201265
