var,rel.inf
rough_Surface.T,18.911055833633704
rough_Elevation,15.003202366307246
rough_CEC,11.877419849497889
rough_MAP,11.708284768390214
MAP,11.269352674190014
rough_Soil.C,8.97211774834428
Elevation,5.271301345966597
Clay,4.942405441834115
rough_Clay,4.803822696027712
pH,2.6756141112049376
PDQ,2.4351823173415053
CEC,2.1302408472617955
