nt,pseudo_r2,pred_obs_r2,pred_obs_r2_exp
4600,0.29732243624793,0.8032924343322525,0.7319876311376167
