var,rel.inf
rough_Surface.T,18.164144709645385
rough_Elevation,14.03188370701306
rough_CEC,11.541968612480456
rough_MAP,11.095315589043942
MAP,10.283047073716773
rough_Soil.C,9.416544723513265
Elevation,5.748301606447461
rough_Clay,5.657183383711365
Clay,5.4602883734393295
pH,3.5214458650152816
PDQ,2.7779821740933692
CEC,2.30189418188031
