var,rel.inf
rough_Surface.T,18.351357083779437
rough_Elevation,14.369648863045601
rough_CEC,12.057080393008862
rough_MAP,10.984961279928367
MAP,10.745992201653838
rough_Soil.C,9.478874845358545
Elevation,5.46083684263088
rough_Clay,5.123639791907223
Clay,5.096330758791848
pH,3.2198401520659865
PDQ,2.776315678560074
CEC,2.3351221092693333
