nt,pseudo_r2,pred_obs_r2,pred_obs_r2_exp
4500,0.30786405123376415,0.7995533415675731,0.7266926091603937
