var,rel.inf
rough_Surface.T,19.016838107787752
rough_Elevation,15.127365432247803
rough_CEC,12.131654205606807
rough_MAP,11.569492588920324
MAP,11.065414040298775
rough_Soil.C,9.697115961301414
Elevation,5.124732139140236
rough_Clay,4.6607664388159975
Clay,4.576277095476106
pH,2.741033261622661
PDQ,2.1604217884303547
CEC,2.128888940351771
