nt,pseudo_r2,pred_obs_r2,pred_obs_r2_exp
4e3,0.2629721089866376,0.7838731295620515,0.7107446443033762
