nt,pseudo_r2,pred_obs_r2,pred_obs_r2_exp
5100,0.25292527611180204,0.8170980891729231,0.7402595333004398
