var,rel.inf
rough_Surface.T,18.505930702353528
rough_Elevation,14.761076028144899
rough_CEC,11.934962301381937
rough_MAP,11.718138666972377
MAP,11.345163085453514
rough_Soil.C,9.435239242968752
Elevation,5.2928815744495354
rough_Clay,4.96876388640933
Clay,4.725333409984706
pH,2.650775916116903
PDQ,2.505711372327787
CEC,2.156023813436736
