nt,pseudo_r2,pred_obs_r2,pred_obs_r2_exp
4550,0.28231061634783317,0.8005197225624168,0.7265476164194967
