var,rel.inf
rough_Surface.T,18.261249449636335
rough_Elevation,14.637963162850948
rough_CEC,11.717681750891273
rough_MAP,11.099151494863854
MAP,10.752064183032546
rough_Soil.C,9.41749284502637
Elevation,5.481654358184418
rough_Clay,5.226479514663135
Clay,5.200821236647661
pH,3.309196301477636
PDQ,2.7104113343130383
CEC,2.18583436841279
