nt,pseudo_r2,pred_obs_r2,pred_obs_r2_exp
3e3,0.2546579372537957,0.7451659135245031,0.6795794040812961
