nt,pseudo_r2,pred_obs_r2,pred_obs_r2_exp
7050,0.3410044050309218,0.8603229305822183,0.7800756165818803
