nt,pseudo_r2,pred_obs_r2,pred_obs_r2_exp
4450,0.316437192842417,0.7987402608592125,0.727842085869078
