nt,pseudo_r2,pred_obs_r2,pred_obs_r2_exp
3450,0.2149961337378279,0.762704947915599,0.6963516827968881
