nt,pseudo_r2,pred_obs_r2,pred_obs_r2_exp
4e3,0.22544451460988224,0.7841080595162319,0.7177787930958953
