var,rel.inf
rough_Surface.T,18.59797978418055
rough_Elevation,15.056878802441412
rough_CEC,12.172843883728744
rough_MAP,12.01459885292677
MAP,11.638308106891678
rough_Soil.C,9.609400678239625
Elevation,5.018514346912359
rough_Clay,4.712846113104728
Clay,4.493650045394961
pH,2.388529426763363
PDQ,2.1665529390360083
CEC,2.1298970203798056
