nt,pseudo_r2,pred_obs_r2,pred_obs_r2_exp
3950,0.21023782174045091,0.7818629452077029,0.7104792141336763
