nt,pseudo_r2,pred_obs_r2,pred_obs_r2_exp
4550,0.2832970790721464,0.802376255605846,0.7300044737118034
