nt,pseudo_r2,pred_obs_r2,pred_obs_r2_exp
4900,0.28677488427778275,0.81234371213286,0.7363228339525145
