nt,pseudo_r2,pred_obs_r2,pred_obs_r2_exp
4750,0.2809544888089457,0.8078248679188252,0.7346714817808707
