nt,pseudo_r2,pred_obs_r2,pred_obs_r2_exp
3050,0.23889447477032177,0.7488373317655557,0.6855967162617916
