nt,pseudo_r2,pred_obs_r2,pred_obs_r2_exp
4650,0.2697309050276765,0.8034899103743698,0.7312733627344563
