nt,pseudo_r2,pred_obs_r2,pred_obs_r2_exp
5100,0.2929447727813985,0.8153897800454093,0.7404402667541872
