nt,pseudo_r2,pred_obs_r2,pred_obs_r2_exp
5100,0.2993201557881391,0.8158169811036524,0.7428141697929793
