var,rel.inf
rough_Surface.T,18.576194037444008
rough_Elevation,14.422896341390329
rough_CEC,11.95001338904258
rough_MAP,11.58668662236597
MAP,10.879157053740075
rough_Soil.C,9.153965550421065
Elevation,5.289718205550217
rough_Clay,5.136258819411949
Clay,4.867877657406428
pH,3.230187413739442
PDQ,2.6578455639174976
CEC,2.2491993455704415
