nt,pseudo_r2,pred_obs_r2,pred_obs_r2_exp
3500,0.26349796397213177,0.7637053602995892,0.696984763770448
