nt,pseudo_r2,pred_obs_r2,pred_obs_r2_exp
4100,0.24459962910258282,0.7889593594595269,0.7168416345933774
