nt,pseudo_r2,pred_obs_r2,pred_obs_r2_exp
4200,0.24850053536908867,0.7909941024828859,0.7180175240771727
