var,rel.inf
rough_Surface.T,18.781106526072982
rough_Elevation,14.434240423568546
rough_CEC,11.834997998620105
MAP,11.239391711314823
rough_MAP,10.639708535973451
rough_Soil.C,9.745664665894498
Elevation,5.406704657762227
rough_Clay,5.219708666842851
Clay,4.8397130869717575
pH,2.871052805862412
PDQ,2.693576895255493
CEC,2.2941340258608522
