var,rel.inf
rough_Surface.T,18.77377955888424
rough_Elevation,14.692685447363422
rough_CEC,11.994327771770294
rough_MAP,11.895843211036725
MAP,11.828306117106735
rough_Soil.C,9.689931517434655
Elevation,5.155955965096077
rough_Clay,4.522409723241809
Clay,4.482770631476819
pH,2.5641932318542158
PDQ,2.293019332072587
CEC,2.1067774926624208
