nt,pseudo_r2,pred_obs_r2,pred_obs_r2_exp
4650,0.2802466195851555,0.8046380878108803,0.7296544900914685
