nt,pseudo_r2,pred_obs_r2,pred_obs_r2_exp
5650,0.3142373936855961,0.8312865882651056,0.7539389103892552
