var,rel.inf
rough_Surface.T,19.224163686013025
rough_Elevation,15.163258380654613
rough_MAP,12.913715919305833
rough_CEC,12.377354467718915
MAP,11.357484526876517
rough_Soil.C,9.728182451163287
Elevation,5.04902925402109
rough_Clay,4.058625040952881
Clay,4.003793187048312
CEC,2.108748892801309
pH,2.1023759724911795
PDQ,1.913268220953039
