nt,pseudo_r2,pred_obs_r2,pred_obs_r2_exp
4650,0.2604078196643075,0.8051955363003491,0.7307917297089473
