nt,pseudo_r2,pred_obs_r2,pred_obs_r2_exp
4400,0.3058305630167546,0.7963040917323678,0.7238252113540038
