nt,pseudo_r2,pred_obs_r2,pred_obs_r2_exp
3850,0.2825006728845112,0.7791098288320354,0.7123738227998136
