nt,pseudo_r2,pred_obs_r2,pred_obs_r2_exp
3600,0.19168088741406686,0.7701103503590049,0.7023514229623408
