nt,pseudo_r2,pred_obs_r2,pred_obs_r2_exp
4700,0.31304036162477344,0.806383505877156,0.731613056265502
