var,rel.inf
rough_Surface.T,20.117342348569366
rough_Elevation,16.115505366455952
rough_MAP,13.887576644599662
rough_CEC,12.849949041463884
MAP,11.49045242193618
rough_Soil.C,10.015661991568155
Elevation,4.540057572203947
Clay,3.38239237758533
rough_Clay,3.2489548504641323
CEC,1.8123535156470194
PDQ,1.3203423830401253
pH,1.219411486466252
