var,rel.inf
rough_Surface.T,19.18657479779808
rough_Elevation,15.062046163735817
rough_MAP,12.391549145532034
rough_CEC,12.109376343394871
MAP,11.149854702158523
rough_Soil.C,9.469925047167758
Elevation,5.349393090893975
rough_Clay,4.573071913964948
Clay,4.265547581728529
pH,2.258752258088366
PDQ,2.1457112572862203
CEC,2.038197698250879
