nt,pseudo_r2,pred_obs_r2,pred_obs_r2_exp
3700,0.23767330483289761,0.7736141454056893,0.7061348171728679
