var,rel.inf
rough_Surface.T,18.58956592474241
rough_Elevation,14.265106554656704
rough_CEC,11.972765092038458
rough_MAP,11.295397089334424
MAP,11.23527329929763
rough_Soil.C,9.640692619000191
Elevation,5.37808343012559
rough_Clay,5.201622640507163
Clay,4.694306555194578
pH,2.8369815959706624
PDQ,2.6068702995022046
CEC,2.283334899629988
