var,rel.inf
rough_Surface.T,19.012137314993513
rough_Elevation,14.601603045916042
rough_CEC,11.796412075598123
rough_MAP,11.338460893596757
MAP,11.19795289174666
rough_Soil.C,9.653683952180288
Elevation,5.181673423461087
Clay,4.857960613305839
rough_Clay,4.744995001703698
pH,3.1065250941304026
PDQ,2.403823370792113
CEC,2.1047723225754797
