var,rel.inf
rough_Surface.T,18.873712329498492
rough_Elevation,14.983613132586157
rough_CEC,12.190282377038177
MAP,11.538582254434731
rough_MAP,11.359770872813653
rough_Soil.C,9.524822244615425
Elevation,5.439855350569611
Clay,4.431433581258405
rough_Clay,4.43061715628006
pH,2.565924870761838
PDQ,2.49292578676581
CEC,2.1684600433776393
