nt,pseudo_r2,pred_obs_r2,pred_obs_r2_exp
4250,0.34388389383655715,0.7919164137715335,0.7188636820901041
