var,rel.inf
rough_Surface.T,19.476999093676312
rough_Elevation,15.508421483620419
rough_MAP,12.867543901327801
rough_CEC,12.34069573127851
MAP,11.397303511480368
rough_Soil.C,10.066538291857727
Elevation,5.155137074535845
Clay,3.932016645505018
rough_Clay,3.7509895336821426
CEC,1.9431397761159435
pH,1.8642637001335698
PDQ,1.6969512567863418
