var,rel.inf
rough_Surface.T,18.68159103563006
rough_Elevation,14.75947061500786
rough_CEC,11.763333765226703
MAP,11.542959273738813
rough_MAP,11.30441592217478
rough_Soil.C,9.56297756171176
Elevation,5.205925128736121
rough_Clay,5.081172436986754
Clay,4.670838207513719
pH,2.867932685226242
PDQ,2.2902462594068647
CEC,2.2691371086403254
