var,rel.inf
rough_Surface.T,18.34955965561858
rough_Elevation,14.47226793081404
rough_CEC,11.864242453738338
rough_MAP,11.51569375973404
MAP,11.152377659153222
rough_Soil.C,9.227367646774004
rough_Clay,5.428152871364048
Elevation,5.3058914577142
Clay,4.8350617370846365
pH,3.047430920896836
PDQ,2.5428024730640435
CEC,2.259151434044014
