var,rel.inf
rough_Surface.T,18.64781812850078
rough_Elevation,14.487853310137398
rough_MAP,11.720484713097258
rough_CEC,11.662794596485305
MAP,11.073481733078598
rough_Soil.C,9.474340439967644
Elevation,5.319241249226535
rough_Clay,4.992586932904954
Clay,4.935498114448459
pH,3.141401715292157
PDQ,2.4068899805735113
CEC,2.1376090862873993
