var,rel.inf
rough_Surface.T,18.750397042680603
rough_Elevation,14.192198016786785
rough_CEC,11.905111891141194
rough_MAP,11.735224406107605
MAP,11.333221911280425
rough_Soil.C,9.10461911358164
Elevation,5.399816867705377
rough_Clay,5.230467168804357
Clay,4.843303867754402
pH,2.9145862423121303
PDQ,2.335538268049113
CEC,2.255515203796366
