nt,pseudo_r2,pred_obs_r2,pred_obs_r2_exp
3700,0.25469025823989977,0.7762783315993846,0.7067185774665214
