var,rel.inf
rough_Surface.T,18.29647069634263
rough_Elevation,15.219094935927242
rough_CEC,12.211548398457644
rough_MAP,11.99353884255031
MAP,11.4103377007345
rough_Soil.C,9.945617602758924
Elevation,5.171848194924035
rough_Clay,4.4644263623256855
Clay,4.348165814878943
pH,2.610727084179824
PDQ,2.2408050900880228
CEC,2.0874192768322386
