nt,pseudo_r2,pred_obs_r2,pred_obs_r2_exp
4800,0.3107663673850617,0.8092865690146425,0.7373532931808311
