nt,pseudo_r2,pred_obs_r2,pred_obs_r2_exp
4950,0.23392946916685375,0.8132828166892571,0.7385147364135725
