var,rel.inf
rough_Surface.T,18.848664981533638
rough_Elevation,14.693690087245187
rough_CEC,12.185671839781167
rough_MAP,12.004766637968528
MAP,10.890664650008675
rough_Soil.C,9.813263417581762
Elevation,5.1898084159917595
Clay,4.719324595424982
rough_Clay,4.455928407690398
pH,2.6200507396391934
PDQ,2.412914450954027
CEC,2.1652517761806793
