var,rel.inf
rough_Surface.T,18.253669045716887
rough_Elevation,14.777167011090746
rough_CEC,12.027447908227666
rough_MAP,11.790731335786944
MAP,10.931897950924313
rough_Soil.C,9.309762963672128
Elevation,5.158707418663194
rough_Clay,4.846703758052188
Clay,4.835010089186432
pH,3.1274343946536725
PDQ,2.49404338881615
CEC,2.447424735209675
