var,rel.inf
rough_Surface.T,18.16075710292992
rough_Elevation,14.2233579923013
rough_CEC,11.568094054852294
MAP,11.132331684943201
rough_MAP,10.557365839943124
rough_Soil.C,9.1502111061402
Elevation,5.627029242468583
rough_Clay,5.608654750017703
Clay,5.225105417187813
pH,3.41638901202489
PDQ,2.840133988614337
CEC,2.490569808576628
