nt,pseudo_r2,pred_obs_r2,pred_obs_r2_exp
3150,0.18633721602886522,0.748589483303942,0.685229568387703
