nt,pseudo_r2,pred_obs_r2,pred_obs_r2_exp
4100,0.21392552388689912,0.7887010568119915,0.7176547740623618
