var,rel.inf
rough_Surface.T,18.955772734536943
rough_Elevation,15.414632836961562
rough_CEC,12.104912902266028
rough_MAP,11.726198424430358
MAP,11.271363323816592
rough_Soil.C,9.738396281075314
Elevation,5.017033486137719
rough_Clay,4.766483774149479
Clay,4.381852716078621
pH,2.54071466280067
PDQ,2.104114339334419
CEC,1.9785245184123017
