var,rel.inf
rough_Surface.T,18.75227671562933
rough_Elevation,14.965601072843507
rough_CEC,12.265135101426946
rough_MAP,11.716749908253032
MAP,11.152926928415143
rough_Soil.C,9.672047776522062
Elevation,5.055625038822979
rough_Clay,4.733944717694269
Clay,4.639319478892183
pH,2.7709284268153556
CEC,2.1583623261628744
PDQ,2.117082508522315
