nt,pseudo_r2,pred_obs_r2,pred_obs_r2_exp
4250,0.2819151111750434,0.7923252157788324,0.7225234542390953
