var,rel.inf
rough_Surface.T,18.26506803070196
rough_Elevation,14.440447902690446
rough_CEC,12.105446002056869
rough_MAP,11.695533398643528
MAP,11.0304353113898
rough_Soil.C,9.451613550402582
Elevation,5.240693677944019
rough_Clay,5.10831462709091
Clay,4.9800829805143225
pH,2.8067649413348446
PDQ,2.6124005553566763
CEC,2.2631990218740348
