nt,pseudo_r2,pred_obs_r2,pred_obs_r2_exp
3650,0.27013459255143046,0.7710919448600678,0.7032981960937458
