nt,pseudo_r2,pred_obs_r2,pred_obs_r2_exp
5050,0.2775054428388929,0.8152095789856159,0.7380396016615396
