nt,pseudo_r2,pred_obs_r2,pred_obs_r2_exp
3900,0.2049142308532479,0.7813088646364458,0.7153575923070236
