nt,pseudo_r2,pred_obs_r2,pred_obs_r2_exp
4300,0.28533555652586173,0.7945008694522325,0.7229565565687027
