var,rel.inf
rough_Surface.T,19.174235416096995
rough_Elevation,14.62353848517604
rough_CEC,12.006414430081211
rough_MAP,11.862346279306445
MAP,11.13796164081618
rough_Soil.C,8.829352833230965
Elevation,5.190432934906227
rough_Clay,5.015476029131719
Clay,4.753569707486432
pH,2.767883565093629
PDQ,2.345734083757639
CEC,2.293054594916513
