var,rel.inf
rough_Surface.T,18.48229212874339
rough_Elevation,14.34165836549153
rough_CEC,11.871221724324835
rough_MAP,11.398488914580552
MAP,10.882169386374239
rough_Soil.C,9.29100943754743
Elevation,5.467851216629204
rough_Clay,5.2627520215884935
Clay,4.940390826325731
pH,3.1075677338959355
PDQ,2.7087630253268298
CEC,2.245835219171835
