nt,pseudo_r2,pred_obs_r2,pred_obs_r2_exp
3750,0.2806865204737602,0.7757407912653463,0.7088984139059283
