nt,pseudo_r2,pred_obs_r2,pred_obs_r2_exp
3200,0.2550106040199689,0.7510169608593309,0.6844171540251542
