nt,pseudo_r2,pred_obs_r2,pred_obs_r2_exp
4500,0.3065684950626786,0.7995885689581964,0.7259403835203527
