nt,pseudo_r2,pred_obs_r2,pred_obs_r2_exp
4500,0.3298281641864357,0.8001158609728783,0.7270953716605087
