var,rel.inf
rough_Surface.T,18.785462137272763
rough_Elevation,15.260364607856944
rough_CEC,12.111776608391883
rough_MAP,11.91699762942159
MAP,10.968574739951448
rough_Soil.C,9.692810166168034
Elevation,5.044487152999729
rough_Clay,4.623748256494774
Clay,4.496460163230905
pH,2.6785106313882783
PDQ,2.2149406065902006
CEC,2.205867300233455
