var,rel.inf
rough_Surface.T,18.296507959830556
rough_Elevation,14.446169048263384
rough_CEC,12.022334157648093
rough_MAP,11.65144684826891
MAP,10.77993750154278
rough_Soil.C,9.580634799385278
Elevation,5.215842074492135
rough_Clay,5.136483193185737
Clay,4.913839031100911
pH,3.2660057758255396
PDQ,2.4756860711744686
CEC,2.21511353928221
