nt,pseudo_r2,pred_obs_r2,pred_obs_r2_exp
4750,0.2883606318841556,0.8074935389657105,0.7339088950286943
