nt,pseudo_r2,pred_obs_r2,pred_obs_r2_exp
5150,0.3083145051388855,0.8188793326938233,0.7434824724687248
