nt,pseudo_r2,pred_obs_r2,pred_obs_r2_exp
6150,0.2997915503424107,0.8423145296021366,0.761616844113167
