nt,pseudo_r2,pred_obs_r2,pred_obs_r2_exp
4700,0.25584660510109003,0.806896599389618,0.734917978473039
