var,rel.inf
rough_Surface.T,17.977708751775538
rough_Elevation,14.07260847373851
rough_CEC,11.77923972889782
rough_MAP,11.216586177033925
MAP,10.834509230244153
rough_Soil.C,9.37767215313202
Elevation,5.668935979390281
rough_Clay,5.476097747192681
Clay,5.0304948150245306
pH,3.3808977025831535
PDQ,2.7991978990966486
CEC,2.3860513418907336
