var,rel.inf
rough_Surface.T,18.588338079842874
rough_Elevation,14.72270095135987
rough_CEC,12.168151568586794
rough_MAP,11.808951901320132
MAP,11.563958446192718
rough_Soil.C,9.795920362490268
Elevation,5.082656911651255
rough_Clay,4.736563139836213
Clay,4.374841790488574
pH,2.6879833355123686
PDQ,2.321162533650782
CEC,2.1487709790681557
