var,rel.inf
rough_Surface.T,18.569579594886005
rough_Elevation,14.764716479127372
rough_MAP,11.889634604271157
rough_CEC,11.845279552755155
MAP,11.14389066408175
rough_Soil.C,9.400263790093334
Elevation,5.367341089851389
Clay,4.868145322215086
rough_Clay,4.860081760519611
pH,2.764620582291255
PDQ,2.3770889248430245
CEC,2.1493576350648684
