var,rel.inf
rough_Surface.T,18.53254528134785
rough_Elevation,15.239282116204642
rough_CEC,11.939148819566764
rough_MAP,11.899804297360836
MAP,11.49783188385697
rough_Soil.C,9.635370610662282
Elevation,5.039170538758347
Clay,4.89533165413575
rough_Clay,4.658661771152889
pH,2.3522473254416814
PDQ,2.198648307248249
CEC,2.111957394263737
