nt,pseudo_r2,pred_obs_r2,pred_obs_r2_exp
5900,0.3148678222878454,0.8369495861683588,0.7570615788997402
