var,rel.inf
rough_Surface.T,18.835130038363086
rough_Elevation,14.88874043537756
rough_MAP,12.077186126762328
rough_CEC,11.935259308852116
MAP,11.800050641072366
rough_Soil.C,9.56013493530848
Elevation,5.290684341471351
rough_Clay,4.600098582670087
Clay,4.505867179703594
pH,2.25995991861914
PDQ,2.2363234263619143
CEC,2.0105650654379836
