nt,pseudo_r2,pred_obs_r2,pred_obs_r2_exp
4750,0.23314733460821901,0.8062822434312477,0.7344660542566462
