var,rel.inf
rough_Surface.T,19.256608190841476
rough_Elevation,14.783091597961235
rough_CEC,12.123028035969407
rough_MAP,11.995430188035694
MAP,10.872266428931429
rough_Soil.C,9.224271411981382
Elevation,4.9067511636834364
rough_Clay,4.804057303208409
Clay,4.741024043159437
pH,2.66284507892873
PDQ,2.386232228735011
CEC,2.2443943285643497
