nt,pseudo_r2,pred_obs_r2,pred_obs_r2_exp
4100,0.22600737118755954,0.7879946369244565,0.7158246023019093
