nt,pseudo_r2,pred_obs_r2,pred_obs_r2_exp
4850,0.3378706574785433,0.8119483168030694,0.7351093735684521
