nt,pseudo_r2,pred_obs_r2,pred_obs_r2_exp
5300,0.28615231945321185,0.8225849442248704,0.7452697296609855
