var,rel.inf
rough_Surface.T,18.782801352816406
rough_Elevation,14.731605242732808
rough_CEC,11.983955030565028
rough_MAP,11.621600580987053
MAP,11.314154978515
rough_Soil.C,9.574324629836825
Elevation,5.1405936208409315
rough_Clay,4.82855069374444
Clay,4.626180620545082
pH,2.747823800446629
PDQ,2.406240897625379
CEC,2.242168551344424
