var,rel.inf
rough_Surface.T,18.134152559109555
rough_Elevation,14.490260685996883
rough_CEC,11.854994822563802
rough_MAP,11.12935904339049
MAP,10.659349789251879
rough_Soil.C,8.889787951869186
Elevation,5.591452533331021
rough_Clay,5.396332197083807
Clay,5.067959066906206
pH,3.329349018863463
PDQ,2.955795811711208
CEC,2.5012065199224947
