nt,pseudo_r2,pred_obs_r2,pred_obs_r2_exp
3750,0.23618563019057082,0.7759360553268337,0.7083889276750845
