nt,pseudo_r2,pred_obs_r2,pred_obs_r2_exp
4850,0.24841950187742778,0.809934440196019,0.7339167495495963
