nt,pseudo_r2,pred_obs_r2,pred_obs_r2_exp
4150,0.25664147893025924,0.7888628429630028,0.718653690270967
