nt,pseudo_r2,pred_obs_r2,pred_obs_r2_exp
4400,0.2737508756761696,0.79851238820697,0.7275028264549918
