var,rel.inf
rough_Surface.T,18.84700420986099
rough_Elevation,15.000069595367286
rough_MAP,12.093803096529369
rough_CEC,12.039605805493235
MAP,11.022008865980618
rough_Soil.C,9.207536233609359
Elevation,5.201891227017723
rough_Clay,4.853520677024408
Clay,4.613976815817206
pH,2.788431008443325
PDQ,2.1836063426730523
CEC,2.1485461221834217
