nt,pseudo_r2,pred_obs_r2,pred_obs_r2_exp
3550,0.25943337459245186,0.7656693975333742,0.6968261575954127
