var,rel.inf
rough_Surface.T,18.596451332721113
rough_Elevation,14.800672517867257
rough_CEC,11.933037939389026
rough_MAP,11.622584011811462
MAP,11.088892894728748
rough_Soil.C,9.807063720427598
Elevation,5.164234308492592
rough_Clay,4.891869300088411
Clay,4.77794915188948
pH,2.608044779640949
PDQ,2.471403293217882
CEC,2.2377967497254896
