var,rel.inf
rough_Surface.T,19.480091435963338
rough_Elevation,14.813299947916375
rough_MAP,11.935021818285232
rough_CEC,11.842818744141459
MAP,10.926834942533226
rough_Soil.C,9.173129163167083
Elevation,5.169710034494735
Clay,4.892866321894861
rough_Clay,4.646498483995308
pH,2.642507192760418
PDQ,2.29427934414694
CEC,2.182942570701024
