var,rel.inf
rough_Surface.T,18.670687922435683
rough_Elevation,14.569183489270632
rough_CEC,11.852063778207405
MAP,11.383881952279255
rough_MAP,11.110014798610887
rough_Soil.C,9.689783860568731
Elevation,5.204945468764672
rough_Clay,5.063699682337692
Clay,4.69082095451049
pH,3.0490218036327676
PDQ,2.4250042943910235
CEC,2.290891994990756
