nt,pseudo_r2,pred_obs_r2,pred_obs_r2_exp
5500,0.2759045172246486,0.8281161369885148,0.7504462032300507
