var,rel.inf
rough_Surface.T,19.044893770409036
rough_Elevation,15.502305296670787
rough_CEC,12.21637838660952
rough_MAP,11.91708835892983
MAP,10.990477083610672
rough_Soil.C,9.67924438478495
Elevation,5.224444181569207
Clay,4.467979865471582
rough_Clay,4.298944269238178
pH,2.4522990742877133
PDQ,2.1170567154686606
CEC,2.0888886129498636
