nt,pseudo_r2,pred_obs_r2,pred_obs_r2_exp
3200,0.2440262456717982,0.7542417785726706,0.688317133417686
