var,rel.inf
rough_Surface.T,18.21611038325411
rough_Elevation,13.938525107883592
rough_CEC,11.632050361937926
rough_MAP,11.124321539715364
MAP,10.531249814718418
rough_Soil.C,8.913335521418114
rough_Clay,5.872419790259476
Elevation,5.789201594265883
Clay,5.287510909454015
pH,3.447338750855292
PDQ,2.670185811268324
CEC,2.5777504149694814
