nt,pseudo_r2,pred_obs_r2,pred_obs_r2_exp
4100,0.27023010762757127,0.7878618609250708,0.7165667910151441
