nt,pseudo_r2,pred_obs_r2,pred_obs_r2_exp
3750,0.24029840988241447,0.7743833957943986,0.7044544872518537
