var,rel.inf
rough_Surface.T,19.28435575113989
rough_Elevation,15.146022578158322
rough_CEC,12.195120333442167
rough_MAP,12.011764200413884
MAP,11.33430228699874
rough_Soil.C,9.807582714458576
Elevation,5.1220046149983505
Clay,4.493064782007025
rough_Clay,4.225472695851035
pH,2.28042035122168
PDQ,2.151074123320978
CEC,1.9488155679893584
