nt,pseudo_r2,pred_obs_r2,pred_obs_r2_exp
4400,0.28656619776087877,0.795238289819164,0.7248040615397264
