var,rel.inf
rough_Surface.T,18.059159185576906
rough_Elevation,14.151205835686737
rough_CEC,11.85522606575683
rough_MAP,11.16727751425872
MAP,10.716742237072552
rough_Soil.C,9.219790479085797
rough_Clay,5.750920281619762
Elevation,5.599757940195873
Clay,4.95538832858953
pH,3.233696734864873
PDQ,2.818355653754066
CEC,2.4724797435383565
