var,rel.inf
rough_Surface.T,18.998495464197173
rough_Elevation,15.070495910737568
rough_MAP,12.344854728338424
rough_CEC,12.107198502392233
MAP,11.634427702974278
rough_Soil.C,9.634099893061943
Elevation,4.771351752343116
Clay,4.493248001398981
rough_Clay,4.46171866456087
pH,2.320863719764939
CEC,2.1126071020642034
PDQ,2.0506385581662716
