nt,pseudo_r2,pred_obs_r2,pred_obs_r2_exp
4e3,0.258447448963653,0.7823432488703619,0.7133707158642199
