var,rel.inf
rough_Surface.T,18.835478530509896
rough_Elevation,14.61589783283654
rough_MAP,12.022076731526997
rough_CEC,11.864941225968103
MAP,11.021134167492525
rough_Soil.C,9.659061518414026
Elevation,5.204088119773097
Clay,4.901789366017176
rough_Clay,4.756673493801402
pH,2.7149842887625555
PDQ,2.248203496492395
CEC,2.1556712284052937
