nt,pseudo_r2,pred_obs_r2,pred_obs_r2_exp
5550,0.3037872725350662,0.8284907994805953,0.7538169781946333
