nt,pseudo_r2,pred_obs_r2,pred_obs_r2_exp
3800,0.2596339176150114,0.7791596312467186,0.7071720620800256
