nt,pseudo_r2,pred_obs_r2,pred_obs_r2_exp
5350,0.29840106136125233,0.8239847056870013,0.7478412001592937
