nt,pseudo_r2,pred_obs_r2,pred_obs_r2_exp
4400,0.2597885955955478,0.7962949559477103,0.7231088204476543
