nt,pseudo_r2,pred_obs_r2,pred_obs_r2_exp
5700,0.2876170758130189,0.8332318862222009,0.7551143708560748
