var,rel.inf
rough_Surface.T,18.527444886765405
rough_Elevation,14.67988288072641
rough_CEC,11.927341600080691
MAP,11.158313954219578
rough_MAP,11.04245145102111
rough_Soil.C,9.184879599956453
Elevation,5.378828214824209
rough_Clay,5.087196393273491
Clay,4.996284463904483
pH,3.1055181264011855
PDQ,2.6035012765644208
CEC,2.308357152262564
