nt,pseudo_r2,pred_obs_r2,pred_obs_r2_exp
3850,0.2504966009523246,0.7790779520504066,0.7096312273714644
