var,rel.inf
rough_Surface.T,19.413261601940203
rough_Elevation,15.134116839444587
rough_MAP,12.202769283244159
rough_CEC,12.129913746468606
MAP,11.355457481795135
rough_Soil.C,9.586541267871064
Elevation,5.14208796340033
rough_Clay,4.289330357533222
Clay,4.25823028912745
pH,2.247915101352136
CEC,2.1330898692309472
PDQ,2.107286198592156
