var,rel.inf
rough_Surface.T,19.19233240691259
rough_Elevation,15.312616754113694
rough_MAP,12.590647131329211
rough_CEC,12.527559373003678
MAP,11.643551092585467
rough_Soil.C,9.762513603019904
Elevation,5.093522061505408
Clay,4.073216501613142
rough_Clay,4.056564935874211
PDQ,2.027616836286661
pH,1.9793339586890815
CEC,1.7405253450669504
