nt,pseudo_r2,pred_obs_r2,pred_obs_r2_exp
4650,0.3206397118188561,0.8036158392917311,0.7326572440194674
