var,rel.inf
rough_Surface.T,18.672763833547553
rough_Elevation,14.649211145917963
rough_CEC,11.547105067680649
rough_MAP,11.292517736207508
MAP,10.597716488927581
rough_Soil.C,9.434530873510303
Elevation,5.298628009828579
rough_Clay,5.17554132727511
Clay,4.945361707939126
pH,3.4273785132005767
PDQ,2.615951938994983
CEC,2.3432933569700625
