var,rel.inf
rough_Surface.T,19.20971696923688
rough_Elevation,15.123117514087152
rough_MAP,12.402040961416825
rough_CEC,12.326743436930865
MAP,11.730284029752882
rough_Soil.C,9.913049049808473
Elevation,5.129266712467402
Clay,4.256990693955878
rough_Clay,3.956500662630808
pH,2.2546602356325973
PDQ,1.859499613211739
CEC,1.8381301208684966
