var,rel.inf
rough_Surface.T,18.25685673042722
rough_Elevation,14.74360932220028
rough_CEC,12.08969935476083
MAP,11.831813579159661
rough_MAP,11.817489495602272
rough_Soil.C,9.579003849325597
Elevation,5.163894343881896
rough_Clay,4.756447044119629
Clay,4.693328899800827
pH,2.6853952257905953
PDQ,2.2100393149587023
CEC,2.1724228399724983
