var,rel.inf
rough_Surface.T,18.888948806383997
rough_Elevation,15.07378690490429
rough_CEC,12.493158896781388
rough_MAP,12.22757654289208
MAP,11.31783144176875
rough_Soil.C,9.370877272154077
Elevation,4.894801616536249
rough_Clay,4.659641110028404
Clay,4.445156919468322
pH,2.325474202606594
PDQ,2.214246598433805
CEC,2.088499688042037
