var,rel.inf
rough_Surface.T,18.481660260927917
rough_Elevation,14.665092952074408
rough_MAP,11.632873790743302
rough_CEC,11.572996995453526
MAP,11.1458621054123
rough_Soil.C,9.535404769490473
Elevation,5.414915957159971
Clay,4.996013229272712
rough_Clay,4.925146581972084
pH,2.9112987025600927
PDQ,2.5683921653063266
CEC,2.150342489626895
