nt,pseudo_r2,pred_obs_r2,pred_obs_r2_exp
3800,0.278458575412427,0.7757267163332788,0.7086155046396904
