var,rel.inf
rough_Surface.T,17.955161862064642
rough_Elevation,14.377943133357878
rough_CEC,11.960165774240672
rough_MAP,11.377435146802098
MAP,10.893818628240943
rough_Soil.C,9.307625889739114
rough_Clay,5.44073945259406
Elevation,5.405678217261196
Clay,5.111571287728873
pH,3.0641283278734903
PDQ,2.7759484371672567
CEC,2.3297838429297775
