var,rel.inf
rough_Surface.T,18.713023712481828
rough_Elevation,14.203337410503092
rough_MAP,12.00412881466599
rough_CEC,11.8642342461934
MAP,10.7764938801645
rough_Soil.C,8.951922268215531
Elevation,5.294684160468839
rough_Clay,5.247545272072207
Clay,5.069178614163209
pH,3.126056961933797
PDQ,2.504227313171415
CEC,2.245167345966196
