nt,pseudo_r2,pred_obs_r2,pred_obs_r2_exp
3550,0.26934829453552245,0.7675124227527396,0.7018459651164447
