nt,pseudo_r2,pred_obs_r2,pred_obs_r2_exp
4950,0.29416737699484485,0.8134956187067446,0.7369759391880903
