nt,pseudo_r2,pred_obs_r2,pred_obs_r2_exp
4350,0.25341130685040825,0.793980061496596,0.7204548712052142
