var,rel.inf
rough_Surface.T,19.012554304351486
rough_Elevation,14.31431093847648
rough_CEC,11.681440542800418
rough_MAP,11.38162360840495
MAP,10.857320555213175
rough_Soil.C,9.281689551421302
Elevation,5.535885057484004
rough_Clay,5.092813853815438
Clay,5.021630460480883
pH,3.248876688252515
PDQ,2.3765334531305857
CEC,2.1953209861687624
