var,rel.inf
rough_Surface.T,19.08331772506518
rough_Elevation,15.01394503766848
rough_CEC,12.048904414961273
rough_MAP,11.377427779797333
MAP,11.222989839390328
rough_Soil.C,10.06497639439498
Elevation,5.278801888850745
Clay,4.48147969567832
rough_Clay,4.334882104056616
PDQ,2.439893839443114
pH,2.421141405669665
CEC,2.232239875023968
