var,rel.inf
rough_Surface.T,18.409104986179532
rough_Elevation,14.511953480288165
rough_CEC,11.96267167843294
rough_MAP,11.394873953414132
MAP,11.20198307581731
rough_Soil.C,9.406606434064749
Elevation,5.358943633615189
rough_Clay,5.075499129657271
Clay,4.92425887740743
pH,2.7956212078843743
PDQ,2.7908908552344034
CEC,2.1675926880045013
