var,rel.inf
rough_Surface.T,19.132630701399002
rough_Elevation,14.947001654821072
rough_CEC,11.831687646545332
rough_MAP,11.541452427342488
MAP,11.46269243157102
rough_Soil.C,9.60539998468161
Elevation,5.317654382800493
Clay,4.7473360945830585
rough_Clay,4.617929460237451
pH,2.3508370025616294
PDQ,2.266984476867925
CEC,2.1783937365889208
