nt,pseudo_r2,pred_obs_r2,pred_obs_r2_exp
3700,0.2736414726631823,0.7727695113620856,0.702896496227761
