nt,pseudo_r2,pred_obs_r2,pred_obs_r2_exp
3350,0.21130983167302808,0.758797527218243,0.6922781623667497
