var,rel.inf
rough_Surface.T,18.408139533439638
rough_Elevation,14.415654190392186
rough_CEC,11.805379476442653
MAP,11.186733732312437
rough_MAP,10.951065996786161
rough_Soil.C,9.095748682919384
rough_Clay,5.4521929825020425
Elevation,5.388448136619608
Clay,5.054373373509808
pH,3.3383069184887804
PDQ,2.604306958662767
CEC,2.29965001792454
