var,rel.inf
rough_Surface.T,18.53684364061649
rough_Elevation,14.939494715197664
rough_CEC,11.697994713880687
rough_MAP,11.428353689730573
MAP,10.918391966712099
rough_Soil.C,9.677691030861107
Elevation,5.4090006266425945
rough_Clay,5.067782119116465
Clay,4.933109174109889
pH,2.7180054802518874
PDQ,2.4878614247230546
CEC,2.1854714181574897
