var,rel.inf
rough_Surface.T,18.667477476646525
rough_Elevation,14.58215831263299
rough_CEC,11.926052549058026
MAP,11.598846080316077
rough_MAP,11.214461052405284
rough_Soil.C,9.723790029264498
Elevation,5.333782922220778
rough_Clay,4.8953136195332165
Clay,4.676783230420229
pH,2.9005440377157394
PDQ,2.4328366884611756
CEC,2.0479540013254627
