var,rel.inf
rough_Surface.T,18.300983041720063
rough_Elevation,14.685324230649274
rough_CEC,11.844412316064988
rough_MAP,11.562254779935378
MAP,10.882191257010112
rough_Soil.C,9.639946373674249
Elevation,5.418653501302422
rough_Clay,5.3458206047985115
Clay,4.999690928640557
pH,2.738420532757877
PDQ,2.491493649096217
CEC,2.090808784350358
