var,rel.inf
rough_Surface.T,18.217596584171645
rough_Elevation,14.35720510280731
rough_CEC,11.72855820670724
rough_MAP,10.968048901216932
MAP,10.599437293752608
rough_Soil.C,9.213833198659142
Elevation,5.596446360055522
rough_Clay,5.511521222659335
Clay,5.134339849647593
pH,3.3917725795494134
PDQ,2.8375906214842197
CEC,2.4436500792890428
