var,rel.inf
rough_Surface.T,18.555609837123683
rough_Elevation,14.476171631844359
rough_CEC,11.96738223369852
rough_MAP,11.261986284543955
MAP,11.117486759889662
rough_Soil.C,9.143615920183628
Elevation,5.399368015590359
rough_Clay,5.325837538216534
Clay,4.801464178633138
pH,3.053499985522303
PDQ,2.647433899781182
CEC,2.2501437149726793
