nt,pseudo_r2,pred_obs_r2,pred_obs_r2_exp
4600,0.28435010585216725,0.802835527064403,0.7299917118545313
