nt,pseudo_r2,pred_obs_r2,pred_obs_r2_exp
4850,0.28537453040526173,0.8108107732191603,0.7364060671167597
