var,rel.inf
rough_Surface.T,18.1712448443099
rough_Elevation,14.684474816341115
rough_CEC,11.91348483404842
rough_MAP,11.350486062021147
MAP,10.869505718158525
rough_Soil.C,9.597186989828293
Elevation,5.628078626854815
rough_Clay,5.014156441109962
Clay,4.78546857305959
pH,3.0669943194814437
PDQ,2.7597392041083113
CEC,2.1591795706784787
