nt,pseudo_r2,pred_obs_r2,pred_obs_r2_exp
4600,0.28262419811040096,0.8020070815158927,0.7272474549078224
