var,rel.inf
rough_Surface.T,18.666860222945875
rough_Elevation,14.585339658018746
rough_MAP,12.025989755426421
rough_CEC,11.888070088623925
MAP,10.685888225652647
rough_Soil.C,9.708067244245258
Elevation,5.271770897310815
Clay,4.868650492137709
rough_Clay,4.832754632332607
pH,2.8183511085668624
PDQ,2.4020732695547395
CEC,2.2461844051843873
