var,rel.inf
rough_Surface.T,18.357428110321695
rough_Elevation,14.645728695769629
rough_CEC,11.7028080794305
rough_MAP,11.42284343680691
MAP,11.1716536404891
rough_Soil.C,9.762734907153112
Elevation,5.530282269830832
rough_Clay,5.151716224720592
Clay,4.828513314689252
pH,2.8342470047194337
PDQ,2.4770787759838595
CEC,2.114965540085084
