nt,pseudo_r2,pred_obs_r2,pred_obs_r2_exp
4350,0.2377978355868806,0.79579448446959,0.724532986818598
