nt,pseudo_r2,pred_obs_r2,pred_obs_r2_exp
6350,0.30253234360567427,0.8476403043672717,0.7684104575959892
