nt,pseudo_r2,pred_obs_r2,pred_obs_r2_exp
4300,0.28171986107864855,0.7931176013540638,0.7228751860437432
