nt,pseudo_r2,pred_obs_r2,pred_obs_r2_exp
4400,0.2849836032440448,0.7957310951844423,0.7255709628203864
