nt,pseudo_r2,pred_obs_r2,pred_obs_r2_exp
3150,0.24450635819257716,0.7511797187117727,0.6852014010126528
