var,rel.inf
rough_Surface.T,19.165833361865413
rough_Elevation,15.293149468246382
rough_CEC,12.268070603949619
rough_MAP,12.255603856815899
MAP,11.696168776776519
rough_Soil.C,9.701219502206154
Elevation,5.058319438503595
Clay,4.253079817177131
rough_Clay,4.202833012699465
CEC,2.0442873048975003
pH,2.041256024146602
PDQ,2.020178832715719
