nt,pseudo_r2,pred_obs_r2,pred_obs_r2_exp
3350,0.28727096619140235,0.7619815194048654,0.6949666313648746
