var,rel.inf
rough_Surface.T,18.068479714125775
rough_Elevation,14.701185557361441
rough_CEC,12.11806768906355
rough_MAP,11.796047295868007
MAP,11.21118905579778
rough_Soil.C,9.186340969896932
Elevation,5.150285853026081
rough_Clay,5.1224957423597655
Clay,4.882246037349519
pH,3.005677736481425
PDQ,2.4711588491336864
CEC,2.2868254995360426
