nt,pseudo_r2,pred_obs_r2,pred_obs_r2_exp
3900,0.27237954649109986,0.7789099703665114,0.7112881078326405
