var,rel.inf
rough_Surface.T,18.592784331162
rough_Elevation,14.411842339880474
rough_CEC,11.605489948274581
rough_MAP,11.29967077319853
MAP,10.889765257353124
rough_Soil.C,9.599081720369988
Elevation,5.572843652080537
Clay,5.114655594827869
rough_Clay,4.905472120424939
pH,3.121010770603687
PDQ,2.7106672245519228
CEC,2.1767162672723495
