nt,pseudo_r2,pred_obs_r2,pred_obs_r2_exp
4100,0.32241195797881017,0.7849106768439558,0.7154617081061614
