var,rel.inf
rough_Surface.T,18.79872432433175
rough_Elevation,14.69891379013968
rough_CEC,11.885434602685972
rough_MAP,11.348463952691523
MAP,11.259117563414394
rough_Soil.C,9.54716864466927
Elevation,5.233861065533513
rough_Clay,5.206494342796176
Clay,4.775833099557939
pH,2.894924124796805
PDQ,2.204179171611164
CEC,2.146885317771822
