nt,pseudo_r2,pred_obs_r2,pred_obs_r2_exp
4900,0.3074173169513802,0.8119866821654008,0.7380415359696071
