nt,pseudo_r2,pred_obs_r2,pred_obs_r2_exp
3850,0.26187639718574984,0.7778362775631128,0.7068707401703059
