nt,pseudo_r2,pred_obs_r2,pred_obs_r2_exp
3100,0.2598875169243502,0.7486366903291245,0.6818109334436101
