var,rel.inf
rough_Surface.T,18.744931453736857
rough_Elevation,14.571149448929871
rough_CEC,12.064402163659803
rough_MAP,11.864968284881256
MAP,11.070982865630944
rough_Soil.C,9.306778644804591
Elevation,5.2586656239256815
Clay,4.9423227220835395
rough_Clay,4.9060409179890225
pH,2.8015140027787
PDQ,2.4158716023953595
CEC,2.05237226918438
