var,rel.inf
rough_Surface.T,18.453238593897893
rough_Elevation,14.728786766623323
rough_CEC,11.738637929414207
rough_MAP,11.453690394633742
MAP,11.000820483201673
rough_Soil.C,9.299892052119718
Elevation,5.61747577326919
rough_Clay,5.148187768024274
Clay,4.928364895001716
pH,2.878614731709305
PDQ,2.534933644587749
CEC,2.2173569675172105
