nt,pseudo_r2,pred_obs_r2,pred_obs_r2_exp
3950,0.2748256170512834,0.7835942243621634,0.7113847080701033
