nt,pseudo_r2,pred_obs_r2,pred_obs_r2_exp
3700,0.2763370703982031,0.7729579890973975,0.7059722699434722
