nt,pseudo_r2,pred_obs_r2,pred_obs_r2_exp
4150,0.3048203368252337,0.7887787413359789,0.7159816688987071
