var,rel.inf
rough_Surface.T,18.553248746239685
rough_Elevation,14.679475588591503
rough_CEC,12.03409454084804
rough_MAP,11.70516676008333
MAP,10.880058940760552
rough_Soil.C,9.671908309564904
Elevation,5.442532255765417
rough_Clay,4.809239920001307
Clay,4.721126838160163
pH,2.8316595043549166
PDQ,2.4849589244512966
CEC,2.186529671178883
