var,rel.inf
rough_Surface.T,18.248233358649447
rough_Elevation,14.273568037210147
rough_CEC,11.992453684296967
rough_MAP,11.18725518595894
MAP,10.855588979315748
rough_Soil.C,8.654183087443052
rough_Clay,5.876900639644254
Elevation,5.484221220421782
Clay,4.983808843966052
pH,3.2872901193860558
PDQ,2.8224234208243186
CEC,2.3340734228832396
