nt,pseudo_r2,pred_obs_r2,pred_obs_r2_exp
4650,0.24387493204860222,0.8047966219508426,0.7306439533228499
