nt,pseudo_r2,pred_obs_r2,pred_obs_r2_exp
3650,0.2641305085004645,0.7731609021387409,0.703662396311111
