var,rel.inf
rough_Surface.T,19.055277308205657
rough_Elevation,14.491374690129543
rough_CEC,12.088055942921013
rough_MAP,12.062664747933185
MAP,11.307980283927929
rough_Soil.C,9.613558390286752
Elevation,5.190074687642848
rough_Clay,4.676958748768505
Clay,4.61061613506771
pH,2.4829251400923127
PDQ,2.3881105544846535
CEC,2.032403370539902
