var,rel.inf
rough_Surface.T,19.43535450165265
rough_Elevation,15.863231647931196
rough_MAP,12.790376724046737
rough_CEC,12.209799016097946
MAP,11.768555497838264
rough_Soil.C,10.371422864317106
Elevation,5.314956086434453
Clay,3.620673710048529
rough_Clay,3.4700577992019936
CEC,1.8547811916451893
PDQ,1.8108153117855947
pH,1.4899756490003415
