nt,pseudo_r2,pred_obs_r2,pred_obs_r2_exp
3600,0.2682476223142759,0.7679244826951536,0.6980937967698078
