var,rel.inf
rough_Surface.T,17.812066127577445
rough_Elevation,14.451879396018734
rough_CEC,11.696848298772569
rough_MAP,10.944323239405737
MAP,10.687560311984129
rough_Soil.C,9.518982108422902
Elevation,5.712550847119094
rough_Clay,5.613379093131294
Clay,5.0256520289116775
pH,3.378778421481174
PDQ,2.698565087360851
CEC,2.4594150398143952
