nt,pseudo_r2,pred_obs_r2,pred_obs_r2_exp
5050,0.2951281877952804,0.8155229738856294,0.7404686150253222
