var,rel.inf
rough_Surface.T,18.94082025309657
rough_Elevation,15.167368111562682
rough_CEC,12.095351844471889
rough_MAP,12.077696755918025
MAP,10.847124727808728
rough_Soil.C,9.428260107593827
Elevation,5.161184497197786
rough_Clay,4.704538068736921
Clay,4.508006131218877
pH,2.652073802282931
PDQ,2.360386928015001
CEC,2.0571887720967577
