nt,pseudo_r2,pred_obs_r2,pred_obs_r2_exp
3750,0.2728494284930797,0.7752248330808869,0.7071893162785072
