var,rel.inf
rough_Surface.T,18.852881707958918
rough_Elevation,15.402789068008577
rough_CEC,11.970603643446939
rough_MAP,11.570546483625755
MAP,11.413935344137387
rough_Soil.C,10.01450428478858
Elevation,5.069077951037564
Clay,4.513511197148168
rough_Clay,4.434808778589785
pH,2.434727354986276
PDQ,2.1928039913123865
CEC,2.1298101949596697
