nt,pseudo_r2,pred_obs_r2,pred_obs_r2_exp
4250,0.30863056254500154,0.7912490053651283,0.7186508071954609
