nt,pseudo_r2,pred_obs_r2,pred_obs_r2_exp
5300,0.2283175097392458,0.8232588508142995,0.7476972070203989
