var,rel.inf
rough_Surface.T,18.648493943808848
rough_Elevation,14.896293415303944
rough_CEC,11.605995498743614
rough_MAP,11.468546609794114
MAP,11.261823553233107
rough_Soil.C,9.400986023549413
rough_Clay,5.1291108014081965
Elevation,5.050437404892766
Clay,4.713878601427701
pH,2.902243317425388
PDQ,2.470822448955195
CEC,2.4513683814577183
