var,rel.inf
rough_Surface.T,18.480911659577522
rough_Elevation,14.270044800719493
rough_CEC,11.742729860465973
rough_MAP,11.341396059358097
MAP,10.718952318406181
rough_Soil.C,9.41993134289582
rough_Clay,5.491167661065843
Elevation,5.4763646943678514
Clay,4.975141559969064
pH,3.2106948258268786
PDQ,2.6459749920296307
CEC,2.226690225317651
