var,rel.inf
rough_Surface.T,18.502269520339244
rough_Elevation,14.330416828636885
rough_CEC,11.593028821099958
rough_MAP,10.884268953255216
MAP,10.644238003004546
rough_Soil.C,9.459735234669123
rough_Clay,5.480359880787594
Elevation,5.357451286271078
Clay,5.1103575374233
pH,3.51984501816084
PDQ,2.767052214422576
CEC,2.3509767019296337
