nt,pseudo_r2,pred_obs_r2,pred_obs_r2_exp
5300,0.2782330011540094,0.8241659438148393,0.7498711139689437
