nt,pseudo_r2,pred_obs_r2,pred_obs_r2_exp
5050,0.27882979761407845,0.8159110423002085,0.7394867589400294
