nt,pseudo_r2,pred_obs_r2,pred_obs_r2_exp
5650,0.3226281607060313,0.8312503629835387,0.7547811243752603
