var,rel.inf
rough_Surface.T,18.228584240300627
rough_Elevation,14.698684952661825
rough_CEC,11.833682666383607
rough_MAP,11.622709258131364
MAP,11.045984958422258
rough_Soil.C,9.9093979196887
rough_Clay,5.334975923281358
Elevation,5.269411082298911
Clay,4.642870912307364
pH,2.7904438169958876
PDQ,2.3755161387754673
CEC,2.2477381307526247
