var,rel.inf
rough_Surface.T,18.727413422132532
rough_Elevation,14.809292290297536
rough_MAP,12.297434290057705
rough_CEC,11.930988869784148
MAP,11.454072721334738
rough_Soil.C,9.528890504054981
Elevation,5.061650899224782
Clay,4.69906158986818
rough_Clay,4.695048571282504
pH,2.423335819162497
PDQ,2.259925131289854
CEC,2.1128858915105377
