var,rel.inf
rough_Surface.T,18.94804222447167
rough_Elevation,15.128337950593027
rough_CEC,12.474566389577063
rough_MAP,12.068963252514957
MAP,11.329571669594598
rough_Soil.C,9.513173195845477
Elevation,4.9835732858003565
rough_Clay,4.73182799252498
Clay,4.24161744532793
pH,2.4292661928836785
PDQ,2.2265812452263045
CEC,1.924479155639953
