var,rel.inf
rough_Surface.T,19.284571272248236
rough_Elevation,15.34265184507478
rough_CEC,12.260219996020323
rough_MAP,12.138430434904864
MAP,11.027883879780244
rough_Soil.C,9.615317147273352
Elevation,5.050723837589744
Clay,4.46846036134587
rough_Clay,4.4139645272274075
pH,2.3018930274281697
PDQ,2.1270671061654642
CEC,1.9688165649415474
