var,rel.inf
rough_Surface.T,18.859657581486804
rough_Elevation,14.706555434785722
rough_CEC,12.04505313527947
rough_MAP,11.469041522763986
MAP,11.409496771220883
rough_Soil.C,9.596877942755327
Elevation,5.269573159190764
Clay,4.737488833786948
rough_Clay,4.661129402440227
pH,2.92665441612051
PDQ,2.207927454279339
CEC,2.110544345890015
