var,rel.inf
rough_Surface.T,18.802047983453125
rough_Elevation,14.509565648908575
rough_CEC,12.075655125440793
rough_MAP,11.327027788222937
MAP,11.056700018044106
rough_Soil.C,9.318778803465063
Elevation,5.225413344513415
rough_Clay,5.027116815108097
Clay,4.781261711460099
pH,3.1572330058848768
PDQ,2.557724524984762
CEC,2.1614752305141534
