nt,pseudo_r2,pred_obs_r2,pred_obs_r2_exp
4400,0.29343813424463117,0.7971201327722358,0.7265614282420837
