nt,pseudo_r2,pred_obs_r2,pred_obs_r2_exp
4250,0.27143322713123186,0.7914967556042041,0.7177906324143046
