nt,pseudo_r2,pred_obs_r2,pred_obs_r2_exp
3900,0.27589091786243347,0.7818091055886526,0.7140694781645607
