nt,pseudo_r2,pred_obs_r2,pred_obs_r2_exp
2300,0.19342994279468406,0.7140008045500604,0.6490592048402086
