var,rel.inf
rough_Surface.T,18.4014324006834
rough_Elevation,14.719134665865868
rough_CEC,11.613418693757737
rough_MAP,11.177006517363061
MAP,10.960551951634644
rough_Soil.C,9.228840198979865
Elevation,5.582713397989203
rough_Clay,5.266766674495559
Clay,5.127537540190515
pH,3.1341968339051625
PDQ,2.5015492281559224
CEC,2.2868518969790648
