nt,pseudo_r2,pred_obs_r2,pred_obs_r2_exp
3350,0.19035723519448566,0.7583220043113214,0.6894249760015944
