var,rel.inf
rough_Surface.T,18.659874654853642
rough_Elevation,15.272434831385803
rough_CEC,12.334071356273375
rough_MAP,12.239659724749469
MAP,11.242902902080633
rough_Soil.C,9.751909944567856
Elevation,5.19957505821697
Clay,4.519302078288169
rough_Clay,4.399848269850325
pH,2.4505707745006986
PDQ,2.0196080573612756
CEC,1.910242347871785
