nt,pseudo_r2,pred_obs_r2,pred_obs_r2_exp
3350,0.2661255691062384,0.7594476650967775,0.6954132203991744
