var,rel.inf
rough_Surface.T,19.349091490616182
rough_Elevation,15.686322406609415
rough_MAP,12.372538804356616
rough_CEC,12.319152877080267
MAP,11.891764813943176
rough_Soil.C,10.368046834613747
Elevation,4.894501767692685
Clay,3.915993792065655
rough_Clay,3.6666200930015447
CEC,2.0001413090159628
pH,1.8247630933225218
PDQ,1.7110627176822253
