nt,pseudo_r2,pred_obs_r2,pred_obs_r2_exp
5250,0.3011896851042244,0.8201077563830048,0.742938271777694
