var,rel.inf
rough_Surface.T,18.162657748815622
rough_Elevation,14.513745468840009
rough_CEC,11.711733731123262
MAP,11.088515627102334
rough_MAP,10.955474797619972
rough_Soil.C,9.58303729950614
Elevation,5.674030901787153
rough_Clay,5.194147475622575
Clay,5.1545167390252224
pH,3.0850378923611825
PDQ,2.557509868935546
CEC,2.3195924492609867
