var,rel.inf
rough_Surface.T,18.48127153849581
rough_Elevation,14.657777639010423
rough_CEC,11.779660453317899
rough_MAP,11.702705642769658
MAP,11.037174376271324
rough_Soil.C,9.115095145762027
rough_Clay,5.320876598406429
Elevation,5.251666229022545
Clay,4.731022188757712
pH,3.1725544853087104
PDQ,2.500621627813003
CEC,2.249574075064464
