var,rel.inf
rough_Surface.T,18.364491413192553
rough_Elevation,14.485683399760406
rough_MAP,11.771089190089553
rough_CEC,11.669034145503948
MAP,10.916314456747745
rough_Soil.C,9.215236539628693
Elevation,5.426557342325596
rough_Clay,5.238829578786035
Clay,4.887645434159188
pH,3.150518825822251
PDQ,2.6581082401268112
CEC,2.2164914338572235
