var,rel.inf
rough_Surface.T,18.4575257988538
rough_Elevation,14.707069854542524
rough_CEC,11.788893712386248
MAP,11.371124271003207
rough_MAP,11.349601836611322
rough_Soil.C,9.012416388628631
Elevation,5.2691610716542545
rough_Clay,5.102461102265125
Clay,4.998860401860586
pH,2.875786442534251
PDQ,2.6747662522486797
CEC,2.3923328674113704
