nt,pseudo_r2,pred_obs_r2,pred_obs_r2_exp
5050,0.28073154754468743,0.8153337631176225,0.7405793841352136
