nt,pseudo_r2,pred_obs_r2,pred_obs_r2_exp
4150,0.2957569021719354,0.7895861251275506,0.7215779438273584
