nt,pseudo_r2,pred_obs_r2,pred_obs_r2_exp
3200,0.20390822537961995,0.7524711859473281,0.6882293753403745
