nt,pseudo_r2,pred_obs_r2,pred_obs_r2_exp
4650,0.28099155563542133,0.8040591331865221,0.7302351063399183
