nt,pseudo_r2,pred_obs_r2,pred_obs_r2_exp
3650,0.25660799862889605,0.7696955962474576,0.7042245145254569
