var,rel.inf
rough_Surface.T,18.448658424225183
rough_Elevation,14.977327059453698
rough_MAP,12.30818837443777
rough_CEC,12.16419854729842
MAP,11.177536377155134
rough_Soil.C,9.485012023819033
Elevation,5.391165411471753
rough_Clay,4.821592868221541
Clay,4.5002892421437775
pH,2.5935095166377904
PDQ,2.168553335493724
CEC,1.9639688196421847
