var,rel.inf
rough_Surface.T,18.052123541598508
rough_Elevation,14.447865471740807
rough_CEC,11.819154213168945
rough_MAP,11.355192429567746
MAP,10.724550886761987
rough_Soil.C,9.091638441028119
Elevation,5.8029460630632945
rough_Clay,5.358813583247568
Clay,5.160114334166342
pH,3.242751074765442
PDQ,2.7418959526444584
CEC,2.202954008246788
