var,rel.inf
rough_Surface.T,18.65328220518629
rough_Elevation,14.667913559704713
rough_CEC,11.928128679420533
rough_MAP,11.81045825459986
MAP,11.331835488641723
rough_Soil.C,9.029811677549906
rough_Clay,5.162286667075643
Elevation,5.122083083948593
Clay,4.973810448511608
pH,2.728769018712855
PDQ,2.417132178234043
CEC,2.174488738414229
