nt,pseudo_r2,pred_obs_r2,pred_obs_r2_exp
4950,0.2825013468224288,0.8130564067957832,0.737828491324435
