var,rel.inf
rough_Surface.T,18.321341563022013
rough_Elevation,14.50421519013933
rough_CEC,11.741351192318971
MAP,11.18264344314581
rough_MAP,11.17264306958812
rough_Soil.C,9.82660767331392
Elevation,5.275295612806514
rough_Clay,5.227164420413386
Clay,4.813828301295563
pH,2.9752987415165495
PDQ,2.5307700316078066
CEC,2.4288407608320193
