var,rel.inf
rough_Surface.T,18.30914979332961
rough_Elevation,14.619423483174788
rough_CEC,11.886351212766693
rough_MAP,11.584194306844983
MAP,11.330299329104696
rough_Soil.C,9.13371701466115
Elevation,5.378698616468571
rough_Clay,5.280136838576687
Clay,4.943212545919968
pH,2.786156415617498
PDQ,2.5328530896083006
CEC,2.215807353927059
