var,rel.inf
rough_Surface.T,18.39038959933055
rough_Elevation,13.97931199109456
rough_CEC,11.745602627758577
rough_MAP,11.117585112586134
MAP,10.91295406410041
rough_Soil.C,9.78950747792885
Elevation,5.506637941721307
rough_Clay,5.062029913445152
Clay,4.932085479658092
pH,3.430610956980427
PDQ,2.7276572851059475
CEC,2.4056275502899873
