nt,pseudo_r2,pred_obs_r2,pred_obs_r2_exp
4450,0.28150398661913856,0.7972616409035795,0.7234417131824142
