var,rel.inf
rough_Surface.T,18.377696300899196
rough_Elevation,14.332043427149802
rough_CEC,11.784535096288984
rough_MAP,11.235405111225134
MAP,10.64094858933063
rough_Soil.C,9.366237120195956
rough_Clay,5.520271949629167
Elevation,5.34059777410127
Clay,4.837298523019588
pH,3.4212211417591374
PDQ,2.893019151071947
CEC,2.250725815329181
