var,rel.inf
rough_Surface.T,18.779027717287327
rough_Elevation,15.135577767215278
rough_CEC,12.395639609268828
rough_MAP,12.264925878629587
MAP,11.079811692529839
rough_Soil.C,9.628949530625041
Elevation,5.162174808562406
Clay,4.379924615330935
rough_Clay,4.345969786699487
pH,2.3283380507507796
PDQ,2.3030004096567467
CEC,2.196660133443737
