var,rel.inf
rough_Surface.T,18.10863451891829
rough_Elevation,14.378388949634004
rough_CEC,11.831821194080591
rough_MAP,11.02399219235981
MAP,10.996817366419789
rough_Soil.C,9.482741719468546
Elevation,5.550855284078191
rough_Clay,5.290099603496729
Clay,5.0017387535076105
pH,3.295506126338932
PDQ,2.706595781940202
CEC,2.3328085097573
