var,rel.inf
rough_Surface.T,18.49730283051528
rough_Elevation,14.480851289694547
rough_CEC,11.735913226524715
rough_MAP,11.245845093519831
MAP,11.216470523805521
rough_Soil.C,9.406727133761548
Elevation,5.378225575266473
rough_Clay,5.290279608997427
Clay,4.86270997790484
pH,3.116666516506251
PDQ,2.5316960212221598
CEC,2.237312202281408
