nt,pseudo_r2,pred_obs_r2,pred_obs_r2_exp
4650,0.2838573622633327,0.8043101413229757,0.7305936697828646
