nt,pseudo_r2,pred_obs_r2,pred_obs_r2_exp
4550,0.21271916600558904,0.8022232521154596,0.7300787739243335
