var,rel.inf
rough_Surface.T,18.42524483972025
rough_Elevation,13.975690058260835
rough_CEC,11.522968856815767
rough_MAP,11.139194891067858
MAP,10.468807301258122
rough_Soil.C,8.810563033673352
rough_Clay,5.824534176711431
Elevation,5.607139725759713
Clay,5.308324427584272
pH,3.5572526210648303
PDQ,2.766748419024294
CEC,2.5935316490592784
