nt,pseudo_r2,pred_obs_r2,pred_obs_r2_exp
4150,0.22035051801910843,0.7879014932225157,0.7169856380243929
