nt,pseudo_r2,pred_obs_r2,pred_obs_r2_exp
4900,0.3031949778977031,0.8121461281395057,0.7375827180736437
