nt,pseudo_r2,pred_obs_r2,pred_obs_r2_exp
4500,0.28248194519672454,0.8001458107192502,0.7274283521444043
