nt,pseudo_r2,pred_obs_r2,pred_obs_r2_exp
4600,0.2395740125738024,0.8009977005188327,0.7283168570775188
