nt,pseudo_r2,pred_obs_r2,pred_obs_r2_exp
5800,0.3224079091285649,0.8357453784876383,0.7582572185603385
