var,rel.inf
rough_Surface.T,18.72016842238338
rough_Elevation,14.496446762158424
rough_CEC,11.735846225804593
rough_MAP,11.643182951433394
MAP,10.621481871495057
rough_Soil.C,9.002494236875583
Elevation,5.416363123600655
rough_Clay,5.234083700439507
Clay,4.989038536552016
pH,3.1775328864683408
PDQ,2.522655767938461
CEC,2.440705514850583
