nt,pseudo_r2,pred_obs_r2,pred_obs_r2_exp
4600,0.2600959038227576,0.8028372729221798,0.7293825050395002
