nt,pseudo_r2,pred_obs_r2,pred_obs_r2_exp
4500,0.23031558880708192,0.7994694254697138,0.726560387741816
