var,rel.inf
rough_Surface.T,18.517346886247015
rough_Elevation,14.311467532830621
rough_CEC,11.968688996263129
rough_MAP,11.560954727490529
MAP,11.007025979628654
rough_Soil.C,9.105243563756643
Elevation,5.360138286343897
rough_Clay,5.184256501286831
Clay,4.987310395088411
pH,2.9615544920207855
PDQ,2.6570465818718008
CEC,2.37896605717168
