nt,pseudo_r2,pred_obs_r2,pred_obs_r2_exp
4150,0.2992179293790107,0.7876302701812473,0.7171549486766287
