nt,pseudo_r2,pred_obs_r2,pred_obs_r2_exp
5e3,0.2889669547296505,0.8135581362358325,0.7390666845814694
