nt,pseudo_r2,pred_obs_r2,pred_obs_r2_exp
5050,0.2764939977120848,0.8175176621149262,0.739881958596709
