nt,pseudo_r2,pred_obs_r2,pred_obs_r2_exp
4400,0.27173817656348453,0.7978647035986004,0.7242275895967436
