nt,pseudo_r2,pred_obs_r2,pred_obs_r2_exp
4750,0.3114452347747355,0.808455946975915,0.7312819819872427
