nt,pseudo_r2,pred_obs_r2,pred_obs_r2_exp
3500,0.1534326518379442,0.7658249441005999,0.6994271159369558
