var,rel.inf
rough_Surface.T,18.712586637639834
rough_Elevation,15.122309842759394
rough_CEC,11.945207396101416
MAP,11.426997140780733
rough_MAP,11.417733960934015
rough_Soil.C,9.586161339699531
Elevation,5.107480152359693
Clay,4.793576190132095
rough_Clay,4.686661288329703
pH,2.7146925988659234
PDQ,2.4195597006116314
CEC,2.0670337517860253
