nt,pseudo_r2,pred_obs_r2,pred_obs_r2_exp
3750,0.20280968224385099,0.7752718366100857,0.7042112203820984
