nt,pseudo_r2,pred_obs_r2,pred_obs_r2_exp
3950,0.26550991975725424,0.7814184880180871,0.711777981692025
