var,rel.inf
rough_Surface.T,18.32969304388281
rough_Elevation,14.49729108277905
rough_CEC,11.904197035709217
rough_MAP,11.581501990452013
MAP,10.84098536752598
rough_Soil.C,9.294920142772975
rough_Clay,5.439524056223424
Elevation,5.383926027993031
Clay,4.797635879502109
pH,3.067698395056765
PDQ,2.5712086086582215
CEC,2.2914183694443984
