nt,pseudo_r2,pred_obs_r2,pred_obs_r2_exp
4950,0.2758432804857396,0.8129230248511092,0.7366697655234941
