nt,pseudo_r2,pred_obs_r2,pred_obs_r2_exp
4700,0.28751763996874846,0.80747184485407,0.7313328910129593
