nt,pseudo_r2,pred_obs_r2,pred_obs_r2_exp
5250,0.2997804471679315,0.8207226413839827,0.7445972301138518
