var,rel.inf
rough_Surface.T,18.66170057102314
rough_Elevation,14.986906942341328
rough_CEC,11.849337091585003
rough_MAP,11.52830831297432
MAP,11.128783611642444
rough_Soil.C,9.57261940110119
Elevation,5.33365237001361
rough_Clay,4.901872157009452
Clay,4.681729427634604
pH,2.9181610803942295
PDQ,2.319539513976541
CEC,2.117389520304148
