nt,pseudo_r2,pred_obs_r2,pred_obs_r2_exp
4600,0.29242503660222885,0.8025606915996831,0.7310350623732601
