var,rel.inf
rough_Surface.T,17.44371903856754
rough_Elevation,14.018939623090413
rough_CEC,11.61859996970448
MAP,10.420180543927637
rough_MAP,10.346026022079052
rough_Soil.C,9.290286066121418
rough_Clay,6.133065223291958
Elevation,6.074765692107123
Clay,5.3442705212746855
pH,3.5528064449945855
PDQ,3.1558496750734872
CEC,2.60149117976762
