nt,pseudo_r2,pred_obs_r2,pred_obs_r2_exp
3750,0.27394806508996006,0.7739705389700886,0.7056242585482853
