var,rel.inf
rough_Surface.T,18.478113370360834
rough_Elevation,14.543424029330025
rough_CEC,11.81286777566712
rough_MAP,11.378384513903086
MAP,11.004602373948718
rough_Soil.C,9.544572156445609
rough_Clay,5.323032345249206
Elevation,5.2841736415630285
Clay,4.83890926710109
pH,3.017822691765311
PDQ,2.598436949732939
CEC,2.1756608849330363
