var,rel.inf
rough_Surface.T,18.037755348549844
rough_Elevation,14.087566005496479
rough_CEC,11.344656347335814
rough_MAP,10.78251701449752
MAP,10.436007736643457
rough_Soil.C,9.547703018438217
Elevation,5.846427253291209
rough_Clay,5.765768376746958
Clay,5.0497847146968216
pH,3.695103077447456
PDQ,2.9628328845588974
CEC,2.443878222297325
