var,rel.inf
rough_Surface.T,18.01186902372707
rough_Elevation,14.527622374057444
rough_CEC,12.028208539497092
MAP,11.322394113028322
rough_MAP,10.983408771358812
rough_Soil.C,9.407081362480353
rough_Clay,5.496891202890434
Elevation,5.481149372765775
Clay,4.802726283620215
pH,3.078072153310439
PDQ,2.5229396572683176
CEC,2.337637145995723
