nt,pseudo_r2,pred_obs_r2,pred_obs_r2_exp
4450,0.3099858757875861,0.7975800330639626,0.726170716959772
