var,rel.inf
rough_Surface.T,18.539921358920317
rough_Elevation,14.569101872635716
rough_CEC,11.769777370556694
rough_MAP,11.40189864637015
MAP,10.951283370824504
rough_Soil.C,9.622994066093034
Elevation,5.257018162479668
rough_Clay,5.183504616445155
Clay,4.843104524975707
pH,3.0369545449358264
PDQ,2.542966707768634
CEC,2.281474757994596
