nt,pseudo_r2,pred_obs_r2,pred_obs_r2_exp
4150,0.24853890956192437,0.7892919551682676,0.716359861732694
