var,rel.inf
rough_Surface.T,18.914971432984757
rough_Elevation,14.64534859799387
rough_MAP,12.243774725719867
rough_CEC,12.09346561558157
MAP,11.393084389057426
rough_Soil.C,9.332191888995476
Elevation,5.245599074246255
Clay,4.769710331475173
rough_Clay,4.616397251209963
pH,2.4223631904205143
PDQ,2.179529693211391
CEC,2.1435638091037403
