nt,pseudo_r2,pred_obs_r2,pred_obs_r2_exp
4950,0.3164661730046413,0.8113520561092278,0.7351883718704411
