nt,pseudo_r2,pred_obs_r2,pred_obs_r2_exp
4700,0.2680206954070129,0.8060614961240232,0.7323590409911491
