var,rel.inf
rough_Surface.T,19.183247726824156
rough_Elevation,14.76461637893843
rough_CEC,11.834359886308427
rough_MAP,11.636307784949539
MAP,11.19787476780993
rough_Soil.C,9.112096458652076
Elevation,5.161270252067527
rough_Clay,5.128569195643452
Clay,4.75306791305641
pH,2.8062831928342282
PDQ,2.247402735930164
CEC,2.174903706985659
