var,rel.inf
rough_Surface.T,19.257205963091305
rough_Elevation,15.559164630334875
rough_MAP,12.062987400901488
MAP,12.028768549537828
rough_CEC,11.93229941864852
rough_Soil.C,9.97710536450754
Elevation,5.1997399567255345
Clay,4.19611747605911
rough_Clay,4.086527682573008
CEC,1.9600634484376946
PDQ,1.9591456607997575
pH,1.7808744483833432
