var,rel.inf
rough_Surface.T,18.208365393297587
rough_Elevation,14.910652915687365
rough_CEC,12.014656474171195
rough_MAP,11.47416403267635
MAP,11.471067444232384
rough_Soil.C,9.413473428688976
Elevation,5.154675172435643
rough_Clay,4.993799590281685
Clay,4.848055720191497
pH,3.084732044927461
PDQ,2.3215202216698283
CEC,2.1048375617400286
