var,rel.inf
rough_Surface.T,18.842106398928134
rough_Elevation,14.96641275899663
rough_CEC,12.461398374387022
rough_MAP,11.950852619294578
MAP,11.40991922690141
rough_Soil.C,9.086198392861021
Elevation,5.073198929916338
Clay,4.666852051914129
rough_Clay,4.469830528149662
pH,2.7196092809711314
PDQ,2.2353070048025634
CEC,2.1183144328773835
