var,rel.inf
rough_Surface.T,18.721944774717574
rough_Elevation,14.28628884400328
rough_CEC,11.860981068028273
rough_MAP,11.04405568434367
MAP,11.005473424245718
rough_Soil.C,9.304990808818232
Elevation,5.45687805098575
Clay,5.239900481115311
rough_Clay,5.207458168316244
pH,2.8765055910629123
PDQ,2.657924488238298
CEC,2.3375986161247315
