nt,pseudo_r2,pred_obs_r2,pred_obs_r2_exp
4900,0.3028569145445714,0.81124261803411,0.7356056661479831
