nt,pseudo_r2,pred_obs_r2,pred_obs_r2_exp
4850,0.3214033364079888,0.8100269021646918,0.7317470754170518
