nt,pseudo_r2,pred_obs_r2,pred_obs_r2_exp
3550,0.21948761899935487,0.7664506900719912,0.6987316455589324
