var,rel.inf
rough_Surface.T,18.965893906778128
rough_Elevation,14.701672008026334
rough_CEC,12.020148858932638
rough_MAP,11.668107273145502
MAP,11.303578493571292
rough_Soil.C,9.630293702738475
Elevation,5.1730943268464715
rough_Clay,4.870423569682806
Clay,4.512317277812705
pH,2.57684504226205
CEC,2.313492966261906
PDQ,2.264132573941691
