var,rel.inf
rough_Surface.T,18.19179632552566
rough_Elevation,14.965875675184531
rough_MAP,12.049126276309511
rough_CEC,11.916451294912138
MAP,11.409254897230491
rough_Soil.C,9.729954173953923
Elevation,5.041348165258883
rough_Clay,4.8611087592464655
Clay,4.7913196446859025
pH,2.5647545965510323
PDQ,2.4202679903358444
CEC,2.058742200805614
