nt,pseudo_r2,pred_obs_r2,pred_obs_r2_exp
4750,0.26074324544347005,0.8063357657845658,0.7336838115089571
