var,rel.inf
rough_Surface.T,18.77283945420406
rough_Elevation,15.030160103077638
rough_CEC,12.013448220674062
MAP,11.290738990324725
rough_MAP,11.265046637414617
rough_Soil.C,9.892230525295439
Elevation,5.03856417126627
rough_Clay,4.937879522836847
Clay,4.605996964189137
pH,2.7585156332033516
PDQ,2.3965831244939855
CEC,1.9979966530198716
