var,rel.inf
rough_Surface.T,18.56111737652429
rough_Elevation,14.303415005963481
rough_CEC,11.755535098477706
rough_MAP,11.358609775167336
MAP,10.74546592683074
rough_Soil.C,9.012345511736212
Elevation,5.512474207171628
rough_Clay,5.361163067164087
Clay,5.100039602029891
pH,3.3133748882379432
PDQ,2.7582304070356694
CEC,2.2182291336610183
