nt,pseudo_r2,pred_obs_r2,pred_obs_r2_exp
3250,0.2438034677473243,0.7551576552424257,0.688193257014627
