nt,pseudo_r2,pred_obs_r2,pred_obs_r2_exp
4650,0.2355961138588869,0.8028255548006026,0.7301935470813504
