nt,pseudo_r2,pred_obs_r2,pred_obs_r2_exp
4550,0.3117944618492301,0.8002906010562507,0.7259613212302134
