nt,pseudo_r2,pred_obs_r2,pred_obs_r2_exp
5050,0.28200122126519034,0.815898922408821,0.7385486623790781
