var,rel.inf
rough_Surface.T,19.927738582495397
rough_Elevation,15.466997416982052
rough_MAP,12.36904687228335
rough_CEC,12.118755644078988
MAP,11.573055377163584
rough_Soil.C,9.393872709590081
Elevation,4.707897097808811
Clay,4.39877655585217
rough_Clay,4.028885754501725
pH,2.2969862856977055
CEC,1.8921343230949506
PDQ,1.8258533804511825
