var,rel.inf
rough_Surface.T,18.685859102045143
rough_Elevation,14.115705980539868
rough_CEC,11.724625958057633
rough_MAP,11.605143196748509
MAP,10.799130366744246
rough_Soil.C,9.47594595530501
Elevation,5.52828196770731
rough_Clay,5.28520014006773
Clay,4.9040157142167855
pH,2.932285728141856
PDQ,2.7332111340557352
CEC,2.2105947563701682
