nt,pseudo_r2,pred_obs_r2,pred_obs_r2_exp
3200,0.26665682465688156,0.7515139844965736,0.6829803821041529
