var,rel.inf
rough_Surface.T,17.982188310684624
rough_Elevation,14.680829385851032
rough_CEC,11.632716397619417
rough_MAP,11.472772656735007
MAP,10.81647920269276
rough_Soil.C,9.544258389441199
Elevation,5.561059154266377
rough_Clay,5.418677751130348
Clay,4.986116986378346
pH,3.138264178803951
PDQ,2.5611358706381977
CEC,2.2055017157587424
