nt,pseudo_r2,pred_obs_r2,pred_obs_r2_exp
4700,0.2074296366047682,0.8043296440948018,0.7303593387161506
