nt,pseudo_r2,pred_obs_r2,pred_obs_r2_exp
3550,0.2604630797050078,0.7667200883451571,0.6993551274555448
