nt,pseudo_r2,pred_obs_r2,pred_obs_r2_exp
3950,0.30274079647994945,0.7825444625500357,0.7145123388320382
