nt,pseudo_r2,pred_obs_r2,pred_obs_r2_exp
4650,0.29681261556938743,0.803641946779825,0.7292983607663515
