nt,pseudo_r2,pred_obs_r2,pred_obs_r2_exp
4350,0.2557415316853696,0.794939701176824,0.724174258373161
