nt,pseudo_r2,pred_obs_r2,pred_obs_r2_exp
4900,0.21566871243977248,0.8108926288316531,0.7393396179009795
