var,rel.inf
rough_Surface.T,18.938061409719573
rough_Elevation,14.832367058077205
rough_MAP,12.149462692784024
rough_CEC,12.062745165319386
MAP,11.213744686282014
rough_Soil.C,9.625021036000451
Elevation,5.197500870999225
Clay,4.608252680291931
rough_Clay,4.544872594905656
pH,2.4523565854131943
PDQ,2.2991700710508676
CEC,2.07644514915647
