nt,pseudo_r2,pred_obs_r2,pred_obs_r2_exp
5450,0.2622911372798771,0.8268444847367721,0.7490174166156501
