nt,pseudo_r2,pred_obs_r2,pred_obs_r2_exp
4350,0.2935579470612131,0.7952449658558631,0.7223617476270057
