nt,pseudo_r2,pred_obs_r2,pred_obs_r2_exp
5750,0.26181238723936284,0.8331516470138269,0.7551763611284006
