nt,pseudo_r2,pred_obs_r2,pred_obs_r2_exp
3300,0.22157816370206063,0.7581644061792676,0.6871685887483151
