nt,pseudo_r2,pred_obs_r2,pred_obs_r2_exp
4650,0.2587536100539862,0.8049499998595777,0.7319697683014745
