var,rel.inf
rough_Surface.T,18.31111383511893
rough_Elevation,14.35531935982908
rough_CEC,11.859345592799556
MAP,11.372326828078824
rough_MAP,11.191042353676261
rough_Soil.C,9.366198665572366
Elevation,5.642189518035171
rough_Clay,5.161492924162498
Clay,5.03331344152401
pH,3.0285283153722435
PDQ,2.5034706862323266
CEC,2.175658479598732
