nt,pseudo_r2,pred_obs_r2,pred_obs_r2_exp
4850,0.2884027444428787,0.809258971798621,0.7347575263786635
