nt,pseudo_r2,pred_obs_r2,pred_obs_r2_exp
6500,0.494768187511758,0.8840666191288299,0.7937090704611445
