nt,pseudo_r2,pred_obs_r2,pred_obs_r2_exp
3950,0.5035984429883984,0.8297167483741551,0.7339732127386785
