nt,pseudo_r2,pred_obs_r2,pred_obs_r2_exp
3800,0.4702063342138695,0.826471791849723,0.7300087197295135
