nt,pseudo_r2,pred_obs_r2,pred_obs_r2_exp
5150,0.529459998883359,0.8591504752861637,0.7655333407419421
