var,rel.inf
MAP,39.12954881845252
CEC,11.252511685574456
rough_Elevation,9.149161922821108
Elevation,8.365734672987632
rough_NDVI,6.771298060465143
PDQ,5.8436627165790425
rough_MAP,4.447405342694236
Surface.T,4.179525120344515
rough_Soil.C,2.8461887760581517
pH,2.4333897331192684
rough_PDQ,2.321332787175173
Clay,1.3069953205707472
rough_CEC,1.0702160320393324
rough_Surface.T,0.8830290111186825
