nt,pseudo_r2,pred_obs_r2,pred_obs_r2_exp
5950,0.5265479533252946,0.8732876392116455,0.7832336418862269
