var,rel.inf
MAP,38.093309066155605
CEC,11.296442533134035
rough_Elevation,9.280025104640174
Elevation,8.375212581729569
rough_NDVI,6.47904899502571
PDQ,5.6032656429099426
Surface.T,4.74051794077273
rough_MAP,4.716124042905301
rough_Soil.C,3.0224099730394016
pH,2.548162654648048
rough_PDQ,2.401390686795914
Clay,1.3113442834768572
rough_CEC,1.2163868095346666
rough_Surface.T,0.9163596852320469
