nt,pseudo_r2,pred_obs_r2,pred_obs_r2_exp
5100,0.49970795280718416,0.8568616918032662,0.7620997113457871
