nt,pseudo_r2,pred_obs_r2,pred_obs_r2_exp
4850,0.5070355681033922,0.8518480889492973,0.7560128722238038
