nt,pseudo_r2,pred_obs_r2,pred_obs_r2_exp
5050,0.5190258695670518,0.8568875816883473,0.7618703400608459
