var,rel.inf
MAP,37.92095026993351
CEC,11.32745055540538
rough_Elevation,9.183751664740436
Elevation,8.367674000495583
rough_NDVI,6.652544735362327
PDQ,5.570832067066748
rough_MAP,5.298235708557221
Surface.T,4.256685764238067
rough_Soil.C,2.9965393952156862
pH,2.4742698314122857
rough_PDQ,2.3640229278154283
Clay,1.3748159216254496
rough_CEC,1.2574709685375172
rough_Surface.T,0.9547561895943686
