nt,pseudo_r2,pred_obs_r2,pred_obs_r2_exp
5250,0.4876464596532831,0.8604682673494429,0.7660045721661889
