nt,pseudo_r2,pred_obs_r2,pred_obs_r2_exp
4500,0.5399955587685508,0.8438942250878276,0.7480368732368277
