nt,pseudo_r2,pred_obs_r2,pred_obs_r2_exp
5e3,0.47591004166657447,0.8559257668886904,0.7607204656118666
