nt,pseudo_r2,pred_obs_r2,pred_obs_r2_exp
5150,0.508758646180286,0.8586818823058923,0.7644352825809168
