nt,pseudo_r2,pred_obs_r2,pred_obs_r2_exp
4750,0.5019639276734151,0.8507959614303524,0.7543819999284814
