var,rel.inf
MAP,40.57625566477329
CEC,11.447345316187498
rough_Elevation,9.235088342763971
Elevation,8.150808369084592
rough_NDVI,6.812201153655911
PDQ,5.69214372070761
rough_MAP,4.337144704352596
Surface.T,4.191802033458587
rough_Soil.C,2.637975359246287
pH,2.461406313593501
rough_PDQ,2.0633724334182872
Clay,0.9871916323388347
rough_Surface.T,0.7352942496627183
rough_CEC,0.6719707067563198
