nt,pseudo_r2,pred_obs_r2,pred_obs_r2_exp
6500,0.5090368141855773,0.8840406266206238,0.7952067217305838
