var,rel.inf
MAP,40.62429837115848
CEC,11.49809696037171
rough_Elevation,9.365532748929887
Elevation,8.28517330701284
rough_NDVI,6.67228290979674
PDQ,5.627678473195166
Surface.T,4.316937318253937
rough_MAP,4.301182576769878
rough_Soil.C,2.6396895305527774
pH,2.2955091809322887
rough_PDQ,2.25181271143082
Clay,0.9151901077934873
rough_CEC,0.6223039043953669
rough_Surface.T,0.584311899406612
