var,rel.inf
MAP,38.87801494848914
CEC,11.2790129355662
rough_Elevation,9.081117112832152
Elevation,8.384926173977389
rough_NDVI,6.562310664201861
PDQ,5.663068975536625
rough_MAP,4.793871994241869
Surface.T,4.5398916733439
rough_Soil.C,2.933724602163438
pH,2.352530420450768
rough_PDQ,2.22387140810717
Clay,1.3121113905277446
rough_CEC,1.1767353641139717
rough_Surface.T,0.8188123364477854
