var,rel.inf
MAP,38.76231555952557
CEC,11.29723885488186
rough_Elevation,9.165537156619855
Elevation,8.46751265927056
rough_NDVI,6.707229101073176
PDQ,5.641466288440793
rough_MAP,4.503754463306504
Surface.T,4.136083255149928
rough_Soil.C,2.914637146962416
pH,2.6222719801564587
rough_PDQ,2.3194873364952198
Clay,1.3557831469949118
rough_CEC,1.2819688895067785
rough_Surface.T,0.8247141616159733
