nt,pseudo_r2,pred_obs_r2,pred_obs_r2_exp
6250,0.5339807913118741,0.8799897281972902,0.7883414456479524
