nt,pseudo_r2,pred_obs_r2,pred_obs_r2_exp
4500,0.4902585751135339,0.8442640231913642,0.748333540931036
