var,rel.inf
MAP,37.56322069170714
CEC,11.123173736185704
rough_Elevation,9.248707292648099
Elevation,8.57855970983792
rough_NDVI,6.965791290377081
PDQ,5.442286977716559
Surface.T,4.669824861286047
rough_MAP,4.484778401421107
rough_Soil.C,3.095795786836744
pH,2.554586121039183
rough_PDQ,2.3290532961511285
Clay,1.4725679610960247
rough_CEC,1.4587769687288696
rough_Surface.T,1.0128769049683992
