var,rel.inf
MAP,37.62039145189028
CEC,11.393020832904192
rough_Elevation,9.51892636242312
Elevation,8.455579427179535
rough_NDVI,6.693144335489114
PDQ,5.42834206916451
rough_MAP,5.027364514716582
Surface.T,4.28190911838262
rough_Soil.C,2.996845435239978
pH,2.5803640835624293
rough_PDQ,2.3927890803272738
Clay,1.335756548393112
rough_CEC,1.30717525529215
rough_Surface.T,0.9683914850351072
