nt,pseudo_r2,pred_obs_r2,pred_obs_r2_exp
6150,0.5005713707908916,0.877224255348607,0.7876811951450693
