nt,pseudo_r2,pred_obs_r2,pred_obs_r2_exp
5300,0.4962401599674223,0.8621036495326582,0.7684393232295739
