nt,pseudo_r2,pred_obs_r2,pred_obs_r2_exp
5800,0.5139219158808483,0.8724195899436744,0.7818215467801058
