nt,pseudo_r2,pred_obs_r2,pred_obs_r2_exp
5150,0.4846555838531337,0.8581429677233843,0.7640733157151453
