nt,pseudo_r2,pred_obs_r2,pred_obs_r2_exp
4850,0.5281694412877552,0.8527112990803589,0.758284834019417
