nt,pseudo_r2,pred_obs_r2,pred_obs_r2_exp
5300,0.49856508862180426,0.8623357295774594,0.7685371673451032
