var,rel.inf
MAP,39.54269102307504
CEC,11.908156201910908
rough_Elevation,9.295674407190207
Elevation,8.26716420971316
rough_NDVI,6.691994697916361
PDQ,5.391489455721517
rough_MAP,4.862490895455162
Surface.T,4.243219764364787
rough_Soil.C,2.758815965083554
pH,2.277240266484359
rough_PDQ,2.236678848535106
Clay,0.9775625392457332
rough_Surface.T,0.7836191055335728
rough_CEC,0.7632026197705407
