var,rel.inf
MAP,38.62549947825657
CEC,11.240349688825829
rough_Elevation,8.978746857893622
Elevation,8.57688677056012
rough_NDVI,6.923836095683752
PDQ,5.72256540584439
rough_MAP,4.706287818353267
Surface.T,4.348570929950712
rough_Soil.C,2.8597126687050918
pH,2.5849960654634323
rough_PDQ,2.2797069602060853
Clay,1.221217978600978
rough_CEC,1.0463056577544065
rough_Surface.T,0.8853176239017423
