var,rel.inf
MAP,38.66158574676348
CEC,11.436262518542168
rough_Elevation,9.276788211453121
Elevation,8.370727025947883
rough_NDVI,6.840919486684695
PDQ,5.466162369016947
rough_MAP,4.797184035410107
Surface.T,4.0929680797464645
rough_Soil.C,2.8815555439620466
pH,2.45793384225113
rough_PDQ,2.3966936724009624
Clay,1.2371163444896627
rough_CEC,1.0659823568258542
rough_Surface.T,1.0181207665054754
