nt,pseudo_r2,pred_obs_r2,pred_obs_r2_exp
4500,0.47919480489635635,0.8432173669107869,0.7473865367112327
