var,rel.inf
MAP,38.83597134603333
CEC,11.337360084010825
rough_Elevation,9.443165526259623
Elevation,8.685693669161813
rough_NDVI,6.6489967862327
PDQ,5.291082705247413
rough_MAP,5.044962817379876
Surface.T,4.432525427311319
rough_Soil.C,2.9144664161565625
rough_PDQ,2.2791426463668985
pH,2.278601938347258
Clay,1.0876937325114158
rough_CEC,0.961058448951722
rough_Surface.T,0.7592784560292389
