var,rel.inf
MAP,38.7045331711237
CEC,11.244623009324267
rough_Elevation,9.2132214431982
Elevation,8.613570122627488
rough_NDVI,6.835897435246874
PDQ,5.484257462260213
rough_MAP,4.508575351079885
Surface.T,4.148283140982198
rough_Soil.C,2.965095729066394
pH,2.5638164108495483
rough_PDQ,2.285485808282127
rough_CEC,1.2640146665138772
Clay,1.215682082637755
rough_Surface.T,0.9529441668074813
