var,rel.inf
MAP,38.803814453185574
CEC,11.45033090426224
rough_Elevation,9.125671327988215
Elevation,8.33977785488603
rough_NDVI,6.546113766963732
PDQ,5.695439142116914
rough_MAP,4.551119994194292
Surface.T,4.230053576984605
rough_Soil.C,3.0759932097298557
pH,2.5040057340809176
rough_PDQ,2.4272916396628768
Clay,1.221415385735401
rough_CEC,1.2147351102619466
rough_Surface.T,0.8142378999473935
