var,rel.inf
MAP,39.22570047025283
CEC,11.761814015609344
rough_Elevation,9.189581111387378
Elevation,8.48978104850396
rough_NDVI,6.660834304622778
PDQ,5.56585836093749
rough_MAP,4.336058052863211
Surface.T,4.252578555065824
rough_Soil.C,2.843068817006122
pH,2.4880312013851866
rough_PDQ,2.2913789556110262
Clay,1.1217114102754506
rough_CEC,1.0370196229410107
rough_Surface.T,0.73658407353839
