nt,pseudo_r2,pred_obs_r2,pred_obs_r2_exp
4800,0.50965856475999,0.8507595952665142,0.7562429853135698
