var,rel.inf
MAP,39.68142304886187
CEC,11.627996919078551
rough_Elevation,9.491893689983932
Elevation,8.309786403638475
rough_NDVI,6.73010877381927
PDQ,5.0036363327359865
Surface.T,4.7333939854476315
rough_MAP,4.730146814447025
rough_Soil.C,2.8652323132364255
rough_PDQ,2.241313057427617
pH,2.2239055048480645
Clay,1.0037769598468531
rough_CEC,0.712476286730464
rough_Surface.T,0.6449099098978325
