var,rel.inf
MAP,38.303199550717565
CEC,11.399326015731427
rough_Elevation,9.33525947704574
Elevation,8.225738739039341
rough_NDVI,6.726460194617131
PDQ,5.608284544767126
rough_MAP,4.816020838219338
Surface.T,4.364239298260967
rough_Soil.C,2.8586215928652363
pH,2.6804928154257333
rough_PDQ,2.2946688216053874
Clay,1.286857609097237
rough_CEC,1.178535367501642
rough_Surface.T,0.9222951351061274
