var,rel.inf
MAP,39.67826357787721
CEC,11.524885544949585
rough_Elevation,9.369325924261625
Elevation,7.978763287387074
rough_NDVI,6.664876860105399
PDQ,5.660927890645022
rough_MAP,4.681175046485399
Surface.T,4.294531737938052
rough_Soil.C,2.8057421320171247
pH,2.335603850988171
rough_PDQ,2.3161078595605002
Clay,1.0564474907998904
rough_CEC,0.8224567883111785
rough_Surface.T,0.810892008673765
