nt,pseudo_r2,pred_obs_r2,pred_obs_r2_exp
4900,0.5196381459785772,0.8520857260847532,0.7581122794214247
