var,rel.inf
MAP,37.644806323524385
CEC,11.068915422623704
rough_Elevation,9.176223348077226
Elevation,8.75318074129575
rough_NDVI,6.71708483679221
PDQ,5.757212502470528
Surface.T,4.511134346606189
rough_MAP,4.359821253285245
rough_Soil.C,3.1050658348644977
pH,2.6155349306337197
rough_PDQ,2.340292463489022
rough_CEC,1.4995936772657334
Clay,1.4463423182412982
rough_Surface.T,1.0047920008304936
