nt,pseudo_r2,pred_obs_r2,pred_obs_r2_exp
4700,0.49248680532578937,0.849312403977232,0.7538558331322166
