var,rel.inf
MAP,39.75652637665498
CEC,11.314655931049419
rough_Elevation,9.275583678778668
Elevation,8.066704065046888
rough_NDVI,6.795760244895267
PDQ,5.5865722026714275
rough_MAP,4.721999314861768
Surface.T,4.396161235651716
rough_Soil.C,2.6428169910201835
pH,2.5372722184882543
rough_PDQ,2.297574099574787
Clay,0.9854688010382845
rough_CEC,0.8706413493679799
rough_Surface.T,0.7522634909003743
