nt,pseudo_r2,pred_obs_r2,pred_obs_r2_exp
5250,0.5126469210363245,0.860496723241349,0.7662413331299236
