nt,pseudo_r2,pred_obs_r2,pred_obs_r2_exp
4850,0.5110472955393919,0.8529029867592416,0.7573989623880256
