nt,pseudo_r2,pred_obs_r2,pred_obs_r2_exp
4850,0.5167395329218282,0.851911639789654,0.7576802270994589
