var,rel.inf
MAP,38.64970654309221
CEC,11.278260959207062
rough_Elevation,9.022907294937436
Elevation,8.688364986947377
rough_NDVI,7.072872442872609
PDQ,5.58252782241227
Surface.T,4.531711782796143
rough_MAP,4.146244059071427
rough_Soil.C,3.0747185505115016
pH,2.417290842837485
rough_PDQ,2.297536521659394
Clay,1.2241344532594034
rough_CEC,1.1637841985281037
rough_Surface.T,0.8499395418675837
