var,rel.inf
MAP,38.11742210733467
CEC,11.33236502502893
rough_Elevation,9.173611409032949
Elevation,8.697161933205066
rough_NDVI,6.849590299338559
PDQ,5.567506973792744
Surface.T,4.306219367042797
rough_MAP,4.268333707182968
rough_Soil.C,3.123774378802215
pH,2.4752024234252437
rough_PDQ,2.4616792007891233
Clay,1.366175122469353
rough_CEC,1.3033418474150447
rough_Surface.T,0.9576162051403333
