nt,pseudo_r2,pred_obs_r2,pred_obs_r2_exp
4850,0.5032971838767564,0.8525783657321356,0.7569329330691497
