var,rel.inf
MAP,36.64663820924767
CEC,11.197566578331696
rough_Elevation,9.313221860080619
Elevation,8.52389197383184
rough_NDVI,6.621481034987996
PDQ,5.5317157876326055
rough_MAP,5.165914378407624
Surface.T,4.4843068335111695
rough_Soil.C,3.071731046536333
pH,2.6000927563194103
rough_PDQ,2.4575323375100013
rough_CEC,1.6460485451890858
Clay,1.5973025055520498
rough_Surface.T,1.1425561528618955
