var,rel.inf
MAP,37.74256052731852
CEC,11.491171937213764
rough_Elevation,9.172997858736991
Elevation,8.535091613586388
rough_NDVI,6.7417542084489375
PDQ,5.514093125613762
Surface.T,4.425395534040548
rough_MAP,4.422066762947826
rough_Soil.C,3.088480388216725
pH,2.5959742680017888
rough_PDQ,2.4656503726807157
rough_CEC,1.4580608322800888
Clay,1.4370738285111335
rough_Surface.T,0.9096287424028041
