var,rel.inf
MAP,38.79352148732995
CEC,11.444863197302245
rough_Elevation,9.370497781258809
Elevation,8.412333793339759
rough_NDVI,6.812065730024975
PDQ,5.395647214610333
rough_MAP,4.77162231674473
Surface.T,4.151919386638809
rough_Soil.C,2.9597143671214625
pH,2.403579751669379
rough_PDQ,2.38776545917953
Clay,1.2287922621342537
rough_CEC,1.1204733907180882
rough_Surface.T,0.7472038619276737
