var,rel.inf
MAP,38.594796859565975
CEC,11.50527549162736
rough_Elevation,9.368716324055201
Elevation,8.164279139538138
rough_NDVI,6.702854997679334
PDQ,5.276322501782951
rough_MAP,5.262391806110347
Surface.T,4.416100553484154
rough_Soil.C,2.988957937514445
pH,2.5399824955398547
rough_PDQ,2.1608178186223337
Clay,1.1476730520415137
rough_CEC,1.0344114401856435
rough_Surface.T,0.8374195822527442
