var,rel.inf
MAP,37.65542512166598
CEC,11.33650779762821
rough_Elevation,9.369362858726557
Elevation,8.360630107686218
rough_NDVI,6.837743186082468
PDQ,5.5371541706834835
rough_MAP,5.112832837783779
Surface.T,4.418755936161465
rough_Soil.C,3.0222884389267666
pH,2.3957855126830143
rough_PDQ,2.306904353308551
Clay,1.4356629832433498
rough_CEC,1.2851506300456539
rough_Surface.T,0.9257960653744979
