var,rel.inf
MAP,38.83038146276636
CEC,11.29078410617116
rough_Elevation,9.242920398808126
Elevation,8.353127321609348
rough_NDVI,6.6269379182417465
PDQ,5.515622111646521
rough_MAP,4.815511026290931
Surface.T,4.39882674097641
rough_Soil.C,3.1936252059230132
pH,2.4167054934332204
rough_PDQ,2.257614767956984
Clay,1.1802388978773644
rough_CEC,1.056965782441154
rough_Surface.T,0.8207387658576556
