nt,pseudo_r2,pred_obs_r2,pred_obs_r2_exp
5200,0.5115397008734901,0.8608489215252312,0.765898022037796
