var,rel.inf
MAP,39.15504753657878
CEC,11.324870711275242
rough_Elevation,9.32033419464274
Elevation,8.199651570461167
rough_NDVI,6.555520801008942
PDQ,5.5356467961118785
rough_MAP,4.9475133497967345
Surface.T,4.344044175768367
rough_Soil.C,2.9682260864896186
pH,2.581513006183346
rough_PDQ,2.2263302778901317
Clay,1.0638251929222258
rough_CEC,1.0215696495799151
rough_Surface.T,0.7559066512909088
