var,rel.inf
MAP,39.25362948992124
CEC,11.390510808962611
rough_Elevation,9.09716708936768
Elevation,8.473565671355995
rough_NDVI,6.572898650800358
PDQ,5.570164321094384
rough_MAP,4.5114206408834185
Surface.T,4.306661503510663
rough_Soil.C,3.0517144564402634
pH,2.41860398712283
rough_PDQ,2.2499237009727873
Clay,1.2059285731796243
rough_CEC,1.0416110623975683
rough_Surface.T,0.8562000439905819
