var,rel.inf
MAP,38.864389655358536
CEC,11.2848029923293
rough_Elevation,9.156673365973235
Elevation,8.40075679184566
rough_NDVI,6.736284033233388
PDQ,5.756755827921131
rough_MAP,4.659347537415146
Surface.T,4.282546297925866
rough_Soil.C,2.933165537540464
pH,2.4964656546409247
rough_PDQ,2.3742406594880907
Clay,1.2015258310326709
rough_CEC,1.0172769804684263
rough_Surface.T,0.8357688348271587
