var,rel.inf
MAP,38.72246575605739
CEC,11.259766101297172
rough_Elevation,9.314391285449139
Elevation,8.549156751182247
rough_NDVI,6.772977882612187
PDQ,5.639293179497773
rough_MAP,4.697943895331327
Surface.T,4.405015351350941
rough_Soil.C,2.7648299516470263
pH,2.449466255257273
rough_PDQ,2.2931175079715502
Clay,1.160385784370704
rough_CEC,1.0619231722146425
rough_Surface.T,0.9092671257606232
