nt,pseudo_r2,pred_obs_r2,pred_obs_r2_exp
3950,0.5064232733113431,0.8319376489824462,0.7342512576651049
