nt,pseudo_r2,pred_obs_r2,pred_obs_r2_exp
4850,0.4760593512672858,0.8516915443509052,0.755934159545467
