nt,pseudo_r2,pred_obs_r2,pred_obs_r2_exp
4850,0.5360722775825519,0.8525322115235733,0.7559372042971407
