nt,pseudo_r2,pred_obs_r2,pred_obs_r2_exp
4250,0.5134066369361059,0.837477992492812,0.7407784343973857
