nt,pseudo_r2,pred_obs_r2,pred_obs_r2_exp
5400,0.49767103035812466,0.8642833648410585,0.7701529881890659
