var,rel.inf
MAP,38.45029475668736
CEC,11.493124452053468
rough_Elevation,9.217323997865192
Elevation,8.457652035063742
rough_NDVI,6.749826986377088
PDQ,5.571550122095664
rough_MAP,4.553855973854035
Surface.T,4.25870999108196
rough_Soil.C,3.0120289240973883
pH,2.4367865005601423
rough_PDQ,2.2954790501613105
Clay,1.3172513557304681
rough_CEC,1.2155730076210702
rough_Surface.T,0.9705428467511107
