var,rel.inf
MAP,38.163012693890686
CEC,11.353454585527533
rough_Elevation,9.410216014332482
Elevation,8.26955453432019
rough_NDVI,6.745734927895882
PDQ,5.519503504307029
rough_MAP,4.938094986267026
Surface.T,4.3530082230765625
rough_Soil.C,3.0317574947355945
pH,2.4386247689038036
rough_PDQ,2.4341412393912303
Clay,1.2604621468567954
rough_CEC,1.173010555614553
rough_Surface.T,0.9094243248806296
