nt,pseudo_r2,pred_obs_r2,pred_obs_r2_exp
5100,0.49482084033142704,0.8572008919768402,0.7620586846258554
