var,rel.inf
MAP,39.61491570012456
CEC,11.560853932289396
rough_Elevation,9.259829927545816
Elevation,8.190285950381881
rough_NDVI,6.667810534010294
PDQ,5.411342681961477
rough_MAP,4.538085750715966
Surface.T,4.116808818177577
rough_Soil.C,3.0280471731107212
pH,2.4614835292676664
rough_PDQ,2.287639416831617
Clay,1.1456888185719911
rough_CEC,0.8622198783718417
rough_Surface.T,0.854987888639197
