nt,pseudo_r2,pred_obs_r2,pred_obs_r2_exp
4150,0.48929863242322513,0.8355530426739057,0.7386628254831447
