var,rel.inf
MAP,38.62709028642833
CEC,11.457935560784426
rough_Elevation,9.244714248800982
Elevation,8.632000020972535
rough_NDVI,6.588241606445182
PDQ,5.563890720462038
rough_MAP,4.548848353960806
Surface.T,4.16716249143479
rough_Soil.C,2.9049633511637682
rough_PDQ,2.4623916202606067
pH,2.3369240718402824
Clay,1.3274905625202442
rough_CEC,1.262547267357872
rough_Surface.T,0.8757998375681397
