var,rel.inf
MAP,39.04407849940037
CEC,11.340428215641404
rough_Elevation,9.604068209019736
Elevation,8.054045269695907
rough_NDVI,6.6409696262910956
PDQ,5.4209010291606985
rough_MAP,5.145938715830223
Surface.T,4.51124595590007
rough_Soil.C,2.899943439576629
rough_PDQ,2.3525652509544015
pH,2.2960327062150756
Clay,1.109308688448247
rough_CEC,0.8908725672446414
rough_Surface.T,0.6896018266214986
