nt,pseudo_r2,pred_obs_r2,pred_obs_r2_exp
4550,0.47467751019448634,0.843747765210247,0.7482009532968869
