var,rel.inf
MAP,38.04503767070121
CEC,11.151915438724995
rough_Elevation,9.215470126534358
Elevation,8.441362647084922
rough_NDVI,6.742250751838846
PDQ,5.670860375738038
rough_MAP,4.875422170550344
Surface.T,4.383705304831206
rough_Soil.C,3.0327428670187047
pH,2.472848268025636
rough_PDQ,2.3925114013409354
rough_CEC,1.3354172006015512
Clay,1.2907001814529968
rough_Surface.T,0.9497555955562461
