nt,pseudo_r2,pred_obs_r2,pred_obs_r2_exp
4550,0.49635902403378107,0.8457769287872503,0.7504540583846341
