var,rel.inf
MAP,39.57924630480979
CEC,11.241646712971203
rough_Elevation,9.343077593391135
Elevation,8.148244266601825
rough_NDVI,6.725125777875903
PDQ,5.751745667519594
rough_MAP,5.093099154895933
Surface.T,4.322555727007509
rough_Soil.C,2.784554785287532
rough_PDQ,2.2427925587005393
pH,2.2144518373719686
Clay,1.0203869094801477
rough_Surface.T,0.7858505694622441
rough_CEC,0.747222134624668
