nt,pseudo_r2,pred_obs_r2,pred_obs_r2_exp
6750,0.5168987972882446,0.8888394335396566,0.8012254930395476
