nt,pseudo_r2,pred_obs_r2,pred_obs_r2_exp
6350,0.5197262573669061,0.8819756781795787,0.7933377229786107
