nt,pseudo_r2,pred_obs_r2,pred_obs_r2_exp
8350,0.5485371996723277,0.9100978709312598,0.8287380458063225
