var,rel.inf
MAP,39.61315174719495
CEC,11.364895128676146
rough_Elevation,9.252521411917021
Elevation,8.19282920899607
rough_NDVI,6.7816304754851595
PDQ,5.4514888118192735
Surface.T,4.5812991510100725
rough_MAP,4.5231874914520915
rough_Soil.C,2.8089949978539455
pH,2.4330641970941587
rough_PDQ,2.283824747903839
Clay,1.0773650821650795
rough_CEC,0.8650013776650538
rough_Surface.T,0.7707461707671477
