nt,pseudo_r2,pred_obs_r2,pred_obs_r2_exp
5e3,0.4448173342477536,0.8542699725326679,0.7582480201213037
