nt,pseudo_r2,pred_obs_r2,pred_obs_r2_exp
5700,0.46811329213128605,0.8699086069792031,0.7788391200316442
