var,rel.inf
MAP,39.91692308972752
CEC,11.571896761420339
rough_Elevation,9.320847843866314
Elevation,8.238469675772686
rough_NDVI,6.7206911213087865
PDQ,5.326353224712402
rough_MAP,4.6211180098298295
Surface.T,4.349865232959458
rough_Soil.C,3.083081430422141
pH,2.1944230615263476
rough_PDQ,2.170668750540392
Clay,0.9418205383208366
rough_CEC,0.837887196617093
rough_Surface.T,0.7059540629758488
