var,rel.inf
MAP,38.96676507764949
CEC,11.59703393666995
rough_Elevation,9.357207624752107
Elevation,8.270341778388532
rough_NDVI,6.697075833176588
PDQ,5.451758495501009
rough_MAP,4.76984495827909
Surface.T,4.000065370465809
rough_Soil.C,3.052501967333049
pH,2.4014412470396556
rough_PDQ,2.3340002848617907
Clay,1.2961655488514587
rough_CEC,0.9919036759755506
rough_Surface.T,0.8138942010559114
