var,rel.inf
MAP,39.57049274159795
CEC,11.52450975737194
rough_Elevation,9.108788022735808
Elevation,8.244682011415607
rough_NDVI,6.542178080498129
PDQ,5.354210137095659
rough_MAP,4.838347184112839
Surface.T,4.436635252890709
rough_Soil.C,2.776136969401559
pH,2.447638938392105
rough_PDQ,2.4192724199241917
Clay,1.032213649819807
rough_CEC,0.8850003930933994
rough_Surface.T,0.8198944416502943
