nt,pseudo_r2,pred_obs_r2,pred_obs_r2_exp
5250,0.4968358872084191,0.8606847567516109,0.765944726980112
