var,rel.inf
MAP,38.340086370854436
CEC,11.338550380381323
rough_Elevation,9.341344514549265
Elevation,8.466371134512043
rough_NDVI,6.683102002782849
PDQ,5.328790748627067
rough_MAP,4.688184831263588
Surface.T,4.469977933303567
rough_Soil.C,3.021155443180748
pH,2.470857321724266
rough_PDQ,2.290929372064437
Clay,1.3427901965402855
rough_CEC,1.300453057145216
rough_Surface.T,0.9174066930709173
