nt,pseudo_r2,pred_obs_r2,pred_obs_r2_exp
4950,0.49818404724607657,0.8542382877560067,0.7577800386376706
