var,rel.inf
MAP,36.40263356369847
CEC,11.060782559992978
rough_Elevation,9.247306323995625
Elevation,8.797494156002378
rough_NDVI,6.727187599581785
PDQ,5.56734061510246
rough_MAP,4.83921413952342
Surface.T,4.713387120615763
rough_Soil.C,3.143572588330321
pH,2.6680930526472633
rough_PDQ,2.3768668656465297
rough_CEC,1.6711787482361544
Clay,1.6321561138737135
rough_Surface.T,1.1527865527531376
