nt,pseudo_r2,pred_obs_r2,pred_obs_r2_exp
5450,0.5214921938666168,0.8651149990061187,0.7720834105005293
