var,rel.inf
MAP,39.97846475545095
CEC,11.278165004689013
rough_Elevation,9.353459730120441
Elevation,8.244562037779296
rough_NDVI,6.704002037075466
PDQ,5.501632461699053
Surface.T,4.489534167633904
rough_MAP,4.231047171202401
rough_Soil.C,2.7716203265817847
rough_PDQ,2.4386073562666497
pH,2.409625781632933
Clay,1.0608520485378352
rough_CEC,0.7810167497757077
rough_Surface.T,0.7574103715545559
