var,rel.inf
MAP,38.82423242878302
CEC,11.38172986534819
rough_Elevation,9.121068784120403
Elevation,8.623252826884459
rough_NDVI,6.885839574394448
PDQ,5.81787504931538
rough_MAP,4.512646678860989
Surface.T,4.394090391346592
rough_Soil.C,2.757123160302405
pH,2.4612063276921607
rough_PDQ,2.256744443755746
Clay,1.2017899196324755
rough_CEC,1.007524726459716
rough_Surface.T,0.7548758231040206
