var,rel.inf
MAP,39.14589359103682
CEC,11.381029403853086
rough_Elevation,9.383142894077727
Elevation,8.303398671399608
rough_NDVI,6.617484456961041
PDQ,5.274805424923175
rough_MAP,4.78318248547026
Surface.T,4.395560473232876
rough_Soil.C,2.8850741656632413
pH,2.4005414414902164
rough_PDQ,2.356911991397448
Clay,1.1655060006140259
rough_CEC,1.0429119721113942
rough_Surface.T,0.8645570277690942
