nt,pseudo_r2,pred_obs_r2,pred_obs_r2_exp
4950,0.5187683005873582,0.8540367978673983,0.7596287643510279
