var,rel.inf
MAP,40.494538820910655
CEC,11.372624744256038
rough_Elevation,9.291814282691362
Elevation,8.070798992255446
rough_NDVI,6.77635578304695
PDQ,5.623859362634125
Surface.T,4.482686044870327
rough_MAP,4.427054029909782
rough_Soil.C,2.765001655285516
pH,2.238466084482311
rough_PDQ,2.1734876573857913
Clay,0.9322985268598595
rough_CEC,0.6841680486167707
rough_Surface.T,0.666845966795064
