nt,pseudo_r2,pred_obs_r2,pred_obs_r2_exp
4100,0.47016671924961606,0.8341952175515942,0.738895340389209
