var,rel.inf
MAP,39.32890739353273
CEC,11.435325062916425
rough_Elevation,8.922634427286615
Elevation,8.552286654546675
rough_NDVI,6.800081950573183
PDQ,5.476759416751668
Surface.T,4.35768892451027
rough_MAP,4.273205495535128
rough_Soil.C,2.863884519317817
pH,2.5252764092529234
rough_PDQ,2.2971598879708077
Clay,1.1830048130499933
rough_CEC,1.1686093607988068
rough_Surface.T,0.8151756839569534
