var,rel.inf
MAP,37.47215769537882
CEC,11.243763590694991
rough_Elevation,9.233351041119771
Elevation,8.613462262699159
rough_NDVI,6.704303527696742
PDQ,5.504663391184161
rough_MAP,4.81253865503412
Surface.T,4.170742097639042
rough_Soil.C,3.08606746749394
pH,2.7121670327129532
rough_PDQ,2.436343873823024
Clay,1.4631903250094218
rough_CEC,1.4378117101796761
rough_Surface.T,1.1094373293341813
