var,rel.inf
MAP,39.422362566483194
CEC,11.411406258269926
rough_Elevation,9.306159617430406
Elevation,8.359825696720923
rough_NDVI,6.647389626576894
PDQ,5.766725070439944
rough_MAP,4.4391039055047745
Surface.T,4.238812375963293
rough_Soil.C,2.987341147560987
pH,2.3286382747387004
rough_PDQ,2.270545866942411
Clay,1.117833576590347
rough_CEC,0.9374375067728082
rough_Surface.T,0.7664185100053875
