var,rel.inf
MAP,38.124937197964236
CEC,11.3683772217843
rough_Elevation,9.460272069334493
Elevation,8.268210838903483
rough_NDVI,6.581460752727472
PDQ,5.286676195032413
rough_MAP,4.672752156901516
Surface.T,4.582825075322227
rough_Soil.C,2.983468026870782
pH,2.5493053352879964
rough_PDQ,2.433045931239293
Clay,1.4276923320734192
rough_CEC,1.3307568143605009
rough_Surface.T,0.9302200521978796
