var,rel.inf
MAP,40.0903332613761
CEC,11.853413358182818
rough_Elevation,9.127587551102957
Elevation,8.468462597385853
rough_NDVI,6.653783859175643
PDQ,5.397189258060597
rough_MAP,4.394532435479338
Surface.T,4.0066461561415725
rough_Soil.C,2.848676643907266
pH,2.222776812824428
rough_PDQ,2.1945188849213784
Clay,1.0212532176146263
rough_Surface.T,0.86673166863219
rough_CEC,0.8540942951952242
