var,rel.inf
MAP,39.992567134709006
CEC,11.446735000225333
rough_Elevation,9.562933191805826
Elevation,8.034170797400785
rough_NDVI,6.581263937283197
PDQ,5.423448775231628
rough_MAP,4.583344864049043
Surface.T,4.296660349730772
rough_Soil.C,2.8748511300233894
rough_PDQ,2.397023823631642
pH,2.331759236888056
Clay,1.0408104058319354
rough_CEC,0.7775655962855178
rough_Surface.T,0.6568657569038698
