nt,pseudo_r2,pred_obs_r2,pred_obs_r2_exp
4050,0.4782522633911138,0.8343468146280879,0.7350114335968065
