nt,pseudo_r2,pred_obs_r2,pred_obs_r2_exp
4850,0.515052370031946,0.8524911245483343,0.7562015929776372
