nt,pseudo_r2,pred_obs_r2,pred_obs_r2_exp
4450,0.5249495623625547,0.8429262472858374,0.7468437215388423
