var,rel.inf
MAP,39.370656891675445
CEC,11.398720740087155
rough_Elevation,9.28764913053597
Elevation,8.47112718743763
rough_NDVI,6.663860997347859
PDQ,5.609808505098165
rough_MAP,4.534797697956867
Surface.T,4.137982874785601
rough_Soil.C,2.8560375660333706
pH,2.4457917859025944
rough_PDQ,2.275525279415529
Clay,1.1131214833883023
rough_CEC,0.995592626190419
rough_Surface.T,0.8393272341450959
