var,rel.inf
MAP,40.088410285287935
CEC,11.795008946557049
rough_Elevation,9.11632025324577
Elevation,8.209566062816105
rough_NDVI,6.70803679802031
PDQ,5.613730130153348
rough_MAP,4.454855573421138
Surface.T,4.401969535023686
rough_Soil.C,2.7145687092376733
pH,2.3950417490070333
rough_PDQ,2.1213856791571977
Clay,0.9019924214682394
rough_CEC,0.8026884704331506
rough_Surface.T,0.6764253861713668
