var,rel.inf
MAP,39.01035574627247
CEC,11.462460791642165
rough_Elevation,9.395475290590133
Elevation,8.48377613673779
rough_NDVI,6.642012636048706
PDQ,5.400681303757273
rough_MAP,4.710657585297561
Surface.T,4.455552858461078
rough_Soil.C,2.883782832002248
pH,2.450841349824752
rough_PDQ,2.320134570959959
Clay,1.0836153148371679
rough_CEC,0.9880142339672009
rough_Surface.T,0.7126393496014989
