nt,pseudo_r2,pred_obs_r2,pred_obs_r2_exp
4750,0.5124944137663324,0.8486838545859199,0.7536537602461635
