var,rel.inf
MAP,39.64328409227639
CEC,11.330019287909767
rough_Elevation,9.056006949899029
Elevation,8.353696830665733
rough_NDVI,6.926427741489098
PDQ,5.626504202899887
rough_MAP,4.2982392211653275
Surface.T,4.284707064577971
rough_Soil.C,2.9112807079529204
rough_PDQ,2.3210206965594145
pH,2.304779782338515
Clay,1.1438152203757135
rough_CEC,0.9325116507174791
rough_Surface.T,0.8677065511727566
