nt,pseudo_r2,pred_obs_r2,pred_obs_r2_exp
4100,0.47083040574477764,0.8335377534467368,0.7368797005139359
