nt,pseudo_r2,pred_obs_r2,pred_obs_r2_exp
6550,0.5302816004276517,0.8853274402116088,0.7970491550924027
