nt,pseudo_r2,pred_obs_r2,pred_obs_r2_exp
5e3,0.5090269009761046,0.8559113831955607,0.7599581584708152
