nt,pseudo_r2,pred_obs_r2,pred_obs_r2_exp
4950,0.5147042517164917,0.8548191014011284,0.7612902501743389
