var,rel.inf
MAP,39.138267730110265
CEC,11.645250650494512
rough_Elevation,9.327385484713657
Elevation,8.493056808165377
rough_NDVI,6.861142858094095
PDQ,5.379268361993814
rough_MAP,4.333855515447686
Surface.T,4.171403362031435
rough_Soil.C,2.9939327247047913
rough_PDQ,2.3998424897988833
pH,2.3478372841264945
Clay,1.138967693456585
rough_CEC,0.9423437443251154
rough_Surface.T,0.8274452925372799
