nt,pseudo_r2,pred_obs_r2,pred_obs_r2_exp
6800,0.5031390579204715,0.8893759106933853,0.8024973276565315
