nt,pseudo_r2,pred_obs_r2,pred_obs_r2_exp
4250,0.4779010058470844,0.837740737204728,0.7412086755849493
