var,rel.inf
MAP,39.22454437966717
CEC,11.317042220367867
rough_Elevation,9.459935741080088
Elevation,8.05152637300905
rough_NDVI,6.970178270297746
PDQ,5.595593237596499
rough_MAP,4.946761123463549
Surface.T,4.383371872615021
rough_Soil.C,2.8001230275815536
rough_PDQ,2.3238841103471057
pH,2.1165403966254694
Clay,1.2110359962580632
rough_CEC,0.8250557240816729
rough_Surface.T,0.7744075270091435
