var,rel.inf
MAP,38.819591890294674
CEC,11.461409697381857
rough_Elevation,9.446659462937275
Elevation,8.400494453323622
rough_NDVI,6.703678740554685
PDQ,5.654229298484718
rough_MAP,4.508436184934879
Surface.T,4.269189649924713
rough_Soil.C,2.934649035990199
pH,2.3933094651288322
rough_PDQ,2.3591491740285284
Clay,1.1397103649800273
rough_CEC,1.105723783334584
rough_Surface.T,0.80376879870141
