var,rel.inf
MAP,38.71110231448912
CEC,11.618717148836836
rough_Elevation,9.433184774545522
Elevation,8.28691734064074
rough_NDVI,6.655346469066197
PDQ,5.457606863872167
rough_MAP,5.071559859006574
Surface.T,3.9613058419968805
rough_Soil.C,2.781075328571636
rough_PDQ,2.454324603553991
pH,2.423429975178094
Clay,1.2968122954760444
rough_CEC,1.1831887913626018
rough_Surface.T,0.6654283934036016
