nt,pseudo_r2,pred_obs_r2,pred_obs_r2_exp
5400,0.5286394705009433,0.8644756281926497,0.7711750838305753
