var,rel.inf
MAP,39.146247805078616
CEC,11.231428478422666
rough_Elevation,9.343518194692226
Elevation,8.477319205782054
rough_NDVI,7.0137878180092725
PDQ,5.443420107857802
Surface.T,4.5037662502443965
rough_MAP,4.015371793901316
rough_Soil.C,2.86932151024759
pH,2.546330490631217
rough_PDQ,2.2708517441597875
Clay,1.1244337351896831
rough_CEC,1.10922334839616
rough_Surface.T,0.9049795173872056
