var,rel.inf
MAP,39.649498157725354
CEC,11.435480079343513
rough_Elevation,9.24159955539963
Elevation,8.339977591466335
rough_NDVI,6.909783210223303
PDQ,5.486926356063768
rough_MAP,4.509054395500502
Surface.T,4.357736074556499
rough_Soil.C,2.8654137051606834
pH,2.258334532792538
rough_PDQ,2.212304809221344
rough_CEC,0.9677887437174796
Clay,0.948638372947487
rough_Surface.T,0.8174644158815674
