nt,pseudo_r2,pred_obs_r2,pred_obs_r2_exp
4e3,0.4908525423900021,0.8318139449796504,0.7357773206974234
