var,rel.inf
MAP,38.088533505744856
CEC,11.160047175329565
rough_Elevation,9.442644734982846
Elevation,8.311346524932482
rough_NDVI,6.903722676406558
PDQ,5.517231647419308
rough_MAP,4.9652868515690045
Surface.T,4.496984704094369
rough_Soil.C,2.9142786471430973
pH,2.5298126925328566
rough_PDQ,2.290604719425726
Clay,1.3718965097151823
rough_CEC,1.1548719199728599
rough_Surface.T,0.8527376907312878
