var,rel.inf
MAP,38.59609435028006
CEC,11.390187675965517
rough_Elevation,9.401022099861644
Elevation,8.27791210936615
rough_NDVI,6.635533782538611
PDQ,5.4944545658161585
rough_MAP,4.89951329670647
Surface.T,4.45063910944499
rough_Soil.C,3.02370492630083
pH,2.3690235183094104
rough_PDQ,2.321885602022905
Clay,1.3108061010293603
rough_CEC,1.0681338267242755
rough_Surface.T,0.7610890356336129
