nt,pseudo_r2,pred_obs_r2,pred_obs_r2_exp
5850,0.5070572372932229,0.8730312212120227,0.7830899268278638
