var,rel.inf
MAP,38.25511980659903
CEC,11.09956970682042
rough_Elevation,9.238909447576924
Elevation,8.3861312961798955
rough_NDVI,6.558416489881556
PDQ,5.715689509357645
rough_MAP,4.861521215470144
Surface.T,4.545890795503476
rough_Soil.C,3.0174346406125845
pH,2.5128579091353713
rough_PDQ,2.3321036345768427
Clay,1.388084624094155
rough_CEC,1.1032630297797346
rough_Surface.T,0.98500789441222
