var,rel.inf
MAP,39.59635353493286
CEC,10.976918159347145
rough_Elevation,9.33917734724447
Elevation,8.229068455367914
rough_NDVI,6.7542221853711055
PDQ,5.71135275654395
rough_MAP,5.117842885292523
Surface.T,4.158838967628807
rough_Soil.C,2.6963455822069804
pH,2.5431171521321336
rough_PDQ,2.354395658962579
Clay,1.0612609353964981
rough_CEC,0.7491974290754742
rough_Surface.T,0.7119089504975562
