nt,pseudo_r2,pred_obs_r2,pred_obs_r2_exp
3750,0.4705262181342761,0.8250944151016539,0.7286881011333723
