var,rel.inf
MAP,38.57216307916438
CEC,11.40948090540544
rough_Elevation,9.107644466102107
Elevation,8.422214349835071
rough_NDVI,6.93563345658666
PDQ,5.443685078241214
rough_MAP,4.665995580068522
Surface.T,4.416613439159099
rough_Soil.C,2.991370489519499
pH,2.400802605473536
rough_PDQ,2.376845603911349
Clay,1.2104089455947598
rough_CEC,1.1674575072471407
rough_Surface.T,0.8796844936912168
