var,rel.inf
MAP,39.072875051438
CEC,11.604974088091312
rough_Elevation,9.567613087261153
Elevation,8.209015840565398
rough_NDVI,6.650664202077072
PDQ,5.407163892212215
rough_MAP,4.6559557256741275
Surface.T,4.353508607583153
rough_Soil.C,2.851154544265629
pH,2.4116667681760537
rough_PDQ,2.3772263820636104
Clay,1.1301954269268033
rough_CEC,0.9387698943994722
rough_Surface.T,0.769216489266
