nt,pseudo_r2,pred_obs_r2,pred_obs_r2_exp
4800,0.5313844212023654,0.850547330576408,0.7557750760537774
