var,rel.inf
MAP,39.79409380503786
CEC,11.680435082835391
rough_Elevation,9.28218420805321
Elevation,8.239670311273752
rough_NDVI,6.741575231691654
PDQ,5.463266413673354
rough_MAP,4.4866073272766345
Surface.T,4.145368517655077
rough_Soil.C,2.83549401818794
pH,2.495491918297148
rough_PDQ,2.3345677106089298
Clay,1.0370312533473172
rough_CEC,0.7719134045766114
rough_Surface.T,0.6923007974851214
