nt,pseudo_r2,pred_obs_r2,pred_obs_r2_exp
5100,0.5060375198990317,0.8565738869255828,0.7613708809096942
