var,rel.inf
MAP,38.876577525005416
CEC,11.370552456913243
rough_Elevation,9.567008595847659
Elevation,8.18615347336703
rough_NDVI,6.892831965176919
PDQ,5.577996639173748
rough_MAP,4.657427676473294
Surface.T,4.3375188860453475
rough_Soil.C,2.895675808704086
pH,2.3161017991379564
rough_PDQ,2.30463240070006
Clay,1.1496267302204926
rough_CEC,1.0582167112192908
rough_Surface.T,0.8096793320154557
