var,rel.inf
MAP,38.47589960096304
CEC,11.412057050646059
rough_Elevation,9.324735088021646
Elevation,8.251763676152265
rough_NDVI,6.864547925473824
PDQ,5.607500472305847
rough_MAP,4.663023028312475
Surface.T,4.420346394326789
rough_Soil.C,2.9596252152462204
pH,2.353651290032236
rough_PDQ,2.3133619029466557
Clay,1.3094891439217613
rough_CEC,1.1632521615425802
rough_Surface.T,0.8807470501086
