nt,pseudo_r2,pred_obs_r2,pred_obs_r2_exp
4700,0.5190025989785673,0.8480509252973665,0.7516100333148501
