var,rel.inf
MAP,37.84968634349367
CEC,11.27998391176242
rough_Elevation,9.38595219694647
Elevation,8.44139892714317
rough_NDVI,6.6225804237275945
PDQ,5.555744150621431
rough_MAP,4.839992864757221
Surface.T,4.372917105685225
rough_Soil.C,2.979146439555103
pH,2.4929459790684074
rough_PDQ,2.348830585021766
rough_CEC,1.4636212471598178
Clay,1.318665629931569
rough_Surface.T,1.0485341951261407
