nt,pseudo_r2,pred_obs_r2,pred_obs_r2_exp
4600,0.4913580163076895,0.8463574698947072,0.7494126452577872
