var,rel.inf
MAP,38.82005475902049
CEC,11.558572144232397
rough_Elevation,9.48014742448599
Elevation,8.259324759446253
rough_NDVI,6.825870715664031
PDQ,5.680838830137701
rough_MAP,4.815164144933796
Surface.T,4.2006484289395205
rough_Soil.C,2.7576539663516297
rough_PDQ,2.31959061990165
pH,2.2349378488058442
Clay,1.1788931311768358
rough_CEC,1.0937954179378955
rough_Surface.T,0.7745078089659623
