var,rel.inf
MAP,39.309110151065624
CEC,11.39832153101178
rough_Elevation,9.3187704318801
Elevation,8.256367863851956
rough_NDVI,6.925839668489746
PDQ,5.405544113062647
rough_MAP,4.542733227308848
Surface.T,4.373679100745681
rough_Soil.C,3.017407073951242
pH,2.378736495026462
rough_PDQ,2.220018178355573
Clay,1.0649839270133956
rough_CEC,1.0028546260089635
rough_Surface.T,0.7856336122279687
