nt,pseudo_r2,pred_obs_r2,pred_obs_r2_exp
4500,0.5044805044250813,0.8445850662533916,0.747513798571422
