nt,pseudo_r2,pred_obs_r2,pred_obs_r2_exp
4850,0.5065078412529649,0.8524230329341927,0.7558143018032718
