nt,pseudo_r2,pred_obs_r2,pred_obs_r2_exp
4200,0.48956532494491345,0.8365443611231843,0.7393034695944021
