var,rel.inf
MAP,36.69941309936662
CEC,11.218531537812568
rough_Elevation,9.3929474715502
Elevation,8.507996639845407
rough_NDVI,6.803677270255665
PDQ,5.528593853242847
rough_MAP,4.819666912511929
Surface.T,4.570332261789129
rough_Soil.C,3.133001029046205
pH,2.6021475787261075
rough_PDQ,2.3244209033206578
rough_CEC,1.6728535399746571
Clay,1.587791434978623
rough_Surface.T,1.1386264675793722
