var,rel.inf
MAP,38.923918855663594
CEC,11.416630218308509
rough_Elevation,9.557885175003532
Elevation,8.23475690223532
rough_NDVI,6.698256043466226
PDQ,5.618952466584849
rough_MAP,4.606772697099352
Surface.T,4.200155951983985
rough_Soil.C,2.8457168416067176
pH,2.4097454801204887
rough_PDQ,2.3591637846313547
Clay,1.1291767495878462
rough_CEC,1.1031516430552812
rough_Surface.T,0.8957171906529372
