nt,pseudo_r2,pred_obs_r2,pred_obs_r2_exp
5050,0.530263458769769,0.8562459322078778,0.7611110632514969
