var,rel.inf
MAP,40.32705073201299
CEC,11.72172551766076
rough_Elevation,9.52715366028195
Elevation,8.121851095563398
rough_NDVI,6.557601757673446
PDQ,5.491324850934395
rough_MAP,4.395864706871814
Surface.T,4.101744111213745
rough_Soil.C,2.8035314779084364
rough_PDQ,2.2925066659745164
pH,2.273227864692519
Clay,0.9902357454930941
rough_CEC,0.749107769442145
rough_Surface.T,0.6470740442767944
