nt,pseudo_r2,pred_obs_r2,pred_obs_r2_exp
4950,0.5001825700435907,0.8530183620244416,0.7579336977670091
