var,rel.inf
MAP,38.941936873973916
CEC,11.27623555850079
rough_Elevation,9.12688139783432
Elevation,8.38365195617234
rough_NDVI,6.7308617231473145
PDQ,5.572517400327902
rough_MAP,4.462693111839246
Surface.T,4.420727575850098
rough_Soil.C,2.9485733215358825
pH,2.5184731344035365
rough_PDQ,2.4732702908929043
rough_CEC,1.15244608014142
Clay,1.1489092498648303
rough_Surface.T,0.8428223255155052
