var,rel.inf
MAP,38.88973039459362
CEC,11.357089013908048
rough_Elevation,9.201128330348098
Elevation,8.333312826073351
rough_NDVI,6.765935235427004
PDQ,5.541801926922987
rough_MAP,4.530034722028472
Surface.T,4.205695501178231
rough_Soil.C,2.84668454473815
pH,2.547850786437304
rough_PDQ,2.370539655046978
Clay,1.2524799415374748
rough_CEC,1.1910285718279967
rough_Surface.T,0.9666885499322836
