var,rel.inf
MAP,39.207962013772125
CEC,11.430438599523889
rough_Elevation,9.448613981955104
Elevation,8.271737715249795
rough_NDVI,6.771321641803046
PDQ,5.562846439600846
rough_MAP,4.922312744956233
Surface.T,4.345755176877519
rough_Soil.C,2.699110947999468
pH,2.38226430965456
rough_PDQ,2.2008825713817304
Clay,1.0123105384397402
rough_CEC,0.9010801108801395
rough_Surface.T,0.8433632079057974
