nt,pseudo_r2,pred_obs_r2,pred_obs_r2_exp
4800,0.5026323913459712,0.852019512292951,0.7566082593554319
