nt,pseudo_r2,pred_obs_r2,pred_obs_r2_exp
4550,0.5144105091996964,0.844501983689116,0.7489664044737364
