nt,pseudo_r2,pred_obs_r2,pred_obs_r2_exp
7050,0.510963696251252,0.8920592875807574,0.806543466747659
