var,rel.inf
MAP,38.74640766101969
CEC,11.448579644813055
rough_Elevation,9.251118152201105
Elevation,8.378537785110534
rough_NDVI,6.576267564329442
PDQ,5.697284733684169
rough_MAP,4.719895477630615
Surface.T,4.185656562816171
rough_Soil.C,2.958009449284624
pH,2.4782119466922747
rough_PDQ,2.322718193252096
Clay,1.1770265273330696
rough_CEC,1.099093534305716
rough_Surface.T,0.9611927675274455
