var,rel.inf
MAP,38.13553409618827
CEC,11.113001014196591
rough_Elevation,9.413663723327437
Elevation,8.358474994450491
rough_NDVI,6.927570393065769
PDQ,5.511864918983192
rough_MAP,5.085059097319341
Surface.T,4.269843716632022
rough_Soil.C,2.8698508276619856
pH,2.4598454439969775
rough_PDQ,2.3215512811655996
Clay,1.3391153764497423
rough_CEC,1.2637787903720712
rough_Surface.T,0.9308463261905142
