var,rel.inf
MAP,39.72625110266256
CEC,11.521100480047615
rough_Elevation,9.247507782898346
Elevation,8.292989844522966
rough_NDVI,6.819312856326806
PDQ,5.4446807646304185
rough_MAP,4.530202616454302
Surface.T,4.224742706529833
rough_Soil.C,2.9743390615282554
rough_PDQ,2.285735088460348
pH,2.2494615636466366
Clay,1.069745562779626
rough_CEC,0.8096002026425354
rough_Surface.T,0.8043303668697603
