var,rel.inf
MAP,39.13505686879318
CEC,11.600951843296896
rough_Elevation,9.354822388627747
Elevation,8.387574352780819
rough_NDVI,6.657778842749396
PDQ,5.229214404756082
rough_MAP,4.729843100374868
Surface.T,4.507448096595924
rough_Soil.C,2.8715491344210218
pH,2.3398340169242346
rough_PDQ,2.2769574360417755
Clay,1.1424357995474659
rough_CEC,1.0303546266135537
rough_Surface.T,0.7361790884770373
