var,rel.inf
MAP,39.017737405896234
CEC,11.59295646454992
rough_Elevation,9.152527214155555
Elevation,8.251533603722324
rough_NDVI,6.947399020570206
PDQ,5.306815444500053
Surface.T,4.432006685306731
rough_MAP,4.331113917935727
rough_Soil.C,3.0395557860829383
pH,2.5120270533890285
rough_PDQ,2.2448244801527397
Clay,1.1805142771845587
rough_CEC,1.104946727164891
rough_Surface.T,0.8860419193890987
