var,rel.inf
MAP,38.93183037126725
CEC,11.298719100960945
rough_Elevation,9.172627161794374
Elevation,8.283038883767567
rough_NDVI,6.913892684050433
PDQ,5.33264247674499
rough_MAP,4.6752058840611594
Surface.T,4.386975002414823
rough_Soil.C,2.999215043292947
pH,2.469655454296403
rough_PDQ,2.3003944590848406
Clay,1.2012475935457558
rough_CEC,1.062642018707809
rough_Surface.T,0.9719138660106973
