var,rel.inf
MAP,39.418829214734224
CEC,11.542267636857307
rough_Elevation,9.39751327187212
Elevation,8.288778470872003
rough_NDVI,6.6997517627976375
PDQ,5.312180036710351
rough_MAP,4.688559497698237
Surface.T,4.2836736407638565
rough_Soil.C,2.9703148695679515
pH,2.3707346492731203
rough_PDQ,2.258169936786356
Clay,1.0539154709245826
rough_CEC,0.9186654269188509
rough_Surface.T,0.7966461142234058
