nt,pseudo_r2,pred_obs_r2,pred_obs_r2_exp
4650,0.4854437466044398,0.8491955083964637,0.7525839732522674
