nt,pseudo_r2,pred_obs_r2,pred_obs_r2_exp
4450,0.4874730963413221,0.842907805039826,0.7457331953693158
