var,rel.inf
MAP,39.96649630558901
CEC,11.525101905893527
rough_Elevation,9.070043935557266
Elevation,8.178882612049238
rough_NDVI,6.780076911912694
PDQ,5.641785638510189
rough_MAP,4.419757795567148
Surface.T,4.24011296280369
rough_Soil.C,2.8029260335975854
pH,2.340653358964614
rough_PDQ,2.317298481479901
Clay,1.0791088100560042
rough_CEC,0.8193804337760702
rough_Surface.T,0.8183748142430622
