var,rel.inf
MAP,38.01988514665334
CEC,11.134996997692067
rough_Elevation,9.129184083567326
Elevation,8.557923639442297
rough_NDVI,6.909923042385527
PDQ,5.486634093458207
rough_MAP,4.830213251956617
Surface.T,4.244518112208875
rough_Soil.C,2.971143211262602
pH,2.6142845989605137
rough_PDQ,2.394019122855169
Clay,1.4838998484805181
rough_CEC,1.3179666669767607
rough_Surface.T,0.9054081841001762
