nt,pseudo_r2,pred_obs_r2,pred_obs_r2_exp
5100,0.5101210369358774,0.8568956481320749,0.7633087570895689
