var,rel.inf
MAP,39.59497101859145
CEC,11.596050015297635
rough_Elevation,9.29759392579527
Elevation,8.403095943319373
rough_NDVI,6.716069241756233
PDQ,5.420056564933564
rough_MAP,4.5453535226611566
Surface.T,4.258433770159092
rough_Soil.C,2.787813954578105
rough_PDQ,2.43712541481335
pH,2.2371599008690093
Clay,1.0677013472035843
rough_CEC,0.9689135311602223
rough_Surface.T,0.6696618488619578
