var,rel.inf
MAP,38.536436255733186
CEC,11.212873921047953
rough_Elevation,9.333165430369593
Elevation,8.412480464629486
rough_NDVI,6.7753919346867795
PDQ,5.471910668309243
rough_MAP,4.856362580141865
Surface.T,4.400603128105812
rough_Soil.C,3.0719566090543107
pH,2.5145379372567795
rough_PDQ,2.3943373787551088
Clay,1.1907341068033412
rough_CEC,1.087255423592048
rough_Surface.T,0.7419541615144912
