nt,pseudo_r2,pred_obs_r2,pred_obs_r2_exp
4450,0.43527536985906967,0.8427448287693292,0.7466380425130582
