var,rel.inf
MAP,37.755658605100884
CEC,11.202530364064009
rough_Elevation,9.111439110522815
Elevation,8.663595468156327
rough_NDVI,6.854191489100779
PDQ,5.62190279646693
rough_MAP,4.888346731063348
Surface.T,4.499780097913765
rough_Soil.C,2.9194664044429848
pH,2.517126648279852
rough_PDQ,2.268380164548604
Clay,1.356261352376944
rough_CEC,1.3411270296399695
rough_Surface.T,1.0001937383228034
