var,rel.inf
MAP,38.37049828707665
CEC,11.284413766236769
rough_Elevation,9.294483383198662
Elevation,8.316881019170037
rough_NDVI,6.890765203526245
PDQ,5.713519632010278
rough_MAP,4.627069416499176
Surface.T,4.240066753432143
rough_Soil.C,3.037533736997968
pH,2.4692442056727244
rough_PDQ,2.2963730069788206
rough_CEC,1.2863844355503535
Clay,1.2279479159099513
rough_Surface.T,0.9448192377402193
