var,rel.inf
MAP,38.67626756669537
CEC,11.828992644764764
rough_Elevation,9.223393464727799
Elevation,8.457444142920693
rough_NDVI,6.66049245437792
PDQ,5.3780111942837046
rough_MAP,4.509947108568848
Surface.T,4.20113487847641
rough_Soil.C,2.990080404256847
rough_PDQ,2.433773275321247
pH,2.252577506757945
Clay,1.2473594372375594
rough_CEC,1.1930359394315082
rough_Surface.T,0.9474899821793877
