var,rel.inf
MAP,38.53114084935275
CEC,11.208481675127844
rough_Elevation,9.274312099925089
Elevation,8.391041411148002
rough_NDVI,6.8526328113114285
PDQ,5.71902938997263
rough_MAP,4.983220311206152
Surface.T,4.265715461355398
rough_Soil.C,2.983320026049735
pH,2.431004866224783
rough_PDQ,2.1419220475285004
Clay,1.2914450604104946
rough_CEC,0.9942279588198328
rough_Surface.T,0.932506031567355
