var,rel.inf
MAP,38.79665723259402
CEC,11.459872148790613
rough_Elevation,9.523372941213415
Elevation,7.939159738423114
rough_NDVI,6.613577335023675
PDQ,5.379534722580818
rough_MAP,5.223960085490381
Surface.T,4.151350932620799
rough_Soil.C,2.941563500748897
rough_PDQ,2.5219376196313514
pH,2.4863138005180683
Clay,1.0870661513999385
rough_CEC,1.0682686807797759
rough_Surface.T,0.8073651101851265
