nt,pseudo_r2,pred_obs_r2,pred_obs_r2_exp
4750,0.5152311724695405,0.8498995644082662,0.7532877739976311
