var,rel.inf
MAP,37.88666974107997
CEC,11.490023824294715
rough_Elevation,9.542106679077063
Elevation,8.467823271924733
rough_NDVI,6.6453120340765395
PDQ,5.551546040215277
rough_MAP,4.97464741261396
Surface.T,4.195495982576379
rough_Soil.C,3.1100618806163833
pH,2.3686709296991877
rough_PDQ,2.35918767624054
Clay,1.289497919830222
rough_CEC,1.2689412592151563
rough_Surface.T,0.850015348539867
