var,rel.inf
MAP,38.74794237206124
CEC,11.128979911026374
rough_Elevation,9.471772524245791
Elevation,8.163654052827575
rough_NDVI,6.90856453618805
PDQ,5.549640971458259
rough_MAP,4.9107518427352
Surface.T,4.551682854803338
rough_Soil.C,2.7949592180265035
pH,2.5587423246964542
rough_PDQ,2.3032335198213536
Clay,1.157949037109433
rough_CEC,0.986331097135595
rough_Surface.T,0.7657957378648357
