var,rel.inf
MAP,37.88059391074332
CEC,11.29005474010794
rough_Elevation,9.235641715233257
Elevation,8.445716083667367
rough_NDVI,6.871514287319661
PDQ,5.152729880883362
rough_MAP,4.628146016006234
Surface.T,4.551353692020694
rough_Soil.C,3.1166046758789303
pH,2.489191181889572
rough_PDQ,2.3870007352874394
Clay,1.448179605552484
rough_CEC,1.4223850225953676
rough_Surface.T,1.0808884528143774
