var,rel.inf
MAP,39.8593591761714
CEC,11.51475646822514
rough_Elevation,9.330780922109422
Elevation,8.047733939875233
rough_NDVI,6.974242961682384
PDQ,5.563343578596776
rough_MAP,4.2950040431485785
Surface.T,4.2238148841997845
rough_Soil.C,2.849331876174535
pH,2.393007554095004
rough_PDQ,2.2657418229953987
Clay,1.0689446461033565
rough_CEC,0.8695352578559942
rough_Surface.T,0.744402868766997
