nt,pseudo_r2,pred_obs_r2,pred_obs_r2_exp
5e3,0.528650453112524,0.8554920761189921,0.7599810888628028
