var,rel.inf
MAP,38.4271857393231
CEC,11.345158412394357
rough_Elevation,9.17989427801724
Elevation,8.389128131502714
rough_NDVI,6.853807609130585
PDQ,5.406694840774978
rough_MAP,4.504073601847823
Surface.T,4.465205529266678
rough_Soil.C,2.9742565850017213
pH,2.4269182363308976
rough_PDQ,2.4223749006999866
rough_CEC,1.3322784794360598
Clay,1.2614006529331445
rough_Surface.T,1.0116230033407052
