nt,pseudo_r2,pred_obs_r2,pred_obs_r2_exp
5600,0.48659423126075696,0.8679531894399906,0.7756003824029345
