nt,pseudo_r2,pred_obs_r2,pred_obs_r2_exp
4700,0.48404236277687296,0.8479124772534655,0.7520889485389739
