nt,pseudo_r2,pred_obs_r2,pred_obs_r2_exp
4050,0.4380141768515252,0.8320413548380271,0.7340136523503018
