nt,pseudo_r2,pred_obs_r2,pred_obs_r2_exp
5650,0.484416130491892,0.8686719824186482,0.7765364837654922
