nt,pseudo_r2,pred_obs_r2,pred_obs_r2_exp
4950,0.5147583188169542,0.8537774532121111,0.7598455632486907
