nt,pseudo_r2,pred_obs_r2,pred_obs_r2_exp
4850,0.5200416687012164,0.8527239050105536,0.7554636875014765
