var,rel.inf
MAP,38.93058199159817
CEC,11.6187958064012
rough_Elevation,9.278132054692172
Elevation,8.330560236492254
rough_NDVI,6.624228214538379
PDQ,5.734709753547116
rough_MAP,4.613323219123211
Surface.T,4.3170517809720925
rough_Soil.C,2.9469016862432063
pH,2.29904779644761
rough_PDQ,2.2643262853629222
Clay,1.1520820125053115
rough_CEC,0.9857728551417655
rough_Surface.T,0.9044863069345929
