var,rel.inf
MAP,38.12776729083716
CEC,11.473197540149808
rough_Elevation,9.147724077603504
Elevation,8.339875622407657
rough_NDVI,6.715765989926501
PDQ,5.583530442329892
rough_MAP,4.748128910461889
Surface.T,4.3894951882799145
rough_Soil.C,3.03695441869087
pH,2.5752095673339217
rough_PDQ,2.298679711936708
rough_CEC,1.3561330710401611
Clay,1.3303919999168627
rough_Surface.T,0.8771461690851426
