nt,pseudo_r2,pred_obs_r2,pred_obs_r2_exp
5500,0.4863608518907965,0.8661429589786586,0.7743749024484698
