nt,pseudo_r2,pred_obs_r2,pred_obs_r2_exp
5950,0.5339724911844899,0.8749427026761741,0.7849246297715974
