var,rel.inf
MAP,38.00791284543856
CEC,11.343468300272068
rough_Elevation,9.197208135326395
Elevation,8.699227366405504
rough_NDVI,6.480334097186221
PDQ,5.526330117174937
rough_MAP,4.627897190212616
Surface.T,4.344263613255153
rough_Soil.C,3.0283093287055145
pH,2.537322778478227
rough_PDQ,2.4756045797171398
Clay,1.3901222166990745
rough_CEC,1.3396177502618287
rough_Surface.T,1.0023816808667667
