var,rel.inf
MAP,39.49038236662879
CEC,11.465906491367278
rough_Elevation,9.29545487945494
Elevation,8.494561667600184
rough_NDVI,6.499103292135782
PDQ,5.639547838289241
rough_MAP,4.6868166906187385
Surface.T,4.184822547897347
rough_Soil.C,2.942177102808552
pH,2.3711245358796855
rough_PDQ,2.3645032714217096
Clay,1.0521037642083497
rough_CEC,0.8040590595099263
rough_Surface.T,0.7094364921794728
