nt,pseudo_r2,pred_obs_r2,pred_obs_r2_exp
5950,0.5005204803663674,0.8734927187863668,0.7814455423535983
