nt,pseudo_r2,pred_obs_r2,pred_obs_r2_exp
5950,0.5074426847349294,0.8744309811000537,0.7840694040865254
