nt,pseudo_r2,pred_obs_r2,pred_obs_r2_exp
6650,0.5527770177313474,0.8863321603935673,0.799009323561848
