nt,pseudo_r2,pred_obs_r2,pred_obs_r2_exp
6800,0.5481726556800801,0.8879010525603057,0.8005615568132107
