nt,pseudo_r2,pred_obs_r2,pred_obs_r2_exp
4900,0.5455615140946353,0.8525314166323903,0.7571702998529003
