nt,pseudo_r2,pred_obs_r2,pred_obs_r2_exp
4850,0.5075756804969196,0.8528834581898193,0.7560329028203413
