var,rel.inf
MAP,38.784345375615516
CEC,11.493863500800812
rough_Elevation,9.706830432818988
Elevation,8.211484202691278
rough_NDVI,6.495441543164147
rough_MAP,5.186604253249443
PDQ,5.074910419099145
Surface.T,4.422372706650887
rough_Soil.C,2.9339619662727383
pH,2.4651354567419577
rough_PDQ,2.371377181153652
Clay,1.1426780756835968
rough_CEC,0.893780303113049
rough_Surface.T,0.8172145829447836
