var,rel.inf
MAP,39.23528825536977
CEC,11.526851752302223
rough_Elevation,9.374829419424644
Elevation,8.358710209411715
rough_NDVI,6.642298324025563
PDQ,5.500139415127438
rough_MAP,4.778617808939184
Surface.T,4.204470270576943
rough_Soil.C,2.886372462371661
pH,2.3416957554362856
rough_PDQ,2.2904766005604706
Clay,1.0774649835583714
rough_CEC,0.9551688527698983
rough_Surface.T,0.8276158901258303
