var,rel.inf
MAP,39.370122442531105
CEC,11.33389279271917
rough_Elevation,9.161885706829603
Elevation,8.551075299655833
rough_NDVI,6.671099966921138
PDQ,5.5327562617561
Surface.T,4.619259824206259
rough_MAP,4.424177207049834
rough_Soil.C,2.7678198148255206
rough_PDQ,2.3770855840478715
pH,2.294236302442013
Clay,1.168773841706571
rough_CEC,0.9359149106585519
rough_Surface.T,0.7919000446504287
