nt,pseudo_r2,pred_obs_r2,pred_obs_r2_exp
5300,0.5229286750611224,0.8627327510077661,0.7683531453860922
