var,rel.inf
MAP,37.29545045230036
CEC,11.30369084502713
rough_Elevation,9.206292967346808
Elevation,8.659893853372335
rough_NDVI,6.693311159184022
PDQ,5.298278356574698
rough_MAP,4.740369882251064
Surface.T,4.625849887515219
rough_Soil.C,3.080184125535967
pH,2.6556824208877616
rough_PDQ,2.4512586946236845
Clay,1.5385229998816623
rough_CEC,1.477041186374946
rough_Surface.T,0.9741731691243556
