var,rel.inf
MAP,37.85615921932937
CEC,11.186415035195196
rough_Elevation,9.30466330377754
Elevation,8.58769160479118
rough_NDVI,6.49857315443982
PDQ,5.428586680832008
rough_MAP,4.832910220094246
Surface.T,4.592870658141597
rough_Soil.C,2.9755221101154343
pH,2.6513548332129773
rough_PDQ,2.3350057645776325
Clay,1.4089949983168568
rough_CEC,1.3707391454863407
rough_Surface.T,0.9705132716897911
