var,rel.inf
MAP,36.16041675273751
CEC,11.282338255905406
rough_Elevation,9.38289736559185
Elevation,8.43129754264965
rough_NDVI,6.521750188884223
PDQ,5.391947204178959
rough_MAP,5.306418377102365
Surface.T,4.441607032027291
rough_Soil.C,3.269556051536938
pH,2.7345352953743816
rough_PDQ,2.613658493696433
rough_CEC,1.8104021282691753
Clay,1.5524455807138655
rough_Surface.T,1.100729731331953
