nt,pseudo_r2,pred_obs_r2,pred_obs_r2_exp
5150,0.43621609907470804,0.8581871357990422,0.7646301805814005
