var,rel.inf
MAP,40.40618388369353
CEC,11.757754372302124
rough_Elevation,9.247660470189434
Elevation,8.007956167858309
rough_NDVI,6.71815615064767
PDQ,5.522014055396361
rough_MAP,4.651552705699559
Surface.T,4.2360783174733
rough_Soil.C,2.7543233030678302
pH,2.2860715661272915
rough_PDQ,2.2077712710614095
Clay,0.9017327913313528
rough_CEC,0.7019771468506778
rough_Surface.T,0.6007677983011502
