var,rel.inf
MAP,39.113396168906135
CEC,11.517956759069893
rough_Elevation,9.474467706099183
Elevation,8.25566665404452
rough_NDVI,6.546605372261231
PDQ,5.692204668324169
rough_MAP,4.8666828422849235
Surface.T,4.256236501006496
rough_Soil.C,2.9417996611598296
rough_PDQ,2.28348998310941
pH,2.1239790297006103
Clay,1.1515600699503499
rough_CEC,1.0492208545781057
rough_Surface.T,0.7267337295051375
