nt,pseudo_r2,pred_obs_r2,pred_obs_r2_exp
4600,0.49490549876512135,0.847259257197598,0.7500561696729197
