nt,pseudo_r2,pred_obs_r2,pred_obs_r2_exp
6050,0.47779752684778254,0.8770403242096133,0.7854896075618073
