var,rel.inf
MAP,38.55436494460279
CEC,11.312787237027678
rough_Elevation,9.379142930777462
Elevation,8.248823763769739
rough_NDVI,6.60231770127383
PDQ,5.719022099012282
rough_MAP,4.87499192413307
Surface.T,4.448856611543409
rough_Soil.C,2.897406002551704
pH,2.5421149719038785
rough_PDQ,2.2514569937587563
Clay,1.183697551743725
rough_CEC,1.0974109701312058
rough_Surface.T,0.8876062977704733
