nt,pseudo_r2,pred_obs_r2,pred_obs_r2_exp
4450,0.4189097490356002,0.843173382813985,0.7465456519660902
