var,rel.inf
MAP,40.15890112643454
CEC,11.491632408412492
rough_Elevation,9.32467786392784
Elevation,8.209670453374155
rough_NDVI,6.77161239650581
PDQ,5.21612902423777
rough_MAP,4.794209608643143
Surface.T,4.4912327357700885
rough_Soil.C,2.7507449377779367
pH,2.2960046366115865
rough_PDQ,2.292719578601021
Clay,0.9537179565687367
rough_Surface.T,0.7022453865598014
rough_CEC,0.5465018865750705
