var,rel.inf
MAP,39.93730618624198
CEC,11.286755617562221
rough_Elevation,9.121324554779207
Elevation,8.365225004936944
rough_NDVI,6.721309914065705
PDQ,5.66032746955874
rough_MAP,4.501476367743144
Surface.T,4.357311443382552
rough_Soil.C,2.82667872045905
rough_PDQ,2.3588541697373766
pH,2.195261296303325
Clay,1.0886496874845935
rough_CEC,0.8278627485706607
rough_Surface.T,0.751656819174494
