var,rel.inf
MAP,39.22477176059955
CEC,11.371583577521266
rough_Elevation,9.442178174641706
Elevation,8.202742646000516
rough_NDVI,6.74391843960234
PDQ,5.471225934844663
rough_MAP,4.751864940203233
Surface.T,4.304841050894384
rough_Soil.C,2.860041967290089
rough_PDQ,2.3550764211259865
pH,2.2934902778656756
rough_CEC,1.1057286353539584
Clay,1.0881178253916797
rough_Surface.T,0.784418348664945
