nt,pseudo_r2,pred_obs_r2,pred_obs_r2_exp
5450,0.5094447049229249,0.8647426694830727,0.7709819294322477
