var,rel.inf
MAP,39.30324529896493
CEC,11.40542301487095
rough_Elevation,9.340009351596404
Elevation,8.394659915145676
rough_NDVI,6.5586039801065805
PDQ,5.40866999209972
rough_MAP,4.582124077404679
Surface.T,4.340803493907077
rough_Soil.C,2.8302775769768997
pH,2.5183795203197485
rough_PDQ,2.3454134712314403
Clay,1.2031183495221083
rough_CEC,1.037446006892877
rough_Surface.T,0.7318259509609012
