var,rel.inf
MAP,39.22569049616453
CEC,11.536479828095738
rough_Elevation,8.961518827451295
Elevation,8.50055845318026
rough_NDVI,6.662743208184353
PDQ,5.560423302809367
Surface.T,4.487755966694655
rough_MAP,4.379865201205626
rough_Soil.C,2.9817640677032515
pH,2.2918290740825458
rough_PDQ,2.2800124470930077
Clay,1.2496714489254928
rough_CEC,1.0157166975588772
rough_Surface.T,0.8659709808510069
