nt,pseudo_r2,pred_obs_r2,pred_obs_r2_exp
4500,0.48260091157323215,0.8449722311477141,0.7481494187285465
