var,rel.inf
MAP,38.6186511630374
CEC,11.271565058934279
rough_Elevation,9.390026746373799
Elevation,8.428562564372202
rough_NDVI,6.545726746631094
PDQ,5.525100905864321
rough_MAP,4.889089674200059
Surface.T,4.53817196983359
rough_Soil.C,2.780219240480517
pH,2.4902598420121596
rough_PDQ,2.3377680501780316
Clay,1.2507652727359664
rough_CEC,0.9849583891387914
rough_Surface.T,0.949134376207794
