nt,pseudo_r2,pred_obs_r2,pred_obs_r2_exp
5750,0.4848640463132865,0.8707763554189946,0.779283828393397
