var,rel.inf
MAP,39.21642128207765
CEC,11.099429517685694
rough_Elevation,9.259690355846677
Elevation,8.395708702649923
rough_NDVI,7.068877881712645
PDQ,5.424648178257832
Surface.T,4.52790300271893
rough_MAP,4.267071500672298
rough_Soil.C,2.7646911209722695
pH,2.5432734458702115
rough_PDQ,2.3739820320273752
Clay,1.1774755701632729
rough_CEC,1.1128108897680051
rough_Surface.T,0.7680165195772193
