var,rel.inf
MAP,38.96996188351038
CEC,11.25003098547077
rough_Elevation,9.483322291975764
Elevation,8.36078351068567
rough_NDVI,6.721011787786371
PDQ,5.497062439202389
rough_MAP,4.784732964225705
Surface.T,4.364560206900956
rough_Soil.C,2.6954744607021577
rough_PDQ,2.384290095840575
pH,2.324272673265507
Clay,1.2564723027533897
rough_CEC,1.0401868934124594
rough_Surface.T,0.8678375042679062
