var,rel.inf
MAP,39.79823416454563
CEC,11.447533370786381
rough_Elevation,9.36967797148897
Elevation,8.254444300984844
rough_NDVI,6.55398143143339
PDQ,5.288878958366069
rough_MAP,4.464687428220072
Surface.T,4.294593114794287
rough_Soil.C,2.876378043856885
pH,2.786381303185468
rough_PDQ,2.286353674533485
Clay,1.0408201064349816
rough_CEC,0.8199208813126732
rough_Surface.T,0.7181152500568518
