var,rel.inf
MAP,38.99058614935659
CEC,11.413784320187665
rough_Elevation,9.124703321760625
Elevation,8.371777422368696
rough_NDVI,6.802091095313969
PDQ,5.425809500805294
rough_MAP,4.769890736844443
Surface.T,4.500433175296143
rough_Soil.C,2.723499686161057
pH,2.4059818846437815
rough_PDQ,2.3411657386972062
Clay,1.2131166319336022
rough_CEC,1.0850589694090278
rough_Surface.T,0.8321013672218929
