var,rel.inf
MAP,40.415479686654805
CEC,11.650910439933739
rough_Elevation,9.476803501697391
Elevation,8.19085774110556
rough_NDVI,6.649134456661564
PDQ,5.177061329460463
rough_MAP,4.499644647925998
Surface.T,4.462599616077108
rough_Soil.C,2.653190258816389
rough_PDQ,2.2380672168850246
pH,2.2009557037996794
Clay,0.9570702003335135
rough_Surface.T,0.7826274424851548
rough_CEC,0.6455977581636171
