nt,pseudo_r2,pred_obs_r2,pred_obs_r2_exp
4750,0.46962026054512573,0.8493720718851068,0.7528711297497779
