var,rel.inf
MAP,39.429808131328514
CEC,11.228018018679172
rough_Elevation,9.11405678663678
Elevation,8.187566932849698
rough_NDVI,6.709716315767506
PDQ,5.508283931434507
rough_MAP,4.574426486407328
Surface.T,4.42484818623859
rough_Soil.C,2.802713690957171
pH,2.5382584544070856
rough_PDQ,2.495191248961313
Clay,1.1521138030450704
rough_CEC,1.028284172075305
rough_Surface.T,0.8067138412119655
