nt,pseudo_r2,pred_obs_r2,pred_obs_r2_exp
5600,0.5262881700598772,0.8681795608388246,0.7760962371950644
