nt,pseudo_r2,pred_obs_r2,pred_obs_r2_exp
5650,0.5196211631691519,0.8700669557576558,0.777331838258254
