var,rel.inf
MAP,36.92935993653857
CEC,11.04791544970499
rough_Elevation,9.24741214523502
Elevation,8.62204120119891
rough_NDVI,6.787107217028112
PDQ,5.470527695035887
rough_MAP,4.671849692874555
Surface.T,4.427574311643809
rough_Soil.C,3.171320592707968
pH,2.622022821294771
rough_PDQ,2.553448208867418
rough_CEC,1.5852627317446986
Clay,1.5143047600697923
rough_Surface.T,1.3498532360555102
