nt,pseudo_r2,pred_obs_r2,pred_obs_r2_exp
6150,0.5053355997885479,0.8785166773682931,0.788425795594867
