nt,pseudo_r2,pred_obs_r2,pred_obs_r2_exp
5150,0.4874455093014104,0.859491648421384,0.7653062482048667
