nt,pseudo_r2,pred_obs_r2,pred_obs_r2_exp
5450,0.47497413067535177,0.8640347718749973,0.7733805060100242
