nt,pseudo_r2,pred_obs_r2,pred_obs_r2_exp
5350,0.5312408974215085,0.8621741219777445,0.7687954521150193
