var,rel.inf
MAP,39.89299986127622
CEC,11.522043917768634
rough_Elevation,9.182966997924218
Elevation,8.110322359652693
rough_NDVI,6.760576927665262
PDQ,5.494627215916581
rough_MAP,4.570727967554134
Surface.T,4.335226425474957
rough_Soil.C,2.834584871727457
rough_PDQ,2.256268473638156
pH,2.255981955769455
Clay,1.0120475796936896
rough_CEC,0.9419262304804751
rough_Surface.T,0.8296992154580644
