nt,pseudo_r2,pred_obs_r2,pred_obs_r2_exp
4250,0.5132354018924502,0.8386094322353542,0.741221585492781
