var,rel.inf
MAP,38.92949450226182
CEC,11.452920731988556
rough_Elevation,9.184253169216502
Elevation,8.482940442717323
rough_NDVI,6.6868639744784995
PDQ,5.577316256502363
rough_MAP,4.710081134569444
Surface.T,4.232650522204071
rough_Soil.C,2.9292249006695696
pH,2.358467006509518
rough_PDQ,2.3265532342089537
Clay,1.1638024354257783
rough_CEC,1.1016291193050547
rough_Surface.T,0.8638025699425617
