var,rel.inf
MAP,38.69204537008359
CEC,11.3740431053382
rough_Elevation,8.914099162433523
Elevation,8.565611022874988
rough_NDVI,6.862573357462644
PDQ,5.421411942114959
Surface.T,4.4881929260720215
rough_MAP,4.313404056338865
rough_Soil.C,2.9319844410627893
pH,2.5372403288998755
rough_PDQ,2.326013817570348
rough_CEC,1.3365335207765991
Clay,1.3224759478918604
rough_Surface.T,0.9143710010797358
