var,rel.inf
MAP,39.14337214108723
CEC,11.584312122371045
rough_Elevation,9.442468988527132
Elevation,8.315851825036209
rough_NDVI,6.652787624008506
PDQ,5.6335659335309485
rough_MAP,4.5110304493000815
Surface.T,4.261007415749056
rough_Soil.C,2.9973364123860593
rough_PDQ,2.332398140859297
pH,2.1771042346929836
Clay,1.1671919516222897
rough_CEC,1.1122054438745506
rough_Surface.T,0.6693673169546187
