var,rel.inf
MAP,39.03010405146486
CEC,11.403782201559881
rough_Elevation,9.382181464314037
Elevation,8.347714387913937
rough_NDVI,6.8147694670172525
PDQ,5.632163417289986
rough_MAP,4.6043300788239065
Surface.T,4.328486272949796
rough_Soil.C,2.676038724059064
pH,2.339960639782142
rough_PDQ,2.299469924412189
Clay,1.1834440707343497
rough_CEC,1.0750747442235287
rough_Surface.T,0.8824805554550686
