var,rel.inf
MAP,38.31955943711286
CEC,11.568451845547298
rough_Elevation,9.199412357729566
Elevation,8.300467553485637
rough_NDVI,6.778102853121124
PDQ,5.5383194707103485
rough_MAP,4.717092416912954
Surface.T,4.211138835547615
rough_Soil.C,3.034319524112632
pH,2.549040326460672
rough_PDQ,2.3352072698186372
Clay,1.298925987807113
rough_CEC,1.2724826153261755
rough_Surface.T,0.8774795063073607
