var,rel.inf
MAP,38.936193643443204
CEC,11.483804474867291
rough_Elevation,9.39079749173062
Elevation,8.524523402655165
rough_NDVI,6.599511768762705
PDQ,5.414806715092856
rough_MAP,4.67724802742767
Surface.T,4.304998196630983
rough_Soil.C,3.001089916207064
pH,2.4461762158537264
rough_PDQ,2.287554264051096
Clay,1.087354222835882
rough_CEC,1.0028657598796569
rough_Surface.T,0.8430759005620906
