nt,pseudo_r2,pred_obs_r2,pred_obs_r2_exp
5800,0.5035634440352479,0.8709970115875908,0.7809278143238364
