nt,pseudo_r2,pred_obs_r2,pred_obs_r2_exp
4850,0.47641031265164324,0.8513019753575006,0.7570152619697619
