nt,pseudo_r2,pred_obs_r2,pred_obs_r2_exp
4750,0.5087184534859563,0.8492934843939938,0.7536176352997397
