nt,pseudo_r2,pred_obs_r2,pred_obs_r2_exp
4300,0.5052335929707814,0.8383389107019417,0.7431273156808901
