nt,pseudo_r2,pred_obs_r2,pred_obs_r2_exp
5200,0.515772348966058,0.8589400769182066,0.7644790888754921
