var,rel.inf
MAP,37.493587556817516
CEC,11.275744664428617
rough_Elevation,9.368541419781295
Elevation,8.430327762576438
rough_NDVI,6.600085342401937
PDQ,5.5611947667338
rough_MAP,5.049029072407516
Surface.T,4.588754845356431
rough_Soil.C,2.9630664246162586
pH,2.4838292923593404
rough_PDQ,2.42380139578769
rough_CEC,1.3840563852938421
Clay,1.3556063122323152
rough_Surface.T,1.0223747592069974
