nt,pseudo_r2,pred_obs_r2,pred_obs_r2_exp
5200,0.4916670708724341,0.859071368764615,0.7654004027236657
