nt,pseudo_r2,pred_obs_r2,pred_obs_r2_exp
5350,0.5075396380641377,0.8620862207587686,0.7693126703929891
