var,rel.inf
MAP,39.24478730417872
CEC,11.424547340676641
rough_Elevation,9.1335412126236
Elevation,8.422948488155072
rough_NDVI,6.617013591216862
PDQ,5.542779051925657
rough_MAP,4.746206242001053
Surface.T,4.350637545277985
rough_Soil.C,2.9099439534465072
rough_PDQ,2.3732695822482994
pH,2.234906344455447
Clay,1.0666543704288436
rough_CEC,0.9990802062584241
rough_Surface.T,0.9336847671068875
