var,rel.inf
MAP,39.48420422648142
CEC,11.453218389038842
rough_Elevation,9.04534939447161
Elevation,8.349455978170244
rough_NDVI,6.935553248508525
PDQ,5.566899131420194
rough_MAP,4.421531074871999
Surface.T,4.328008801833792
rough_Soil.C,2.8364733287638817
pH,2.304920005137947
rough_PDQ,2.2875315774419507
Clay,1.1531768123560804
rough_CEC,1.0042081914016627
rough_Surface.T,0.8294698401018468
