nt,pseudo_r2,pred_obs_r2,pred_obs_r2_exp
4550,0.5193030836875518,0.8458663229868659,0.7476934878664964
