nt,pseudo_r2,pred_obs_r2,pred_obs_r2_exp
8100,0.5199744242562646,0.9070573639248958,0.8241387305500446
