var,rel.inf
MAP,38.80165416217088
CEC,11.337891499523414
rough_Elevation,9.31654772982036
Elevation,8.324142498208468
rough_NDVI,6.759930819889149
PDQ,5.445750168684196
rough_MAP,4.947735109130255
Surface.T,4.470449691563805
rough_Soil.C,3.0123670250392753
rough_PDQ,2.3028301135241422
pH,2.2351795577716405
Clay,1.1872601006691772
rough_CEC,1.0299331688841746
rough_Surface.T,0.8283283551210656
