var,rel.inf
MAP,38.37781331468901
CEC,11.34366767586241
rough_Elevation,9.49615799166704
Elevation,8.581411997936927
rough_NDVI,6.74491834821198
PDQ,5.356944997435115
rough_MAP,4.483622565136253
Surface.T,4.417619919399854
rough_Soil.C,2.9742703928751886
pH,2.576905727486153
rough_PDQ,2.3506264738034517
Clay,1.2057958340722315
rough_CEC,1.1199784579418324
rough_Surface.T,0.9702663034825529
