nt,pseudo_r2,pred_obs_r2,pred_obs_r2_exp
4500,0.5036225971786755,0.8433703188439942,0.7489481290730448
