var,rel.inf
MAP,40.74614987556819
CEC,11.624909039089125
rough_Elevation,9.128371271867955
Elevation,8.261844922756792
rough_NDVI,6.854569777656708
PDQ,5.477485265655665
rough_MAP,4.374197051779998
Surface.T,4.266834983102281
rough_Soil.C,2.522648965706561
pH,2.270551593238597
rough_PDQ,2.176489356991834
Clay,0.912875130123863
rough_Surface.T,0.710188678615023
rough_CEC,0.6728840878474007
