nt,pseudo_r2,pred_obs_r2,pred_obs_r2_exp
5e3,0.5242360550216927,0.8548138272777361,0.7584046510136134
