var,rel.inf
MAP,38.15000845212668
CEC,11.42703137590653
rough_Elevation,9.276522609151629
Elevation,8.447401590932575
rough_NDVI,6.865073943566122
PDQ,5.387557794935541
rough_MAP,4.738585996855493
Surface.T,4.528973951631784
rough_Soil.C,2.998068788989554
rough_PDQ,2.495030489223697
pH,2.380423660451248
Clay,1.2698529010501185
rough_CEC,1.2297836847752168
rough_Surface.T,0.8056847604038293
