var,rel.inf
MAP,39.025808346112484
CEC,11.391311341688281
rough_Elevation,9.20052115263657
Elevation,8.37678083033858
rough_NDVI,6.665984480881699
PDQ,5.515878520539062
rough_MAP,4.522997923350247
Surface.T,4.337074676093468
rough_Soil.C,2.9423623146021436
pH,2.436735466785252
rough_PDQ,2.2663073221709795
Clay,1.2221290658759856
rough_CEC,1.1609885323419853
rough_Surface.T,0.9351200265832643
