nt,pseudo_r2,pred_obs_r2,pred_obs_r2_exp
5100,0.5376102720378442,0.8572360245408852,0.7637322992757607
