nt,pseudo_r2,pred_obs_r2,pred_obs_r2_exp
5450,0.5276816502789422,0.8645614198256706,0.7715409271491813
