var,rel.inf
MAP,38.25088899095206
CEC,11.422005163933814
rough_Elevation,9.495746842256908
Elevation,8.448554917899747
rough_NDVI,6.560172259324256
PDQ,5.4211239304522225
rough_MAP,4.775073498588667
Surface.T,4.427330105485792
rough_Soil.C,3.224342817828744
pH,2.5324308528861352
rough_PDQ,2.272199530161962
Clay,1.254559479094197
rough_CEC,1.0943411248069248
rough_Surface.T,0.8212304863285605
