nt,pseudo_r2,pred_obs_r2,pred_obs_r2_exp
4600,0.49289100349163084,0.8455715012727005,0.7485536994244036
