nt,pseudo_r2,pred_obs_r2,pred_obs_r2_exp
5250,0.4913497462401758,0.8605912580318351,0.7660566623953297
