nt,pseudo_r2,pred_obs_r2,pred_obs_r2_exp
6700,0.5016382015780665,0.8859362618243736,0.8001328457102176
