var,rel.inf
MAP,37.636648821664316
CEC,11.34571715316167
rough_Elevation,9.152324731145095
Elevation,8.458519488696604
rough_NDVI,6.622251873210707
PDQ,5.492464543993135
rough_MAP,5.045995338928789
Surface.T,4.540850018929769
rough_Soil.C,2.880758414431451
pH,2.5992159758719016
rough_PDQ,2.486218686448473
rough_CEC,1.353885080905223
Clay,1.34204878307377
rough_Surface.T,1.0431010895391046
