nt,pseudo_r2,pred_obs_r2,pred_obs_r2_exp
5050,0.49391238814068317,0.8565968655579236,0.7614661983874041
