var,rel.inf
MAP,37.54829571735577
CEC,11.333762997664566
rough_Elevation,9.387595727705127
Elevation,8.598787208939283
rough_NDVI,6.648592652839827
PDQ,5.288583881094265
rough_MAP,4.838204273804617
Surface.T,4.64022534627292
rough_Soil.C,2.9571382666781325
pH,2.5361637494886233
rough_PDQ,2.4648426159406855
rough_CEC,1.3684719754200254
Clay,1.349978423892401
rough_Surface.T,1.039357162903753
