nt,pseudo_r2,pred_obs_r2,pred_obs_r2_exp
5600,0.5073859616191289,0.8675226693593194,0.7748838492310379
