nt,pseudo_r2,pred_obs_r2,pred_obs_r2_exp
6650,0.4469532474616288,0.8868866544696522,0.7989656202373057
