nt,pseudo_r2,pred_obs_r2,pred_obs_r2_exp
5500,0.5156441714587923,0.8660343573154213,0.7737132443913042
