var,rel.inf
MAP,38.962541063242206
CEC,11.45021337429686
rough_Elevation,9.150852080682245
Elevation,8.39645429625001
rough_NDVI,6.860877783875529
PDQ,5.5570433748427455
rough_MAP,4.543246849989403
Surface.T,4.2788833666815576
rough_Soil.C,3.040615740636202
pH,2.379222755918081
rough_PDQ,2.259543590038619
Clay,1.1500053383495539
rough_CEC,1.1119470915196035
rough_Surface.T,0.8585532936773852
