var,rel.inf
MAP,39.05351718180864
CEC,11.399850960602189
rough_Elevation,9.200199801676364
Elevation,8.490348994299884
rough_NDVI,6.720536627930324
PDQ,5.519682089293306
Surface.T,4.40896020931403
rough_MAP,4.143170961511735
rough_Soil.C,2.9695305981306173
pH,2.5050248819600114
rough_PDQ,2.2959887536929657
Clay,1.2494680958198956
rough_CEC,1.122466970480627
rough_Surface.T,0.9212538734794098
