nt,pseudo_r2,pred_obs_r2,pred_obs_r2_exp
5500,0.518421080487272,0.866741445596448,0.7745747010280789
