nt,pseudo_r2,pred_obs_r2,pred_obs_r2_exp
5100,0.5097301980756734,0.857170117903268,0.7619199018056194
