var,rel.inf
MAP,40.26308320270226
CEC,11.464679699879182
rough_Elevation,9.186156542158194
Elevation,8.379419702622535
rough_NDVI,6.654828611768657
PDQ,6.000739812611542
rough_MAP,4.25187065529602
Surface.T,4.039236825268406
rough_Soil.C,2.7297368934021997
pH,2.4015064090601927
rough_PDQ,2.3662833248009645
Clay,0.9667256328202605
rough_CEC,0.6674535748359163
rough_Surface.T,0.628279112773674
