var,rel.inf
MAP,38.624063265059746
CEC,11.364452937735967
rough_Elevation,9.150673544042967
Elevation,8.40684671201922
rough_NDVI,6.715813311632472
PDQ,5.462646942855289
rough_MAP,4.61055374748519
Surface.T,4.361708506434212
rough_Soil.C,2.8998255064537846
rough_PDQ,2.4554058732678588
pH,2.348715465951052
Clay,1.5106256416470731
rough_CEC,1.173508345531717
rough_Surface.T,0.9151601998834491
