var,rel.inf
MAP,40.38818808222051
CEC,11.831869836370565
rough_Elevation,9.189772379038839
Elevation,8.100198535615064
rough_NDVI,6.825305646766591
PDQ,5.4426040564468305
Surface.T,4.456334137211105
rough_MAP,4.128218896038338
rough_Soil.C,2.7113011620145797
pH,2.258720577113176
rough_PDQ,2.2060111638746744
Clay,1.0051370959686152
rough_CEC,0.7354925115146553
rough_Surface.T,0.7208459198064586
