nt,pseudo_r2,pred_obs_r2,pred_obs_r2_exp
4950,0.513147135443333,0.853545136455448,0.7594681942979794
