var,rel.inf
MAP,38.83121197718253
CEC,11.171905065131298
rough_Elevation,9.54605577083212
Elevation,8.42237793456011
rough_NDVI,6.846720869988162
PDQ,5.416710224390781
rough_MAP,4.689937466184522
Surface.T,4.306371989821052
rough_Soil.C,2.743529607888837
pH,2.5215777539688276
rough_PDQ,2.313836013775759
Clay,1.2624733038756317
rough_CEC,1.0691356420737912
rough_Surface.T,0.8581563803265849
