nt,pseudo_r2,pred_obs_r2,pred_obs_r2_exp
6400,0.4715404982481898,0.8824755578562806,0.792719426125775
