nt,pseudo_r2,pred_obs_r2,pred_obs_r2_exp
4950,0.5448431262753783,0.8537316344770687,0.7592359903459514
