var,rel.inf
MAP,39.05091140856064
CEC,11.559257478206192
rough_Elevation,9.517276132295686
Elevation,8.215111902798819
rough_NDVI,6.885868194023601
PDQ,5.402382624380684
rough_MAP,4.932235316702748
Surface.T,4.162752589641967
rough_Soil.C,2.854789941265745
rough_PDQ,2.334261166846677
pH,2.2937718210398663
Clay,1.0889974785736978
rough_CEC,0.9157846695751326
rough_Surface.T,0.7865992760885511
