var,rel.inf
MAP,38.63878541074085
CEC,11.127713703007007
rough_Elevation,9.283792394755258
Elevation,8.324174134111587
rough_NDVI,7.138314830854005
PDQ,5.452630220870463
rough_MAP,4.600126612830298
Surface.T,4.538186822475583
rough_Soil.C,2.799217490101147
pH,2.4825059155153366
rough_PDQ,2.2991910227591585
Clay,1.3430525436008667
rough_CEC,1.167030871304018
rough_Surface.T,0.8052780270744183
