var,rel.inf
MAP,37.45298617348101
CEC,11.330009513754783
rough_Elevation,9.215838894244703
Elevation,8.740918593385622
rough_NDVI,6.815424569548777
PDQ,5.0916760774763175
Surface.T,4.6171256022936635
rough_MAP,4.569965947822743
rough_Soil.C,3.20351548203506
pH,2.5478733493991337
rough_PDQ,2.4793372660579287
Clay,1.4733403609014804
rough_CEC,1.4656591168223334
rough_Surface.T,0.9963290527764458
