var,rel.inf
MAP,38.05967142518271
CEC,11.418035219042052
rough_Elevation,9.352410591180416
Elevation,8.466386426484462
rough_NDVI,6.589639182202126
PDQ,5.630010173420535
rough_MAP,4.80429934727729
Surface.T,4.255667851899238
rough_Soil.C,2.924335514928093
pH,2.4346498759809103
rough_PDQ,2.3617629939656015
Clay,1.441652055538873
rough_CEC,1.3410303207498253
rough_Surface.T,0.9204490221478849
