nt,pseudo_r2,pred_obs_r2,pred_obs_r2_exp
4800,0.5030073324478512,0.850708660506231,0.7559244990627618
