nt,pseudo_r2,pred_obs_r2,pred_obs_r2_exp
4600,0.5013958658840707,0.8455615445151752,0.7493847310162961
