nt,pseudo_r2,pred_obs_r2,pred_obs_r2_exp
5e3,0.4816813389521961,0.8548359303168109,0.7608340425473432
