nt,pseudo_r2,pred_obs_r2,pred_obs_r2_exp
4900,0.5165654053786572,0.852692057533118,0.7582398498926175
