nt,pseudo_r2,pred_obs_r2,pred_obs_r2_exp
4200,0.5190662119748999,0.8376141070452734,0.7405116514668247
