nt,pseudo_r2,pred_obs_r2,pred_obs_r2_exp
4300,0.503738080254784,0.8388955317429844,0.7428412757279164
