var,rel.inf
MAP,37.41156074640933
CEC,11.077516590626713
rough_Elevation,9.347884939330937
Elevation,8.51650683736652
rough_NDVI,6.691194369041014
PDQ,5.557529051734329
rough_MAP,4.766382784933766
Surface.T,4.538275499771708
rough_Soil.C,3.086420490892843
pH,2.4955278992173704
rough_PDQ,2.4479414620429787
Clay,1.5367293911195596
rough_CEC,1.4621030056155304
rough_Surface.T,1.0644269318974078
