var,rel.inf
MAP,39.0024408192301
CEC,11.276873032692974
rough_Elevation,9.112114685548285
Elevation,8.498971345437962
rough_NDVI,6.691522707328083
PDQ,5.830509246623497
rough_MAP,4.849751681443646
Surface.T,4.009686393843958
rough_Soil.C,2.9269938796092827
pH,2.569287101937168
rough_PDQ,2.433873175000212
Clay,1.0793619893040856
rough_CEC,0.9591673157903905
rough_Surface.T,0.7594466262103522
