nt,pseudo_r2,pred_obs_r2,pred_obs_r2_exp
4550,0.49898237153845904,0.8442001483453583,0.7490264665916271
