var,rel.inf
MAP,39.93194008916035
CEC,11.285799071405247
rough_Elevation,9.036398812447596
Elevation,8.48399636196479
rough_NDVI,6.975058171856153
PDQ,5.438782706320007
Surface.T,4.436592729388326
rough_MAP,3.959547557097504
rough_Soil.C,3.0456442824293712
pH,2.4654566677478695
rough_PDQ,2.1534177214891184
Clay,1.0394672998872223
rough_CEC,0.9218062045437753
rough_Surface.T,0.8260923242626707
