nt,pseudo_r2,pred_obs_r2,pred_obs_r2_exp
3650,0.4251470975604422,0.8210687047731248,0.7223694898473092
