nt,pseudo_r2,pred_obs_r2,pred_obs_r2_exp
4250,0.4732502266173806,0.8367909588761829,0.7392745195694899
