nt,pseudo_r2,pred_obs_r2,pred_obs_r2_exp
6350,0.5188689982860519,0.882118814360304,0.7937391869762901
