var,rel.inf
MAP,39.045918878354655
CEC,11.626005615170719
rough_Elevation,9.25977658511453
Elevation,8.584031094099906
rough_NDVI,6.805147515375857
PDQ,5.3935202354039955
rough_MAP,4.225308760622733
Surface.T,4.2051225640210514
rough_Soil.C,2.848531914325239
pH,2.5275340399902833
rough_PDQ,2.3929940406665193
Clay,1.1929150062874887
rough_CEC,1.0727322614983128
rough_Surface.T,0.8204614890687152
