nt,pseudo_r2,pred_obs_r2,pred_obs_r2_exp
5e3,0.5067460910214043,0.8541801551268331,0.7600660965767133
