nt,pseudo_r2,pred_obs_r2,pred_obs_r2_exp
4650,0.5004813697683361,0.8483055931796006,0.7521041349403814
