nt,pseudo_r2,pred_obs_r2,pred_obs_r2_exp
5e3,0.519021829166044,0.8550291327286514,0.7603103102156338
