nt,pseudo_r2,pred_obs_r2,pred_obs_r2_exp
3650,0.4502213816634344,0.8213572329696678,0.7254234415216234
