var,rel.inf
MAP,37.748945399228134
CEC,11.359772842335836
rough_Elevation,9.386007374756716
Elevation,8.373753717083037
rough_NDVI,6.4564584294996905
PDQ,5.38052584635208
rough_MAP,5.155997971827066
Surface.T,4.366501799979756
rough_Soil.C,3.2367124465727115
pH,2.5733663593832525
rough_PDQ,2.3392108181458484
rough_CEC,1.383876993264089
Clay,1.3191660726407917
rough_Surface.T,0.919703928931001
