nt,pseudo_r2,pred_obs_r2,pred_obs_r2_exp
6500,0.524933608069782,0.8833838930292587,0.7941306931111957
