nt,pseudo_r2,pred_obs_r2,pred_obs_r2_exp
4800,0.48063723842857964,0.84960934368761,0.7531844358034788
