var,rel.inf
MAP,38.64682472207282
CEC,11.626990792153183
rough_Elevation,9.503773465139107
Elevation,8.212697386892552
rough_NDVI,6.729329350346183
PDQ,5.1360053159160435
rough_MAP,4.763396499425328
Surface.T,4.405663482853725
rough_Soil.C,2.949997247446851
pH,2.473600876616804
rough_PDQ,2.445400145490565
Clay,1.2125237640536357
rough_CEC,1.0816704096822911
rough_Surface.T,0.8121265419109093
