var,rel.inf
MAP,39.1666688534012
CEC,11.455655453459244
rough_Elevation,9.296663671692206
Elevation,8.293139145959124
rough_NDVI,6.910222678048905
PDQ,5.587608960538591
rough_MAP,4.378809054812391
Surface.T,4.339142644080528
rough_Soil.C,2.7974323680674305
pH,2.4916455528944508
rough_PDQ,2.209217523727774
Clay,1.1993469677111557
rough_CEC,1.0181133265196287
rough_Surface.T,0.8563337990873756
