nt,pseudo_r2,pred_obs_r2,pred_obs_r2_exp
5950,0.5101945928105006,0.8748232544829209,0.7833747386731044
