nt,pseudo_r2,pred_obs_r2,pred_obs_r2_exp
4700,0.48290131925157964,0.8480209810648225,0.7532861079813128
