var,rel.inf
MAP,40.19319606198945
CEC,11.329947510478393
rough_Elevation,9.053195684964926
Elevation,8.243725095232483
rough_NDVI,6.6867657649117644
PDQ,5.726162226394934
rough_MAP,4.498704707590963
Surface.T,4.2094848168473815
rough_Soil.C,2.7344876974132135
pH,2.4224192375862317
rough_PDQ,2.2012218343899965
Clay,1.0392775909936127
rough_Surface.T,0.8587744410825267
rough_CEC,0.8026373301241414
