nt,pseudo_r2,pred_obs_r2,pred_obs_r2_exp
4750,0.514095798495944,0.8492622631526471,0.7548417446166532
