var,rel.inf
MAP,39.4089613034817
CEC,11.353975097829776
rough_Elevation,9.419787207244891
Elevation,8.075035445661142
rough_NDVI,7.082473810098027
PDQ,5.600162313460508
rough_MAP,4.695468815584382
Surface.T,4.225530763419344
rough_Soil.C,2.7188910692762045
pH,2.361328936066093
rough_PDQ,2.1660062950928882
Clay,1.0553266151474547
rough_CEC,0.9660894939565781
rough_Surface.T,0.8709628336810146
