nt,pseudo_r2,pred_obs_r2,pred_obs_r2_exp
5400,0.521469720436259,0.8643003948259094,0.7706013205114352
