nt,pseudo_r2,pred_obs_r2,pred_obs_r2_exp
5100,0.5062059786881041,0.8584942434010527,0.7641626277663962
