var,rel.inf
MAP,38.66205586707044
CEC,11.193150043131853
rough_Elevation,9.170517211055968
Elevation,8.612228760582749
rough_NDVI,6.876287503566243
PDQ,5.409550987109222
Surface.T,4.539282807895088
rough_MAP,4.507771630927116
rough_Soil.C,2.7092023613598317
pH,2.462297753468143
rough_PDQ,2.4215388007567697
Clay,1.3173425052542098
rough_CEC,1.224746408047916
rough_Surface.T,0.8940273597744458
