nt,pseudo_r2,pred_obs_r2,pred_obs_r2_exp
4500,0.5083070928507574,0.8432013172769274,0.7470062402603979
