nt,pseudo_r2,pred_obs_r2,pred_obs_r2_exp
4950,0.5027967315966695,0.8541868868461503,0.7593377331729431
