nt,pseudo_r2,pred_obs_r2,pred_obs_r2_exp
7650,0.5223635448694812,0.9015356605479727,0.8177681076462476
