var,rel.inf
MAP,38.317028075532434
CEC,11.419375336635609
rough_Elevation,9.379787221155077
Elevation,8.534386301751582
rough_NDVI,6.775434319964177
PDQ,5.396806245947332
rough_MAP,4.727246445607756
Surface.T,4.29727282427452
rough_Soil.C,3.03540989370151
rough_PDQ,2.36928932258682
pH,2.3530154474878455
Clay,1.2769470334538149
rough_CEC,1.227580455793429
rough_Surface.T,0.8904210761080912
