var,rel.inf
MAP,38.64948222550492
CEC,11.379913991200858
rough_Elevation,9.47694927871902
Elevation,8.59378999315358
rough_NDVI,6.6180892500867845
PDQ,5.415259245124613
rough_MAP,4.54999909827891
Surface.T,4.456860408642236
rough_Soil.C,2.8872443819476037
rough_PDQ,2.345633202190728
pH,2.2661850819187626
rough_CEC,1.270840713088791
Clay,1.1962699214884707
rough_Surface.T,0.8934832086547231
