var,rel.inf
MAP,37.99082012339609
CEC,11.425100413357399
rough_Elevation,9.396819705769037
Elevation,8.314136985706265
rough_NDVI,6.375447778750762
PDQ,5.299528505845151
rough_MAP,4.986998373037573
Surface.T,4.718879101916178
rough_Soil.C,3.21470619813256
pH,2.4022806121526923
rough_PDQ,2.3977993128946533
Clay,1.3367256370790355
rough_CEC,1.2715731981179839
rough_Surface.T,0.8691840538446112
