var,rel.inf
MAP,38.11464383006028
CEC,11.304692315148328
rough_Elevation,9.262466123380714
Elevation,8.589972010787585
rough_NDVI,6.682840198415749
PDQ,5.5596336616602
rough_MAP,4.813086602099316
Surface.T,4.191589259125008
rough_Soil.C,3.015022885410976
pH,2.508181937251557
rough_PDQ,2.3408936178321524
Clay,1.2938551197832637
rough_CEC,1.2777182803644667
rough_Surface.T,1.0454041586804028
