var,rel.inf
MAP,38.89152353637017
CEC,11.62322826167759
rough_Elevation,9.289932606157295
Elevation,8.303910208683806
rough_NDVI,6.834354610038722
PDQ,5.587698144064974
rough_MAP,4.386082221134432
Surface.T,4.1078407577739355
rough_Soil.C,2.884983782925568
pH,2.474623249265035
rough_PDQ,2.3740675414424706
Clay,1.3043056831791422
rough_CEC,1.069374979663506
rough_Surface.T,0.8680744176233484
