nt,pseudo_r2,pred_obs_r2,pred_obs_r2_exp
5550,0.5024416509185567,0.8666393591923351,0.7744693150688976
