var,rel.inf
MAP,38.54587015821688
CEC,11.285975481134642
rough_Elevation,9.496629942924557
Elevation,8.399087752836067
rough_NDVI,6.616536333577776
PDQ,5.5814459571561486
rough_MAP,4.8418621270886835
Surface.T,4.352095669075022
rough_Soil.C,2.8460743118371443
pH,2.353505749896199
rough_PDQ,2.313805633070548
Clay,1.2801300308701224
rough_CEC,1.2333385573663673
rough_Surface.T,0.8536422949498434
