nt,pseudo_r2,pred_obs_r2,pred_obs_r2_exp
5350,0.5416134750502164,0.8633162383423407,0.7701866408487346
