nt,pseudo_r2,pred_obs_r2,pred_obs_r2_exp
5700,0.5323783743868475,0.8694951830655578,0.7771074414016536
