var,rel.inf
MAP,38.5844096315659
CEC,11.329284734423199
rough_Elevation,9.477196865182151
Elevation,8.223088013104428
rough_NDVI,6.704679314552359
PDQ,5.608607265955015
rough_MAP,4.8678659611241155
Surface.T,4.42513145574816
rough_Soil.C,2.77936430783772
pH,2.4454747553721408
rough_PDQ,2.296524667575308
Clay,1.2776201191754164
rough_CEC,1.1081878148583872
rough_Surface.T,0.8725650935257019
