var,rel.inf
MAP,38.7120809792741
CEC,11.32563905740795
rough_Elevation,9.490527512398565
Elevation,8.54579484370961
rough_NDVI,6.676419596044266
PDQ,5.526077009478299
rough_MAP,4.773703938102312
Surface.T,4.415485874605478
rough_Soil.C,2.9138331294546065
rough_PDQ,2.287332368175477
pH,2.185915517837889
Clay,1.1629279280786418
rough_CEC,1.0570038421944294
rough_Surface.T,0.9272584032383787
