var,rel.inf
MAP,38.118055860194445
CEC,11.283317323944384
rough_Elevation,9.432338885753333
Elevation,8.468609349243884
rough_NDVI,6.492085328359255
PDQ,5.334174494361322
rough_MAP,4.639958856093674
Surface.T,4.544865114534725
rough_Soil.C,3.0543664666162775
pH,2.559452949921202
rough_PDQ,2.4271586101027025
Clay,1.5025647380159335
rough_CEC,1.3860955555002488
rough_Surface.T,0.7569564673585988
