nt,pseudo_r2,pred_obs_r2,pred_obs_r2_exp
5350,0.516826131896361,0.8629205248707417,0.7706923842415434
