nt,pseudo_r2,pred_obs_r2,pred_obs_r2_exp
4150,0.4766548768666945,0.836145375295474,0.7382192869481796
