var,rel.inf
MAP,36.19326731519529
CEC,10.855708182559052
rough_Elevation,9.319147937745807
Elevation,8.58685222829167
rough_NDVI,6.599356082391412
PDQ,5.514135658606328
rough_MAP,5.384881265367267
Surface.T,4.476978512919561
rough_Soil.C,3.2071751099489885
pH,2.6080672587505713
rough_PDQ,2.5828892854095553
Clay,1.7144462024398288
rough_CEC,1.712397200721024
rough_Surface.T,1.2446977596536375
