nt,pseudo_r2,pred_obs_r2,pred_obs_r2_exp
5950,0.5173669822861422,0.8744095645359397,0.7827335375877726
