nt,pseudo_r2,pred_obs_r2,pred_obs_r2_exp
7750,0.5541345810214146,0.9021766503095922,0.8184687159250615
