var,rel.inf
MAP,38.84917906532702
CEC,11.11472783707667
rough_Elevation,9.359672495608109
Elevation,8.293109688465597
rough_NDVI,6.741092309720361
PDQ,5.764288212411038
rough_MAP,4.706850797086967
Surface.T,4.3331104336399555
rough_Soil.C,2.7288159081574648
pH,2.480043775850966
rough_PDQ,2.383621463783288
Clay,1.20876291190793
rough_CEC,1.1453308204028523
rough_Surface.T,0.8913942805617777
