var,rel.inf
MAP,36.7195061399406
CEC,11.264719295383419
rough_Elevation,9.405794271211027
Elevation,8.474904575599629
rough_NDVI,6.605176646008663
PDQ,5.5582033382837475
rough_MAP,5.076993776254801
Surface.T,4.514971164083969
rough_Soil.C,3.181301279301638
pH,2.553488684309613
rough_PDQ,2.319106619804619
rough_CEC,1.6113939775826966
Clay,1.5731117278932025
rough_Surface.T,1.1413285043423773
