nt,pseudo_r2,pred_obs_r2,pred_obs_r2_exp
5100,0.47615594355490976,0.8579829423472068,0.7621884886732022
