nt,pseudo_r2,pred_obs_r2,pred_obs_r2_exp
5100,0.4738844928525868,0.8575067013301448,0.7633322255012711
