nt,pseudo_r2,pred_obs_r2,pred_obs_r2_exp
6900,0.5200320321287986,0.8901139391497763,0.8041377301557457
