nt,pseudo_r2,pred_obs_r2,pred_obs_r2_exp
4900,0.5228485265942249,0.8532009807012174,0.7562121764032964
