nt,pseudo_r2,pred_obs_r2,pred_obs_r2_exp
7100,0.5511066368828385,0.8929195689878245,0.8065250144932581
