nt,pseudo_r2,pred_obs_r2,pred_obs_r2_exp
5150,0.48071363915690535,0.8586246155651495,0.7649464141978645
