nt,pseudo_r2,pred_obs_r2,pred_obs_r2_exp
5150,0.5348829153961421,0.858445814564021,0.763776473596587
