var,rel.inf
MAP,38.576220048517264
CEC,11.37912221278115
rough_Elevation,9.492692740564506
Elevation,8.266205808517528
rough_NDVI,6.708971625232664
PDQ,5.4511963213133345
rough_MAP,4.74073627518059
Surface.T,4.38326854141439
rough_Soil.C,3.2225214394105883
pH,2.378847803143404
rough_PDQ,2.208773233670307
rough_CEC,1.1931208911702886
Clay,1.1794948610835474
rough_Surface.T,0.8188281980004395
