nt,pseudo_r2,pred_obs_r2,pred_obs_r2_exp
5e3,0.47681372548295375,0.855321972717093,0.7585989548072772
