var,rel.inf
MAP,39.005373378615104
CEC,11.260922973378532
rough_Elevation,9.308692423221514
Elevation,8.280395509355609
rough_NDVI,6.7786172275756815
PDQ,5.676583215903593
rough_MAP,4.626580493817363
Surface.T,4.200501885554531
rough_Soil.C,2.8454524412220454
pH,2.4971284983436943
rough_PDQ,2.396647206227376
Clay,1.1946768768125782
rough_CEC,1.0616241017673023
rough_Surface.T,0.8668037682050778
