var,rel.inf
MAP,37.745948283167735
CEC,10.957942782749218
rough_Elevation,9.274968754093129
Elevation,8.23685891439929
rough_NDVI,6.757996192022611
PDQ,5.490357167059796
rough_MAP,5.059070025985684
Surface.T,4.687799045533704
rough_Soil.C,2.983914238985778
pH,2.5634973617556436
rough_PDQ,2.40060252995181
rough_CEC,1.4121208611148528
Clay,1.4091945872534142
rough_Surface.T,1.0197292559273365
