var,rel.inf
MAP,38.93345100024827
CEC,11.373013367232574
rough_Elevation,9.20783352979232
Elevation,8.425031527825748
rough_NDVI,6.72129917639216
PDQ,5.547132235820001
rough_MAP,4.605940278813973
Surface.T,4.125632740107497
rough_Soil.C,2.839792859371162
rough_PDQ,2.465229311165143
pH,2.4348488594835924
Clay,1.1959867309969017
rough_CEC,1.1343235854786848
rough_Surface.T,0.9904847972719732
