var,rel.inf
MAP,39.245869629172084
CEC,11.688771064550366
rough_Elevation,9.397613942257262
Elevation,8.396761362693304
rough_NDVI,6.600535253288801
PDQ,5.221268548215963
rough_MAP,4.4373447258869625
Surface.T,4.2964646458376885
rough_Soil.C,2.9185602223676814
pH,2.353067532560059
rough_PDQ,2.307122075607031
Clay,1.1678016815547396
rough_CEC,1.002051150135607
rough_Surface.T,0.9667681658724546
