nt,pseudo_r2,pred_obs_r2,pred_obs_r2_exp
4550,0.4637721748355018,0.8448637322353623,0.7490950285869472
