var,rel.inf
MAP,39.08216780507732
CEC,11.309916334170714
rough_Elevation,9.150058832166904
Elevation,8.593309563315085
rough_NDVI,6.8436867395520276
PDQ,5.571074220027619
rough_MAP,4.359402145395277
Surface.T,4.262910524067941
rough_Soil.C,2.8726065737512485
pH,2.374570074590872
rough_PDQ,2.326152595496655
Clay,1.2456053553197601
rough_CEC,1.115530102989831
rough_Surface.T,0.8930091340787442
