var,rel.inf
MAP,37.97159674517831
CEC,11.29042217211442
rough_Elevation,9.228011291574374
Elevation,8.350936935553193
rough_NDVI,6.864609763190722
PDQ,5.358146877793213
rough_MAP,4.786467495539983
Surface.T,4.428829907893945
rough_Soil.C,3.0210059724451015
pH,2.546955619515106
rough_PDQ,2.4392639230787116
Clay,1.409453036506495
rough_CEC,1.3779590120327683
rough_Surface.T,0.9263412475836725
