var,rel.inf
MAP,37.88705021584879
CEC,11.243196956424375
rough_Elevation,9.487796625524453
Elevation,8.444142230275123
rough_NDVI,6.822424368657398
PDQ,5.399758849034184
rough_MAP,4.6626868587055785
Surface.T,4.321462848317667
rough_Soil.C,2.9765985325221322
pH,2.646373618013932
rough_PDQ,2.4227400261920375
Clay,1.4434584028290538
rough_CEC,1.313949806472752
rough_Surface.T,0.9283606611825194
