var,rel.inf
MAP,38.132486771128875
CEC,11.150359712082183
rough_Elevation,9.119842510446485
Elevation,8.396832014726979
rough_NDVI,6.6487894899355124
PDQ,5.41689891298016
Surface.T,4.8943251780471915
rough_MAP,4.56576040438145
rough_Soil.C,3.1912242957172405
rough_PDQ,2.421402061331273
pH,2.358899036725111
Clay,1.3802307880225466
rough_CEC,1.3725638170114194
rough_Surface.T,0.9503850074635762
