nt,pseudo_r2,pred_obs_r2,pred_obs_r2_exp
5250,0.4807951838286004,0.86076273439553,0.7668299976666101
