nt,pseudo_r2,pred_obs_r2,pred_obs_r2_exp
4950,0.5216869091825612,0.8543671783464432,0.7590281660559304
