nt,pseudo_r2,pred_obs_r2,pred_obs_r2_exp
4800,0.5246677450843211,0.8509177997425773,0.7550187744822813
