var,rel.inf
MAP,38.87121871684057
CEC,11.63867341198913
rough_Elevation,9.191540469586357
Elevation,8.330731797405825
rough_NDVI,6.71777946400908
PDQ,5.478136150155746
rough_MAP,4.534331539536868
Surface.T,4.473969725401524
rough_Soil.C,3.001759951325889
pH,2.4180053037891485
rough_PDQ,2.358965370842417
Clay,1.075480984110668
rough_CEC,0.9941456310592401
rough_Surface.T,0.9152614839475286
