nt,pseudo_r2,pred_obs_r2,pred_obs_r2_exp
4950,0.5199823696835304,0.8547555956932915,0.7593929516951976
