nt,pseudo_r2,pred_obs_r2,pred_obs_r2_exp
7050,0.5267537840795422,0.89322287772493,0.8076282467214219
