var,rel.inf
MAP,39.194909091755854
CEC,11.286632564385338
rough_Elevation,9.474823047261467
Elevation,8.275976871533791
rough_NDVI,6.6780933803193685
PDQ,5.437843089188857
rough_MAP,4.831288993861555
Surface.T,4.2788557451528355
rough_Soil.C,3.1110416731234247
pH,2.3879595912945257
rough_PDQ,2.2013832040720964
Clay,1.1210900671835944
rough_CEC,0.9448619160091519
rough_Surface.T,0.7752407648581481
