var,rel.inf
MAP,39.156890046630856
CEC,11.569973192775944
rough_Elevation,9.228623948811922
Elevation,8.286173651810998
rough_NDVI,6.757786437190566
PDQ,5.443023175246136
rough_MAP,4.689288145724468
Surface.T,4.489977520121581
rough_Soil.C,2.873066851581599
rough_PDQ,2.373637523802312
pH,2.1856162511530357
Clay,1.1511065002903005
rough_CEC,1.0217839368482533
rough_Surface.T,0.7730528180120239
