var,rel.inf
MAP,38.96211122305974
CEC,11.65995681978
rough_Elevation,9.253349295928768
Elevation,8.345950137567652
rough_NDVI,6.77639111620259
PDQ,5.3890637959790055
Surface.T,4.461061488031904
rough_MAP,4.428409973959285
rough_Soil.C,2.8687185754082734
pH,2.4568679922818064
rough_PDQ,2.2806717805172414
Clay,1.1770513701197933
rough_CEC,1.0616375997705305
rough_Surface.T,0.8787588313934153
