var,rel.inf
MAP,37.589106548571095
CEC,11.186744868394454
rough_Elevation,9.183883477479046
Elevation,8.412376918697236
rough_NDVI,6.7298430474329045
PDQ,5.660479716509428
Surface.T,4.625110173814024
rough_MAP,4.583518521483479
rough_Soil.C,3.1367210000248744
pH,2.4449416421388728
rough_PDQ,2.4034295360629097
rough_CEC,1.5609260116272567
Clay,1.3968981141804833
rough_Surface.T,1.0860204235839372
