var,rel.inf
MAP,39.04716497117641
CEC,11.546328877299784
rough_Elevation,9.460578485022069
Elevation,8.397035578342736
rough_NDVI,6.704206565160856
PDQ,5.4742079584248255
rough_MAP,4.747799588333461
Surface.T,4.340977362767142
rough_Soil.C,2.9115385134103113
rough_PDQ,2.34080911371042
pH,2.3074969127899547
Clay,1.048374792840615
rough_CEC,0.9103675895875604
rough_Surface.T,0.7631136911338557
