nt,pseudo_r2,pred_obs_r2,pred_obs_r2_exp
7450,0.5397762305455862,0.8981496133472199,0.813732472979014
