var,rel.inf
MAP,38.97430243220512
CEC,11.61617181232399
rough_Elevation,9.39283583613536
Elevation,8.49113939227782
rough_NDVI,6.573875439566893
PDQ,5.319537356291429
rough_MAP,4.793031460470324
Surface.T,4.109706297757535
rough_Soil.C,2.934561436761219
pH,2.4764484444472337
rough_PDQ,2.24862197436974
Clay,1.1779136570175994
rough_CEC,1.0207720558063365
rough_Surface.T,0.8710824045693957
