var,rel.inf
MAP,38.83729713779347
CEC,11.344353401244748
rough_Elevation,9.140327077347933
Elevation,8.524551246027288
rough_NDVI,6.696578230733708
PDQ,5.291320352361449
Surface.T,4.619032968576471
rough_MAP,4.425219167532123
rough_Soil.C,2.913470465348052
pH,2.5506870110569637
rough_PDQ,2.297323035959744
rough_CEC,1.2579656809826938
Clay,1.234828769611758
rough_Surface.T,0.8670454554236066
