var,rel.inf
MAP,38.3664910962984
CEC,11.324421364146584
rough_Elevation,9.38714439891227
Elevation,8.37213106411409
rough_NDVI,6.764363797029485
PDQ,5.709722153409711
rough_MAP,4.700643395324807
Surface.T,4.169945566193133
rough_Soil.C,2.937153260851287
pH,2.6445079146479973
rough_PDQ,2.303484277637611
Clay,1.2221792172178152
rough_CEC,1.1812611683696217
rough_Surface.T,0.9165513258471942
