var,rel.inf
MAP,38.28164870107228
CEC,11.465417686638222
rough_Elevation,9.371398215156871
Elevation,8.384574484436264
rough_NDVI,6.607782227449106
PDQ,5.351045867171033
rough_MAP,5.05955653640107
Surface.T,4.386796986792715
rough_Soil.C,3.1273423703878325
pH,2.4790398408966685
rough_PDQ,2.3728645810516547
Clay,1.146840695707228
rough_CEC,1.1437057189430573
rough_Surface.T,0.8219860878960059
