var,rel.inf
MAP,38.63776487991961
CEC,11.227110543479586
rough_Elevation,9.215839587962556
Elevation,8.53862838808028
rough_NDVI,6.86768225667947
PDQ,5.411421547197972
rough_MAP,4.697783147940131
Surface.T,4.657324040777793
rough_Soil.C,2.9390854743367565
pH,2.2957537603724423
rough_PDQ,2.2727053797769283
Clay,1.2744666258725883
rough_CEC,1.1837741199351872
rough_Surface.T,0.7806602476687021
