var,rel.inf
MAP,37.43780972459885
CEC,11.042004353783499
rough_Elevation,9.305622506124163
Elevation,8.560778176712352
rough_NDVI,6.792229211226607
PDQ,5.4633419562989
rough_MAP,4.692169891148734
Surface.T,4.643201980304473
rough_Soil.C,3.0978579597396876
rough_PDQ,2.463025808368266
pH,2.4189984215692086
rough_CEC,1.5476921310745204
Clay,1.4978182761459666
rough_Surface.T,1.0374496029047677
