nt,pseudo_r2,pred_obs_r2,pred_obs_r2_exp
4950,0.5152170173647228,0.8539613999488741,0.7590177616392575
