var,rel.inf
MAP,39.20594225317671
CEC,11.406408167407585
rough_Elevation,9.2873624460117
Elevation,8.191922278999108
rough_NDVI,6.785358202462359
PDQ,5.3835412000968255
rough_MAP,4.644532590555108
Surface.T,4.495115620003625
rough_Soil.C,3.00829907887952
pH,2.3843501270807463
rough_PDQ,2.3079473409905833
Clay,1.1803525120273601
rough_CEC,0.9198730683594071
rough_Surface.T,0.7989951139493573
