nt,pseudo_r2,pred_obs_r2,pred_obs_r2_exp
4350,0.4791718574091478,0.840445063661474,0.7441644831603396
