var,rel.inf
MAP,36.44741698255051
CEC,11.311882916435902
rough_Elevation,9.398431724057009
Elevation,8.307487029937157
rough_NDVI,6.564148689132831
rough_MAP,5.3063128405055675
PDQ,5.2954465280751215
Surface.T,4.3821788511482795
rough_Soil.C,3.362377210367592
pH,2.6553412293201846
rough_PDQ,2.4551019190398335
rough_CEC,1.6800093418797855
Clay,1.622889880804054
rough_Surface.T,1.2109748567461829
