nt,pseudo_r2,pred_obs_r2,pred_obs_r2_exp
5900,0.5285894832315334,0.8735621381946028,0.7823236009066452
