nt,pseudo_r2,pred_obs_r2,pred_obs_r2_exp
4900,0.5094861971513343,0.8532166351835812,0.7576474092715482
