nt,pseudo_r2,pred_obs_r2,pred_obs_r2_exp
4800,0.5163967445479526,0.8502869153860115,0.7550000024672622
