var,rel.inf
MAP,38.67209141389957
CEC,11.288051248923644
rough_Elevation,9.334998242263344
Elevation,8.499962906380933
rough_NDVI,6.784845350056483
PDQ,5.5089733699195795
rough_MAP,4.5948638005031235
Surface.T,4.139005723875006
rough_Soil.C,2.883444051735019
pH,2.639534846657263
rough_PDQ,2.3519675367435693
rough_CEC,1.2214113100806565
Clay,1.1984233216132951
rough_Surface.T,0.8824268773485082
