nt,pseudo_r2,pred_obs_r2,pred_obs_r2_exp
4950,0.47540131960180754,0.8547161731610718,0.7588556019793911
