nt,pseudo_r2,pred_obs_r2,pred_obs_r2_exp
4550,0.5104717604285027,0.8454693780443329,0.7489555144019736
