nt,pseudo_r2,pred_obs_r2,pred_obs_r2_exp
5050,0.5111140090307154,0.8564304977122802,0.7615365664698361
