var,rel.inf
MAP,37.2648234572796
CEC,11.15165916027743
rough_Elevation,9.248273958748682
Elevation,8.62492365664402
rough_NDVI,6.641852742703609
PDQ,5.4007948786914275
rough_MAP,5.122121138402471
Surface.T,4.70993707008827
rough_Soil.C,3.076684499129027
pH,2.5201237601781172
rough_PDQ,2.364166832376655
rough_CEC,1.5347566924358416
Clay,1.3576101917463768
rough_Surface.T,0.9822719612984864
