nt,pseudo_r2,pred_obs_r2,pred_obs_r2_exp
5050,0.5007656244289747,0.8560567196954331,0.7613392173774569
