nt,pseudo_r2,pred_obs_r2,pred_obs_r2_exp
5600,0.47516494531560793,0.8673851263412694,0.7733925840132652
