var,rel.inf
MAP,40.0125957106945
CEC,11.713364269608741
rough_Elevation,9.281844695063096
Elevation,8.22211953458673
rough_NDVI,6.829225256621906
PDQ,5.460374099184186
Surface.T,4.39232867743794
rough_MAP,3.943419790753583
rough_Soil.C,2.7869257876364726
pH,2.401042488095803
rough_PDQ,2.25338093801422
Clay,1.0414292248375248
rough_CEC,0.9219781066521348
rough_Surface.T,0.7399714208131732
