var,rel.inf
MAP,39.08394401825523
CEC,11.396649628904589
rough_Elevation,9.260121534828563
Elevation,8.431582860721527
rough_NDVI,6.741571087105204
PDQ,5.6123837210306515
rough_MAP,4.300814060684918
Surface.T,4.037402613215479
rough_Soil.C,3.0912258281477123
pH,2.526860595627718
rough_PDQ,2.3893275827139364
Clay,1.2067639552388731
rough_CEC,1.0954159440970084
rough_Surface.T,0.8259365694285926
