nt,pseudo_r2,pred_obs_r2,pred_obs_r2_exp
4950,0.5198789743258843,0.8544406426649407,0.7588616852743807
