nt,pseudo_r2,pred_obs_r2,pred_obs_r2_exp
5250,0.46868927371105074,0.8602549904815591,0.7669988407597914
