nt,pseudo_r2,pred_obs_r2,pred_obs_r2_exp
5100,0.511640712643658,0.8584434086211473,0.7635158188320927
