nt,pseudo_r2,pred_obs_r2,pred_obs_r2_exp
4650,0.4792060863855726,0.848176821388679,0.751168244751938
