nt,pseudo_r2,pred_obs_r2,pred_obs_r2_exp
5100,0.5102682537780011,0.8573175362840972,0.7643469995795465
