var,rel.inf
MAP,38.68767128749793
CEC,11.408263370923606
rough_Elevation,9.184018198233156
Elevation,8.397659518837035
rough_NDVI,6.9141169637141555
PDQ,5.448615608523767
rough_MAP,4.894703926763783
Surface.T,4.522217656216585
rough_Soil.C,2.869532869688343
pH,2.3496672717898153
rough_PDQ,2.252677404985819
Clay,1.2124754219379696
rough_CEC,1.0711808403285468
rough_Surface.T,0.7871996605594945
