nt,pseudo_r2,pred_obs_r2,pred_obs_r2_exp
5750,0.5153105937518754,0.8704574307589642,0.778474962708194
