nt,pseudo_r2,pred_obs_r2,pred_obs_r2_exp
5050,0.4869472220770177,0.8559525096885628,0.7609536110706879
