nt,pseudo_r2,pred_obs_r2,pred_obs_r2_exp
5700,0.5187341152758798,0.8701691248117723,0.7767332606450795
