var,rel.inf
MAP,38.06331218196862
CEC,11.350573723045207
rough_Elevation,9.498880485528248
Elevation,8.12043167615599
rough_NDVI,6.820089737755343
PDQ,5.566914370101875
rough_MAP,5.013602213146037
Surface.T,4.2249376556907094
rough_Soil.C,3.0671372590156154
pH,2.5167226983582838
rough_PDQ,2.2332257468982473
Clay,1.3321529087738662
rough_CEC,1.2534455337204422
rough_Surface.T,0.9385738098415234
