nt,pseudo_r2,pred_obs_r2,pred_obs_r2_exp
6150,0.4964867169659757,0.8784884646318153,0.7872206432716394
