nt,pseudo_r2,pred_obs_r2,pred_obs_r2_exp
5100,0.5037849525434577,0.8578786492991458,0.7642573015017812
