nt,pseudo_r2,pred_obs_r2,pred_obs_r2_exp
5750,0.5146765631064505,0.8699315180806083,0.7760521301683809
