nt,pseudo_r2,pred_obs_r2,pred_obs_r2_exp
4950,0.4990442423149405,0.8534564437084209,0.7590131995568365
