nt,pseudo_r2,pred_obs_r2,pred_obs_r2_exp
4850,0.4618213600399046,0.8513828396542367,0.757110633158237
