var,rel.inf
MAP,39.1660858340241
CEC,11.319867767679106
rough_Elevation,9.376788462975679
Elevation,8.371744443889796
rough_NDVI,6.75280022415451
PDQ,5.646140234385408
rough_MAP,4.495926272549129
Surface.T,4.2150630211462685
rough_Soil.C,2.923207255008229
pH,2.502756816225482
rough_PDQ,2.3190100332248607
Clay,1.129616474300478
rough_CEC,1.0136830136234465
rough_Surface.T,0.7673101468135144
