var,rel.inf
MAP,39.45617907302713
CEC,11.517384582219398
rough_Elevation,9.337029510288023
Elevation,8.364299314261004
rough_NDVI,6.5768507335334805
PDQ,5.604935840196923
rough_MAP,4.416883374997523
Surface.T,4.134639265481579
rough_Soil.C,2.854603205890927
pH,2.373491335897469
rough_PDQ,2.2973542051852762
Clay,1.114447197405982
rough_CEC,1.0748119557178266
rough_Surface.T,0.877090405897464
