var,rel.inf
MAP,39.03083907345338
CEC,11.382373161822091
rough_Elevation,9.209373558303902
Elevation,8.37625954760676
rough_NDVI,6.852800530706666
PDQ,5.609484334833079
rough_MAP,4.481783137641067
Surface.T,4.2957340717684565
rough_Soil.C,2.795310929593974
pH,2.473345626070354
rough_PDQ,2.2601507041068527
Clay,1.2251885587718043
rough_CEC,1.078226769287799
rough_Surface.T,0.9291299960338127
