var,rel.inf
MAP,38.86057000975567
CEC,11.672817799504482
rough_Elevation,9.398000866537995
Elevation,8.27248867197919
rough_NDVI,6.541493019477469
PDQ,5.589186983890427
rough_MAP,4.849711364509335
Surface.T,4.036709016050165
rough_Soil.C,2.819822689141323
pH,2.5379100101564096
rough_PDQ,2.3461871241027743
Clay,1.1611036668125927
rough_CEC,1.12971253607879
rough_Surface.T,0.7842862420033779
