var,rel.inf
MAP,38.63610138918168
CEC,11.496422487782066
rough_Elevation,9.323743680354559
Elevation,8.181662289572131
rough_NDVI,6.623313051667905
PDQ,5.494696726523086
rough_MAP,4.760444061706478
Surface.T,4.248056355713377
rough_Soil.C,2.9909091022215906
pH,2.56468446825262
rough_PDQ,2.447590631370192
Clay,1.2937326411463477
rough_CEC,1.107523691883273
rough_Surface.T,0.831119422624695
