var,rel.inf
MAP,39.207750345128744
CEC,11.495724762904185
rough_Elevation,9.412488575686048
Elevation,8.164738632551993
rough_NDVI,6.691167367606414
PDQ,5.507037466352491
rough_MAP,4.811771076639392
Surface.T,4.409189185730906
rough_Soil.C,2.7544150480903555
rough_PDQ,2.3349529667846167
pH,2.324584207456598
Clay,1.1102618671513895
rough_CEC,0.945752540569428
rough_Surface.T,0.8301659573474418
