nt,pseudo_r2,pred_obs_r2,pred_obs_r2_exp
4550,0.508214384502031,0.8453400717934686,0.7472670594608571
