var,rel.inf
MAP,39.20357699516159
CEC,11.566745996410594
rough_Elevation,9.265831055109299
Elevation,8.458082140532136
rough_NDVI,6.835741373014487
PDQ,5.4872324129546985
rough_MAP,4.594538519249882
Surface.T,4.242050781997205
rough_Soil.C,2.781268809307812
rough_PDQ,2.3339530787643614
pH,2.21179438433149
Clay,1.1103661281357209
rough_CEC,0.9906484004165328
rough_Surface.T,0.9181699246141887
