var,rel.inf
MAP,38.68071823615639
CEC,11.520746496541253
rough_Elevation,9.292515230841516
Elevation,8.406232201322284
rough_NDVI,6.819519767818253
PDQ,5.3441317612131
rough_MAP,4.552627940579636
Surface.T,4.311063197112735
rough_Soil.C,2.85750773976265
pH,2.4241265243258607
rough_PDQ,2.296008536334512
Clay,1.3744882632163358
rough_CEC,1.1857379706060156
rough_Surface.T,0.9345761341694675
