nt,pseudo_r2,pred_obs_r2,pred_obs_r2_exp
4550,0.4676800951829515,0.8460733631664331,0.7493240603171964
