nt,pseudo_r2,pred_obs_r2,pred_obs_r2_exp
4550,0.48528469865540225,0.8450845672826985,0.748597268119376
