nt,pseudo_r2,pred_obs_r2,pred_obs_r2_exp
7450,0.5436797352103667,0.8985533930159358,0.813780760298796
