nt,pseudo_r2,pred_obs_r2,pred_obs_r2_exp
4250,0.4952401254517901,0.838031761647126,0.7399431546295139
