var,rel.inf
MAP,38.292998638548205
CEC,11.429687776997827
rough_Elevation,9.351842199140565
Elevation,8.31911607190202
rough_NDVI,6.7889470233853055
PDQ,5.375042361836512
rough_MAP,4.78979214330428
Surface.T,4.265387225667873
rough_Soil.C,2.9672061752369605
pH,2.5605209149506143
rough_PDQ,2.4496062941004166
Clay,1.3036078523073233
rough_CEC,1.2397581497795378
rough_Surface.T,0.8664871728425614
