nt,pseudo_r2,pred_obs_r2,pred_obs_r2_exp
7150,0.5389708918226583,0.8937492232870986,0.808815729399933
