nt,pseudo_r2,pred_obs_r2,pred_obs_r2_exp
4700,0.5292066748666358,0.8488937558531545,0.7535908120326399
