var,rel.inf
MAP,39.64701044670368
CEC,11.518328122086992
rough_Elevation,9.27017617522227
Elevation,8.261413704637755
rough_NDVI,6.674206630251987
PDQ,5.78057913975192
rough_MAP,4.862346783100301
Surface.T,4.203935209535332
rough_Soil.C,2.7737319673573047
rough_PDQ,2.317333577224723
pH,2.3002459833465063
Clay,0.9594373528469604
rough_CEC,0.754435323064725
rough_Surface.T,0.6768195848695433
