var,rel.inf
MAP,39.36728879278837
CEC,11.518997775117173
rough_Elevation,9.397192704897757
Elevation,8.298299566566653
rough_NDVI,6.699551308217375
PDQ,5.507691646302142
rough_MAP,4.4996795605639175
Surface.T,4.428792306456759
rough_Soil.C,3.025579773573083
pH,2.3628034897279275
rough_PDQ,2.227793046178975
Clay,1.0606182186640927
rough_CEC,0.9314235810891418
rough_Surface.T,0.6742882298566367
