var,rel.inf
MAP,40.341062858302706
CEC,11.498816902630852
rough_Elevation,9.056047562648125
Elevation,8.053417353657945
rough_NDVI,6.442598393353076
PDQ,5.807905771707845
rough_MAP,4.834109305298306
Surface.T,4.24262311827871
rough_Soil.C,2.86960393176915
rough_PDQ,2.328098938156147
pH,2.0835856958551493
Clay,0.9218125707029557
rough_Surface.T,0.8094034103146251
rough_CEC,0.7109141873244098
