var,rel.inf
MAP,38.04198638717268
CEC,11.269779517737335
rough_Elevation,9.230307656241894
Elevation,8.5689269728025
rough_NDVI,6.713494781126689
PDQ,5.36933957315933
rough_MAP,5.053066452924292
Surface.T,4.312011582214907
rough_Soil.C,2.971034592260018
pH,2.581178768321487
rough_PDQ,2.4955005941995556
Clay,1.355700050062642
rough_CEC,1.2581883115009378
rough_Surface.T,0.7794847602757301
