nt,pseudo_r2,pred_obs_r2,pred_obs_r2_exp
5700,0.5250651555250923,0.8697329222844904,0.7770527228859185
