var,rel.inf
MAP,39.17742442079247
CEC,11.477551262701915
rough_Elevation,9.378348684078702
Elevation,8.391745936765423
rough_NDVI,6.831673235167012
PDQ,5.686171004628868
rough_MAP,4.401510683195464
Surface.T,4.095199812255996
rough_Soil.C,3.0270629914764307
pH,2.3893863107500666
rough_PDQ,2.145182289684356
Clay,1.1644759377053098
rough_CEC,1.0498694682133447
rough_Surface.T,0.7843979625846377
