nt,pseudo_r2,pred_obs_r2,pred_obs_r2_exp
5050,0.5158051113047379,0.8561351079532248,0.7612987084939105
