nt,pseudo_r2,pred_obs_r2,pred_obs_r2_exp
5550,0.5109497411579152,0.8659360535582027,0.7729157291293532
