var,rel.inf
MAP,37.73857801653135
CEC,11.2358828504543
rough_Elevation,9.2196323306343
Elevation,8.389823293477846
rough_NDVI,6.774807988213383
PDQ,5.625633994445601
rough_MAP,4.875083846243513
Surface.T,4.28286480575041
rough_Soil.C,3.0169743733909424
pH,2.5654071716092046
rough_PDQ,2.3915784649431022
Clay,1.4692324713755056
rough_CEC,1.4464574122823894
rough_Surface.T,0.9680429806481489
