nt,pseudo_r2,pred_obs_r2,pred_obs_r2_exp
6750,0.5489137413081839,0.8874590891668316,0.7993798240585462
