var,rel.inf
MAP,39.51288158315681
CEC,11.270405988900814
rough_Elevation,9.236587468970539
Elevation,8.570134265016463
rough_NDVI,6.7666438971274685
PDQ,5.644799657048573
Surface.T,4.395279464035027
rough_MAP,4.087934039935384
rough_Soil.C,2.7659888293760413
pH,2.437348573707895
rough_PDQ,2.411792143852643
Clay,1.1204989579340923
rough_CEC,1.0206414248661269
rough_Surface.T,0.7590637060721244
