nt,pseudo_r2,pred_obs_r2,pred_obs_r2_exp
4150,0.4489033194076022,0.8353956503438864,0.7385854226946013
