var,rel.inf
MAP,40.03195217465268
CEC,11.528508385347298
rough_Elevation,9.146046886050684
Elevation,8.252054155435733
rough_NDVI,6.772672275631763
PDQ,5.757728830852513
rough_MAP,4.395283036322069
Surface.T,4.048643506459843
rough_Soil.C,2.710165157743874
pH,2.368768072815328
rough_PDQ,2.2598988503084665
Clay,1.0106895209592355
rough_CEC,0.9148649379956608
rough_Surface.T,0.8027242094248553
