var,rel.inf
MAP,39.18968502647243
CEC,11.606129688263314
rough_Elevation,9.343467238696292
Elevation,8.305393647026497
rough_NDVI,6.509486413613525
PDQ,5.4670340792660514
rough_MAP,4.788300866583755
Surface.T,4.17861198632321
rough_Soil.C,2.8875717948406554
pH,2.4882242805858272
rough_PDQ,2.2270625595964852
Clay,1.1317375110287142
rough_CEC,1.0363365493947538
rough_Surface.T,0.8409583583084914
