var,rel.inf
MAP,39.284032517312845
CEC,11.609016930571233
rough_Elevation,9.331095123995658
Elevation,8.108428547041262
rough_NDVI,6.620355848899988
PDQ,5.487916610094837
rough_MAP,4.899185022999885
Surface.T,4.1858108179181945
rough_Soil.C,2.895282992655885
pH,2.3490974176814734
rough_PDQ,2.2664254297482627
Clay,1.2463457543461085
rough_CEC,0.9023862975061495
rough_Surface.T,0.8146206892282271
