nt,pseudo_r2,pred_obs_r2,pred_obs_r2_exp
5900,0.5248648495753101,0.8730602111771791,0.7829095085864863
