var,rel.inf
MAP,40.36735304236229
CEC,11.722791130809672
rough_Elevation,9.143898880129191
Elevation,8.134699713425572
rough_NDVI,6.8148265712716976
PDQ,5.537830131942774
rough_MAP,4.614033218148565
Surface.T,4.1980142724920535
rough_Soil.C,2.5084881653119897
pH,2.3551075736347573
rough_PDQ,2.302678619998867
Clay,0.8876765117864011
rough_CEC,0.7087318038951248
rough_Surface.T,0.7038703647910461
