nt,pseudo_r2,pred_obs_r2,pred_obs_r2_exp
4550,0.5096089119462999,0.8465456746232043,0.7481328410265221
