nt,pseudo_r2,pred_obs_r2,pred_obs_r2_exp
4800,0.48897104890396237,0.8501582310310428,0.7547664947289517
