nt,pseudo_r2,pred_obs_r2,pred_obs_r2_exp
4350,0.4800189170705418,0.8401262495548231,0.744179334816165
