nt,pseudo_r2,pred_obs_r2,pred_obs_r2_exp
5e3,0.5111599346312292,0.8541334336834353,0.7611445445263229
