nt,pseudo_r2,pred_obs_r2,pred_obs_r2_exp
5550,0.5025575840645817,0.8672221696786078,0.7740124010952896
