nt,pseudo_r2,pred_obs_r2,pred_obs_r2_exp
4550,0.49272420244704085,0.8456333314100399,0.7492384915874195
