nt,pseudo_r2,pred_obs_r2,pred_obs_r2_exp
4800,0.4722220999824036,0.8503000184599272,0.7545393082680955
