nt,pseudo_r2,pred_obs_r2,pred_obs_r2_exp
3850,0.4836642479351647,0.8269745238929167,0.7297169779292731
