nt,pseudo_r2,pred_obs_r2,pred_obs_r2_exp
7150,0.5317806418927481,0.8936762816233389,0.8074747811466743
