var,rel.inf
MAP,38.62638323369073
CEC,11.382705296844433
rough_Elevation,9.388847023185397
Elevation,8.178595217063183
rough_NDVI,6.525760281742944
PDQ,5.4004643916028225
rough_MAP,4.857284495419451
Surface.T,4.559732589868087
rough_Soil.C,3.0591317379316094
pH,2.4036602760917343
rough_PDQ,2.3169729804723733
Clay,1.3120665871718897
rough_CEC,1.0528454783944239
rough_Surface.T,0.9355504105209237
