var,rel.inf
MAP,37.553595011555856
CEC,11.277287207959994
rough_Elevation,9.277587735244822
Elevation,8.641400154561474
rough_NDVI,6.778281861622754
PDQ,5.5767842231651645
rough_MAP,4.975870278639453
Surface.T,4.182209219868016
rough_Soil.C,3.0706703875660444
pH,2.5877369618172423
rough_PDQ,2.4037502636921455
Clay,1.3618192649372838
rough_CEC,1.3281246411591807
rough_Surface.T,0.9848827882105619
