nt,pseudo_r2,pred_obs_r2,pred_obs_r2_exp
8050,0.5460995515654559,0.906339284746346,0.8242109918304138
