var,rel.inf
MAP,39.052084177666586
CEC,11.386705364739377
rough_Elevation,9.334333958668655
Elevation,8.585826210957286
rough_NDVI,6.472156086798186
PDQ,5.5507791221500264
rough_MAP,4.537712761504396
Surface.T,4.356491367972156
rough_Soil.C,2.7958053449320452
rough_PDQ,2.4218198722629354
pH,2.3503955882059273
Clay,1.1786892299462113
rough_CEC,1.052052119052419
rough_Surface.T,0.9251487951437856
