nt,pseudo_r2,pred_obs_r2,pred_obs_r2_exp
4800,0.4982199608074801,0.8516017101867563,0.7579727621626032
