var,rel.inf
MAP,38.83184514104595
CEC,11.451432083232863
rough_Elevation,9.138374727642887
Elevation,8.293363207120262
rough_NDVI,6.874402484877795
PDQ,5.388908568008591
rough_MAP,4.716659613855191
Surface.T,4.332068249294353
rough_Soil.C,2.908685805156612
rough_PDQ,2.4560585693853514
pH,2.348050234978229
Clay,1.3250802928451542
rough_CEC,1.0689158914784578
rough_Surface.T,0.8661551310783041
