var,rel.inf
MAP,39.5597489449276
CEC,11.574024040786107
rough_Elevation,9.419484163490695
Elevation,8.176974535881184
rough_NDVI,6.56707792409573
PDQ,5.568358667709419
rough_MAP,5.085139257387762
Surface.T,4.215177013409246
rough_Soil.C,2.6982557580351894
pH,2.340288274355257
rough_PDQ,2.3046110931790666
Clay,0.9612194135055724
rough_CEC,0.7783875568272709
rough_Surface.T,0.7512533564098992
