var,rel.inf
MAP,39.48780916581379
CEC,11.508840084278887
rough_Elevation,9.213744200971439
Elevation,8.38421601167342
rough_NDVI,6.747417214699465
PDQ,5.532630550287838
rough_MAP,4.72090937937774
Surface.T,4.1476670802943945
rough_Soil.C,2.81783310532424
pH,2.400029996736936
rough_PDQ,2.2672237412387046
Clay,1.1100476325596411
rough_CEC,0.8959187133784254
rough_Surface.T,0.7657131233650695
