nt,pseudo_r2,pred_obs_r2,pred_obs_r2_exp
4750,0.5094248385923151,0.8488366602769778,0.7529963562764029
