nt,pseudo_r2,pred_obs_r2,pred_obs_r2_exp
5550,0.538168377690255,0.8671831672224469,0.7743579407414222
