nt,pseudo_r2,pred_obs_r2,pred_obs_r2_exp
5350,0.521890559601428,0.8618607538757991,0.7693425387257724
