var,rel.inf
MAP,39.23302140314943
CEC,11.415548976820224
rough_Elevation,9.342715827690416
Elevation,8.328556832970094
rough_NDVI,6.72459200941518
PDQ,5.621758571408238
rough_MAP,4.610874965885438
Surface.T,4.26479819875618
rough_Soil.C,2.906013771253985
pH,2.382585547942414
rough_PDQ,2.212253924686512
Clay,1.1371807921305388
rough_CEC,1.0730676352339807
rough_Surface.T,0.7470315426573669
