nt,pseudo_r2,pred_obs_r2,pred_obs_r2_exp
5900,0.5351039203799517,0.8734092380253379,0.782741682620714
