nt,pseudo_r2,pred_obs_r2,pred_obs_r2_exp
7700,0.5119467493517911,0.9021029666667028,0.8184141239718459
