nt,pseudo_r2,pred_obs_r2,pred_obs_r2_exp
4500,0.5076003303345473,0.8442434882282976,0.7482571105057896
