nt,pseudo_r2,pred_obs_r2,pred_obs_r2_exp
5700,0.5330198316412313,0.8690845482668862,0.7765960463506948
