nt,pseudo_r2,pred_obs_r2,pred_obs_r2_exp
4100,0.45760764598221193,0.8348050784148953,0.7355894124053977
