var,rel.inf
MAP,38.426563842772076
CEC,11.272527002267243
rough_Elevation,9.26349211493314
Elevation,8.520958496065692
rough_NDVI,6.537381320014619
PDQ,5.473597603141395
rough_MAP,4.742915840545053
Surface.T,4.492410684036832
rough_Soil.C,2.96911097060838
pH,2.555920233401799
rough_PDQ,2.404712846634427
Clay,1.2723058851906015
rough_CEC,1.1564096625608014
rough_Surface.T,0.9116934978279466
