nt,pseudo_r2,pred_obs_r2,pred_obs_r2_exp
6100,0.5151163312517203,0.8762022044455525,0.7853921282248387
