var,rel.inf
MAP,39.238445775918905
CEC,11.42097294349378
rough_Elevation,9.091852506710014
Elevation,8.470379354587815
rough_NDVI,6.754814115376462
PDQ,5.644823221899418
rough_MAP,4.603822133145001
Surface.T,4.169793545541336
rough_Soil.C,2.8132956519864005
pH,2.4469732307183687
rough_PDQ,2.230882530245396
Clay,1.145249117805924
rough_CEC,1.0731838256027504
rough_Surface.T,0.8955120469684329
