var,rel.inf
MAP,38.090927023831796
CEC,11.652300958997921
rough_Elevation,9.478344568210966
Elevation,8.42374041576323
rough_NDVI,6.438089521323543
PDQ,5.210458990419573
rough_MAP,4.825217039983178
Surface.T,4.37103866523099
rough_Soil.C,2.988111877905125
pH,2.470917166519848
rough_PDQ,2.4213333967897777
rough_CEC,1.3465899428595982
Clay,1.3352912548604114
rough_Surface.T,0.9476391773040459
