var,rel.inf
MAP,38.98553451918131
CEC,11.496796247476677
rough_Elevation,9.297231868820534
Elevation,8.340220686367484
rough_NDVI,6.824654630628287
PDQ,5.196886485220737
rough_MAP,4.663487825809269
Surface.T,4.393852247342084
rough_Soil.C,2.871166974216055
pH,2.4921575141016485
rough_PDQ,2.4255802487451255
Clay,1.1103465198577884
rough_CEC,1.0163324546591437
rough_Surface.T,0.8857517775738636
