var,rel.inf
MAP,38.9271313521831
CEC,11.3136807123797
rough_Elevation,9.143608273103249
Elevation,8.419854761907326
rough_NDVI,6.775554818941649
PDQ,5.574409796955716
rough_MAP,4.535752412498336
Surface.T,4.18536900277427
rough_Soil.C,2.9389423005119766
pH,2.4609365841701214
rough_PDQ,2.3640943504871106
Clay,1.299027524974055
rough_CEC,1.1580648123080752
rough_Surface.T,0.9035732968053233
