nt,pseudo_r2,pred_obs_r2,pred_obs_r2_exp
5300,0.5005817982620084,0.8617852201336057,0.7669722657955221
