nt,pseudo_r2,pred_obs_r2,pred_obs_r2_exp
6100,0.513545773405197,0.8779016838337115,0.7876247823460106
