nt,pseudo_r2,pred_obs_r2,pred_obs_r2_exp
5700,0.5175464889191761,0.8705062702109615,0.777145279813964
