var,rel.inf
MAP,38.973521877788556
CEC,11.594202441619434
rough_Elevation,9.411433780906703
Elevation,8.211376771160019
rough_NDVI,6.625029745163855
PDQ,5.381213881088816
rough_MAP,4.54953439485169
Surface.T,4.201095569537359
rough_Soil.C,3.135534403101235
pH,2.4702137427049364
rough_PDQ,2.2323872465146466
Clay,1.231773637706629
rough_CEC,1.1526131654365255
rough_Surface.T,0.8300693424196032
