nt,pseudo_r2,pred_obs_r2,pred_obs_r2_exp
5150,0.4665653957485718,0.8591526760082313,0.7648422374779784
