nt,pseudo_r2,pred_obs_r2,pred_obs_r2_exp
5100,0.45956870217189594,0.858086958936403,0.7637151799156225
