nt,pseudo_r2,pred_obs_r2,pred_obs_r2_exp
5050,0.5213875446034693,0.8560179354400547,0.762172366159912
