var,rel.inf
MAP,38.81674045891276
CEC,11.257649260414095
rough_Elevation,9.275159710817368
Elevation,8.259189104214174
rough_NDVI,6.483909868627188
PDQ,5.692472551062788
rough_MAP,4.994750718047479
Surface.T,4.5259105529068115
rough_Soil.C,3.0262434088525225
rough_PDQ,2.3555494456490402
pH,2.282388694244566
Clay,1.244194240729416
rough_CEC,1.0766235195486034
rough_Surface.T,0.7092184659731897
