var,rel.inf
MAP,38.00500676716949
CEC,11.219462062814102
rough_Elevation,9.303192844081138
Elevation,8.592052433439294
rough_NDVI,6.6706160394430265
PDQ,5.4123818383474145
rough_MAP,4.761488378285184
Surface.T,4.557994385175528
rough_Soil.C,2.9436144747380815
pH,2.538167331492117
rough_PDQ,2.4064221978748424
rough_CEC,1.363291538782793
Clay,1.326878940879478
rough_Surface.T,0.8994307674775233
