nt,pseudo_r2,pred_obs_r2,pred_obs_r2_exp
5300,0.48608108260063243,0.8613464472702518,0.7684621545706148
