var,rel.inf
MAP,39.66496801926566
CEC,11.481208333016635
rough_Elevation,9.38393720766841
Elevation,8.310661389977808
rough_NDVI,6.685304798103273
PDQ,5.657908595863469
rough_MAP,4.629503279659816
Surface.T,4.298617979153996
rough_Soil.C,2.809735337195687
rough_PDQ,2.3722077558521875
pH,2.360041185926825
Clay,0.9911986097081138
rough_Surface.T,0.6879024762668557
rough_CEC,0.6668050323412564
