nt,pseudo_r2,pred_obs_r2,pred_obs_r2_exp
4500,0.4863381282069229,0.843556897531847,0.7480245155121348
