nt,pseudo_r2,pred_obs_r2,pred_obs_r2_exp
6e3,0.5084639150512607,0.8749085862387893,0.7858174572814811
