var,rel.inf
MAP,37.042981911837856
CEC,11.144776762179877
rough_Elevation,9.276815055328242
Elevation,8.46722670227089
rough_NDVI,6.786220572012042
PDQ,5.703455061753963
rough_MAP,4.869599874581011
Surface.T,4.652997587710152
rough_Soil.C,2.90205895790741
pH,2.489620908858643
rough_PDQ,2.3520421893357
rough_CEC,1.6001197798339537
Clay,1.5431450409085907
rough_Surface.T,1.1689395954816804
