var,rel.inf
MAP,39.99082527958653
CEC,12.071917155547633
rough_Elevation,9.187468350386517
Elevation,8.077149909576889
rough_NDVI,6.769953094274525
PDQ,5.385951404681351
rough_MAP,4.529901103085685
Surface.T,4.219238809022315
rough_Soil.C,2.8224377621577155
rough_PDQ,2.4379851428854433
pH,2.095002422289772
Clay,1.0085920962374644
rough_CEC,0.7314081496625878
rough_Surface.T,0.6721693206055694
