var,rel.inf
MAP,36.80160780693955
CEC,11.116379628206284
rough_Elevation,9.278153976926996
Elevation,8.735107085514189
rough_NDVI,6.780295087468137
PDQ,5.603016001393358
rough_MAP,4.599408841304604
Surface.T,4.408167197938808
rough_Soil.C,3.0672003661766705
pH,2.6850718656856762
rough_PDQ,2.3360314656183534
rough_CEC,1.7083539932017013
Clay,1.660454713427264
rough_Surface.T,1.2207519701984175
