nt,pseudo_r2,pred_obs_r2,pred_obs_r2_exp
5250,0.5374694594806733,0.860634637657716,0.7677984615468658
