var,rel.inf
MAP,39.5694713328366
CEC,11.43765354138163
rough_Elevation,9.230660886447088
Elevation,8.400458001055446
rough_NDVI,6.788233302543168
PDQ,5.515383543546654
Surface.T,4.560166960731591
rough_MAP,4.32220293817504
rough_Soil.C,2.9016739099733373
rough_PDQ,2.3070411291726414
pH,2.2534147487717515
Clay,1.1308953843725222
rough_CEC,0.8779904569127253
rough_Surface.T,0.7047538640798133
