nt,pseudo_r2,pred_obs_r2,pred_obs_r2_exp
4450,0.45953266922578584,0.8421111108982334,0.7457075930342679
