var,rel.inf
MAP,39.1511376098164
CEC,11.289490624073778
rough_Elevation,9.10188427368565
Elevation,8.342209654181305
rough_NDVI,6.7828650341691565
PDQ,5.487380621263728
rough_MAP,4.5491568237047035
Surface.T,4.40085636769628
rough_Soil.C,3.0455855025830045
pH,2.4964800779589402
rough_PDQ,2.3822648536591604
Clay,1.1657712111903862
rough_CEC,0.9090560260724415
rough_Surface.T,0.8958613199450627
