nt,pseudo_r2,pred_obs_r2,pred_obs_r2_exp
4850,0.5021974638204616,0.8540385098641644,0.7582891989645602
