nt,pseudo_r2,pred_obs_r2,pred_obs_r2_exp
5700,0.5264434174473263,0.8695368026677552,0.777759257490373
