var,rel.inf
MAP,38.98657850213146
CEC,11.284750341969
rough_Elevation,9.18777602023829
Elevation,8.271364782023939
rough_NDVI,6.6781368167740744
PDQ,5.46623062237971
rough_MAP,4.851685855714496
Surface.T,4.37053007266314
rough_Soil.C,2.9485616473461453
pH,2.527345447513804
rough_PDQ,2.275879748876654
Clay,1.2893943059002542
rough_CEC,1.0287878728119193
rough_Surface.T,0.8329779636571156
