nt,pseudo_r2,pred_obs_r2,pred_obs_r2_exp
4550,0.4669293708800256,0.845486830080631,0.7495287771569116
