var,rel.inf
MAP,38.8344279548863
CEC,11.445821116466137
rough_Elevation,9.191854816763353
Elevation,8.398579669495435
rough_NDVI,6.763518526529258
PDQ,5.37195245344013
rough_MAP,4.626100467866424
Surface.T,4.36112389034439
rough_Soil.C,2.9436703825696187
rough_PDQ,2.3922656094594537
pH,2.3669284889561557
Clay,1.3749082034421551
rough_CEC,1.1275036433045857
rough_Surface.T,0.8013447764766054
