nt,pseudo_r2,pred_obs_r2,pred_obs_r2_exp
4800,0.520585599477793,0.8511565789849057,0.7536481760083192
