var,rel.inf
MAP,39.568502057911054
CEC,11.291695356608065
rough_Elevation,9.100765912313703
Elevation,8.405608878914865
rough_NDVI,6.781384951319469
PDQ,5.585247838812355
rough_MAP,4.671456301217624
Surface.T,4.368373061667046
rough_Soil.C,2.735486721039494
pH,2.3584677736489534
rough_PDQ,2.3388790967155075
Clay,1.0585714328638651
rough_CEC,0.9055694059275874
rough_Surface.T,0.8299912110404108
