nt,pseudo_r2,pred_obs_r2,pred_obs_r2_exp
5e3,0.5229624779616683,0.8555083165135948,0.7585347993074238
