var,rel.inf
MAP,40.11954497098151
CEC,11.41459537274181
rough_Elevation,9.390685045077234
Elevation,8.323785018440407
rough_NDVI,6.661090331232545
PDQ,5.6179773742344326
rough_MAP,4.551963319104744
Surface.T,4.36319238003159
rough_Soil.C,2.7223877094540616
rough_PDQ,2.202239328794835
pH,2.1672132844349736
Clay,0.9896208026976676
rough_CEC,0.7986428713308301
rough_Surface.T,0.6770621914433702
