nt,pseudo_r2,pred_obs_r2,pred_obs_r2_exp
4800,0.5108895067627335,0.8491734590181705,0.7539771931705872
