var,rel.inf
MAP,38.48208903247823
CEC,11.649661402575754
rough_Elevation,9.291677392785694
Elevation,8.48518036387932
rough_NDVI,6.960803688526234
PDQ,5.429700316286537
rough_MAP,4.289301718259153
Surface.T,4.285282246599026
rough_Soil.C,2.9782982573261307
pH,2.4135155960360364
rough_PDQ,2.3245209671579863
Clay,1.3950383762347225
rough_CEC,1.1725497943520478
rough_Surface.T,0.8423808475031215
