nt,pseudo_r2,pred_obs_r2,pred_obs_r2_exp
5900,0.5456266296725284,0.8737058595650538,0.7812185871047325
