var,rel.inf
MAP,37.87364400006786
CEC,11.113315295541465
rough_Elevation,9.447835056254984
Elevation,8.594080101400964
rough_NDVI,6.747587291499952
PDQ,5.568498991289803
rough_MAP,4.8297773344059145
Surface.T,4.397903407180267
rough_Soil.C,3.0758104797045345
pH,2.5447226228699886
rough_PDQ,2.3849738158296296
Clay,1.2750505171432622
rough_CEC,1.252602790804653
rough_Surface.T,0.8941982960067034
