nt,pseudo_r2,pred_obs_r2,pred_obs_r2_exp
3600,0.44356438905034057,0.820235948226603,0.7222634056960303
