nt,pseudo_r2,pred_obs_r2,pred_obs_r2_exp
5150,0.4708871694389182,0.8596254247565711,0.7648069978842099
