nt,pseudo_r2,pred_obs_r2,pred_obs_r2_exp
5850,0.5219355138269353,0.8732046471652648,0.7819590532695113
