var,rel.inf
MAP,39.968101098770845
CEC,11.734112739081118
rough_Elevation,9.419478806240887
Elevation,8.121293180118249
rough_NDVI,6.782878903566131
PDQ,5.402811280794212
rough_MAP,4.366581436588185
Surface.T,4.240461742904628
rough_Soil.C,2.8460815891869684
pH,2.3432230422856364
rough_PDQ,2.270514382996004
Clay,1.0081105456027517
rough_CEC,0.784565590093939
rough_Surface.T,0.7117856617704398
