var,rel.inf
MAP,37.37277910445204
CEC,11.143446986237954
rough_Elevation,9.18111954249106
Elevation,8.769996920381356
rough_NDVI,6.860078313622
PDQ,5.389801279520859
Surface.T,4.764487867439582
rough_MAP,4.474135823736763
rough_Soil.C,3.209258402486842
rough_PDQ,2.44826248893305
pH,2.4036007176292187
rough_CEC,1.5231973527123719
Clay,1.4820633564528352
rough_Surface.T,0.9777718439040758
