var,rel.inf
MAP,39.17553046006432
CEC,11.322991946941285
rough_Elevation,9.429578949684789
Elevation,8.272756243055106
rough_NDVI,6.764094755994378
PDQ,5.538252732705838
rough_MAP,4.892083683117788
Surface.T,4.247426447583106
rough_Soil.C,2.720898539161109
pH,2.397180589107509
rough_PDQ,2.301668673853173
Clay,1.0966933929258087
rough_CEC,0.9528747298613726
rough_Surface.T,0.8879688559444131
