nt,pseudo_r2,pred_obs_r2,pred_obs_r2_exp
3850,0.4492742688624719,0.8279417215490943,0.728701912215604
