nt,pseudo_r2,pred_obs_r2,pred_obs_r2_exp
3950,0.45828108808808077,0.8307450827337315,0.7336499574728189
