var,rel.inf
MAP,37.95443030610146
CEC,11.326811915003153
rough_Elevation,9.331183427263817
Elevation,8.409779087038816
rough_NDVI,6.859527771365134
PDQ,5.409113887711191
rough_MAP,4.637552141370258
Surface.T,4.608844350713187
rough_Soil.C,3.0370597764404854
pH,2.332850486125637
rough_PDQ,2.3192910891509575
rough_CEC,1.4283573532918061
Clay,1.394894596580964
rough_Surface.T,0.9503038118431334
