var,rel.inf
pH,15.388844119521266
rough_Surface.T,12.510384473569644
MAP,12.372998202659417
rough_Clay,10.870111972215716
rough_Elevation,10.281717521810808
Clay,8.470743984634455
rough_Soil.C,6.386451947952227
rough_MAP,5.8019537892069915
rough_CEC,5.359198228984217
Elevation,3.9168406645339693
PDQ,3.4917677293995117
rough_NDVI,3.113880529916575
CEC,2.0351068355952022
