nt,pseudo_r2,pred_obs_r2,pred_obs_r2_exp
7450,0.49928961292019536,0.7985606320505385,0.6865322760825552
