var,rel.inf
pH,15.183117943329082
rough_Surface.T,12.468759768004018
MAP,11.992191714695718
rough_Clay,10.768193464846068
rough_Elevation,10.200686226387859
Clay,8.503795219232078
rough_Soil.C,6.460917416858606
rough_MAP,6.125461725607136
rough_CEC,5.474243472424737
Elevation,4.001522949235405
PDQ,3.585407516536981
rough_NDVI,3.0224143909995327
CEC,2.213288191842778
