var,rel.inf
pH,15.341543854309727
rough_Surface.T,12.364290701563048
MAP,12.338977121435486
rough_Clay,10.792576237545019
rough_Elevation,10.187062583490484
Clay,8.495908166550928
rough_Soil.C,6.39298679197488
rough_MAP,5.955079461508543
rough_CEC,5.421572223355431
Elevation,4.000416313973749
PDQ,3.5754285964647234
rough_NDVI,2.9659951243120126
CEC,2.1681628235159778
