nt,pseudo_r2,pred_obs_r2,pred_obs_r2_exp
7650,0.49039607419600106,0.8003606204716708,0.6877895532288243
