var,rel.inf
pH,15.366015550353191
rough_Surface.T,12.619657292480682
MAP,12.295956408842526
rough_Clay,10.892587984541418
rough_Elevation,10.19314646186974
Clay,8.389531528908826
rough_Soil.C,6.419675995690188
rough_MAP,5.936219932744681
rough_CEC,5.371053247286986
Elevation,4.127603454078778
PDQ,3.328423937101914
rough_NDVI,2.949467699084459
CEC,2.1106605070166142
