var,rel.inf
pH,15.732086310079675
MAP,12.538564227587889
rough_Surface.T,12.263516715962707
rough_Clay,10.496352617727988
rough_Elevation,10.165096486462986
Clay,8.374082029344477
rough_Soil.C,6.682263644179015
rough_MAP,5.739925180659611
rough_CEC,5.305567337542413
Elevation,4.052081447683771
PDQ,3.484115835590472
rough_NDVI,2.9993331415903186
CEC,2.1670150255886846
