var,rel.inf
pH,15.158720294549383
MAP,12.423834570998226
rough_Surface.T,12.206138216242595
rough_Clay,10.924275968291068
rough_Elevation,10.20712358196324
Clay,8.567329464252502
rough_Soil.C,6.29070182131704
rough_MAP,5.981425991705253
rough_CEC,5.504075384200456
Elevation,3.9604701867775125
PDQ,3.40719386942732
rough_NDVI,3.032346786428624
CEC,2.3363638638467763
