nt,pseudo_r2,pred_obs_r2,pred_obs_r2_exp
8350,0.4998845241612674,0.8109864275985169,0.6973082219665638
