nt,pseudo_r2,pred_obs_r2,pred_obs_r2_exp
8150,0.4814861280435161,0.8079450015196922,0.6957609655252012
