var,rel.inf
pH,15.575484485167445
rough_Surface.T,12.455618921888174
MAP,12.26366003825772
rough_Clay,10.584196163849404
rough_Elevation,10.399323889133923
Clay,8.406627550859676
rough_Soil.C,6.360633738359357
rough_MAP,6.163858036034297
rough_CEC,5.413413959270741
Elevation,3.9036345954760225
PDQ,3.4389671520620704
rough_NDVI,2.94364701115132
CEC,2.090934458489853
