nt,pseudo_r2,pred_obs_r2,pred_obs_r2_exp
9500,0.4920673786613703,0.8264416842844767,0.7153023139597173
