nt,pseudo_r2,pred_obs_r2,pred_obs_r2_exp
8700,0.4955117403804723,0.8151749650759119,0.703784767147602
