var,rel.inf
pH,15.453344456205906
rough_Surface.T,12.55203038246261
MAP,12.369355642442448
rough_Clay,10.722227430787147
rough_Elevation,10.018439305016937
Clay,8.350672897220107
rough_Soil.C,6.426722470119622
rough_MAP,5.820708326258477
rough_CEC,5.367774958322644
Elevation,3.9949296470297955
PDQ,3.528586105773751
rough_NDVI,3.162612108018748
CEC,2.2325962703418125
