nt,pseudo_r2,pred_obs_r2,pred_obs_r2_exp
1e4,0.5087974306921637,0.8319242462496418,0.7196262450808143
