var,rel.inf
pH,15.566085341174286
rough_Surface.T,12.409636386027577
MAP,12.021634586328323
rough_Clay,10.576073665336096
rough_Elevation,10.043754949099348
Clay,8.747339568629926
rough_Soil.C,6.522875097264862
rough_MAP,6.07483634476023
rough_CEC,5.325454106850425
Elevation,4.075539025582563
PDQ,3.398699911151737
rough_NDVI,2.9933345722829063
CEC,2.2447364455117107
