var,rel.inf
pH,15.626644496381017
MAP,12.341075256873967
rough_Surface.T,12.229299264867413
rough_Clay,10.861023991042588
rough_Elevation,10.073227238201294
Clay,8.212839409895345
rough_Soil.C,6.354842340143331
rough_MAP,6.156775664938975
rough_CEC,5.289766882462579
Elevation,4.067302680512144
PDQ,3.5260194990973366
rough_NDVI,2.9804512476319225
CEC,2.280732027952089
