nt,pseudo_r2,pred_obs_r2,pred_obs_r2_exp
7900,0.4828538013792687,0.8046867393969073,0.6939793748669578
