nt,pseudo_r2,pred_obs_r2,pred_obs_r2_exp
7800,0.46920529243012743,0.8039522999617402,0.6902783781316808
