nt,pseudo_r2,pred_obs_r2,pred_obs_r2_exp
8e3,0.508242120973684,0.8063684431731534,0.6935477100328349
