var,rel.inf
pH,15.391278077732506
rough_Surface.T,12.474219935367447
MAP,12.348444042696954
rough_Clay,10.75721708646768
rough_Elevation,10.30427187639288
Clay,8.626516483632361
rough_Soil.C,6.454732150615741
rough_MAP,6.031222036381422
rough_CEC,5.239909060806509
Elevation,4.054840732994079
PDQ,3.510933891559042
rough_NDVI,2.848623913563595
CEC,1.9577907117897768
