nt,pseudo_r2,pred_obs_r2,pred_obs_r2_exp
7800,0.5026506349259512,0.8038061414485279,0.6906263993086499
