nt,pseudo_r2,pred_obs_r2,pred_obs_r2_exp
9950,0.5222799738508395,0.8313935327004436,0.7205343463701572
