var,rel.inf
pH,15.485719749466444
rough_Surface.T,12.249147642313364
MAP,12.137430476845443
rough_Clay,10.548538678432054
rough_Elevation,10.007695594413931
Clay,8.51362820744779
rough_Soil.C,6.29121840586144
rough_MAP,6.13738012869713
rough_CEC,5.35983843077101
Elevation,4.047200407871392
PDQ,3.7076561972907793
rough_NDVI,3.1518291385273294
CEC,2.3627169420618963
