var,rel.inf
pH,15.524006032626744
MAP,12.254612807746893
rough_Surface.T,12.219702119932679
rough_Clay,10.725725492938798
rough_Elevation,10.274899908248003
Clay,8.404773576595108
rough_Soil.C,6.384732568457727
rough_MAP,5.942888779626957
rough_CEC,5.259160223958036
Elevation,4.150394460822237
PDQ,3.4858525318590696
rough_NDVI,3.095208325254886
CEC,2.278043171932858
