var,rel.inf
pH,15.58637673163173
rough_Surface.T,12.440976545568013
MAP,12.22300104805461
rough_Clay,10.761087847824934
rough_Elevation,10.232939163211036
Clay,8.361856666103755
rough_Soil.C,6.362145151263585
rough_MAP,6.050451511186294
rough_CEC,5.318381278777254
Elevation,3.910495846633853
PDQ,3.664272725860242
rough_NDVI,2.990594444132871
CEC,2.097421039751829
