nt,pseudo_r2,pred_obs_r2,pred_obs_r2_exp
9300,0.49180672894549626,0.8235268008853013,0.7118272229359134
