var,rel.inf
pH,15.75268895770598
rough_Surface.T,12.719413894057936
MAP,12.266437025053992
rough_Clay,10.83310457253423
rough_Elevation,10.21966903986873
Clay,8.345013639263001
rough_Soil.C,6.2286962565581545
rough_MAP,5.969964666498759
rough_CEC,5.536312556737565
Elevation,3.952826007763516
PDQ,3.278150521299202
rough_NDVI,2.9324247097033824
CEC,1.965298152955553
