var,rel.inf
pH,15.536268814053566
rough_Surface.T,12.267914679653979
MAP,12.1518826621462
rough_Clay,10.748008247284362
rough_Elevation,10.020488004323006
Clay,8.451806800215268
rough_Soil.C,6.412488107297394
rough_MAP,6.003736428474383
rough_CEC,5.277700546597963
Elevation,4.023680754758034
PDQ,3.5957249440564643
rough_NDVI,3.1253247974301734
CEC,2.3849752137092164
