nt,pseudo_r2,pred_obs_r2,pred_obs_r2_exp
7850,0.49811411472552125,0.8042494210549964,0.690877495172757
