var,rel.inf
pH,15.416671034496172
rough_Surface.T,12.46191356927345
MAP,12.29097140825726
rough_Clay,10.840608659687888
rough_Elevation,10.024177372537968
Clay,8.423036454618277
rough_Soil.C,6.378246162572926
rough_MAP,6.00490885582911
rough_CEC,5.332325970831193
Elevation,4.067334109102404
PDQ,3.4297009140231913
rough_NDVI,3.0219101736451313
CEC,2.308195315125036
