var,rel.inf
pH,15.520952295891368
rough_Surface.T,12.259965697690774
MAP,11.819732683834358
rough_Clay,10.71792813076585
rough_Elevation,9.956342503797323
Clay,8.60511580202935
rough_Soil.C,6.370572463795471
rough_MAP,6.262416709704628
rough_CEC,5.38848060358069
Elevation,4.074569921594823
PDQ,3.5901369352213415
rough_NDVI,3.092706760663629
CEC,2.3410794914303987
