var,rel.inf
pH,15.437399642455654
MAP,12.26104921193759
rough_Surface.T,12.227729343243736
rough_Clay,10.595406767462505
rough_Elevation,10.206166692426459
Clay,8.448238310703163
rough_Soil.C,6.4601936126677275
rough_MAP,5.96723417956281
rough_CEC,5.466868540331115
Elevation,4.06415831375769
PDQ,3.496851098296276
rough_NDVI,3.078264333990201
CEC,2.290439953165069
