var,rel.inf
pH,15.129984241299917
rough_Surface.T,12.328162999418913
MAP,12.29526059306036
rough_Clay,10.70401608626985
rough_Elevation,10.137572978738321
Clay,8.604161693834895
rough_Soil.C,6.67126244110729
rough_MAP,5.948939790321934
rough_CEC,5.389944010947859
Elevation,3.964802755529878
PDQ,3.62480413667783
rough_NDVI,2.932025586893446
CEC,2.269062685899509
