var,rel.inf
pH,15.133085536057763
MAP,12.45504773780531
rough_Surface.T,12.328400035317792
rough_Clay,11.089120592210831
rough_Elevation,10.155909178298568
Clay,8.373724660123314
rough_Soil.C,6.34151746047992
rough_MAP,5.968750672045101
rough_CEC,5.311341651554014
Elevation,3.957303052133749
PDQ,3.5308374459938063
rough_NDVI,3.107847222374683
CEC,2.2471147556051454
