var,rel.inf
pH,15.289998449999947
rough_Surface.T,12.35402218414947
MAP,12.304183332828632
rough_Clay,10.802525189520706
rough_Elevation,10.028447346975033
Clay,8.38175721432885
rough_Soil.C,6.44039377155353
rough_MAP,5.9724779217101736
rough_CEC,5.2825121514840445
Elevation,4.122166162610772
PDQ,3.695491468474612
rough_NDVI,2.9332984705926872
CEC,2.3927263357715436
