var,rel.inf
pH,15.223966897402367
MAP,12.412229521738475
rough_Surface.T,12.243283408630722
rough_Clay,10.750808971261417
rough_Elevation,10.045151086306545
Clay,8.372594348817602
rough_Soil.C,6.528162048961688
rough_MAP,5.9233654001365865
rough_CEC,5.372185301273983
Elevation,3.993504416697927
PDQ,3.685813346201005
rough_NDVI,3.1757226204796236
CEC,2.2732126320920636
