var,rel.inf
pH,15.328714192692535
rough_Surface.T,12.454911152404401
MAP,12.17516781891746
rough_Clay,10.721852608268883
rough_Elevation,10.324770074166617
Clay,8.499197341058094
rough_Soil.C,6.492242482999471
rough_MAP,6.036442662065636
rough_CEC,5.2640273214765605
Elevation,3.991663312340178
PDQ,3.566653086415977
rough_NDVI,2.9335465948361645
CEC,2.210811352358021
