nt,pseudo_r2,pred_obs_r2,pred_obs_r2_exp
7200,0.4699419651795116,0.7948449236689105,0.6805903469753203
