nt,pseudo_r2,pred_obs_r2,pred_obs_r2_exp
8900,0.49113524635353767,0.818656280366019,0.7081992078906414
