var,rel.inf
pH,14.80795761491069
rough_Surface.T,12.378309145950995
MAP,12.212804544342562
rough_Clay,10.761281347522688
rough_Elevation,10.158433891156944
Clay,8.419268728139604
rough_Soil.C,6.433764867952286
rough_MAP,6.050056777920089
rough_CEC,5.382890658453448
Elevation,4.071864209847847
PDQ,3.8226929383636628
rough_NDVI,3.134056509476458
CEC,2.366618765962726
