var,rel.inf
pH,15.667776827898942
rough_Surface.T,12.487846226080075
MAP,12.266792504305538
rough_Clay,10.487592246845654
rough_Elevation,10.066560031792827
Clay,8.346809118844565
rough_Soil.C,6.582199056627663
rough_MAP,6.055969349175836
rough_CEC,5.405828197108637
Elevation,4.048454661521161
PDQ,3.4807319251444526
rough_NDVI,3.061862845722091
CEC,2.041577008932554
