nt,pseudo_r2,pred_obs_r2,pred_obs_r2_exp
9100,0.5172465800354579,0.8209167248195915,0.70844783764262
