nt,pseudo_r2,pred_obs_r2,pred_obs_r2_exp
7700,0.4983548407697541,0.8023439633097597,0.6879529248957726
