var,rel.inf
pH,15.096706645363254
rough_Surface.T,12.16936262797707
MAP,12.117202045683948
rough_Clay,10.813358950288706
rough_Elevation,9.995047344046368
Clay,8.461043513733076
rough_Soil.C,6.57597507886556
rough_MAP,5.919678544705408
rough_CEC,5.244730319863147
Elevation,4.196348811000354
PDQ,3.6576488384484827
rough_NDVI,3.3146629450242844
CEC,2.4382343350003417
