nt,pseudo_r2,pred_obs_r2,pred_obs_r2_exp
8700,0.49508736651596374,0.8166584452373004,0.7035103733621397
