nt,pseudo_r2,pred_obs_r2,pred_obs_r2_exp
9050,0.49530566865205683,0.8206620869244629,0.7078897668485494
