nt,pseudo_r2,pred_obs_r2,pred_obs_r2_exp
8e3,0.49571522394478496,0.8065383889976917,0.6939152603616138
