var,rel.inf
pH,15.746758878869606
rough_Surface.T,12.741629380487643
MAP,12.18014087757705
rough_Clay,10.747689964770434
rough_Elevation,10.428798749393277
Clay,8.354823480833774
rough_Soil.C,6.350884253376007
rough_MAP,5.995524929785474
rough_CEC,5.518128627833204
Elevation,3.9706168415376952
PDQ,3.219564305515884
rough_NDVI,2.906816670612279
CEC,1.8386230394076657
