nt,pseudo_r2,pred_obs_r2,pred_obs_r2_exp
8500,0.45957393116400724,0.8129881135300941,0.7005625749433819
