nt,pseudo_r2,pred_obs_r2,pred_obs_r2_exp
7900,0.5006939392927567,0.8055111945831036,0.6938814206099754
