var,rel.inf
pH,15.39540525959557
MAP,12.46299745037183
rough_Surface.T,12.420765087937676
rough_Clay,10.65082275932232
rough_Elevation,10.303292703687632
Clay,8.346926456240928
rough_Soil.C,6.247059034938643
rough_MAP,5.890551212196131
rough_CEC,5.516841264049616
Elevation,3.9234327232203317
PDQ,3.7094093815585873
rough_NDVI,2.9649980466807544
CEC,2.1674986201999813
