nt,pseudo_r2,pred_obs_r2,pred_obs_r2_exp
9150,0.49804100730122636,0.8222074655123506,0.7089680599061734
