nt,pseudo_r2,pred_obs_r2,pred_obs_r2_exp
8750,0.4900115319859407,0.8167028952274539,0.7059694080944483
