var,rel.inf
pH,15.40739015235024
rough_Surface.T,12.601679988625039
MAP,11.950749273300378
rough_Clay,10.760224791028296
rough_Elevation,10.275800074503197
Clay,8.780860438530922
rough_Soil.C,6.442076896152703
rough_MAP,6.059970460050953
rough_CEC,5.396485884488595
Elevation,4.0792235953929685
PDQ,3.3659547211402336
rough_NDVI,2.9270529962781007
CEC,1.952530728158381
