nt,pseudo_r2,pred_obs_r2,pred_obs_r2_exp
7e3,0.4822942779629025,0.7909846550657087,0.6758844694836943
