nt,pseudo_r2,pred_obs_r2,pred_obs_r2_exp
7250,0.47428560902234496,0.7948976603471631,0.6817717012250788
