nt,pseudo_r2,pred_obs_r2,pred_obs_r2_exp
7600,0.47219712377242296,0.8007209982010283,0.6872390543694912
