var,rel.inf
pH,15.866159001240113
rough_Surface.T,12.622687661890001
MAP,12.015330843454146
rough_Clay,10.488033293440635
rough_Elevation,10.178239016641019
Clay,8.349537605089846
rough_Soil.C,6.528304739527865
rough_MAP,6.149051065221949
rough_CEC,5.372136146992296
Elevation,4.0564514758834305
PDQ,3.372177382223226
rough_NDVI,2.9356432129070154
CEC,2.0662485554884595
