var,rel.inf
pH,15.306068589472842
rough_Surface.T,12.36630758504417
MAP,12.296642643150289
rough_Clay,10.62072756832526
rough_Elevation,10.22459826165355
Clay,8.580596493067896
rough_Soil.C,6.3326624486809715
rough_MAP,5.923486719100867
rough_CEC,5.442630072482518
Elevation,4.025663528695122
PDQ,3.5914164992273396
rough_NDVI,3.0848429561555686
CEC,2.204356634943612
