var,rel.inf
pH,15.612146776257031
MAP,12.468649757175337
rough_Surface.T,12.355376663138715
rough_Clay,10.640509321103403
rough_Elevation,10.122095428254173
Clay,8.267605342721346
rough_Soil.C,6.514923872399183
rough_MAP,5.885819398929308
rough_CEC,5.503568136758338
Elevation,3.9234766594242383
PDQ,3.5501908559249675
rough_NDVI,2.9506251369904217
CEC,2.2050126509235453
