var,rel.inf
pH,15.919818259171425
rough_Surface.T,12.529588237644887
MAP,12.38191387994462
rough_Clay,10.50376599371551
rough_Elevation,10.258756310835963
Clay,8.103634629952575
rough_Soil.C,6.426782553377086
rough_MAP,5.842983262127618
rough_CEC,5.310687364488681
Elevation,4.0442042176314645
PDQ,3.5578722605959996
rough_NDVI,3.0214773010685665
CEC,2.098515729445609
