var,rel.inf
pH,15.187723233442982
MAP,12.282472647515615
rough_Surface.T,12.202067799247157
rough_Clay,10.722682277187467
rough_Elevation,10.053219404227445
Clay,8.554690853314494
rough_Soil.C,6.520720638940532
rough_MAP,6.005657790268702
rough_CEC,5.379046968598451
Elevation,4.01783709395723
PDQ,3.5657198722922026
rough_NDVI,3.2248490171014135
CEC,2.283312403906304
