nt,pseudo_r2,pred_obs_r2,pred_obs_r2_exp
8050,0.49574380834027876,0.8069562113397601,0.6948716319694748
