nt,pseudo_r2,pred_obs_r2,pred_obs_r2_exp
8450,0.49733942488185034,0.812266195101961,0.6992994148985943
