nt,pseudo_r2,pred_obs_r2,pred_obs_r2_exp
8e3,0.4834849395623939,0.8066830501666522,0.6947507701552018
