var,rel.inf
pH,15.51130802447938
rough_Surface.T,12.518061134627231
MAP,12.14269563627848
rough_Clay,10.7447344291424
rough_Elevation,10.310936966976294
Clay,8.643861721954664
rough_Soil.C,6.4614347256552565
rough_MAP,5.916428830944605
rough_CEC,5.350294935032071
Elevation,3.9794015037774897
PDQ,3.284873039788815
rough_NDVI,3.0559430608181355
CEC,2.0800259905251743
