var,rel.inf
pH,15.484278580641506
MAP,12.497013533269742
rough_Surface.T,12.010378668031892
rough_Clay,10.707810742981076
rough_Elevation,9.905027945137215
Clay,8.426768633662382
rough_Soil.C,6.513665858692945
rough_MAP,5.898742992170572
rough_CEC,5.335952148907628
Elevation,4.0863087441553505
PDQ,3.5627776114478786
rough_NDVI,3.188241697953538
CEC,2.38303284294827
