nt,pseudo_r2,pred_obs_r2,pred_obs_r2_exp
8800,0.5072586185516654,0.8169351467949135,0.7047862451553067
