nt,pseudo_r2,pred_obs_r2,pred_obs_r2_exp
7050,0.5003858077135714,0.7923257347958066,0.6813226833459058
