nt,pseudo_r2,pred_obs_r2,pred_obs_r2_exp
7450,0.49417098790610514,0.7990567803923099,0.6850879428296578
