var,rel.inf
pH,15.218739490337507
rough_Surface.T,12.544021482599687
MAP,12.423284668053794
rough_Clay,10.805223022385723
rough_Elevation,10.338154090993552
Clay,8.440610658593561
rough_Soil.C,6.3851948908228895
rough_MAP,5.789595324562746
rough_CEC,5.483105251314273
Elevation,3.953342977879758
PDQ,3.5638185014532446
rough_NDVI,2.9396827897447158
CEC,2.1152268512585466
