var,rel.inf
pH,15.146989911117053
rough_Surface.T,12.27055253775501
MAP,12.229809362243687
rough_Clay,10.671803169211165
rough_Elevation,10.198397907810149
Clay,8.46048166158989
rough_Soil.C,6.5894235503700935
rough_MAP,5.942305072725024
rough_CEC,5.395389109573998
Elevation,4.032546101451403
PDQ,3.619075055600207
rough_NDVI,3.191626981694532
CEC,2.2515995788577903
