nt,pseudo_r2,pred_obs_r2,pred_obs_r2_exp
8400,0.5031463976576547,0.8123222786852008,0.6995080946846101
