nt,pseudo_r2,pred_obs_r2,pred_obs_r2_exp
7900,0.4866795757045371,0.8048972068086191,0.6902200753433313
