var,rel.inf
pH,15.844230990929546
rough_Surface.T,12.650170267120226
MAP,12.341515034991513
rough_Clay,10.604447856021636
rough_Elevation,10.542630271674764
Clay,8.511785750889896
rough_Soil.C,6.2958801007709635
rough_MAP,5.983578070937247
rough_CEC,5.382108963355066
Elevation,3.8781071818407717
PDQ,3.2504335883762887
rough_NDVI,2.8976601073630506
CEC,1.8174518157290305
