var,rel.inf
pH,15.512517299625767
MAP,12.484103566507116
rough_Surface.T,12.100227027986277
rough_Clay,10.660555955631773
rough_Elevation,10.07185224667261
Clay,8.09933619378949
rough_Soil.C,6.573652405789898
rough_MAP,5.718945289227188
rough_CEC,5.543936907083483
Elevation,4.230328442889568
PDQ,3.4453453561805842
rough_NDVI,3.2530732783716245
CEC,2.3061260302446236
