var,rel.inf
pH,15.56677665880784
rough_Surface.T,12.373694669202367
MAP,12.311272249709837
rough_Clay,10.845076667961076
rough_Elevation,10.211162465299742
Clay,8.550758582077346
rough_Soil.C,6.333747516468288
rough_MAP,6.069169260040397
rough_CEC,5.499671535208699
Elevation,4.006315115716838
PDQ,3.2855084713941913
rough_NDVI,2.9389560998075086
CEC,2.007890708305872
