var,rel.inf
pH,15.235235680714585
rough_Surface.T,12.509216475228216
MAP,12.413633273859814
rough_Clay,10.778447886475224
rough_Elevation,10.124110085190798
Clay,8.454542660886245
rough_Soil.C,6.3307570427025635
rough_MAP,6.006978478430969
rough_CEC,5.396987882839688
Elevation,4.010549289299268
PDQ,3.5327177110179373
rough_NDVI,3.045767905266289
CEC,2.161055628088396
