var,rel.inf
pH,15.71464738335853
rough_Surface.T,12.36928272133239
MAP,11.998366642366893
rough_Clay,10.69401952404999
rough_Elevation,10.044245014172532
Clay,8.350983807738082
rough_Soil.C,6.437966814057752
rough_MAP,5.9379977553254895
rough_CEC,5.323483816328605
Elevation,4.020315030718554
PDQ,3.612990898170217
rough_NDVI,3.15441770472855
CEC,2.3412828876524223
