var,rel.inf
pH,15.516378291571053
rough_Surface.T,12.550332070575028
MAP,12.199780747523445
rough_Clay,10.76460409444591
rough_Elevation,10.085592848173283
Clay,8.540154057197224
rough_Soil.C,6.371006208352457
rough_MAP,5.929836385201422
rough_CEC,5.388439809371564
Elevation,3.9752485948012644
PDQ,3.4507342011994773
rough_NDVI,3.0809295987039254
CEC,2.1469630928839485
