nt,pseudo_r2,pred_obs_r2,pred_obs_r2_exp
8600,0.4966990205082883,0.8152263785739579,0.7020703878034293
