nt,pseudo_r2,pred_obs_r2,pred_obs_r2_exp
7700,0.4800906010786268,0.8022165002421895,0.6894966477044063
