nt,pseudo_r2,pred_obs_r2,pred_obs_r2_exp
7500,0.48127848364376313,0.7980592675629895,0.6867432079793176
