var,rel.inf
pH,15.652460956474288
rough_Surface.T,12.238272871897616
MAP,12.086171722728892
rough_Clay,10.876717787357645
rough_Elevation,9.919299544247327
Clay,8.546071117895389
rough_Soil.C,6.514632967213134
rough_MAP,5.896195540652677
rough_CEC,5.200470112680841
Elevation,4.0598735136901265
PDQ,3.5669945609619758
rough_NDVI,3.1376069652545873
CEC,2.305232338945506
