var,rel.inf
pH,15.56810284354771
rough_Surface.T,12.517891922992963
MAP,12.116347079601844
rough_Clay,10.650435387441437
rough_Elevation,10.191924591604755
Clay,8.392683272522936
rough_Soil.C,6.490751547399296
rough_MAP,6.074306014521317
rough_CEC,5.602233448268857
Elevation,3.999016257161051
PDQ,3.4518045535500548
rough_NDVI,2.851945648874794
CEC,2.092557432512987
