var,rel.inf
pH,15.489758244261068
rough_Surface.T,12.497425856124574
MAP,12.351310701549941
rough_Clay,10.615785676156262
rough_Elevation,10.203044463916013
Clay,8.261415471171867
rough_Soil.C,6.395888235827674
rough_MAP,5.832247823400643
rough_CEC,5.423240488072401
Elevation,3.965900014253447
PDQ,3.5465312906931454
rough_NDVI,3.1056423218069864
CEC,2.3118094127659825
