var,rel.inf
pH,15.554518045469385
rough_Surface.T,12.455159792515895
MAP,12.243819075205602
rough_Clay,10.724931527177326
rough_Elevation,10.147156904986403
Clay,8.543325071887313
rough_Soil.C,6.306531967271914
rough_MAP,5.771917425686566
rough_CEC,5.511952500284481
Elevation,3.9353160691026345
PDQ,3.4943701998475922
rough_NDVI,3.1506486953568364
CEC,2.160352725208046
