nt,pseudo_r2,pred_obs_r2,pred_obs_r2_exp
7400,0.4915139572951025,0.7981538149822605,0.6867402055461386
