var,rel.inf
pH,15.296132323156398
MAP,12.443318352108598
rough_Surface.T,12.298696664778378
rough_Clay,10.658669076095482
rough_Elevation,10.34744349399776
Clay,8.461217226322047
rough_Soil.C,6.382136575278887
rough_MAP,5.9707537854993475
rough_CEC,5.384058784726973
Elevation,4.076559690198601
PDQ,3.3866115219339794
rough_NDVI,3.0886564306449675
CEC,2.2057460752585807
