var,rel.inf
pH,15.407904083588443
MAP,12.38808164478887
rough_Surface.T,12.25791712951605
rough_Clay,10.707799187430131
rough_Elevation,10.262463334155115
Clay,8.602087121811273
rough_Soil.C,6.391873853995594
rough_MAP,5.958630980172073
rough_CEC,5.343510108573578
Elevation,3.988802659192892
PDQ,3.3949215063812157
rough_NDVI,3.0916665842786264
CEC,2.2043418061161413
