nt,pseudo_r2,pred_obs_r2,pred_obs_r2_exp
7500,0.4805733753673911,0.7997616645109349,0.6863142075348277
