var,rel.inf
pH,15.401945900371931
rough_Surface.T,12.507556133191898
MAP,12.00306012661651
rough_Clay,10.816663793731037
rough_Elevation,10.275243789859227
Clay,8.585537818991849
rough_Soil.C,6.310951306383564
rough_MAP,6.22394228266793
rough_CEC,5.405638690225916
Elevation,3.9778852069301527
PDQ,3.4110577089437473
rough_NDVI,2.928182157600068
CEC,2.1523350844861735
