nt,pseudo_r2,pred_obs_r2,pred_obs_r2_exp
7950,0.49256740349645767,0.8047442671982963,0.69224098119176
