nt,pseudo_r2,pred_obs_r2,pred_obs_r2_exp
8650,0.5006980568558381,0.8157152614013282,0.7036100308183308
