var,rel.inf
pH,15.423850258300776
rough_Surface.T,12.582188349454599
MAP,12.1209238176637
rough_Clay,10.755947162938615
rough_Elevation,10.25152838121684
Clay,8.610046899411511
rough_Soil.C,6.380856136442774
rough_MAP,5.750428563481703
rough_CEC,5.258032137262226
Elevation,4.0370552137547895
PDQ,3.4639250928389425
rough_NDVI,3.0915305731274847
CEC,2.273687414106036
