nt,pseudo_r2,pred_obs_r2,pred_obs_r2_exp
9600,0.5046918627243931,0.8275598904583411,0.7174071767317071
