nt,pseudo_r2,pred_obs_r2,pred_obs_r2_exp
7700,0.49661873649433586,0.8022493913980653,0.6894911534630598
