var,rel.inf
pH,15.333791715574531
rough_Surface.T,12.415042633845644
MAP,12.08514119574457
rough_Clay,10.71935020961518
rough_Elevation,10.308745666184874
Clay,8.376955917498387
rough_Soil.C,6.551590973282169
rough_MAP,6.261593400194615
rough_CEC,5.4658984354426465
Elevation,3.9857345972698477
PDQ,3.4719973957078762
rough_NDVI,2.877218714591069
CEC,2.1469391450485857
