nt,pseudo_r2,pred_obs_r2,pred_obs_r2_exp
7350,0.47921935734786625,0.7964484676730362,0.6849513138648085
