nt,pseudo_r2,pred_obs_r2,pred_obs_r2_exp
8050,0.48348280122762366,0.8064607075250896,0.6956675652979939
