var,rel.inf
pH,15.796814891541871
rough_Surface.T,12.488883444087428
MAP,12.40521219556152
rough_Clay,10.636386454987438
rough_Elevation,10.37398873953619
Clay,8.452013202681405
rough_Soil.C,6.494365333378847
rough_MAP,5.876745235076052
rough_CEC,5.441762598160762
Elevation,3.964743245125734
PDQ,3.304290097732806
rough_NDVI,2.8440934672134666
CEC,1.9207010949164802
