nt,pseudo_r2,pred_obs_r2,pred_obs_r2_exp
7850,0.4843492203143941,0.8043890737365293,0.6932678703879938
