nt,pseudo_r2,pred_obs_r2,pred_obs_r2_exp
7100,0.47266136212228727,0.7932380402504701,0.6788961999071127
