var,rel.inf
pH,15.516474111593832
rough_Surface.T,12.664293414652029
MAP,11.998435101135161
rough_Clay,10.82276051049302
rough_Elevation,10.246926071333768
Clay,8.663151847949733
rough_Soil.C,6.476562654664858
rough_MAP,6.037102316245732
rough_CEC,5.4190214221504505
Elevation,3.9040801629556396
PDQ,3.333561949939421
rough_NDVI,2.974363363269073
CEC,1.943267073617287
