var,rel.inf
pH,15.8506032101658
rough_Surface.T,12.654241964810462
MAP,12.232280924750983
rough_Clay,10.604254012235256
rough_Elevation,10.302940025581307
Clay,8.181055431409654
rough_Soil.C,6.502316981891027
rough_MAP,5.85318969405597
rough_CEC,5.471790300610431
Elevation,3.918946468440013
PDQ,3.3329351144880732
rough_NDVI,3.004615014519451
CEC,2.0908308570415777
