nt,pseudo_r2,pred_obs_r2,pred_obs_r2_exp
7600,0.48782436694048303,0.8001057301521075,0.689047280621164
