nt,pseudo_r2,pred_obs_r2,pred_obs_r2_exp
8700,0.4942206237276613,0.8161258041815214,0.7030357953557651
