var,rel.inf
pH,15.19917049767015
MAP,12.491908943421066
rough_Surface.T,12.321032282332984
rough_Clay,10.72990895590674
rough_Elevation,10.363777182902833
Clay,8.467451487156614
rough_Soil.C,6.4520977786273965
rough_MAP,6.0385259508667435
rough_CEC,5.379492993400966
Elevation,3.888728216918251
PDQ,3.513142050334339
rough_NDVI,3.0399636202409
CEC,2.1148000402210094
