nt,pseudo_r2,pred_obs_r2,pred_obs_r2_exp
8e3,0.47356548853828206,0.8060638641337161,0.6945143112198301
