nt,pseudo_r2,pred_obs_r2,pred_obs_r2_exp
8250,0.4978918890400087,0.8094252692643563,0.7001104301975668
