var,rel.inf
pH,15.429172739858442
rough_Surface.T,12.67039305430229
MAP,12.280756011209274
rough_Clay,10.750426583061673
rough_Elevation,10.309366757515319
Clay,8.521028106795063
rough_Soil.C,6.529338919396305
rough_MAP,6.115379824156496
rough_CEC,5.322887546361253
Elevation,4.05789141814808
PDQ,3.359476914417407
rough_NDVI,2.7374314462263887
CEC,1.9164506785520128
