nt,pseudo_r2,pred_obs_r2,pred_obs_r2_exp
7950,0.45741373899104254,0.8055440089381589,0.6934229435626272
