nt,pseudo_r2,pred_obs_r2,pred_obs_r2_exp
6700,0.4876254858748169,0.7856940101004716,0.6736094846749797
