nt,pseudo_r2,pred_obs_r2,pred_obs_r2_exp
7550,0.4994874703517025,0.7995379412785578,0.6873237117999742
