nt,pseudo_r2,pred_obs_r2,pred_obs_r2_exp
8050,0.4872345450389838,0.8065187532753514,0.6947104972366158
