var,rel.inf
pH,15.551311774279647
rough_Surface.T,12.522611120324019
MAP,12.15441339721929
rough_Clay,10.816751075267776
rough_Elevation,10.282929694326219
Clay,8.448034752333285
rough_Soil.C,6.43200680825134
rough_MAP,6.021123024187973
rough_CEC,5.411741188524193
Elevation,3.9293393318844476
PDQ,3.4731739052558885
rough_NDVI,2.910025598307732
CEC,2.0465383298381887
