var,rel.inf
pH,15.744639993695992
rough_Surface.T,12.442581901867602
MAP,12.172552782572911
rough_Clay,10.74380731100426
rough_Elevation,10.255591974420883
Clay,8.2631325446404
rough_Soil.C,6.473196838931278
rough_MAP,6.129596239425629
rough_CEC,5.442663912199226
Elevation,3.954529908014131
PDQ,3.32311554902183
rough_NDVI,2.899288364815362
CEC,2.155302679390495
