nt,pseudo_r2,pred_obs_r2,pred_obs_r2_exp
7950,0.4998171189622619,0.8047691517380069,0.691411244460292
