nt,pseudo_r2,pred_obs_r2,pred_obs_r2_exp
7800,0.49223974254533,0.804047926291788,0.6892599548546227
