var,rel.inf
pH,15.603147905447608
rough_Surface.T,12.385678881997134
MAP,12.142695610812508
rough_Clay,10.695651867988543
rough_Elevation,10.048689650037876
Clay,8.54996129517007
rough_Soil.C,6.358314096240058
rough_MAP,6.126497571935852
rough_CEC,5.42916273327426
Elevation,3.8694594394598254
PDQ,3.493040830661502
rough_NDVI,3.0363511685169997
CEC,2.26134894845776
