nt,pseudo_r2,pred_obs_r2,pred_obs_r2_exp
7250,0.4736037824622671,0.794397171879157,0.682192698641944
