var,rel.inf
pH,15.674356813993743
rough_Surface.T,12.443366758700208
MAP,12.19722298488403
rough_Clay,10.68161403923653
rough_Elevation,10.321124205986756
Clay,8.375527039003307
rough_Soil.C,6.500248384086573
rough_MAP,6.2099515824800955
rough_CEC,5.179733663049943
Elevation,3.891442781563791
PDQ,3.3516264591181875
rough_NDVI,3.0866721262100514
CEC,2.087113161686782
