nt,pseudo_r2,pred_obs_r2,pred_obs_r2_exp
8750,0.5043620143852081,0.8161143810469834,0.7063412726720262
