var,rel.inf
pH,15.59461405888489
rough_Surface.T,12.405626322818806
MAP,12.22731939900253
rough_Clay,10.825236854106073
rough_Elevation,9.884388806901024
Clay,8.380212109478796
rough_Soil.C,6.302475475762557
rough_MAP,6.06683362146321
rough_CEC,5.428806303861036
Elevation,3.8817059966901106
PDQ,3.544327594511329
rough_NDVI,3.17480060971677
CEC,2.2836528468028665
