nt,pseudo_r2,pred_obs_r2,pred_obs_r2_exp
8450,0.5011704353597334,0.8120142229349498,0.7003233755676865
