nt,pseudo_r2,pred_obs_r2,pred_obs_r2_exp
8250,0.4800501510560061,0.8096550877720047,0.6970342235767609
