var,rel.inf
pH,15.557427603508039
rough_Surface.T,12.331965952252213
MAP,12.158998340513461
rough_Clay,10.64530715713727
rough_Elevation,10.243757286080411
Clay,8.543710296705909
rough_Soil.C,6.437597794188628
rough_MAP,6.171193016627852
rough_CEC,5.33849608705306
Elevation,4.054878965424167
PDQ,3.518733739826693
rough_NDVI,2.9196490075059307
CEC,2.0782847531763604
