var,rel.inf
pH,15.7779705720502
rough_Surface.T,12.508263368579316
MAP,12.319511924088898
rough_Clay,10.491538602956112
rough_Elevation,10.209644310304748
Clay,8.330350790682981
rough_Soil.C,6.515303330776326
rough_MAP,6.2453750042022245
rough_CEC,5.380714709309092
Elevation,3.95699628077981
PDQ,3.337151732471432
rough_NDVI,2.921551735939028
CEC,2.005627637859842
