nt,pseudo_r2,pred_obs_r2,pred_obs_r2_exp
7350,0.5082338390960695,0.797096613214151,0.6848311103998075
