nt,pseudo_r2,pred_obs_r2,pred_obs_r2_exp
7250,0.4904604018756503,0.7953445886331475,0.6816706144673004
