var,rel.inf
pH,15.43716627811731
MAP,12.509446131427673
rough_Surface.T,11.92637593543761
rough_Clay,10.668904949526214
rough_Elevation,10.079896611327898
Clay,8.289833982216638
rough_Soil.C,6.66670033515172
rough_MAP,6.033721243834371
rough_CEC,5.343711177578142
Elevation,3.952469701642883
PDQ,3.606582645236583
rough_NDVI,3.1264421865651344
CEC,2.3587488219378243
