var,rel.inf
pH,15.998518211413472
rough_Surface.T,12.644490603488329
MAP,12.187572896841422
rough_Clay,10.650620416692147
rough_Elevation,10.346584947670298
Clay,8.437380911513431
rough_Soil.C,6.273931489150924
rough_MAP,6.024650353155679
rough_CEC,5.569122258237396
Elevation,3.9815109224423844
PDQ,3.177985208181126
rough_NDVI,2.819019544144846
CEC,1.8886122370685468
