nt,pseudo_r2,pred_obs_r2,pred_obs_r2_exp
8e3,0.49340390515339816,0.8054936739192066,0.6922491661604546
