var,rel.inf
pH,15.407315107473462
MAP,12.431338421546913
rough_Surface.T,12.375651298969892
rough_Clay,10.678084640421899
rough_Elevation,10.176605635815152
Clay,8.39540337274922
rough_Soil.C,6.41008465707298
rough_MAP,5.857807488948511
rough_CEC,5.379706711096589
Elevation,3.9979971274854518
PDQ,3.6420086033900123
rough_NDVI,3.0266408809887557
CEC,2.2213560540411663
