var,rel.inf
pH,15.530180990063142
rough_Surface.T,12.394866189387285
MAP,12.2051619719968
rough_Clay,10.690182944041505
rough_Elevation,10.194054497863723
Clay,8.252013406786393
rough_Soil.C,6.525184242920495
rough_MAP,6.015633303670171
rough_CEC,5.406882395311233
Elevation,4.0332250576522934
PDQ,3.681799574017567
rough_NDVI,2.993159318925832
CEC,2.077656107363561
