nt,pseudo_r2,pred_obs_r2,pred_obs_r2_exp
8150,0.477820874688926,0.8081901304103706,0.6975289780542908
