nt,pseudo_r2,pred_obs_r2,pred_obs_r2_exp
8050,0.4919007940546889,0.8069622546723967,0.6941922174480015
