nt,pseudo_r2,pred_obs_r2,pred_obs_r2_exp
7300,0.49614444161259563,0.7956101611121306,0.6831615431427817
