nt,pseudo_r2,pred_obs_r2,pred_obs_r2_exp
8050,0.4961032525506601,0.8067585316151515,0.6961786265585966
