nt,pseudo_r2,pred_obs_r2,pred_obs_r2_exp
8050,0.4840249280103768,0.8075323127650904,0.69326244867187925
