var,rel.inf
pH,15.759843710009925
rough_Surface.T,12.6794229110024
MAP,12.165678877832221
rough_Clay,10.629039358709152
rough_Elevation,10.13485962482805
Clay,8.41772702832498
rough_Soil.C,6.238185558544084
rough_MAP,6.047535760038333
rough_CEC,5.488466416109787
Elevation,4.044405896524629
PDQ,3.3921548456479207
rough_NDVI,2.850388139042614
CEC,2.1522918733858964
