nt,pseudo_r2,pred_obs_r2,pred_obs_r2_exp
7400,0.4812708377065752,0.796909252204428,0.6845291408729723
