nt,pseudo_r2,pred_obs_r2,pred_obs_r2_exp
7950,0.49739896206841494,0.8062836048441315,0.6934643322300867
