var,rel.inf
pH,15.50269211476362
rough_Surface.T,12.626908849672704
MAP,12.446359734149706
rough_Clay,10.57564127217419
rough_Elevation,10.296244628846656
Clay,8.41844047612188
rough_Soil.C,6.180370513022435
rough_MAP,5.901433841916946
rough_CEC,5.279293209953142
Elevation,4.113342259299978
PDQ,3.481410657829787
rough_NDVI,3.081326208344974
CEC,2.0965362339039775
