var,rel.inf
pH,15.448430828173011
rough_Surface.T,12.290515800075326
MAP,12.167268222736075
rough_Clay,10.666761878006687
rough_Elevation,10.094891907361022
Clay,8.613860966321047
rough_Soil.C,6.328400998147601
rough_MAP,6.0822697756136685
rough_CEC,5.377149252388973
Elevation,4.003800050640167
PDQ,3.6306783911488507
rough_NDVI,3.0717357945203303
CEC,2.2242361348672355
