var,rel.inf
pH,15.322555265197883
rough_Surface.T,12.447950380883812
MAP,12.053184897128768
rough_Clay,10.922046384381943
rough_Elevation,10.029329037423993
Clay,8.45565994533264
rough_Soil.C,6.382349636113287
rough_MAP,6.139155784654354
rough_CEC,5.447144915241167
Elevation,4.01060065763181
PDQ,3.532073020643585
rough_NDVI,3.0160675226099074
CEC,2.241882552756856
