nt,pseudo_r2,pred_obs_r2,pred_obs_r2_exp
8850,0.471895876130375,0.8181607052752646,0.7080652843721209
