var,rel.inf
pH,15.333856503527361
rough_Surface.T,12.566967509939131
MAP,12.175368872142421
rough_Clay,10.767527328031113
rough_Elevation,10.178923559477328
Clay,8.333293012132348
rough_Soil.C,6.308648777013671
rough_MAP,5.991577915625047
rough_CEC,5.314269968902572
Elevation,4.013637617947083
PDQ,3.684758992583374
rough_NDVI,3.03150126471431
CEC,2.299668677964239
