nt,pseudo_r2,pred_obs_r2,pred_obs_r2_exp
8400,0.49007833532134315,0.8114812332577955,0.7010092067375088
