nt,pseudo_r2,pred_obs_r2,pred_obs_r2_exp
7050,0.49264380922888085,0.7922902341735623,0.6761285811695583
