var,rel.inf
pH,15.578142272043104
rough_Surface.T,12.346988908824276
MAP,12.222569846614604
rough_Clay,10.859043772196173
rough_Elevation,10.102672155017915
Clay,8.360069681787943
rough_Soil.C,6.455840843779048
rough_MAP,5.92470356607461
rough_CEC,5.398025934178521
Elevation,4.013146576289277
PDQ,3.511220397248039
rough_NDVI,3.020981499479447
CEC,2.2065945464670444
