nt,pseudo_r2,pred_obs_r2,pred_obs_r2_exp
8450,0.4886546854230098,0.812390732901581,0.6985255130351237
