nt,pseudo_r2,pred_obs_r2,pred_obs_r2_exp
7750,0.5047329695079448,0.8029232685098331,0.6899117708271759
