nt,pseudo_r2,pred_obs_r2,pred_obs_r2_exp
7600,0.48991401161356873,0.8007658724034697,0.6881400150385423
