nt,pseudo_r2,pred_obs_r2,pred_obs_r2_exp
7450,0.47350275640139317,0.7983958763231144,0.683794779785966
