nt,pseudo_r2,pred_obs_r2,pred_obs_r2_exp
7150,0.478679521356973,0.7929721489390948,0.6791570150480031
