nt,pseudo_r2,pred_obs_r2,pred_obs_r2_exp
8700,0.4879304004642473,0.8158395495722792,0.7047499467657338
