var,rel.inf
pH,15.433990119119448
rough_Surface.T,12.622615741057787
MAP,12.3364504807431
rough_Clay,10.656532394578035
rough_Elevation,10.318428036937398
Clay,8.505499257810756
rough_Soil.C,6.549040034524512
rough_MAP,5.846818749094929
rough_CEC,5.39316053388375
Elevation,3.949444135506467
PDQ,3.4218277613684696
rough_NDVI,2.9637200590706048
CEC,2.0024726963047357
