var,rel.inf
pH,15.363967390005294
rough_Surface.T,12.385755597872905
MAP,12.228794532546837
rough_Clay,10.704311149128998
rough_Elevation,10.334576208773537
Clay,8.33979725775187
rough_Soil.C,6.264354050827607
rough_MAP,6.006644672673981
rough_CEC,5.341081202687249
Elevation,4.09899579138735
PDQ,3.5843751470584877
rough_NDVI,3.2271367502536767
CEC,2.120210249032206
