nt,pseudo_r2,pred_obs_r2,pred_obs_r2_exp
7550,0.49130244533512557,0.7996071749909688,0.6851762229465178
