nt,pseudo_r2,pred_obs_r2,pred_obs_r2_exp
7700,0.4972671804570077,0.8020244731557249,0.6891796394385183
