nt,pseudo_r2,pred_obs_r2,pred_obs_r2_exp
8400,0.4940411619917262,0.8110483103315584,0.6983977955941576
