var,rel.inf
pH,15.411749830519687
MAP,12.388150480966441
rough_Surface.T,12.351462541724386
rough_Clay,10.748478542185401
rough_Elevation,10.187856969538686
Clay,8.395552203615186
rough_Soil.C,6.43076009709601
rough_MAP,5.931035270001862
rough_CEC,5.368818976562732
Elevation,4.13179164040963
PDQ,3.4551962754630527
rough_NDVI,2.9950670019953542
CEC,2.2040801699215686
