var,rel.inf
pH,15.31732184759273
rough_Surface.T,12.061352942076368
MAP,11.944206014930122
rough_Clay,10.858062822286742
rough_Elevation,9.847281024457637
Clay,8.572357355694882
rough_Soil.C,6.510298130152763
rough_MAP,6.199974876023791
rough_CEC,5.30578752608381
Elevation,3.991237071049805
PDQ,3.7310452898918487
rough_NDVI,3.261576488634291
CEC,2.3994986111252112
