nt,pseudo_r2,pred_obs_r2,pred_obs_r2_exp
9050,0.5221419850130735,0.820848689309373,0.7083141159273805
