nt,pseudo_r2,pred_obs_r2,pred_obs_r2_exp
8200,0.4882865734497146,0.8081613836777293,0.6956842114338081
