var,rel.inf
pH,15.723326321657526
rough_Surface.T,12.336257151578113
MAP,12.187921877834613
rough_Clay,10.679438695175813
rough_Elevation,10.141790767287475
Clay,8.41163828169236
rough_Soil.C,6.519153236608088
rough_MAP,6.064019998428446
rough_CEC,5.273793255321301
Elevation,3.9931797562350306
PDQ,3.5223394575619555
rough_NDVI,3.008508155043896
CEC,2.138633045575389
