var,rel.inf
pH,15.280879775047433
rough_Surface.T,12.474384305821962
MAP,12.232452543521438
rough_Clay,10.892081082510359
rough_Elevation,10.254800282341817
Clay,8.38539652071886
rough_Soil.C,6.4732842626299645
rough_MAP,6.012247206788385
rough_CEC,5.418078264133481
Elevation,4.048840357819933
PDQ,3.385349463266609
rough_NDVI,3.000377293397258
CEC,2.141828642002506
