nt,pseudo_r2,pred_obs_r2,pred_obs_r2_exp
7950,0.4885377268199945,0.8061533900125267,0.6949410565690769
