var,rel.inf
pH,15.345069053703035
MAP,12.16427695040736
rough_Surface.T,12.11216327498257
rough_Clay,10.714892968084003
rough_Elevation,10.029947106733639
Clay,8.52847748405234
rough_Soil.C,6.632390300757619
rough_MAP,6.020154930731847
rough_CEC,5.27453824433822
Elevation,4.106891641728892
PDQ,3.6315765513786546
rough_NDVI,3.0988452673285014
CEC,2.340776225773327
