nt,pseudo_r2,pred_obs_r2,pred_obs_r2_exp
9300,0.517333026275894,0.8234692750548913,0.7096747559871267
