var,rel.inf
pH,15.422002919922699
rough_Surface.T,12.3742480579732
MAP,11.907186590441816
rough_Clay,10.771067569544098
rough_Elevation,10.150295673487667
Clay,8.395541706325446
rough_MAP,6.306537751066764
rough_Soil.C,6.255811007486541
rough_CEC,5.4013641664488485
Elevation,4.059680072833825
PDQ,3.5414982379022555
rough_NDVI,3.155123642355072
CEC,2.2596426042117708
