nt,pseudo_r2,pred_obs_r2,pred_obs_r2_exp
7950,0.48892426393536736,0.804760375840558,0.6935797106666959
