var,rel.inf
pH,15.404157445703511
rough_Surface.T,12.2261626816066
MAP,12.16129861811477
rough_Clay,10.884823805471614
rough_Elevation,10.14128056293208
Clay,8.32102404242279
rough_Soil.C,6.461418342649004
rough_MAP,6.086640796731613
rough_CEC,5.486470820902958
Elevation,4.0176879220721
PDQ,3.600164941615438
rough_NDVI,3.010140672840391
CEC,2.1987293469371383
