nt,pseudo_r2,pred_obs_r2,pred_obs_r2_exp
7750,0.4885647183097047,0.8030012548955062,0.6906335040280995
