nt,pseudo_r2,pred_obs_r2,pred_obs_r2_exp
8200,0.5058375753034037,0.8082312406546365,0.6955076154297596
