nt,pseudo_r2,pred_obs_r2,pred_obs_r2_exp
1e4,0.5180074431250079,0.8315718730733317,0.7199762514889996
