var,rel.inf
pH,15.453708860387978
rough_Surface.T,12.533118467536124
MAP,12.263087536472158
rough_Clay,10.71788704448597
rough_Elevation,10.227495549643558
Clay,8.280582991396281
rough_Soil.C,6.2899978770989255
rough_MAP,6.057705553122856
rough_CEC,5.242100228773408
Elevation,4.0137949056878846
PDQ,3.6491922934446976
rough_NDVI,2.9460359478625318
CEC,2.3252927440876303
