var,rel.inf
pH,15.622398305440697
MAP,12.296582656312834
rough_Surface.T,12.273318309480548
rough_Clay,10.681852751355576
rough_Elevation,10.256479609163438
Clay,8.580894143564771
rough_Soil.C,6.48955267010989
rough_MAP,5.959474641187272
rough_CEC,5.45340539250489
Elevation,3.9864861540105916
PDQ,3.351828318428896
rough_NDVI,2.928789502019438
CEC,2.1189375464211606
