nt,pseudo_r2,pred_obs_r2,pred_obs_r2_exp
7050,0.445423293074514,0.7917407101179337,0.676906128437593
