nt,pseudo_r2,pred_obs_r2,pred_obs_r2_exp
8200,0.4934549849887313,0.8096216542548756,0.6967598082355352
