nt,pseudo_r2,pred_obs_r2,pred_obs_r2_exp
6850,0.4871384768381287,0.7886427981631382,0.6761481428919405
