nt,pseudo_r2,pred_obs_r2,pred_obs_r2_exp
8150,0.4663758792308129,0.8092462572350567,0.6987313759126449
