var,rel.inf
pH,15.389221615347473
MAP,12.26180543905501
rough_Surface.T,12.224355746286278
rough_Clay,10.97532711336757
rough_Elevation,10.283386920382831
Clay,8.491724058023308
rough_Soil.C,6.283677694229647
rough_MAP,5.874230726224849
rough_CEC,5.45479322830086
Elevation,4.09417031653811
PDQ,3.5233624736783997
rough_NDVI,3.074854100007659
CEC,2.0690905685580026
