var,rel.inf
pH,15.432737612914249
MAP,12.192983053532533
rough_Surface.T,12.091449960353328
rough_Clay,10.649152132452238
rough_Elevation,9.9836981964115
Clay,8.463290157051292
rough_Soil.C,6.467639195159002
rough_MAP,6.134033782423792
rough_CEC,5.4150351463281226
Elevation,4.194974746236294
PDQ,3.544011496752207
rough_NDVI,3.067176810933538
CEC,2.3638177094519
