nt,pseudo_r2,pred_obs_r2,pred_obs_r2_exp
7600,0.496476373979551,0.8001662213472597,0.6884057770500938
