var,rel.inf
pH,15.231238122305786
rough_Surface.T,12.165108759145046
MAP,12.08445233731203
rough_Clay,10.852165542050903
rough_Elevation,10.16901040791809
Clay,8.489240157176175
rough_Soil.C,6.370958749534286
rough_MAP,6.050977575765648
rough_CEC,5.410090325534241
Elevation,4.16519386851022
PDQ,3.5516668131846836
rough_NDVI,3.088540805111957
CEC,2.371356536450931
