var,rel.inf
pH,15.349481014980313
rough_Surface.T,12.438027485934693
MAP,12.2069309205079
rough_Clay,10.708414271940404
rough_Elevation,10.224864182207476
Clay,8.452819044887882
rough_Soil.C,6.403369689613441
rough_MAP,5.987654302200628
rough_CEC,5.39632713507261
Elevation,4.0051323837783865
PDQ,3.5784693368346456
rough_NDVI,3.0250388394589556
CEC,2.2234713925826717
