var,rel.inf
pH,15.601625369617595
rough_Surface.T,12.353894345802832
MAP,12.297022730883386
rough_Clay,10.743796203702262
rough_Elevation,10.190395351844618
Clay,8.422625209414967
rough_Soil.C,6.43408489970966
rough_MAP,5.928493716032551
rough_CEC,5.49372968698213
Elevation,4.056504874130131
PDQ,3.3567964234585626
rough_NDVI,3.033341388002794
CEC,2.087689800418516
