nt,pseudo_r2,pred_obs_r2,pred_obs_r2_exp
8700,0.48697964786862746,0.8157277124674418,0.7049440026348635
