nt,pseudo_r2,pred_obs_r2,pred_obs_r2_exp
9650,0.4939710893901861,0.828142695676371,0.7177451390843486
