var,rel.inf
pH,15.906313311278335
rough_Surface.T,12.515800862820544
MAP,12.157448305182829
rough_Clay,10.66937309312983
rough_Elevation,10.306729992791478
Clay,8.40325421713881
rough_Soil.C,6.380214412644743
rough_MAP,6.077911559026807
rough_CEC,5.385913393352215
Elevation,3.9776644190607984
PDQ,3.269340092559262
rough_NDVI,3.0395861654849443
CEC,1.9104501755294028
