nt,pseudo_r2,pred_obs_r2,pred_obs_r2_exp
7400,0.4858049608934649,0.7965570741425582,0.6850034680958671
