nt,pseudo_r2,pred_obs_r2,pred_obs_r2_exp
8950,0.49965112011536106,0.8195143007004128,0.7087561846730416
