var,rel.inf
pH,15.550910901166779
rough_Surface.T,12.192946781617316
MAP,12.09623478432281
rough_Clay,10.672119634679301
rough_Elevation,10.092196625280618
Clay,8.590693456285967
rough_Soil.C,6.425123299959063
rough_MAP,5.944795449559382
rough_CEC,5.391558964824127
Elevation,3.948489925162945
PDQ,3.660220542630724
rough_NDVI,3.126710582134467
CEC,2.307999052376501
