nt,pseudo_r2,pred_obs_r2,pred_obs_r2_exp
7250,0.46713542518022844,0.7951075199121355,0.6827438095547795
