var,rel.inf
pH,15.799462669292005
rough_Surface.T,12.476575867991798
MAP,12.077435481165878
rough_Clay,10.52210789627807
rough_Elevation,10.45032991268741
Clay,8.566319752873323
rough_Soil.C,6.376428062539714
rough_MAP,6.1281334071452545
rough_CEC,5.527700406953188
Elevation,3.990729629892183
PDQ,3.2418774591775423
rough_NDVI,2.915686107461557
CEC,1.927213346542072
