var,rel.inf
pH,15.251041818306476
rough_Surface.T,12.551108176311805
MAP,12.198484475103122
rough_Clay,10.829213090347938
rough_Elevation,10.117685350704955
Clay,8.39573599065214
rough_Soil.C,6.350563851046458
rough_MAP,5.892402805890047
rough_CEC,5.4640624080795375
Elevation,3.9913131325817894
PDQ,3.5427064497167366
rough_NDVI,3.261619550594282
CEC,2.154062900664716
