nt,pseudo_r2,pred_obs_r2,pred_obs_r2_exp
8450,0.5036048763018794,0.8130897018929197,0.7006087908860675
