var,rel.inf
pH,15.741033867470794
rough_Surface.T,12.400222899912235
MAP,12.079579349750842
rough_Clay,10.727813361567396
rough_Elevation,10.152626559384794
Clay,8.458036060729558
rough_Soil.C,6.4579188555927525
rough_MAP,5.973715245432979
rough_CEC,5.407087427970303
Elevation,4.01604914788106
PDQ,3.436238674661052
rough_NDVI,3.1279704477404024
CEC,2.0217081019058325
