nt,pseudo_r2,pred_obs_r2,pred_obs_r2_exp
7900,0.49631771782470424,0.8046927939709978,0.6914620185093509
