var,rel.inf
pH,15.254860519410649
rough_Surface.T,12.329824212872174
MAP,12.084295304424298
rough_Clay,10.917008487716261
rough_Elevation,10.214553636652775
Clay,8.335080087004362
rough_Soil.C,6.5646512917442745
rough_MAP,6.178790088190304
rough_CEC,5.433984634214409
Elevation,4.055101363230059
PDQ,3.443567127788046
rough_NDVI,2.9658248524600497
CEC,2.222458394292337
