var,rel.inf
pH,15.744456998055089
rough_Surface.T,12.650864414167291
MAP,12.121684417952109
rough_Clay,10.509092777649194
rough_Elevation,10.297600659171229
Clay,8.545461840699753
rough_Soil.C,6.575925293106907
rough_MAP,5.868897438197441
rough_CEC,5.497559184932671
Elevation,3.9291467348014906
PDQ,3.369526571992103
rough_NDVI,2.9679342737023067
CEC,1.921849395572418
