nt,pseudo_r2,pred_obs_r2,pred_obs_r2_exp
7850,0.4835644219156081,0.8040447844730385,0.6901606174018728
