var,rel.inf
pH,15.51105085841846
rough_Surface.T,12.40208328270086
MAP,12.257628045721862
rough_Clay,10.701360249642558
rough_Elevation,10.055062466757446
Clay,8.317836370543823
rough_Soil.C,6.393091120179751
rough_MAP,6.1044442209950756
rough_CEC,5.291350669523654
Elevation,4.0221728813696505
PDQ,3.628019375770921
rough_NDVI,3.035673407547281
CEC,2.2802270508286506
