nt,pseudo_r2,pred_obs_r2,pred_obs_r2_exp
8700,0.5037326544184326,0.8166470310744671,0.7048022977345131
