var,rel.inf
pH,15.757939750063297
rough_Surface.T,12.37444712680207
MAP,12.06492752419703
rough_Clay,10.545087961666441
rough_Elevation,10.256977774648513
Clay,8.514517997176334
rough_MAP,6.275567129181024
rough_Soil.C,6.260943249223175
rough_CEC,5.479946664521701
Elevation,4.041118852122559
PDQ,3.4422431378441845
rough_NDVI,2.917608103028183
CEC,2.0686747295254926
