nt,pseudo_r2,pred_obs_r2,pred_obs_r2_exp
8e3,0.4781682352683322,0.806156418608618,0.6935538580419519
