nt,pseudo_r2,pred_obs_r2,pred_obs_r2_exp
7700,0.48980541758530627,0.8014517898253598,0.689864644883761
