nt,pseudo_r2,pred_obs_r2,pred_obs_r2_exp
8400,0.4870673381687898,0.8115660206540871,0.7005042295883637
