nt,pseudo_r2,pred_obs_r2,pred_obs_r2_exp
8650,0.49033611994059434,0.8147407768832226,0.7035690070834193
