nt,pseudo_r2,pred_obs_r2,pred_obs_r2_exp
7800,0.4827373005396015,0.8036851771138459,0.6916418651803815
