nt,pseudo_r2,pred_obs_r2,pred_obs_r2_exp
8400,0.48827762550135767,0.8121155617450126,0.7007582796121411
