var,rel.inf
pH,15.61091798346251
MAP,12.254142684555292
rough_Surface.T,12.227000210886958
rough_Clay,10.823712221759976
rough_Elevation,10.085821636673074
Clay,8.435528971439348
rough_Soil.C,6.399543921502108
rough_MAP,6.1107994399932775
rough_CEC,5.379424782748025
Elevation,3.8772878004455307
PDQ,3.5149394865836365
rough_NDVI,3.0620466574751144
CEC,2.2188342024751413
