nt,pseudo_r2,pred_obs_r2,pred_obs_r2_exp
7550,0.4857237546602108,0.8001540753596348,0.6882598918875716
