var,rel.inf
pH,15.87500901107787
rough_Surface.T,12.611802348210482
MAP,12.384716035216703
rough_Clay,10.540319065186853
rough_Elevation,10.316897802187448
Clay,8.393940941575872
rough_Soil.C,6.31486213202404
rough_MAP,6.012770473428838
rough_CEC,5.458981978991389
Elevation,3.9114386277270334
PDQ,3.372492314968523
rough_NDVI,2.870137836761774
CEC,1.9366314326431704
