nt,pseudo_r2,pred_obs_r2,pred_obs_r2_exp
7500,0.4855665453285556,0.7991584688214995,0.6878334101406054
