var,rel.inf
pH,15.343837838081573
rough_Surface.T,12.451031183067597
MAP,12.306610487082086
rough_Clay,10.724528898061008
rough_Elevation,10.10862714734562
Clay,8.406870055072469
rough_Soil.C,6.443114906347649
rough_MAP,5.910743395541148
rough_CEC,5.333466989130883
Elevation,4.080910946459177
PDQ,3.5839621460403737
rough_NDVI,3.1728634866076724
CEC,2.1334325211627454
