nt,pseudo_r2,pred_obs_r2,pred_obs_r2_exp
7700,0.487350064355592,0.8028257811449897,0.6899741028718067
