nt,pseudo_r2,pred_obs_r2,pred_obs_r2_exp
8700,0.4945030956753562,0.8163673857123799,0.7060706290866215
