nt,pseudo_r2,pred_obs_r2,pred_obs_r2_exp
7450,0.4903984833666629,0.7986482736476282,0.6832722954684738
