var,rel.inf
pH,15.555231786952467
MAP,12.389954853234936
rough_Surface.T,12.37085130598286
rough_Clay,10.762264934707304
rough_Elevation,10.115200569607643
Clay,8.33686570562092
rough_Soil.C,6.563014180363268
rough_MAP,5.915317084485131
rough_CEC,5.383699491463773
Elevation,4.004359589694369
PDQ,3.505230197797305
rough_NDVI,2.9774039006321997
CEC,2.120606399457831
