nt,pseudo_r2,pred_obs_r2,pred_obs_r2_exp
8e3,0.4895138459198084,0.806663083636884,0.6952353946783617
