var,rel.inf
pH,15.49031314277213
MAP,12.391634943631338
rough_Surface.T,12.355840960243302
rough_Clay,10.771172745585558
rough_Elevation,10.223306622380655
Clay,8.275046786215025
rough_Soil.C,6.507900177534317
rough_MAP,5.788989799767686
rough_CEC,5.412978128646781
Elevation,3.9749524679847887
PDQ,3.5560230586183277
rough_NDVI,2.9241205537150092
CEC,2.3277206129050843
