nt,pseudo_r2,pred_obs_r2,pred_obs_r2_exp
7850,0.49562381163930946,0.8042155054009793,0.6918616912259877
