var,rel.inf
pH,15.468285499441606
MAP,12.349201613865407
rough_Surface.T,12.092969725833195
rough_Clay,10.545327976019143
rough_Elevation,10.27322036576737
Clay,8.476897156810585
rough_Soil.C,6.4760552019308975
rough_MAP,5.906505424261045
rough_CEC,5.419266098509896
Elevation,4.088736399025671
PDQ,3.7070993826507976
rough_NDVI,2.8992743449921177
CEC,2.2971608108922688
