nt,pseudo_r2,pred_obs_r2,pred_obs_r2_exp
8400,0.48915621866615566,0.8120564087149222,0.7007662995475518
