nt,pseudo_r2,pred_obs_r2,pred_obs_r2_exp
7700,0.4938468750187943,0.8021362415440644,0.6892609342229086
