nt,pseudo_r2,pred_obs_r2,pred_obs_r2_exp
8350,0.4780894597606945,0.810564489175367,0.6991927145406563
