nt,pseudo_r2,pred_obs_r2,pred_obs_r2_exp
7600,0.49187443866993186,0.8005058295181608,0.6880475457605458
