var,rel.inf
pH,15.456217637636367
rough_Surface.T,12.34599361699588
MAP,12.31206068740128
rough_Clay,10.728641123312046
rough_Elevation,10.172036403441087
Clay,8.41098812756512
rough_Soil.C,6.392245429919076
rough_MAP,6.06850778961449
rough_CEC,5.468558443427924
Elevation,4.002529608206783
PDQ,3.437460065015246
rough_NDVI,3.059287495624263
CEC,2.1454735718404394
