nt,pseudo_r2,pred_obs_r2,pred_obs_r2_exp
7100,0.5001337844307504,0.7936013455684571,0.6795075596959774
