nt,pseudo_r2,pred_obs_r2,pred_obs_r2_exp
8500,0.517889103729227,0.8131594783727243,0.7025571864056468
