var,rel.inf
pH,15.568822576680434
rough_Surface.T,12.59708901888282
MAP,12.35979733256883
rough_Clay,10.704771485585683
rough_Elevation,10.132041364470965
Clay,8.43556740348363
rough_Soil.C,6.32156234434122
rough_MAP,5.947128096713853
rough_CEC,5.421814068381455
Elevation,3.967721766864663
PDQ,3.4227990821585474
rough_NDVI,3.053967725515841
CEC,2.066917734352055
