nt,pseudo_r2,pred_obs_r2,pred_obs_r2_exp
8300,0.4856789079114713,0.8110918180494969,0.6992657992747288
