nt,pseudo_r2,pred_obs_r2,pred_obs_r2_exp
8350,0.5129772127692537,0.8115853419156595,0.6999256237189294
