var,rel.inf
pH,15.26009604926743
rough_Surface.T,12.41319908175607
MAP,12.202458652298072
rough_Clay,10.777433683130681
rough_Elevation,10.139626904769717
Clay,8.491253476831458
rough_Soil.C,6.485490173644174
rough_MAP,5.967565216330312
rough_CEC,5.309581501341973
Elevation,4.103189399573485
PDQ,3.4690341679825067
rough_NDVI,3.187207175116221
CEC,2.193864517957904
