var,rel.inf
pH,15.321561714388844
rough_Surface.T,12.558783960373349
MAP,12.399220364222709
rough_Clay,10.697130837964409
rough_Elevation,10.120035784580644
Clay,8.400977480803006
rough_Soil.C,6.470532498927324
rough_MAP,5.949577582066351
rough_CEC,5.267900156550168
Elevation,4.0019011360857775
PDQ,3.565689765380239
rough_NDVI,3.07378339688813
CEC,2.172905321769052
