var,rel.inf
pH,15.584795833169371
rough_Surface.T,12.313131898670017
MAP,12.22212504381365
rough_Clay,10.81954943211113
rough_Elevation,10.207555766218515
Clay,8.468283659257951
rough_Soil.C,6.265504440512349
rough_MAP,6.030607424385588
rough_CEC,5.365471162432033
Elevation,4.032986452263499
PDQ,3.4269593058975634
rough_NDVI,3.0294487378131048
CEC,2.233580843455233
