var,rel.inf
pH,15.187959473698005
rough_Surface.T,12.397356373669119
MAP,12.3400692831215
rough_Clay,10.817405092549734
rough_Elevation,9.988852335049247
Clay,8.529808062624664
rough_Soil.C,6.36638148083036
rough_MAP,6.138117492917791
rough_CEC,5.2947232863511156
Elevation,3.983993687395748
PDQ,3.609159027515242
rough_NDVI,3.0401573074763633
CEC,2.306017096801115
