nt,pseudo_r2,pred_obs_r2,pred_obs_r2_exp
7600,0.4762754667065636,0.8004526233157145,0.6854553630841782
