var,rel.inf
pH,15.630079531700535
rough_Surface.T,12.45910470806001
MAP,12.401639951299071
rough_Clay,10.759629488063846
rough_Elevation,10.290637597118584
Clay,8.18836225958208
rough_Soil.C,6.2867350187608135
rough_MAP,5.964323168728299
rough_CEC,5.343674264315661
Elevation,3.9762201787461353
PDQ,3.5177575352989536
rough_NDVI,3.011407491286381
CEC,2.1704288070396327
