nt,pseudo_r2,pred_obs_r2,pred_obs_r2_exp
7550,0.48932527997720365,0.7998966195301763,0.687774143675248
