var,rel.inf
pH,16.060824471608807
rough_Surface.T,12.409997639594613
MAP,12.183400780571016
rough_Clay,10.611380311464952
rough_Elevation,10.251367035608332
Clay,8.220359008236645
rough_Soil.C,6.543675091018696
rough_MAP,5.918775805277124
rough_CEC,5.347365744379629
Elevation,4.178414560333725
PDQ,3.4454683499285883
rough_NDVI,2.9716641897238123
CEC,1.8573070122540682
