nt,pseudo_r2,pred_obs_r2,pred_obs_r2_exp
8500,0.49712477298675073,0.8132863135211919,0.7021238457409096
