var,rel.inf
pH,15.273338893515303
rough_Surface.T,12.351077343108917
MAP,12.19202604413712
rough_Clay,10.760374739433916
rough_Elevation,10.038055532059602
Clay,8.375075737711525
rough_Soil.C,6.509173712350108
rough_MAP,6.029700061469943
rough_CEC,5.4815757118819874
Elevation,4.117892639554932
PDQ,3.501122954010451
rough_NDVI,3.1015157029938907
CEC,2.2690709277723085
