nt,pseudo_r2,pred_obs_r2,pred_obs_r2_exp
9450,0.5044279295001528,0.8255006310542116,0.7123707241711058
