var,rel.inf
pH,15.304890238167683
rough_Surface.T,12.523295298012899
MAP,12.309572037232003
rough_Clay,10.733616465125243
rough_Elevation,10.189702493494591
Clay,8.269276720046227
rough_Soil.C,6.449509472522105
rough_MAP,6.097808759664036
rough_CEC,5.340496168688051
Elevation,4.093883664207723
PDQ,3.5156793996368885
rough_NDVI,3.0094954094541966
CEC,2.1627738737483613
