var,rel.inf
pH,15.62107010396767
rough_Surface.T,12.511199923277946
MAP,12.478535229523965
rough_Clay,10.671576063064755
rough_Elevation,10.178791054221488
Clay,8.442450193444923
rough_Soil.C,6.372166268616258
rough_MAP,5.949472993516088
rough_CEC,5.453927919491947
Elevation,3.9000213211030377
PDQ,3.4064806631887175
rough_NDVI,2.9468327109607704
CEC,2.067475555622427
