nt,pseudo_r2,pred_obs_r2,pred_obs_r2_exp
8900,0.5025367947779769,0.8183507163077797,0.7074431312478813
