var,rel.inf
pH,15.55493136195115
rough_Surface.T,12.681454113137999
MAP,12.16175371652639
rough_Clay,10.742063070964905
rough_Elevation,10.185809847641341
Clay,8.13944048253902
rough_Soil.C,6.529665397415159
rough_MAP,5.9539539530826575
rough_CEC,5.501501459564991
Elevation,4.157368937330746
PDQ,3.2448584083208654
rough_NDVI,3.0189364417597577
CEC,2.1282628097650185
