var,rel.inf
pH,15.167032514477729
rough_Surface.T,12.258502116786715
MAP,12.222083769955463
rough_Clay,10.802541380462955
rough_Elevation,10.080287739917267
Clay,8.550963560204744
rough_Soil.C,6.39028702786813
rough_MAP,6.126694325226963
rough_CEC,5.482497890587664
Elevation,4.037267572824362
PDQ,3.6172911505880583
rough_NDVI,3.0687823584444875
CEC,2.1957685926554595
