var,rel.inf
pH,15.395336835347978
MAP,12.540193557932934
rough_Surface.T,12.48613784493577
rough_Clay,10.719375591301713
rough_Elevation,10.1174863241667
Clay,8.421897049503444
rough_Soil.C,6.395396773946436
rough_MAP,5.919610044882715
rough_CEC,5.259366415505766
Elevation,4.0612882241415225
PDQ,3.4967447131178298
rough_NDVI,2.99174854028096
CEC,2.1954180849362293
