nt,pseudo_r2,pred_obs_r2,pred_obs_r2_exp
9300,0.4983054368755978,0.8231043137738832,0.7101033790148865
