var,rel.inf
pH,15.214803596929208
rough_Surface.T,12.388148894580421
MAP,12.297045286082746
rough_Clay,10.588501333122318
rough_Elevation,10.297605420320608
Clay,8.344073917965362
rough_Soil.C,6.539362767224345
rough_MAP,6.1388522046286935
rough_CEC,5.407679201090267
Elevation,4.057428631423459
PDQ,3.468435324141053
rough_NDVI,2.9696898103077944
CEC,2.2883736121837304
