nt,pseudo_r2,pred_obs_r2,pred_obs_r2_exp
7700,0.4804141707029479,0.8019641172387572,0.6880484682558907
