nt,pseudo_r2,pred_obs_r2,pred_obs_r2_exp
8300,0.4777960767096405,0.8111166900415497,0.6972050788788872
