nt,pseudo_r2,pred_obs_r2,pred_obs_r2_exp
9200,0.47724124117642197,0.8223990461409056,0.710446861855094
