nt,pseudo_r2,pred_obs_r2,pred_obs_r2_exp
7200,0.49495349393216115,0.7943961755626043,0.6811711115284032
