var,rel.inf
pH,15.783459811427017
rough_Surface.T,12.670565477190625
MAP,12.273784314865303
rough_Clay,10.495938623618544
rough_Elevation,10.267598779806326
Clay,8.569622976477504
rough_Soil.C,6.509207498676715
rough_MAP,5.955762019347537
rough_CEC,5.5244657419109044
Elevation,3.875329630012275
PDQ,3.2570497515042174
rough_NDVI,2.8656075313346414
CEC,1.9516078438283964
