var,rel.inf
pH,15.27476415191771
MAP,12.499460062738692
rough_Surface.T,12.372807544753073
rough_Clay,10.781627414958622
rough_Elevation,10.443705234192729
Clay,8.504766893495916
rough_Soil.C,6.2313529401427745
rough_MAP,5.854032029160804
rough_CEC,5.401216431890533
Elevation,3.973431434846086
PDQ,3.419924093516529
rough_NDVI,3.0854470449593343
CEC,2.1574647234271938
