var,rel.inf
pH,15.371577454826179
rough_Surface.T,12.475198774412782
MAP,12.402480422213886
rough_Clay,10.921090174990578
rough_Elevation,10.077395999014128
Clay,8.513555126119426
rough_Soil.C,6.438005106217294
rough_MAP,5.839392227451321
rough_CEC,5.3346784640702065
Elevation,3.812645170843795
PDQ,3.546559870420693
rough_NDVI,3.033961971010864
CEC,2.2334592384088445
