nt,pseudo_r2,pred_obs_r2,pred_obs_r2_exp
7750,0.499057468621087,0.8021996035528703,0.6898014811558567
