var,rel.inf
pH,15.178162455208652
MAP,12.610508842668333
rough_Surface.T,12.566317572891796
rough_Clay,10.737109398484819
rough_Elevation,10.324627175689288
Clay,8.55181343769116
rough_Soil.C,6.410639452186088
rough_MAP,5.968791157735532
rough_CEC,5.351462276103975
Elevation,3.9744959663579813
PDQ,3.336513258898041
rough_NDVI,2.9269524965356366
CEC,2.0626065095486923
