nt,pseudo_r2,pred_obs_r2,pred_obs_r2_exp
8350,0.4950069602090199,0.811607398850096,0.7016792598032824
