var,rel.inf
pH,15.29103629679085
rough_Surface.T,12.382326007639865
MAP,12.200076944600399
rough_Clay,10.856186905832782
rough_Elevation,10.418836169163326
Clay,8.395009963826215
rough_Soil.C,6.284549470476628
rough_MAP,6.10983317366725
rough_CEC,5.400627975053482
Elevation,3.972328763639623
PDQ,3.4909786888840837
rough_NDVI,3.0094428150171293
CEC,2.1887668254083668
