nt,pseudo_r2,pred_obs_r2,pred_obs_r2_exp
9450,0.4982846017896113,0.8258979633997837,0.7141333593294323
