nt,pseudo_r2,pred_obs_r2,pred_obs_r2_exp
7800,0.49659615746112695,0.8027748066407513,0.690567128803314
