nt,pseudo_r2,pred_obs_r2,pred_obs_r2_exp
7550,0.4847765445313622,0.7996126723203434,0.686446584360383
