nt,pseudo_r2,pred_obs_r2,pred_obs_r2_exp
8150,0.4961122637618549,0.8087839931131929,0.6958780638170354
