nt,pseudo_r2,pred_obs_r2,pred_obs_r2_exp
8800,0.5268385199852755,0.8171291041521911,0.7041073879266958
