nt,pseudo_r2,pred_obs_r2,pred_obs_r2_exp
8550,0.5035700461991621,0.8137064458884183,0.7027214851400958
