nt,pseudo_r2,pred_obs_r2,pred_obs_r2_exp
7350,0.49305677085403654,0.7967661203254568,0.6860414989631798
