nt,pseudo_r2,pred_obs_r2,pred_obs_r2_exp
7500,0.465226300916482,0.798957019366422,0.6845955047300674
