nt,pseudo_r2,pred_obs_r2,pred_obs_r2_exp
9650,0.5209195070190352,0.8277450574621256,0.7178825435373006
