nt,pseudo_r2,pred_obs_r2,pred_obs_r2_exp
7950,0.5005328983018951,0.8051278818668877,0.6921945398936629
