var,rel.inf
pH,15.741956839148285
MAP,12.382017333498302
rough_Surface.T,12.377156544442734
rough_Clay,10.57485416145138
rough_Elevation,10.102486777046648
Clay,8.447632046366406
rough_Soil.C,6.448388617174045
rough_MAP,5.9085278361817695
rough_CEC,5.38185381281675
Elevation,4.0093640442520915
PDQ,3.464096554843974
rough_NDVI,3.0529667757785592
CEC,2.1086986569990627
