var,rel.inf
pH,15.519794721595513
rough_Surface.T,12.399696986219931
MAP,12.097024577976526
rough_Clay,10.643506353638024
rough_Elevation,10.127674924970313
Clay,8.346411265168255
rough_Soil.C,6.369987929725419
rough_MAP,6.037196931400253
rough_CEC,5.461132488713758
Elevation,4.071095481729531
PDQ,3.499552152884693
rough_NDVI,3.090411133013123
CEC,2.3365150529646646
