nt,pseudo_r2,pred_obs_r2,pred_obs_r2_exp
7450,0.48779114823634384,0.798020895452129,0.6854445363148157
