var,rel.inf
pH,15.902772195165536
MAP,12.452238106342785
rough_Surface.T,12.341228525209342
rough_Clay,10.521943649844651
rough_Elevation,10.241234089411149
Clay,8.157124227023743
rough_Soil.C,6.331152540412871
rough_MAP,6.014422798151339
rough_CEC,5.438458456448189
Elevation,4.075319284809314
PDQ,3.4415854400508827
rough_NDVI,3.0227206338758954
CEC,2.059800053254305
