nt,pseudo_r2,pred_obs_r2,pred_obs_r2_exp
8200,0.5004364478745484,0.8088848248654247,0.6977811364898231
