nt,pseudo_r2,pred_obs_r2,pred_obs_r2_exp
8350,0.493551447064696,0.8111977754071317,0.6997649630800333
