var,rel.inf
pH,15.73771487338503
rough_Surface.T,12.406600663254503
MAP,11.961359161936258
rough_Clay,10.542008954492156
rough_Elevation,10.144434007605206
Clay,8.487470174619581
rough_Soil.C,6.396624540495124
rough_MAP,5.89677289410453
rough_CEC,5.4279583542380845
Elevation,3.9445163697862506
PDQ,3.6190473161036922
rough_NDVI,3.1566943920995927
CEC,2.278798297879984
