nt,pseudo_r2,pred_obs_r2,pred_obs_r2_exp
7950,0.5055732705801372,0.8052511947654702,0.6937391825828618
