var,rel.inf
pH,15.46111825903338
MAP,12.298757618327267
rough_Surface.T,12.188682565772227
rough_Clay,10.809199616418706
rough_Elevation,10.029264644566338
Clay,8.421740789620062
rough_Soil.C,6.428145891056913
rough_MAP,6.1940734576360015
rough_CEC,5.412901922215632
Elevation,4.1410839400137895
PDQ,3.405212719520297
rough_NDVI,3.0626299901347522
CEC,2.1471885856846313
