var,rel.inf
pH,15.604847245694902
rough_Surface.T,12.494585280038253
MAP,12.086682246102285
rough_Clay,10.780922319481999
rough_Elevation,10.21116553610264
Clay,8.389203200364808
rough_MAP,6.131363527608047
rough_Soil.C,6.111131957792993
rough_CEC,5.44335239216125
Elevation,4.021650856183831
PDQ,3.500635758230947
rough_NDVI,3.070874079596283
CEC,2.1535856006417644
