var,rel.inf
pH,15.976122955405678
rough_Surface.T,12.357902431688847
MAP,12.151084984386475
rough_Clay,10.70379355529038
rough_Elevation,10.503587723892116
Clay,8.377015263722068
rough_Soil.C,6.570510447222188
rough_MAP,5.985094545711201
rough_CEC,5.198460290967828
Elevation,3.912512737883621
PDQ,3.302541804828032
rough_NDVI,2.9236260271951475
CEC,2.0377472318064216
