nt,pseudo_r2,pred_obs_r2,pred_obs_r2_exp
7300,0.48483802035014323,0.7959910983068049,0.6818967983648657
