nt,pseudo_r2,pred_obs_r2,pred_obs_r2_exp
8450,0.47833865610169723,0.8124614946420071,0.7013952402837107
