nt,pseudo_r2,pred_obs_r2,pred_obs_r2_exp
8300,0.48603754584312064,0.8107877297309701,0.6998099725290577
