nt,pseudo_r2,pred_obs_r2,pred_obs_r2_exp
7500,0.4855147128096823,0.7997675340112076,0.6869760598368926
