var,rel.inf
pH,15.252081578613568
rough_Surface.T,12.420911703652068
MAP,12.254382910308571
rough_Clay,10.841863102005844
rough_Elevation,10.01204529998796
Clay,8.487560331084522
rough_Soil.C,6.267270515830089
rough_MAP,5.933068651574351
rough_CEC,5.439783714864804
Elevation,4.01889881554458
PDQ,3.698073227779592
rough_NDVI,3.081287164228804
CEC,2.2927729845252487
