var,rel.inf
pH,15.618323501515622
rough_Surface.T,12.581220656803588
MAP,12.199881006129985
rough_Clay,10.781050124674493
rough_Elevation,10.42635885038507
Clay,8.39202777832775
rough_Soil.C,6.428934234172632
rough_MAP,5.774256460785277
rough_CEC,5.478958768058313
Elevation,4.010341872075058
PDQ,3.3093347068537575
rough_NDVI,2.948856273531128
CEC,2.05045576668732
