var,rel.inf
pH,15.450788423726058
rough_Surface.T,12.593361289843273
MAP,12.415494492028612
rough_Clay,10.625328495251937
rough_Elevation,10.19553641266922
Clay,8.442847977675129
rough_Soil.C,6.216987905605635
rough_MAP,6.052949314349755
rough_CEC,5.3785012783314015
Elevation,4.004976370222118
PDQ,3.5892114441302176
rough_NDVI,3.018263301297749
CEC,2.0157532948688974
