nt,pseudo_r2,pred_obs_r2,pred_obs_r2_exp
8100,0.5034808126432059,0.8077056737430506,0.6959658104658168
