nt,pseudo_r2,pred_obs_r2,pred_obs_r2_exp
7850,0.473174094543408,0.8042529358345948,0.6920732044330467
