var,rel.inf
pH,15.474707630786021
rough_Surface.T,12.77154008286211
MAP,12.386774841678767
rough_Clay,10.567711839114006
rough_Elevation,10.212208849779616
Clay,8.457998552866222
rough_Soil.C,6.483606475582041
rough_MAP,5.7988970039054495
rough_CEC,5.410123703253222
Elevation,3.9785159054381154
PDQ,3.380792858336482
rough_NDVI,2.948033552911162
CEC,2.129088703486781
