var,rel.inf
pH,15.559747015811062
rough_Surface.T,12.394715554088672
MAP,12.276940908764841
rough_Clay,10.563389874993986
rough_Elevation,10.216717836574354
Clay,8.411996832315287
rough_Soil.C,6.322006431826994
rough_MAP,5.921992502121609
rough_CEC,5.461505384554339
Elevation,3.914915522515614
PDQ,3.5648259697176257
rough_NDVI,3.0261063365921084
CEC,2.3651398301235136
