nt,pseudo_r2,pred_obs_r2,pred_obs_r2_exp
8950,0.5034523808153879,0.8191723542052708,0.7074661301896615
