var,rel.inf
pH,15.326193468889183
rough_Surface.T,12.36561352942818
MAP,12.302670689588206
rough_Clay,10.700130344514246
rough_Elevation,10.164591576270707
Clay,8.383465369816058
rough_Soil.C,6.4649103577264135
rough_MAP,5.935377209652093
rough_CEC,5.406273042679421
Elevation,4.055589642187766
PDQ,3.624684280668671
rough_NDVI,3.0460999214066304
CEC,2.2244005671724283
