var,rel.inf
pH,15.832842191515475
rough_Surface.T,12.691327247856998
MAP,12.298732379513721
rough_Clay,10.652230104710986
rough_Elevation,10.165687233348805
Clay,8.328003624166202
rough_Soil.C,6.58260391614799
rough_MAP,5.902333158789374
rough_CEC,5.395904783431942
Elevation,4.039415821354093
PDQ,3.33139856256663
rough_NDVI,2.8470087035473535
CEC,1.9325122730504276
