nt,pseudo_r2,pred_obs_r2,pred_obs_r2_exp
7100,0.4943186949642211,0.79206429433516,0.6772977757289352
