var,rel.inf
pH,15.328854190699404
rough_Surface.T,12.33750989754578
MAP,12.226855382086404
rough_Clay,10.642751146937972
rough_Elevation,10.18036146673228
Clay,8.692266188416388
rough_Soil.C,6.6059837768825505
rough_MAP,6.01308275308916
rough_CEC,5.3577796368643975
Elevation,4.010392342467813
PDQ,3.477309881860317
rough_NDVI,2.992891376586892
CEC,2.133961959830642
