nt,pseudo_r2,pred_obs_r2,pred_obs_r2_exp
7550,0.48547784357037516,0.7993575969160877,0.6878669765270682
