var,rel.inf
pH,15.450905533510273
rough_Surface.T,12.414220281688849
MAP,12.122998401645535
rough_Clay,10.717238338372047
rough_Elevation,10.030075685576719
Clay,8.575349275463376
rough_Soil.C,6.4207742749170515
rough_MAP,5.974393000045592
rough_CEC,5.358987529178153
Elevation,3.8611088199847536
PDQ,3.6498578271108744
rough_NDVI,3.1324527049058957
CEC,2.2916383276008845
