nt,pseudo_r2,pred_obs_r2,pred_obs_r2_exp
8750,0.4845931383052494,0.8162809953896466,0.7047385069876585
