var,rel.inf
pH,15.480380419592993
MAP,12.376528132472327
rough_Surface.T,12.318274019605317
rough_Clay,10.635074869306747
rough_Elevation,10.260740511814236
Clay,8.463800928976847
rough_Soil.C,6.369456394108172
rough_MAP,5.965296968489974
rough_CEC,5.515844909476038
Elevation,4.012221545823215
PDQ,3.4257898341786976
rough_NDVI,3.0375916602481405
CEC,2.1389998059072943
