nt,pseudo_r2,pred_obs_r2,pred_obs_r2_exp
8500,0.4949805668846725,0.8133620678542589,0.7013510614839229
