nt,pseudo_r2,pred_obs_r2,pred_obs_r2_exp
7500,0.48747065478326,0.7989383297928216,0.6869612852296855
