nt,pseudo_r2,pred_obs_r2,pred_obs_r2_exp
8550,0.482060524390849,0.8141882331324055,0.7029492560072251
