var,rel.inf
pH,15.306142632876435
rough_Surface.T,12.483885768687067
MAP,12.261545941222971
rough_Clay,10.752111633457757
rough_Elevation,10.242910192939098
Clay,8.646097298095796
rough_Soil.C,6.333631215127566
rough_MAP,5.945862557504171
rough_CEC,5.435134205409076
Elevation,3.9638472988912605
PDQ,3.5139103205629936
rough_NDVI,2.9742417071519824
CEC,2.1406792280738203
