nt,pseudo_r2,pred_obs_r2,pred_obs_r2_exp
8750,0.47685355063947954,0.8164719290257535,0.706033706619419
