nt,pseudo_r2,pred_obs_r2,pred_obs_r2_exp
7350,0.5010821754286895,0.7963797346207031,0.6851163077093779
