var,rel.inf
pH,15.508670013016774
rough_Surface.T,12.328343012053564
MAP,12.066978531212627
rough_Clay,10.746092269053804
rough_Elevation,10.158392931939352
Clay,8.608086623163349
rough_Soil.C,6.570782004349748
rough_MAP,6.0504600590269
rough_CEC,5.319599697764559
Elevation,4.040685271305086
PDQ,3.4912603580607517
rough_NDVI,3.0257655663766836
CEC,2.0848836626768095
