nt,pseudo_r2,pred_obs_r2,pred_obs_r2_exp
7700,0.48801241803371287,0.8024424325486017,0.6914166369614781
