nt,pseudo_r2,pred_obs_r2,pred_obs_r2_exp
7200,0.4860537523151087,0.7941896821199285,0.6795292672049157
