var,rel.inf
pH,15.38531859208642
MAP,12.47938749809443
rough_Surface.T,12.381010053068888
rough_Clay,10.648596922860191
rough_Elevation,10.26388542690404
Clay,8.360404519224865
rough_Soil.C,6.381322829894517
rough_MAP,5.874401795318887
rough_CEC,5.59146595394051
Elevation,4.02324816911971
PDQ,3.4628410918289982
rough_NDVI,2.9689624974417157
CEC,2.179154650216829
