nt,pseudo_r2,pred_obs_r2,pred_obs_r2_exp
8200,0.4904274750736828,0.8088353311373342,0.6959584779650585
