var,rel.inf
pH,15.564938975129216
rough_Surface.T,12.245810680374227
MAP,12.227742830557562
rough_Clay,10.50065535867163
rough_Elevation,10.170580373362844
Clay,8.489154463200446
rough_Soil.C,6.473869914683104
rough_MAP,6.142548721882161
rough_CEC,5.411190886806901
Elevation,4.107608595402824
PDQ,3.4323251065164553
rough_NDVI,3.0029577841999435
CEC,2.230616309212689
