nt,pseudo_r2,pred_obs_r2,pred_obs_r2_exp
8100,0.5015725889036082,0.8075212637823602,0.6973540440856383
