nt,pseudo_r2,pred_obs_r2,pred_obs_r2_exp
8500,0.4988968987408402,0.8129737980203292,0.7014332083349704
