nt,pseudo_r2,pred_obs_r2,pred_obs_r2_exp
7900,0.48690813119740617,0.8045479900045639,0.6932687004698699
