nt,pseudo_r2,pred_obs_r2,pred_obs_r2_exp
9250,0.4913449761960801,0.8228565774627276,0.7095318234070227
