var,rel.inf
pH,15.62168315125773
rough_Surface.T,12.33014402368888
MAP,12.134011030642082
rough_Clay,10.741629435715103
rough_Elevation,9.926550920945047
Clay,8.295526940040881
rough_Soil.C,6.572154024833523
rough_MAP,5.925606892676869
rough_CEC,5.438513565560153
Elevation,4.006365746152527
PDQ,3.6270177027910644
rough_NDVI,3.0740783550614355
CEC,2.3067182106346995
