nt,pseudo_r2,pred_obs_r2,pred_obs_r2_exp
8900,0.5094432758475728,0.8189941451322436,0.706810550766982
