nt,pseudo_r2,pred_obs_r2,pred_obs_r2_exp
7900,0.4842245490412319,0.8046159889149198,0.6919211791250496
