nt,pseudo_r2,pred_obs_r2,pred_obs_r2_exp
9300,0.5024259216137109,0.8234100896732589,0.71228628047654
