var,rel.inf
pH,15.296509506236248
rough_Surface.T,12.340767699918775
MAP,12.140639548957806
rough_Clay,10.785745872449342
rough_Elevation,10.070488401870664
Clay,8.433507256278178
rough_Soil.C,6.513493583121946
rough_MAP,6.117833292006903
rough_CEC,5.2152655638089405
Elevation,4.1282922507395945
PDQ,3.497794670823254
rough_NDVI,3.136780159372598
CEC,2.322882194415748
