var,rel.inf
pH,15.549216919937496
rough_Surface.T,12.281855523337219
MAP,12.140674093384845
rough_Clay,10.854004018881463
rough_Elevation,10.019718175476422
Clay,8.473189481581505
rough_Soil.C,6.6064677588043175
rough_MAP,6.118377409652675
rough_CEC,5.385075188899466
Elevation,3.9950292348638277
PDQ,3.388995807326894
rough_NDVI,2.982889290996417
CEC,2.204507096857447
