nt,pseudo_r2,pred_obs_r2,pred_obs_r2_exp
8e3,0.4850677346341564,0.8068589631312915,0.6950613474101209
