var,rel.inf
pH,15.482996382992434
MAP,12.61606437055618
rough_Surface.T,12.42857989958233
rough_Clay,10.763458866153558
rough_Elevation,10.318702844705479
Clay,8.325279485333182
rough_Soil.C,6.428424461206919
rough_MAP,5.888503046035469
rough_CEC,5.520564586973798
Elevation,3.9791408285457663
PDQ,3.3788842692556824
rough_NDVI,2.908817608564117
CEC,1.9605833500950927
