nt,pseudo_r2,pred_obs_r2,pred_obs_r2_exp
7100,0.486468965298378,0.7928064434754399,0.6788831332182504
