nt,pseudo_r2,pred_obs_r2,pred_obs_r2_exp
8800,0.49290124775917066,0.816704989648845,0.704269952510861
