var,rel.inf
pH,15.609840007799203
rough_Surface.T,12.399116411488874
MAP,12.010641962295107
rough_Clay,10.647454379669222
rough_Elevation,10.11260734797693
Clay,8.542500991658912
rough_Soil.C,6.421077986455614
rough_MAP,6.074492545667289
rough_CEC,5.302009380535039
Elevation,4.087699611333901
PDQ,3.504076744919654
rough_NDVI,3.028574926512283
CEC,2.259907703687969
