var,rel.inf
pH,15.67044916827956
rough_Surface.T,12.48926192314246
MAP,12.30490515387637
rough_Clay,10.811064669673348
rough_Elevation,10.165452039772921
Clay,8.309724591297478
rough_Soil.C,6.20900980382166
rough_MAP,5.941753763356019
rough_CEC,5.475566359328888
Elevation,3.9521406800813215
PDQ,3.515707825292307
rough_NDVI,2.9550531787166574
CEC,2.199910843361016
