var,rel.inf
pH,15.160014253024398
rough_Surface.T,12.416037773347295
MAP,12.072858361266917
rough_Clay,10.922969628737698
rough_Elevation,9.878243021754503
Clay,8.604521066495863
rough_Soil.C,6.495210820997476
rough_MAP,6.265579103807173
rough_CEC,5.180641269626265
Elevation,4.027531308804966
PDQ,3.695899105567597
rough_NDVI,3.0179450760284965
CEC,2.2625492105413447
