nt,pseudo_r2,pred_obs_r2,pred_obs_r2_exp
7700,0.46295083491127975,0.8018673626450302,0.688857888684294
