var,rel.inf
pH,15.125843484061736
rough_Surface.T,12.58020747306709
MAP,12.138150837017731
rough_Clay,10.889197423645955
rough_Elevation,10.282874864743565
Clay,8.581576564826289
rough_Soil.C,6.389376756663563
rough_MAP,5.985739823353554
rough_CEC,5.423429357017689
Elevation,3.9961448055826922
PDQ,3.4047564715201974
rough_NDVI,3.0772739275366185
CEC,2.1254282109633094
