nt,pseudo_r2,pred_obs_r2,pred_obs_r2_exp
8200,0.5036848438690888,0.8093737633570903,0.696914608782214
