nt,pseudo_r2,pred_obs_r2,pred_obs_r2_exp
7800,0.5010927115636665,0.8040328035296159,0.6890922702866751
