var,rel.inf
pH,15.341128299774208
rough_Surface.T,12.607243882101308
MAP,12.091509925641596
rough_Clay,10.78341554211326
rough_Elevation,10.23869454033132
Clay,8.452938623635365
rough_Soil.C,6.323802728629549
rough_MAP,6.215867270768557
rough_CEC,5.405442840895617
Elevation,3.9386997751562367
PDQ,3.4502905480725463
rough_NDVI,2.953850450651242
CEC,2.1971155722291873
