var,rel.inf
pH,15.972305965757695
MAP,12.49091574095559
rough_Surface.T,12.411748009982462
rough_Clay,10.560618566328875
rough_Elevation,10.4570112875135
Clay,8.076656716388527
rough_Soil.C,6.35435880672617
rough_MAP,5.944225588807541
rough_CEC,5.476587071337995
Elevation,4.001741038850485
PDQ,3.396938358486251
rough_NDVI,2.91567956159594
CEC,1.9412132872689636
