nt,pseudo_r2,pred_obs_r2,pred_obs_r2_exp
6950,0.49129963181200664,0.7914675658293983,0.6748881011289897
