var,rel.inf
pH,15.488484139107634
rough_Surface.T,12.519785807686201
MAP,12.155925162985143
rough_Clay,10.773488021005928
rough_Elevation,10.135440096506384
Clay,8.51144110682858
rough_Soil.C,6.399801385875945
rough_MAP,6.116334628623445
rough_CEC,5.451265150772872
Elevation,3.9151022154429813
PDQ,3.497540560232148
rough_NDVI,2.906600956685509
CEC,2.128790768247235
