var,rel.inf
pH,15.40170363178582
MAP,12.38808058571456
rough_Surface.T,12.34288979886297
rough_Clay,10.822405184012055
rough_Elevation,10.215464944042978
Clay,8.521642743964712
rough_Soil.C,6.173481602728268
rough_MAP,5.932425321097794
rough_CEC,5.392335409660799
Elevation,4.089924702594426
PDQ,3.4621176929907866
rough_NDVI,3.07256076346464
CEC,2.1849676190801905
