var,rel.inf
pH,15.40137125579777
rough_Surface.T,12.234784694901997
MAP,12.141017278389956
rough_Clay,10.729160795616231
rough_Elevation,10.279266101775267
Clay,8.417452886240396
rough_Soil.C,6.50769043521291
rough_MAP,6.100090147284624
rough_CEC,5.319490874130853
Elevation,4.149469146590171
PDQ,3.437131018976159
rough_NDVI,3.0816974218275703
CEC,2.2013779432560896
