nt,pseudo_r2,pred_obs_r2,pred_obs_r2_exp
8550,0.4985504081719143,0.8135344506854522,0.7023390098965875
