var,rel.inf
pH,15.83430332052468
rough_Surface.T,12.616387207255093
MAP,12.30795928218683
rough_Clay,10.660451597645572
rough_Elevation,10.381927050534618
Clay,8.227081532140124
rough_Soil.C,6.3856671905139635
rough_MAP,5.973594688971473
rough_CEC,5.490127690418857
Elevation,3.88555681634822
PDQ,3.3076806243266526
rough_NDVI,2.9359571308489323
CEC,1.9933058682849776
