var,rel.inf
pH,15.486892849620517
MAP,12.444883064959011
rough_Surface.T,12.336558898214719
rough_Clay,10.619190525718354
rough_Elevation,10.274510380541004
Clay,8.256270400626963
rough_Soil.C,6.29526920762253
rough_MAP,6.067376728686993
rough_CEC,5.508900550821349
Elevation,3.983495341437436
PDQ,3.4817072739871238
rough_NDVI,3.1027197135026876
CEC,2.1422250642613077
