var,rel.inf
pH,15.861060650631936
rough_Surface.T,12.329348108879325
MAP,12.098803370796306
rough_Clay,10.571138987350393
rough_Elevation,10.118979330653785
Clay,8.297010107210589
rough_Soil.C,6.478896147983543
rough_MAP,6.059795925755213
rough_CEC,5.317703359461519
Elevation,4.04117841113278
PDQ,3.585360392719525
rough_NDVI,3.017304591368998
CEC,2.223420616056085
