var,rel.inf
pH,15.411823997949346
rough_Surface.T,12.391847970165363
MAP,12.156396875752186
rough_Clay,10.658125177347866
rough_Elevation,10.304985842269723
Clay,8.395263506527318
rough_Soil.C,6.488051107190756
rough_MAP,6.181353214711696
rough_CEC,5.44605501977585
Elevation,4.071809188270758
PDQ,3.408441210491201
rough_NDVI,3.0022337151311693
CEC,2.083613174416763
