nt,pseudo_r2,pred_obs_r2,pred_obs_r2_exp
7350,0.5047610275860426,0.7967133437008785,0.6817094666357651
