nt,pseudo_r2,pred_obs_r2,pred_obs_r2_exp
8450,0.49691374805629607,0.8118124773900595,0.7022395096682916
