nt,pseudo_r2,pred_obs_r2,pred_obs_r2_exp
8250,0.491408741594361,0.809707810574512,0.6954031492775896
