nt,pseudo_r2,pred_obs_r2,pred_obs_r2_exp
7250,0.47486099120714464,0.7946042004632216,0.6809165301578936
