var,rel.inf
pH,15.342377471839624
rough_Surface.T,12.423255727727126
MAP,12.278230009010747
rough_Clay,10.865101400552653
rough_Elevation,10.178302707309268
Clay,8.547179208057022
rough_Soil.C,6.42757675255038
rough_MAP,5.951060170873188
rough_CEC,5.327342462546478
Elevation,3.9444606598577083
PDQ,3.5637979433057616
rough_NDVI,3.038174265363457
CEC,2.1131412210065816
