var,rel.inf
pH,15.46460561174324
rough_Surface.T,12.553003362152428
MAP,12.250339618920947
rough_Clay,10.827387121753763
rough_Elevation,10.111292530185288
Clay,8.476009854811187
rough_Soil.C,6.498669700468531
rough_MAP,5.763798426296635
rough_CEC,5.370918658318943
Elevation,4.094574335367235
PDQ,3.478722953595561
rough_NDVI,3.039663517246762
CEC,2.0710143091394775
