nt,pseudo_r2,pred_obs_r2,pred_obs_r2_exp
7350,0.479378800661053,0.7960232762282933,0.6845177341415216
