var,rel.inf
pH,16.032624103940663
rough_Surface.T,12.481491827550048
MAP,12.410983462680015
rough_Clay,10.636954915100462
rough_Elevation,10.244828383552804
Clay,8.233872531903652
rough_Soil.C,6.428502514342551
rough_MAP,5.890602917582615
rough_CEC,5.397701476239332
Elevation,3.9176327763449548
PDQ,3.3583832021898745
rough_NDVI,2.879840411246997
CEC,2.086581477326036
