nt,pseudo_r2,pred_obs_r2,pred_obs_r2_exp
8050,0.4605099364090881,0.8067044557399974,0.6952178175247031
