var,rel.inf
pH,15.594313489733862
rough_Surface.T,12.363131765063924
MAP,12.268465847798236
rough_Clay,10.54301523492483
rough_Elevation,10.337056237279727
Clay,8.546421606525822
rough_Soil.C,6.4981601562606794
rough_MAP,5.924782642280672
rough_CEC,5.426785661914743
Elevation,3.97642698692876
PDQ,3.580322376532515
rough_NDVI,2.8989017245731676
CEC,2.0422162701830597
