nt,pseudo_r2,pred_obs_r2,pred_obs_r2_exp
8100,0.47738081960670864,0.807364120719908,0.6961479210578854
