var,rel.inf
pH,15.617369994302946
MAP,12.32135279326502
rough_Surface.T,12.149414577213575
rough_Clay,10.776301202036919
rough_Elevation,10.17094398523445
Clay,8.451075498379637
rough_Soil.C,6.5943836289745805
rough_MAP,6.035523496395049
rough_CEC,5.363650280768119
Elevation,4.02621128402872
PDQ,3.431631526880006
rough_NDVI,3.070446669162091
CEC,1.9916950633588937
