var,rel.inf
pH,15.89746994959477
rough_Surface.T,12.512921442273958
MAP,12.10217806887419
rough_Clay,10.482068795168617
rough_Elevation,10.281916076581433
Clay,8.215828239943177
rough_Soil.C,6.4449570882548946
rough_MAP,6.084045218182223
rough_CEC,5.40940965262487
Elevation,3.991297253672879
PDQ,3.4514232666905893
rough_NDVI,3.0890994084046044
CEC,2.0373855397337937
