nt,pseudo_r2,pred_obs_r2,pred_obs_r2_exp
7700,0.48029960465670585,0.802276412961919,0.6885974305694549
