nt,pseudo_r2,pred_obs_r2,pred_obs_r2_exp
7100,0.47921799118751496,0.792913656956204,0.6782738878751482
