nt,pseudo_r2,pred_obs_r2,pred_obs_r2_exp
8e3,0.49070489991117294,0.8059944943936488,0.6925713522744803
