nt,pseudo_r2,pred_obs_r2,pred_obs_r2_exp
8250,0.493366266652716,0.8098713171982612,0.6965150024492099
