var,rel.inf
pH,15.370033357197164
rough_Surface.T,12.580735509429608
MAP,12.32267982536962
rough_Clay,10.794194091877001
rough_Elevation,10.12479179092117
Clay,8.482491466278274
rough_Soil.C,6.125991262527581
rough_MAP,6.01765028179312
rough_CEC,5.52881688898568
Elevation,4.0658338123948505
PDQ,3.517616030053832
rough_NDVI,2.9815172984769087
CEC,2.087648384695187
