var,rel.inf
pH,15.235756385764176
MAP,12.349284520430809
rough_Surface.T,12.155521024770726
rough_Clay,10.861512090536012
rough_Elevation,10.219971747981486
Clay,8.510014900579824
rough_Soil.C,6.354444470186388
rough_MAP,5.841384576507948
rough_CEC,5.495870393531967
Elevation,4.065929522928992
PDQ,3.513464730121377
rough_NDVI,3.144149991933548
CEC,2.252695644726756
