var,rel.inf
pH,15.1909791438369
MAP,12.344296389425168
rough_Surface.T,12.258783035217373
rough_Clay,10.883161850263846
rough_Elevation,10.070985117864641
Clay,8.561682873925628
rough_Soil.C,6.487824613654229
rough_MAP,5.87660423744363
rough_CEC,5.358476183384779
Elevation,3.9921201638258412
PDQ,3.6691736895361693
rough_NDVI,3.078625078052967
CEC,2.22728762356883
