nt,pseudo_r2,pred_obs_r2,pred_obs_r2_exp
8250,0.49774571198377904,0.8094837253253471,0.6990612603595537
