var,rel.inf
pH,15.660638414048343
rough_Surface.T,12.696678949378319
MAP,12.283653206931438
rough_Clay,10.76040490086589
rough_Elevation,10.287507730829086
Clay,8.413964294780792
rough_Soil.C,6.258334839022072
rough_MAP,5.8959449363634455
rough_CEC,5.405314882406113
Elevation,3.9098514907047375
PDQ,3.4906181307014417
rough_NDVI,2.9811964540646216
CEC,1.9558917699037075
