var,rel.inf
pH,15.061556048222391
MAP,12.457825188491034
rough_Surface.T,12.242171063495967
rough_Clay,10.837269624486902
rough_Elevation,10.095325273909893
Clay,8.393385913435923
rough_Soil.C,6.41082252147057
rough_MAP,5.933911297001509
rough_CEC,5.2731443927505826
Elevation,4.122687789842323
PDQ,3.611619433929424
rough_NDVI,3.177376220266411
CEC,2.382905232697066
