nt,pseudo_r2,pred_obs_r2,pred_obs_r2_exp
7200,0.47297950272251776,0.7937494643961133,0.6811912773861196
