var,rel.inf
pH,15.84250988939169
rough_Surface.T,12.403158329458384
MAP,11.974701704465563
rough_Clay,10.30812489553098
rough_Elevation,10.198820898009249
Clay,8.434882665681224
rough_Soil.C,6.439629534163268
rough_MAP,6.264691905340663
rough_CEC,5.535310313362963
Elevation,4.022429471139587
PDQ,3.4237951005453513
rough_NDVI,3.005565051451564
CEC,2.1463802414595063
