nt,pseudo_r2,pred_obs_r2,pred_obs_r2_exp
8450,0.49881664597650643,0.8136179247144684,0.7013575170660213
