var,rel.inf
pH,15.40769187691439
rough_Surface.T,12.467711886719938
MAP,12.174382364082776
rough_Clay,10.782906867187073
rough_Elevation,10.135339302366223
Clay,8.508522307400739
rough_Soil.C,6.368185914682244
rough_MAP,5.967471674304403
rough_CEC,5.29181880217753
Elevation,3.9565529166571256
PDQ,3.6965230860697478
rough_NDVI,3.0712722890061306
CEC,2.1716207124316846
