var,rel.inf
pH,15.575909513121426
rough_Surface.T,12.097810966597521
MAP,11.94364114488954
rough_Clay,10.699779635794012
rough_Elevation,10.121972900011448
Clay,8.43765547400745
rough_Soil.C,6.626322927168448
rough_MAP,5.972786095362879
rough_CEC,5.560634787097683
Elevation,3.9002972559143623
PDQ,3.6837082514758124
rough_NDVI,3.102693587548487
CEC,2.276787461010933
