var,rel.inf
pH,15.11080049929313
rough_Surface.T,12.599312320118063
MAP,12.007969725306289
rough_Clay,10.827260235032307
rough_Elevation,10.217096502246015
Clay,8.327346861077594
rough_Soil.C,6.265565455043925
rough_MAP,6.034450754970867
rough_CEC,5.361235297460183
Elevation,4.0633087361521625
PDQ,3.545666149966916
rough_NDVI,3.162652389453635
CEC,2.477335073878914
