nt,pseudo_r2,pred_obs_r2,pred_obs_r2_exp
8350,0.5119652158668995,0.8111972064730681,0.6998395244927935
