nt,pseudo_r2,pred_obs_r2,pred_obs_r2_exp
8150,0.5088726015285925,0.808574808533559,0.695468667692317
