nt,pseudo_r2,pred_obs_r2,pred_obs_r2_exp
7450,0.5006390584847304,0.7981561257475288,0.6837621178481591
