var,rel.inf
pH,15.167474741869585
rough_Surface.T,12.464731801709622
MAP,12.349390804783544
rough_Clay,10.729118977834148
rough_Elevation,10.138858599705904
Clay,8.64755309858516
rough_Soil.C,6.308698562505057
rough_MAP,5.921087987317555
rough_CEC,5.446095659774661
Elevation,4.0629462463622215
PDQ,3.533869191634782
rough_NDVI,3.0491435530397673
CEC,2.1810307748780002
