var,rel.inf
pH,15.451171207759643
rough_Surface.T,12.593494883324297
MAP,12.107967158696429
rough_Clay,10.538312610687028
rough_Elevation,10.300897362594736
Clay,8.783014055557386
rough_Soil.C,6.1730681593639085
rough_MAP,6.030471092771789
rough_CEC,5.335002856541556
Elevation,4.0843850190483355
PDQ,3.534873716821699
rough_NDVI,3.1034556007081076
CEC,1.9638862761250784
