var,rel.inf
pH,15.718287320368862
rough_Surface.T,12.213985711909263
MAP,12.034660015244027
rough_Clay,10.719028618961833
rough_Elevation,10.135439911260288
Clay,8.495494459626258
rough_Soil.C,6.422593242154112
rough_MAP,6.039710218659682
rough_CEC,5.366985458444895
Elevation,3.9596438492814787
PDQ,3.528210579220958
rough_NDVI,3.077984282097246
CEC,2.2879763327710942
