var,rel.inf
pH,15.880838163588887
rough_Surface.T,12.539817852410168
MAP,12.179793388974083
rough_Clay,10.509582054799449
rough_Elevation,10.187246905780004
Clay,8.338473526474173
rough_Soil.C,6.413943150831346
rough_MAP,5.9887216006309005
rough_CEC,5.375249136488003
Elevation,3.9785654273086632
PDQ,3.433394420197051
rough_NDVI,2.959099206976277
CEC,2.2152751655409983
