var,rel.inf
pH,15.242906752589763
MAP,12.352376325901922
rough_Surface.T,12.21006455157906
rough_Clay,10.8258478887586
rough_Elevation,10.351741789709667
Clay,8.44072913592368
rough_Soil.C,6.3084277609058566
rough_MAP,5.814038594351319
rough_CEC,5.45859507079732
Elevation,4.066265871713838
PDQ,3.527787251586778
rough_NDVI,3.137382970449292
CEC,2.2638360357329033
