nt,pseudo_r2,pred_obs_r2,pred_obs_r2_exp
8950,0.48662193740617954,0.8190452952880007,0.7083367978431347
