nt,pseudo_r2,pred_obs_r2,pred_obs_r2_exp
8250,0.4923157701540165,0.8106623976918913,0.6965432446842146
