var,rel.inf
pH,15.800216627963698
rough_Surface.T,12.526286188465907
MAP,12.127366540018022
rough_Clay,10.5566962431369
rough_Elevation,10.38147715556352
Clay,8.48511160019389
rough_Soil.C,6.458811395776781
rough_MAP,5.919742087114165
rough_CEC,5.3201590969095145
Elevation,4.053164038599137
PDQ,3.414272653614349
rough_NDVI,2.9252714308069887
CEC,2.031424941837126
