nt,pseudo_r2,pred_obs_r2,pred_obs_r2_exp
8050,0.4931587609047028,0.8075041252269385,0.6947450346282099
