nt,pseudo_r2,pred_obs_r2,pred_obs_r2_exp
8300,0.4968703512838486,0.8108365481580239,0.699778247727215
