nt,pseudo_r2,pred_obs_r2,pred_obs_r2_exp
8300,0.5034876470275903,0.8098875866476848,0.6957310605855239
