var,rel.inf
pH,15.54495057078556
rough_Surface.T,12.4339923914081
MAP,12.27032993036598
rough_Clay,10.726074673970741
rough_Elevation,10.104403173434065
Clay,8.451021600383559
rough_Soil.C,6.585335982115226
rough_MAP,5.860831370252088
rough_CEC,5.409330585390775
Elevation,4.051668430621697
PDQ,3.3814766271936425
rough_NDVI,3.0218768110314214
CEC,2.158707853047144
