nt,pseudo_r2,pred_obs_r2,pred_obs_r2_exp
8250,0.49233349735321597,0.8096673883712326,0.698139282572163
