nt,pseudo_r2,pred_obs_r2,pred_obs_r2_exp
8300,0.4976674574905201,0.8109500100637436,0.6971907264813584
