var,rel.inf
pH,15.590612507128775
rough_Surface.T,12.380285755737342
MAP,12.206812040060344
rough_Clay,10.61199371749926
rough_Elevation,10.043599834200247
Clay,8.5752432454406
rough_Soil.C,6.445171781792477
rough_MAP,5.9599745033418925
rough_CEC,5.383199754548149
Elevation,4.005253662421985
PDQ,3.5161200647336597
rough_NDVI,3.023749876942647
CEC,2.257983256152621
