var,rel.inf
pH,15.41387052683116
rough_Surface.T,12.462921331600029
MAP,12.169606297858717
rough_Clay,10.85110246343712
rough_Elevation,10.345590009972392
Clay,8.344320993610975
rough_Soil.C,6.315354365082777
rough_MAP,6.0389913877703485
rough_CEC,5.407222501829994
Elevation,3.9549413620044724
PDQ,3.4718866143688363
rough_NDVI,3.045797494196477
CEC,2.178394651436703
