var,rel.inf
pH,15.699039920038201
rough_Surface.T,12.46142624902567
MAP,12.247935132015456
rough_Clay,10.640433074485012
rough_Elevation,10.294457238349151
Clay,8.344014441329799
rough_Soil.C,6.423298918936512
rough_MAP,5.91424128105552
rough_CEC,5.4589111361834295
Elevation,4.013976519839901
PDQ,3.4507644196798783
rough_NDVI,2.8927429334150063
CEC,2.1587587356464644
