nt,pseudo_r2,pred_obs_r2,pred_obs_r2_exp
7750,0.4778793375163033,0.8019903226143575,0.6893580444419909
