nt,pseudo_r2,pred_obs_r2,pred_obs_r2_exp
8500,0.5026338326249566,0.8130576540501935,0.6999934956962287
