var,rel.inf
pH,15.449726903767878
rough_Surface.T,12.422343376947891
MAP,12.170775366690652
rough_Clay,10.660562060189616
rough_Elevation,10.153169359852898
Clay,8.625981753476163
rough_Soil.C,6.395305114571751
rough_MAP,5.9880749167791905
rough_CEC,5.395533705564191
Elevation,4.048357247995232
PDQ,3.4075338482667963
rough_NDVI,3.050516082683587
CEC,2.23212026321416
