nt,pseudo_r2,pred_obs_r2,pred_obs_r2_exp
9450,0.4752628469256811,0.8248734117049945,0.7109867254311395
