var,rel.inf
pH,15.557086496971923
MAP,12.371474111173239
rough_Surface.T,12.291530447178435
rough_Clay,10.69667196048896
rough_Elevation,10.13021054858304
Clay,8.186043570327508
rough_Soil.C,6.5061846709084135
rough_MAP,5.9973961463802485
rough_CEC,5.520112095656224
Elevation,3.9829078141106535
PDQ,3.516411676010244
rough_NDVI,3.101463527194416
CEC,2.1425069350166996
