nt,pseudo_r2,pred_obs_r2,pred_obs_r2_exp
7500,0.48368211411588613,0.7989632863849221,0.6846057341925258
