var,rel.inf
pH,15.380327560961558
rough_Surface.T,12.270832756411227
MAP,12.154868251711246
rough_Clay,10.759940325749685
rough_Elevation,10.047995335781703
Clay,8.46286110236946
rough_Soil.C,6.554089248183691
rough_MAP,6.038389100782228
rough_CEC,5.451509756926273
Elevation,4.040152178161803
PDQ,3.5941750982879572
rough_NDVI,3.088213500859047
CEC,2.1566457838141306
