nt,pseudo_r2,pred_obs_r2,pred_obs_r2_exp
7450,0.4912656241054577,0.7978858485686434,0.6842605108013797
