var,rel.inf
pH,15.832889440652547
rough_Surface.T,12.835937642460747
MAP,12.163080803099188
rough_Clay,10.669018327578215
rough_Elevation,10.644944062733677
Clay,8.318467824446614
rough_Soil.C,6.197042455998016
rough_MAP,6.106860650879548
rough_CEC,5.368002171218203
Elevation,3.867957080113684
PDQ,3.1747519156043347
rough_NDVI,2.8298853831508874
CEC,1.9911622420643396
