nt,pseudo_r2,pred_obs_r2,pred_obs_r2_exp
8550,0.48055935260452487,0.8131979701432744,0.7020268234025506
