var,rel.inf
pH,15.672119977710027
rough_Surface.T,12.287772097234283
MAP,12.038978234757552
rough_Clay,10.944537189820828
rough_Elevation,10.212918765874045
Clay,8.480505346165051
rough_Soil.C,6.382798654360708
rough_MAP,6.1185499095273395
rough_CEC,5.405044598478777
Elevation,3.9655193191366074
PDQ,3.479344015966298
rough_NDVI,2.8905546287543293
CEC,2.121357262214159
