var,rel.inf
pH,15.907330164136289
rough_Surface.T,12.421059488153745
MAP,12.27052431877084
rough_Clay,10.599222512868419
rough_Elevation,10.429196528472653
Clay,8.282366744031522
rough_Soil.C,6.580861705191571
rough_MAP,6.011840097321709
rough_CEC,5.5511504708274035
Elevation,3.970741869678699
PDQ,3.2487979088716616
rough_NDVI,2.8520366208295553
CEC,1.874871570845925
