nt,pseudo_r2,pred_obs_r2,pred_obs_r2_exp
8700,0.4986549816284158,0.8163108244044891,0.7045953819949899
