var,rel.inf
pH,15.717240811188546
MAP,12.295844342269788
rough_Surface.T,12.075351345795239
rough_Clay,10.657711904166732
rough_Elevation,10.040526118648778
Clay,8.334874221153974
rough_Soil.C,6.3413773619848754
rough_MAP,5.992596900712878
rough_CEC,5.4734063706072495
Elevation,4.014303193139029
PDQ,3.5788406430008615
rough_NDVI,3.0445904497033296
CEC,2.4333363376287203
