var,rel.inf
pH,15.419707877694192
rough_Surface.T,12.443136208435947
MAP,11.992877323096874
rough_Clay,10.916119068943996
rough_Elevation,10.205566338011618
Clay,8.376212576793279
rough_Soil.C,6.3113777911101065
rough_MAP,6.110142685736312
rough_CEC,5.402677739463171
Elevation,4.087723003790411
PDQ,3.433226659530465
rough_NDVI,3.057018093852003
CEC,2.2442146335416258
