nt,pseudo_r2,pred_obs_r2,pred_obs_r2_exp
8550,0.5065614164127916,0.8136690763917165,0.7037385214624428
