var,rel.inf
pH,15.669608494986134
rough_Surface.T,12.310918112385014
MAP,12.203888113404457
rough_Clay,10.605940352459138
rough_Elevation,10.20234633436778
Clay,8.42507459473591
rough_Soil.C,6.538486030230837
rough_MAP,5.896970498681655
rough_CEC,5.2503857704784
Elevation,3.9967334850106075
PDQ,3.5670266461631654
rough_NDVI,3.0987130541511263
CEC,2.2339085129457725
