nt,pseudo_r2,pred_obs_r2,pred_obs_r2_exp
7700,0.4829875841490462,0.8023010112011654,0.6904773636723507
