var,rel.inf
pH,16.023596694790545
rough_Surface.T,12.448237819047693
MAP,12.347039097395736
rough_Clay,10.693112512571272
rough_Elevation,10.300423053389599
Clay,8.331809288875785
rough_Soil.C,6.24595987054904
rough_MAP,6.051008064545649
rough_CEC,5.484395447467225
Elevation,3.9749738905315626
PDQ,3.269345251634291
rough_NDVI,2.8424675821212184
CEC,1.9876314270803872
