nt,pseudo_r2,pred_obs_r2,pred_obs_r2_exp
7e3,0.48206165928845157,0.7908430681190237,0.6770744388532115
