nt,pseudo_r2,pred_obs_r2,pred_obs_r2_exp
7150,0.49637212374489426,0.7938369403796772,0.677449821084443
