var,rel.inf
pH,15.409116071993934
MAP,12.400682344163421
rough_Surface.T,12.16148964080559
rough_Clay,10.670927357210392
rough_Elevation,10.04542400551586
Clay,8.494210113947675
rough_Soil.C,6.439196249602239
rough_MAP,5.9968678916216165
rough_CEC,5.398510745492638
Elevation,3.959861105398575
PDQ,3.5816961167101398
rough_NDVI,3.0983965914201916
CEC,2.3436217661177348
