nt,pseudo_r2,pred_obs_r2,pred_obs_r2_exp
7400,0.4844523497798512,0.7977991991017193,0.6839300291690419
