var,rel.inf
pH,15.699129315539341
rough_Surface.T,12.319539205872207
MAP,12.055781309016682
rough_Clay,10.732734988064975
rough_Elevation,10.156303291296837
Clay,8.495286524193377
rough_Soil.C,6.361768599014683
rough_MAP,6.168146508423543
rough_CEC,5.46329545847023
Elevation,3.938705798749379
PDQ,3.480840974600021
rough_NDVI,2.9987363114277037
CEC,2.129731715331025
