var,rel.inf
pH,15.701452247515983
rough_Surface.T,12.415219913867503
MAP,11.952276002837886
rough_Clay,10.70796229813332
rough_Elevation,10.164041189015458
Clay,8.603056385061823
rough_Soil.C,6.321174673930952
rough_MAP,6.007549673214588
rough_CEC,5.375815585280441
Elevation,4.067747631957419
PDQ,3.335781789630343
rough_NDVI,3.1448208917320697
CEC,2.2031017178222188
