var,rel.inf
pH,15.049640030045845
rough_Surface.T,12.136315267009644
MAP,12.035697439704279
rough_Clay,10.940594339144903
rough_Elevation,9.98672012650501
Clay,8.582841519814684
rough_Soil.C,6.468010916197436
rough_MAP,6.144643868226869
rough_CEC,5.417329118223989
Elevation,4.121358215888683
PDQ,3.652864906841411
rough_NDVI,3.14180784002021
CEC,2.322176412377045
