var,rel.inf
pH,15.472763037433907
rough_Surface.T,12.40188290751415
MAP,12.092466215635753
rough_Clay,10.537435663106363
rough_Elevation,10.256845021757846
Clay,8.542670100838247
rough_Soil.C,6.573554809597465
rough_MAP,5.998858434495182
rough_CEC,5.504926169289857
Elevation,4.060979363988378
PDQ,3.368040745250358
rough_NDVI,3.113734994437176
CEC,2.07584253665532
