nt,pseudo_r2,pred_obs_r2,pred_obs_r2_exp
8700,0.49693368240133384,0.8160983868178142,0.704161003669974
