var,rel.inf
pH,15.395248976060397
MAP,12.357827811474072
rough_Surface.T,12.329385593471697
rough_Clay,10.70279627412177
rough_Elevation,10.216824320067918
Clay,8.447023879492775
rough_Soil.C,6.579628599586147
rough_MAP,5.824608937825343
rough_CEC,5.283606782451262
Elevation,4.0746757478058875
PDQ,3.55000398399499
rough_NDVI,3.0028463327195145
CEC,2.23552276092822
