var,rel.inf
pH,15.29923502603399
MAP,12.122062326592795
rough_Surface.T,12.102136166366524
rough_Clay,10.728149767043291
rough_Elevation,10.05049726845549
Clay,8.321242664666665
rough_Soil.C,6.525312113959646
rough_MAP,6.024241116534291
rough_CEC,5.406230368695152
Elevation,4.005568014951907
PDQ,3.7328589171151942
rough_NDVI,3.184961878703667
CEC,2.497504370881385
