var,rel.inf
pH,15.376609608174629
MAP,12.37624092232331
rough_Surface.T,12.226374955690858
rough_Clay,10.881179589730893
rough_Elevation,10.268677503692311
Clay,8.4499642126586
rough_Soil.C,6.322238527325456
rough_MAP,6.016468668619035
rough_CEC,5.45199398583011
Elevation,4.0007558683111295
PDQ,3.426701118062182
rough_NDVI,2.950404567361344
CEC,2.252390472220147
