nt,pseudo_r2,pred_obs_r2,pred_obs_r2_exp
6950,0.4957380813758402,0.7901740659307189,0.6771229215480203
