nt,pseudo_r2,pred_obs_r2,pred_obs_r2_exp
8e3,0.4941712931441469,0.806537045663579,0.6943313023962423
