var,rel.inf
pH,15.265963480135646
rough_Surface.T,12.485506282889517
MAP,12.28962147665439
rough_Clay,10.782873820275844
rough_Elevation,10.169351225852688
Clay,8.4900493513633
rough_Soil.C,6.3645735324536865
rough_MAP,5.924425430222263
rough_CEC,5.433184949583455
Elevation,4.141035399260711
PDQ,3.50684926245762
rough_NDVI,3.104216003939245
CEC,2.042349784911632
