nt,pseudo_r2,pred_obs_r2,pred_obs_r2_exp
7850,0.49739301746815745,0.8042654291363384,0.6908597998700986
