var,rel.inf
pH,15.22723818059618
rough_Surface.T,12.534257501486103
MAP,12.224670845757116
rough_Clay,10.685203572624758
rough_Elevation,10.256887188705875
Clay,8.657719098578566
rough_Soil.C,6.476867587801327
rough_MAP,5.97759844390719
rough_CEC,5.478263681803623
Elevation,4.0144195139123395
PDQ,3.492572488547634
rough_NDVI,2.925624589501772
CEC,2.0486773067775155
