nt,pseudo_r2,pred_obs_r2,pred_obs_r2_exp
8300,0.49656222236904246,0.8105020593174306,0.6992648487730732
