var,rel.inf
pH,16.19194577352882
rough_Surface.T,12.493201161412461
MAP,12.333631414503879
rough_Clay,10.520415020764734
rough_Elevation,10.29408980529646
Clay,8.257774842135671
rough_Soil.C,6.2681817366489065
rough_MAP,6.040476342787318
rough_CEC,5.3323556544806605
Elevation,3.964417535276587
PDQ,3.284609782650389
rough_NDVI,2.971614371570538
CEC,2.0472865589435756
