var,rel.inf
pH,15.34710454777444
rough_Surface.T,12.50352069086202
MAP,12.259769966607474
rough_Clay,10.754181665760411
rough_Elevation,10.297993958633473
Clay,8.452411202572879
rough_Soil.C,6.511604269460547
rough_MAP,5.832095949573252
rough_CEC,5.381622136274697
Elevation,4.014987463986683
PDQ,3.4217720751552956
rough_NDVI,3.0220532785315695
CEC,2.200882794807256
