nt,pseudo_r2,pred_obs_r2,pred_obs_r2_exp
8e3,0.501693412707967,0.806040940546095,0.6909338285588538
