var,rel.inf
pH,15.259937763969665
rough_Surface.T,12.31758023598491
MAP,12.17079569401476
rough_Clay,10.654424706303185
rough_Elevation,10.148598711433896
Clay,8.388161727942222
rough_Soil.C,6.470935502344393
rough_MAP,6.027840007956104
rough_CEC,5.4810839383117225
Elevation,4.021656992102503
PDQ,3.6906385726870474
rough_NDVI,3.0709450203870032
CEC,2.2974011265625895
