var,rel.inf
pH,15.083719786317788
MAP,12.173511281552818
rough_Surface.T,12.062365230155988
rough_Clay,10.879987829479385
rough_Elevation,9.983999389329623
Clay,8.733889554702904
rough_Soil.C,6.506261724975363
rough_MAP,6.0578354608238145
rough_CEC,5.475711984987153
Elevation,4.073928184591454
PDQ,3.5450527375160323
rough_NDVI,3.076033675435713
CEC,2.3477031601319593
