nt,pseudo_r2,pred_obs_r2,pred_obs_r2_exp
7150,0.49014401458085055,0.7933395049004146,0.680592279987333
