nt,pseudo_r2,pred_obs_r2,pred_obs_r2_exp
7900,0.4989330028685609,0.8050008933651872,0.6907376049627141
