var,rel.inf
pH,15.409641564559152
rough_Surface.T,12.24495844601053
MAP,12.071039734110972
rough_Clay,10.790753259663779
rough_Elevation,10.236300178664449
Clay,8.42877613742342
rough_Soil.C,6.517329167071246
rough_MAP,5.94871623892962
rough_CEC,5.3915758092387955
Elevation,3.9481015672828206
PDQ,3.617122957154058
rough_NDVI,3.0777564734264966
CEC,2.317928466464667
