nt,pseudo_r2,pred_obs_r2,pred_obs_r2_exp
8400,0.4786761685381651,0.8111912398141579,0.6995934757829615
