var,rel.inf
pH,15.768078994756092
rough_Surface.T,12.607491277719788
MAP,12.189883854350214
rough_Clay,10.681669780349823
rough_Elevation,10.160185095092235
Clay,8.629185326032294
rough_Soil.C,6.533666525483427
rough_MAP,5.9067251346910625
rough_CEC,5.365640759871128
Elevation,3.9407704193280986
PDQ,3.430776287105532
rough_NDVI,2.8064542119554465
CEC,1.9794723332648607
