var,rel.inf
pH,15.58920749706753
rough_Surface.T,12.646228476026003
MAP,12.098716951510474
rough_Clay,10.691289928437056
rough_Elevation,10.30300014789472
Clay,8.28316782482304
rough_Soil.C,6.280950804055784
rough_MAP,6.078027180357939
rough_CEC,5.279642990383871
Elevation,4.033294726249949
PDQ,3.4686975594696166
rough_NDVI,3.002800374682377
CEC,2.244975539041636
