nt,pseudo_r2,pred_obs_r2,pred_obs_r2_exp
8450,0.4908370141233729,0.8119337477205485,0.6989193077632945
