nt,pseudo_r2,pred_obs_r2,pred_obs_r2_exp
6900,0.4890624855350829,0.7888839148990632,0.675152577825497
