nt,pseudo_r2,pred_obs_r2,pred_obs_r2_exp
8900,0.5029474758453907,0.8188885700909797,0.7078008925458104
