var,rel.inf
pH,15.776072508858167
rough_Surface.T,12.546080299148688
MAP,12.03418222037301
rough_Clay,10.530319301523548
rough_Elevation,10.236068399599631
Clay,8.634994498380577
rough_Soil.C,6.543734543921127
rough_MAP,6.053283203144154
rough_CEC,5.512078734464887
Elevation,4.098493604894893
PDQ,3.2742301205245363
rough_NDVI,2.865167067744384
CEC,1.895295497422393
