nt,pseudo_r2,pred_obs_r2,pred_obs_r2_exp
8900,0.5137529558572418,0.8193539077779349,0.7082319336761037
