nt,pseudo_r2,pred_obs_r2,pred_obs_r2_exp
7250,0.49084572197382603,0.7954116326359586,0.6820286704356255
