nt,pseudo_r2,pred_obs_r2,pred_obs_r2_exp
6850,0.4691051004842368,0.7893788847098191,0.6769329673128975
