var,rel.inf
pH,15.661265563560384
rough_Surface.T,12.528870290488593
MAP,12.138732516464996
rough_Clay,10.830497563442307
rough_Elevation,10.415513784088805
Clay,8.546532894000581
rough_Soil.C,6.4942664677602595
rough_MAP,6.071277580789349
rough_CEC,5.361767071243003
Elevation,3.958071149337711
PDQ,3.296482890316416
rough_NDVI,2.838136839205068
CEC,1.8585853893025186
