var,rel.inf
pH,15.689252549264523
rough_Surface.T,12.57827509532415
MAP,12.356279779336381
rough_Clay,10.649473162894077
rough_Elevation,10.421730514922517
Clay,8.42412494304781
rough_Soil.C,6.338374216265508
rough_MAP,5.968895379744981
rough_CEC,5.452329703194213
Elevation,3.9961497957400027
PDQ,3.32735078639857
rough_NDVI,2.8992430370356144
CEC,1.8985210368316467
