nt,pseudo_r2,pred_obs_r2,pred_obs_r2_exp
8700,0.4812479043743746,0.8161283449906609,0.701357777672267
