nt,pseudo_r2,pred_obs_r2,pred_obs_r2_exp
7850,0.5018049741451247,0.8042974836989927,0.6922650738159369
