var,rel.inf
pH,15.66368269097911
MAP,12.378988613842802
rough_Surface.T,12.221259960708512
rough_Clay,10.66730403107208
rough_Elevation,10.109364558879644
Clay,8.372224489879066
rough_Soil.C,6.399738102072105
rough_MAP,5.981714457240348
rough_CEC,5.49569130327997
Elevation,4.015897996954263
PDQ,3.4000254772928353
rough_NDVI,3.0403501505789987
CEC,2.253758167220266
