var,rel.inf
pH,15.570368315954491
MAP,12.511056408728406
rough_Surface.T,12.431547251578873
rough_Clay,10.803741574880215
rough_Elevation,10.352117632860265
Clay,8.415282584957549
rough_Soil.C,6.2430132233905695
rough_MAP,5.988757629981733
rough_CEC,5.3903849280055836
Elevation,3.9849491265957915
PDQ,3.348513662618458
rough_NDVI,2.9520858724053003
CEC,2.008181788042758
