var,rel.inf
pH,15.04341243498
MAP,12.26164821447226
rough_Surface.T,12.242502568699752
rough_Clay,10.89496754878001
rough_Elevation,10.094532518347297
Clay,8.620466208498067
rough_Soil.C,6.5416263232255405
rough_MAP,5.884542005705769
rough_CEC,5.345723733763027
Elevation,4.049569470529218
PDQ,3.575581454461966
rough_NDVI,3.2232517664698275
CEC,2.2221757520672663
