nt,pseudo_r2,pred_obs_r2,pred_obs_r2_exp
8e3,0.5024390691592456,0.8068831823664954,0.6937233945109521
