var,rel.inf
pH,15.393748330600792
MAP,12.271298408877456
rough_Surface.T,12.127781225047945
rough_Clay,10.613716881932202
rough_Elevation,10.073190136274633
Clay,8.560892199421435
rough_Soil.C,6.724319383986322
rough_MAP,5.812263468577293
rough_CEC,5.440786322531475
Elevation,4.078027087888812
PDQ,3.529017207334474
rough_NDVI,3.1318227112346704
CEC,2.243136636292491
