var,rel.inf
pH,15.217446440286485
rough_Surface.T,12.286681243370145
MAP,12.040113651178784
rough_Clay,10.76590730123258
rough_Elevation,10.041097623692071
Clay,8.514707978815839
rough_Soil.C,6.524618870619559
rough_MAP,6.040835267412765
rough_CEC,5.396307161781488
Elevation,4.087848049572821
PDQ,3.6353227050531216
rough_NDVI,3.1520138857645756
CEC,2.297099821219767
