var,rel.inf
pH,15.430015214280875
rough_Surface.T,12.524554167811024
MAP,12.038495003619655
rough_Clay,10.752832000209573
rough_Elevation,10.251972526192523
Clay,8.317550411026044
rough_Soil.C,6.4777105955074115
rough_MAP,6.094949709258579
rough_CEC,5.407570342137441
Elevation,4.069566890763149
PDQ,3.431241303788941
rough_NDVI,3.0040484812325654
CEC,2.1994933541722257
