nt,pseudo_r2,pred_obs_r2,pred_obs_r2_exp
7750,0.47510743229832164,0.8023997740955423,0.6917178382690308
