nt,pseudo_r2,pred_obs_r2,pred_obs_r2_exp
7750,0.5032014371031392,0.8029563602833991,0.6921148929721336
