nt,pseudo_r2,pred_obs_r2,pred_obs_r2_exp
7200,0.4982146548674208,0.794259984376219,0.6821357233756873
