nt,pseudo_r2,pred_obs_r2,pred_obs_r2_exp
8250,0.4702259291207527,0.8091346895769723,0.698743501061703
