var,rel.inf
pH,15.767049343241828
rough_Surface.T,12.36729777325036
MAP,12.130150154499175
rough_Clay,10.700868827929977
rough_Elevation,10.201220273432124
Clay,8.401069181335183
rough_Soil.C,6.287138330961109
rough_MAP,6.006665864177859
rough_CEC,5.412993092377346
Elevation,3.898205863799971
PDQ,3.4977568110656776
rough_NDVI,3.127609065221564
CEC,2.201975418707821
