var,rel.inf
pH,15.495796043569854
rough_Surface.T,12.443926008323224
MAP,12.37688374165828
rough_Clay,10.54045887639271
rough_Elevation,10.35283280137178
Clay,8.47761590654934
rough_Soil.C,6.381417386433174
rough_MAP,6.168281182362216
rough_CEC,5.458763214176136
Elevation,4.013829291004977
PDQ,3.293020356796645
rough_NDVI,2.9828369068778353
CEC,2.0143382844838222
