nt,pseudo_r2,pred_obs_r2,pred_obs_r2_exp
8100,0.4839271142123722,0.8079843441916642,0.6965470210806102
