nt,pseudo_r2,pred_obs_r2,pred_obs_r2_exp
8700,0.49274593441038406,0.8152703903411826,0.7030618832815904
