var,rel.inf
pH,15.368174779939888
rough_Surface.T,12.555629672998158
MAP,12.431852959100492
rough_Clay,10.74692485908699
rough_Elevation,10.089948208124571
Clay,8.3775572963957
rough_Soil.C,6.583325990285982
rough_MAP,5.934751677038439
rough_CEC,5.2172395012064134
Elevation,4.125877858722633
PDQ,3.4268303252907217
rough_NDVI,3.016679534114937
CEC,2.1252073376950715
