nt,pseudo_r2,pred_obs_r2,pred_obs_r2_exp
7400,0.5079745221128322,0.7975799345318689,0.6854645670670775
