var,rel.inf
pH,15.435142348008045
rough_Surface.T,12.43562426165541
MAP,12.239446503794786
rough_Clay,10.830160095378636
rough_Elevation,10.136005398760297
Clay,8.519394962915342
rough_Soil.C,6.278841704613671
rough_MAP,6.046494232010251
rough_CEC,5.287922530387435
Elevation,4.054639788692151
PDQ,3.568725579874659
rough_NDVI,2.930055053134126
CEC,2.2375475407751892
