nt,pseudo_r2,pred_obs_r2,pred_obs_r2_exp
7850,0.4939366784333111,0.8048905136988799,0.6937293344904938
