var,rel.inf
pH,15.42978746640997
rough_Surface.T,12.585695989530928
MAP,12.133214350433292
rough_Clay,10.777833372933102
rough_Elevation,10.28379870112279
Clay,8.464613562647687
rough_Soil.C,6.556115031915384
rough_MAP,5.9043891693774375
rough_CEC,5.519411184496533
Elevation,3.9029377151167575
PDQ,3.3467306836614754
rough_NDVI,2.9798479478307223
CEC,2.115624824523927
