var,rel.inf
pH,15.520730096640637
MAP,12.474553064553623
rough_Surface.T,12.332942910605018
rough_Clay,10.606190007115654
rough_Elevation,10.001627253631039
Clay,8.265587855455761
rough_Soil.C,6.449122187051692
rough_MAP,5.982562910613907
rough_CEC,5.353098381976671
Elevation,3.9338982352501586
PDQ,3.636274815405459
rough_NDVI,3.1327213715454203
CEC,2.310690910154967
