var,rel.inf
pH,15.700969083926047
rough_Surface.T,12.586112826496255
MAP,12.223863998596212
rough_Clay,10.710442317309543
rough_Elevation,10.157576450013977
Clay,8.479530440584254
rough_Soil.C,6.329078020757838
rough_MAP,6.090728340535017
rough_CEC,5.287601394350038
Elevation,3.9815415536566676
PDQ,3.473886649303403
rough_NDVI,2.9520711584659414
CEC,2.026597766004801
