var,rel.inf
pH,15.661116395513268
rough_Surface.T,12.182406167599275
MAP,12.100151534213337
rough_Clay,10.719261930692225
rough_Elevation,10.146298016419378
Clay,8.467245839817569
rough_Soil.C,6.287859957606919
rough_MAP,6.033398868046726
rough_CEC,5.414568913718174
Elevation,4.016711386332981
PDQ,3.621931331760774
rough_NDVI,3.0838797617420517
CEC,2.2651698965373175
