nt,pseudo_r2,pred_obs_r2,pred_obs_r2_exp
7700,0.5098442535095702,0.8013334161180916,0.6855369800600981
