nt,pseudo_r2,pred_obs_r2,pred_obs_r2_exp
7850,0.49602335255104046,0.8038986516483257,0.6925090538946049
