var,rel.inf
pH,15.301019340544208
rough_Surface.T,12.382838992368141
MAP,12.325072403631008
rough_Clay,11.010589843546901
rough_Elevation,10.158668864080822
Clay,8.3091452902475
rough_Soil.C,6.486195075805783
rough_MAP,5.954435693823502
rough_CEC,5.249605365480478
Elevation,4.014986170394507
PDQ,3.4883738165334233
rough_NDVI,3.0089438758280416
CEC,2.3101252677156894
