nt,pseudo_r2,pred_obs_r2,pred_obs_r2_exp
7750,0.4895572148058267,0.8028290362818519,0.691449214555179
