var,rel.inf
pH,15.78714735081131
rough_Surface.T,12.371374378114822
MAP,12.245310546141809
rough_Clay,10.683597280801589
rough_Elevation,10.198347452752133
Clay,8.293065294186363
rough_Soil.C,6.431379291342869
rough_MAP,5.961176355126975
rough_CEC,5.446234875773393
Elevation,3.9655057666093474
PDQ,3.453915922441025
rough_NDVI,3.111497026148947
CEC,2.0514484597494227
