nt,pseudo_r2,pred_obs_r2,pred_obs_r2_exp
7550,0.4737534296831676,0.7988852754186123,0.6874395565262027
