var,rel.inf
pH,15.711102859486187
rough_Surface.T,12.34277614495823
MAP,12.266756331971225
rough_Clay,10.671967562306413
rough_Elevation,10.215702270111434
Clay,8.445251475655429
rough_Soil.C,6.482889253021267
rough_MAP,5.9180748201521
rough_CEC,5.407791161138798
Elevation,3.987546525416704
PDQ,3.5219923100120143
rough_NDVI,2.9696018881446204
CEC,2.058547397625587
