var,rel.inf
pH,15.500419904848396
rough_Surface.T,12.519035052871075
MAP,11.995899866849639
rough_Clay,10.735824946835882
rough_Elevation,10.13927457773323
Clay,8.718639836686718
rough_Soil.C,6.205237932289702
rough_MAP,6.045755339631928
rough_CEC,5.526799485329686
Elevation,3.846068097691254
PDQ,3.564247708220373
rough_NDVI,2.991858447040257
CEC,2.210938803971865
