nt,pseudo_r2,pred_obs_r2,pred_obs_r2_exp
7200,0.4955111090741605,0.7941339898691109,0.6802853996918511
