nt,pseudo_r2,pred_obs_r2,pred_obs_r2_exp
7850,0.5027749516246135,0.8038391468956261,0.691842560143297
