var,rel.inf
pH,15.496351487451221
rough_Surface.T,12.403719284497498
MAP,12.053071019486637
rough_Clay,10.667098106733661
rough_Elevation,10.300289300478537
Clay,8.423105396807983
rough_Soil.C,6.451538129042209
rough_MAP,6.140708607068569
rough_CEC,5.429062566488395
Elevation,4.008795649548657
PDQ,3.41450455609091
rough_NDVI,2.993070422865065
CEC,2.218685473440657
