var,rel.inf
pH,15.645568810652067
MAP,12.375327491144047
rough_Surface.T,12.274508069214967
rough_Clay,10.627977978769328
rough_Elevation,10.276243726961312
Clay,8.349711208890524
rough_Soil.C,6.383563458353534
rough_MAP,5.994743783006094
rough_CEC,5.468139722851344
Elevation,4.192349067872547
PDQ,3.3634932249992833
rough_NDVI,2.9221345508790506
CEC,2.126238906405905
