var,rel.inf
pH,15.330749093247947
rough_Surface.T,12.3369191164934
MAP,12.113609593951812
rough_Clay,10.756662813306093
rough_Elevation,10.074889088795391
Clay,8.555191261289295
rough_Soil.C,6.455427709030954
rough_MAP,6.270722009805616
rough_CEC,5.468621165653685
Elevation,4.125136205356117
PDQ,3.39379502145859
rough_NDVI,2.9613608922271464
CEC,2.1569160293839533
