var,rel.inf
pH,15.24280248717747
MAP,12.3714245553719
rough_Surface.T,12.070544376121331
rough_Clay,10.823936004096607
rough_Elevation,10.163856411243126
Clay,8.360760208618876
rough_Soil.C,6.549699450887316
rough_MAP,6.098410077938799
rough_CEC,5.415299921224687
Elevation,3.9736772059054033
PDQ,3.507041237536591
rough_NDVI,3.098483695165616
CEC,2.324064368712277
