var,rel.inf
pH,15.609128315977568
rough_Surface.T,12.364514310885582
MAP,12.2468082163796
rough_Clay,10.837790224779807
rough_Elevation,10.12851006175782
Clay,8.374743180743652
rough_Soil.C,6.377983040382638
rough_MAP,5.958009906314495
rough_CEC,5.356524265260476
Elevation,4.023519683692613
PDQ,3.476843830993929
rough_NDVI,3.037553893506814
CEC,2.2080710693250003
