nt,pseudo_r2,pred_obs_r2,pred_obs_r2_exp
8100,0.4918543195782711,0.8083276541114969,0.6971216317538126
