var,rel.inf
pH,15.650004243146643
rough_Surface.T,12.636119218599866
MAP,12.309868150041899
rough_Clay,10.787726694910104
rough_Elevation,10.247854198516904
Clay,8.447060820526845
rough_Soil.C,6.291728342139346
rough_MAP,5.7292295790818555
rough_CEC,5.272525229592222
Elevation,4.073370345534449
PDQ,3.4977844786237418
rough_NDVI,2.9938880335293243
CEC,2.0628406657568075
