nt,pseudo_r2,pred_obs_r2,pred_obs_r2_exp
6800,0.4806557971434319,0.7876258788009529,0.673076180662054
