var,rel.inf
pH,15.476319701282552
rough_Surface.T,12.410789021768664
MAP,12.192181313533684
rough_Clay,10.745026881658525
rough_Elevation,10.214059628877308
Clay,8.427986481447283
rough_Soil.C,6.58377979801673
rough_MAP,5.9842719038607415
rough_CEC,5.214085182021311
Elevation,3.906297397794714
PDQ,3.5622310285834327
rough_NDVI,3.078591320939999
CEC,2.2043803402150575
