nt,pseudo_r2,pred_obs_r2,pred_obs_r2_exp
8950,0.4802352417224247,0.8190906769939277,0.7073411152338788
