nt,pseudo_r2,pred_obs_r2,pred_obs_r2_exp
9150,0.5046679430127639,0.8210704931014201,0.7099649914318709
