nt,pseudo_r2,pred_obs_r2,pred_obs_r2_exp
7450,0.4843796566824028,0.798721603051633,0.6839390731095315
