var,rel.inf
pH,15.369700631578151
rough_Surface.T,12.343996097327773
MAP,12.143532763537426
rough_Clay,10.699925786392212
rough_Elevation,10.220498457883798
Clay,8.487756617760443
rough_Soil.C,6.406792074934311
rough_MAP,6.028962850369951
rough_CEC,5.353043376542177
Elevation,4.077236726712071
PDQ,3.4803813884414225
rough_NDVI,3.1066383376295508
CEC,2.2815348908907134
