var,rel.inf
pH,15.722922337884608
rough_Surface.T,12.228743694911783
MAP,12.202008849212904
rough_Clay,10.865792366599957
rough_Elevation,10.125056924488389
Clay,8.391706791552155
rough_MAP,6.263102677100158
rough_Soil.C,6.2075245415723215
rough_CEC,5.490319537447751
Elevation,3.972614726747935
PDQ,3.3660991085012575
rough_NDVI,2.9833866686369563
CEC,2.1807217753438235
