nt,pseudo_r2,pred_obs_r2,pred_obs_r2_exp
8600,0.5044939893419302,0.8138017170138874,0.7021997274735802
