var,rel.inf
pH,15.88071129253997
rough_Surface.T,12.354744693759566
MAP,11.733721823937788
rough_Clay,10.54901857786838
rough_Elevation,10.338689793406461
Clay,8.397043758444127
rough_Soil.C,6.4629966351586
rough_MAP,6.249541123771494
rough_CEC,5.415788825421936
Elevation,4.091298464450214
PDQ,3.4707678645650653
rough_NDVI,2.9385162245047125
CEC,2.1171609221716854
