nt,pseudo_r2,pred_obs_r2,pred_obs_r2_exp
7400,0.47504387674345194,0.7974860978084737,0.685697348863635
