nt,pseudo_r2,pred_obs_r2,pred_obs_r2_exp
8450,0.4963977898071569,0.8116249185481004,0.7004983643359372
