nt,pseudo_r2,pred_obs_r2,pred_obs_r2_exp
7650,0.4787090232606409,0.8007306833925169,0.6861890003495166
