var,rel.inf
pH,15.456681763543566
MAP,12.430454630691893
rough_Surface.T,12.359925873096497
rough_Clay,10.832893404946551
rough_Elevation,10.190807480426546
Clay,8.411501108833434
rough_Soil.C,6.435334052495916
rough_MAP,5.961312351917481
rough_CEC,5.258336181029897
Elevation,4.121334439583329
PDQ,3.442013357134667
rough_NDVI,2.9616872086274184
CEC,2.137718147672816
