nt,pseudo_r2,pred_obs_r2,pred_obs_r2_exp
8350,0.5249546571802436,0.8101820193006166,0.6988111614006519
