var,rel.inf
pH,15.369312433866948
MAP,12.28632479916701
rough_Surface.T,12.229473495751028
rough_Clay,10.785806757973166
rough_Elevation,10.251318780893499
Clay,8.41233820397227
rough_Soil.C,6.3163766505448296
rough_MAP,6.131917388687045
rough_CEC,5.5246723517942025
Elevation,4.016477087737786
PDQ,3.516705912965781
rough_NDVI,3.052917663976064
CEC,2.1063584726703706
