nt,pseudo_r2,pred_obs_r2,pred_obs_r2_exp
8250,0.500285080500823,0.8092363014049182,0.7002026480209531
