nt,pseudo_r2,pred_obs_r2,pred_obs_r2_exp
8850,0.4987330989985084,0.8178875607805491,0.7063657221419416
