var,rel.inf
pH,15.138150758322984
MAP,12.139977528502758
rough_Surface.T,12.101652589058281
rough_Clay,10.75718182134767
rough_Elevation,10.114819135711896
Clay,8.574330937848371
rough_Soil.C,6.390158894323941
rough_MAP,6.044693049407026
rough_CEC,5.363143620388996
Elevation,4.056127351630193
PDQ,3.6780719293078135
rough_NDVI,3.2215207586773653
CEC,2.420171625472707
