nt,pseudo_r2,pred_obs_r2,pred_obs_r2_exp
8200,0.49511496887246786,0.808533228121657,0.6964167109653183
