var,rel.inf
pH,15.319565712238909
MAP,12.598039793124997
rough_Surface.T,12.15426268922963
rough_Clay,10.690611766026528
rough_Elevation,10.192309752362291
Clay,8.303286594018518
rough_Soil.C,6.512277135869693
rough_MAP,5.916322972694017
rough_CEC,5.398286562557697
Elevation,3.9949572637400674
PDQ,3.519423497321894
rough_NDVI,3.149855120650618
CEC,2.2508011401651453
