var,rel.inf
pH,15.633172379610984
rough_Surface.T,12.5490562706866
MAP,12.136004825294597
rough_Clay,10.68240542364011
rough_Elevation,10.198609469853128
Clay,8.523893388519479
rough_Soil.C,6.329118968442662
rough_MAP,6.117763091990242
rough_CEC,5.386433589962496
Elevation,4.146396854941503
PDQ,3.3732086918584576
rough_NDVI,2.8974945842600115
CEC,2.0264424609397245
