var,rel.inf
MAP,38.20374822404295
PDQ,14.256802319301496
rough_MAP,12.12032959879996
Elevation,9.768476107290757
CEC,5.962269033545248
rough_PDQ,3.9140919271215613
pH,2.7976341319945854
Clay,2.39006965715448
rough_Elevation,2.370460978552747
rough_CEC,2.097883933393499
rough_Soil.C,2.0817953912120823
rough_NDVI,1.5221334124821324
Surface.T,1.4070066673626245
rough_Surface.T,1.1072986177458821
