nt,pseudo_r2,pred_obs_r2,pred_obs_r2_exp
6950,0.4838464480992535,0.7349584986606054,0.5876713203359281
