nt,pseudo_r2,pred_obs_r2,pred_obs_r2_exp
8200,0.49971232310399627,0.753563880013608,0.6040222492883426
