var,rel.inf
MAP,37.5749549524643
PDQ,14.10511985785948
rough_MAP,12.320913816494015
Elevation,9.957022834335465
CEC,5.981613207316488
rough_PDQ,3.9235303940855912
pH,2.983574198698037
Clay,2.5700894004340182
rough_Elevation,2.413743388377926
rough_CEC,2.1886184897265655
rough_Soil.C,2.0661604870235784
rough_NDVI,1.4621829559607196
Surface.T,1.2888336319802824
rough_Surface.T,1.163642385243523
