nt,pseudo_r2,pred_obs_r2,pred_obs_r2_exp
8550,0.5000921287452341,0.759363645016762,0.6082176892967296
