var,rel.inf
MAP,38.29499328838873
PDQ,14.37612130906391
rough_MAP,11.76503344863302
Elevation,9.667796619090511
CEC,6.188883295814162
rough_PDQ,3.805972626179949
pH,2.771133598408996
rough_Elevation,2.4265141573594353
Clay,2.376095766010083
rough_Soil.C,2.1680195531779773
rough_CEC,2.1381296581369806
rough_NDVI,1.3903113918259697
Surface.T,1.3877663121564157
rough_Surface.T,1.243228975753858
