var,rel.inf
MAP,37.87151197907036
PDQ,14.314767825989506
rough_MAP,12.313037959483635
Elevation,10.075493745627476
CEC,5.91789645870944
rough_PDQ,3.841943600049592
pH,2.7243704009087
Clay,2.48805914778918
rough_Elevation,2.449658988533931
rough_Soil.C,2.0849255290991024
rough_CEC,1.9948121078533214
rough_NDVI,1.4376106852470267
Surface.T,1.3711628428528102
rough_Surface.T,1.1147487287859148
