nt,pseudo_r2,pred_obs_r2,pred_obs_r2_exp
7350,0.49884087695084345,0.7419221043119069,0.5937568009854635
