var,rel.inf
MAP,38.130558573682805
PDQ,14.27861604646003
rough_MAP,12.329904737121266
Elevation,9.954551115545296
CEC,6.003761856997714
rough_PDQ,3.8766727594621493
pH,2.859343225309137
Clay,2.4014120396400163
rough_Elevation,2.3485029090676837
rough_CEC,2.044942446124751
rough_Soil.C,1.8772993110673875
rough_NDVI,1.4369092324216621
Surface.T,1.2448199089492358
rough_Surface.T,1.2127058381508768
