nt,pseudo_r2,pred_obs_r2,pred_obs_r2_exp
6900,0.4984830598211367,0.7346433410081695,0.5867572695396074
