var,rel.inf
MAP,36.780361258600834
PDQ,13.987117996827354
rough_MAP,12.224022581980616
Elevation,9.7327515900232
CEC,5.913462721216894
rough_PDQ,4.093668803818262
pH,3.09973242645619
Clay,2.747184959537141
rough_Elevation,2.387118545952203
rough_CEC,2.3203617314233416
rough_Soil.C,2.030883968828534
rough_NDVI,1.7997444225864059
Surface.T,1.6282243448603653
rough_Surface.T,1.255364647888659
