var,rel.inf
MAP,37.70253041891328
PDQ,14.234697892619122
rough_MAP,12.31090523196424
Elevation,9.616055506629891
CEC,6.084295976902151
rough_PDQ,3.878562579877827
pH,2.823001115878675
Clay,2.5037579059573143
rough_Elevation,2.46679695483118
rough_CEC,2.2066823442017856
rough_Soil.C,1.991942533384854
rough_NDVI,1.606454912756831
Surface.T,1.386014751278392
rough_Surface.T,1.1883018748044594
