var,rel.inf
MAP,37.056837625034674
PDQ,14.294630502484438
rough_MAP,11.765729522143026
Elevation,9.80202818153579
CEC,6.082575243367843
rough_PDQ,4.0353111199393
pH,3.080405733496707
Clay,2.5257046897445563
rough_Elevation,2.394863374706632
rough_CEC,2.3805550663111648
rough_Soil.C,2.097905576829385
rough_NDVI,1.6867807891352078
Surface.T,1.5413394955576618
rough_Surface.T,1.2553330797136049
