nt,pseudo_r2,pred_obs_r2,pred_obs_r2_exp
6850,0.4861779218955974,0.7314496568962757,0.5858585628337899
