nt,pseudo_r2,pred_obs_r2,pred_obs_r2_exp
7350,0.49850944997099544,0.7415806855326984,0.59150978202104465
