var,rel.inf
MAP,37.96190880122475
PDQ,14.186849530532204
rough_MAP,12.157435117379725
Elevation,9.884674102809532
CEC,6.122060285169702
rough_PDQ,3.9369990388201397
pH,2.7269157432230404
rough_Elevation,2.420435971940393
Clay,2.4044807268273574
rough_CEC,2.052532665938185
rough_Soil.C,1.9958269833068831
rough_NDVI,1.5408739114370478
Surface.T,1.4119320275335763
rough_Surface.T,1.1970750938574566
