nt,pseudo_r2,pred_obs_r2,pred_obs_r2_exp
7500,0.49076709574025157,0.7435388685139541,0.5953846069747487
