nt,pseudo_r2,pred_obs_r2,pred_obs_r2_exp
7300,0.48919604484520174,0.7402627937717176,0.5918996180901452
