var,rel.inf
MAP,38.0437408758718
PDQ,14.260058093660259
rough_MAP,12.45109990612959
Elevation,9.921205639537687
CEC,6.014907612239344
rough_PDQ,3.8977828844848403
pH,2.7078107707150743
Clay,2.5231486443853384
rough_Elevation,2.3390418850966173
rough_CEC,2.054067498491456
rough_Soil.C,1.9150975992405121
rough_NDVI,1.4513887565971486
Surface.T,1.3201048925472059
rough_Surface.T,1.1005449410031234
