nt,pseudo_r2,pred_obs_r2,pred_obs_r2_exp
8e3,0.49388506418152334,0.7514600953160454,0.6019214259343628
