nt,pseudo_r2,pred_obs_r2,pred_obs_r2_exp
7500,0.5031761092516633,0.7431634367500201,0.595082200651024
