var,rel.inf
MAP,38.12993136611402
PDQ,14.05556096624953
rough_MAP,12.000113651602659
Elevation,9.80102665130598
CEC,6.112047464972848
rough_PDQ,3.8768707566657334
pH,2.9550290278038234
Clay,2.464536691703476
rough_Elevation,2.38065109803997
rough_CEC,2.155884540017665
rough_Soil.C,1.928687791175531
rough_NDVI,1.5875301032745328
Surface.T,1.3761777310842314
rough_Surface.T,1.175952159989992
