var,rel.inf
MAP,35.97909929934182
PDQ,14.134257587346797
rough_MAP,12.140421086816051
Elevation,9.567199618130163
CEC,6.024869562444282
rough_PDQ,4.166014504184603
pH,2.9452705951086804
Clay,2.8685780560556413
rough_Elevation,2.559984312958968
rough_CEC,2.5598802159720977
rough_Soil.C,2.130666254107812
rough_NDVI,1.8656832097198883
Surface.T,1.6674191216486165
rough_Surface.T,1.3906565761645908
