var,rel.inf
MAP,37.84022616394254
PDQ,14.014732835816774
rough_MAP,12.2818432820652
Elevation,9.86071717396415
CEC,6.127515998694609
rough_PDQ,3.898416871469472
pH,2.8202689756859414
Clay,2.5175915687266164
rough_Elevation,2.3528654978741623
rough_CEC,2.0570025586802765
rough_Soil.C,1.9484530647850355
rough_NDVI,1.5875760586810674
Surface.T,1.4495494515913754
rough_Surface.T,1.2432404980227822
