nt,pseudo_r2,pred_obs_r2,pred_obs_r2_exp
7050,0.4927632209696434,0.7363424406150515,0.589122221414161
