var,rel.inf
MAP,37.86206153373317
PDQ,14.10153928454445
rough_MAP,12.295185842268554
Elevation,9.960845892875469
CEC,6.180403209555214
rough_PDQ,4.042605894919456
pH,2.5790429586000134
Clay,2.5491199932113737
rough_Elevation,2.3364098170559973
rough_CEC,2.1546040091974126
rough_Soil.C,1.8857190519995224
rough_NDVI,1.5386118816570087
Surface.T,1.344136212701038
rough_Surface.T,1.169714417681322
