nt,pseudo_r2,pred_obs_r2,pred_obs_r2_exp
7200,0.4819601966152156,0.7390757125205709,0.5911182446239363
