nt,pseudo_r2,pred_obs_r2,pred_obs_r2_exp
7450,0.49205205510732475,0.7434868343593057,0.5926518747075706
