var,rel.inf
MAP,37.41772725494357
PDQ,14.270799943078517
rough_MAP,11.77927295135707
Elevation,9.792090389497913
CEC,6.085160200831333
rough_PDQ,3.8854177664619702
pH,2.93955542308541
Clay,2.5594644889129072
rough_Elevation,2.466621229737985
rough_CEC,2.359950787133616
rough_Soil.C,2.1518350799651675
rough_NDVI,1.6101123597700315
Surface.T,1.4944081228824175
rough_Surface.T,1.1875840023420854
