nt,pseudo_r2,pred_obs_r2,pred_obs_r2_exp
7100,0.4921761051292598,0.7364327953368968,0.5882740192305219
