nt,pseudo_r2,pred_obs_r2,pred_obs_r2_exp
7300,0.490315886268175,0.740560415739412,0.5929172535999955
