nt,pseudo_r2,pred_obs_r2,pred_obs_r2_exp
8050,0.5026722628707962,0.7519852056476979,0.601469517698665
