nt,pseudo_r2,pred_obs_r2,pred_obs_r2_exp
7750,0.5004969616449906,0.747884158837617,0.5993109125317907
