nt,pseudo_r2,pred_obs_r2,pred_obs_r2_exp
6950,0.4920699319052081,0.7357087981755093,0.5874003566737347
