nt,pseudo_r2,pred_obs_r2,pred_obs_r2_exp
6050,0.47445089781376393,0.7181532466649361,0.5740087501544451
