nt,pseudo_r2,pred_obs_r2,pred_obs_r2_exp
6200,0.4839827509275174,0.7201707234291647,0.5754468407901877
