var,rel.inf
MAP,37.81351640911652
PDQ,14.201912558205128
rough_MAP,12.300743457734647
Elevation,9.840386375185597
CEC,6.026981370892944
rough_PDQ,3.799099235070499
pH,2.9119865805600815
rough_Elevation,2.46580051642784
Clay,2.429281372616883
rough_CEC,2.1559628011331644
rough_Soil.C,1.9843559666857262
rough_NDVI,1.5255130706989524
Surface.T,1.3361934663302242
rough_Surface.T,1.2082668193417925
