nt,pseudo_r2,pred_obs_r2,pred_obs_r2_exp
7650,0.4827372581000837,0.74621177645181,0.5964173985316794
