var,rel.inf
MAP,38.05930665623751
PDQ,14.350392907360682
rough_MAP,12.237237889587202
Elevation,9.952793198771623
CEC,5.9043705599339615
rough_PDQ,3.741701666151889
pH,2.77999646178645
Clay,2.5378593839759893
rough_Elevation,2.3652219638339402
rough_CEC,2.040717172251593
rough_Soil.C,2.006645838231743
rough_NDVI,1.5279336288835044
Surface.T,1.3385649104028623
rough_Surface.T,1.1572577625910496
