nt,pseudo_r2,pred_obs_r2,pred_obs_r2_exp
6950,0.48998900248570254,0.7350835529027533,0.587988831760162
