nt,pseudo_r2,pred_obs_r2,pred_obs_r2_exp
8050,0.5011245284028749,0.7525477432540361,0.601128020524476
