nt,pseudo_r2,pred_obs_r2,pred_obs_r2_exp
7700,0.49407565637019024,0.7471896807296442,0.5965007275523179
