nt,pseudo_r2,pred_obs_r2,pred_obs_r2_exp
7350,0.4967123112651757,0.7415346147693928,0.5931559154694247
