var,rel.inf
MAP,37.68616374064945
PDQ,14.134738466919803
rough_MAP,12.320216922633065
Elevation,9.705260373761659
CEC,6.182055637466177
rough_PDQ,3.9243518746920554
pH,2.77444498678965
Clay,2.5346201442665706
rough_Elevation,2.3058383622382594
rough_CEC,2.1662015927955256
rough_Soil.C,2.005620187758626
rough_NDVI,1.6159149802847543
Surface.T,1.4713571174428757
rough_Surface.T,1.1732156123015365
