var,rel.inf
MAP,37.74301096086986
PDQ,14.151751872862992
rough_MAP,12.230829978988949
Elevation,9.722092400123886
CEC,6.017681966598134
rough_PDQ,3.8317581178940276
pH,2.985609928858339
Clay,2.5072099019418665
rough_Elevation,2.3785826019390983
rough_CEC,2.111201536622838
rough_Soil.C,2.0956404501356163
rough_NDVI,1.6121799150621006
Surface.T,1.4106785484384394
rough_Surface.T,1.2017718196638438
