nt,pseudo_r2,pred_obs_r2,pred_obs_r2_exp
7950,0.5000324352211958,0.7508351167855576,0.5993333088827517
