nt,pseudo_r2,pred_obs_r2,pred_obs_r2_exp
8300,0.49906671425295746,0.7556899787342146,0.6033540701800076
