nt,pseudo_r2,pred_obs_r2,pred_obs_r2_exp
7050,0.4787743531811839,0.7360748231613626,0.5886961105586099
