var,rel.inf
MAP,38.28380796530586
PDQ,14.237038042393916
rough_MAP,12.616137864790788
Elevation,9.98500237303495
CEC,5.881224594339183
rough_PDQ,3.889809323755003
pH,2.81386373246648
Clay,2.3548093982003584
rough_Elevation,2.311594865483207
rough_CEC,2.0208920722133477
rough_Soil.C,1.901398644854722
rough_NDVI,1.347090903108378
Surface.T,1.2837281046799263
rough_Surface.T,1.0736021153738764
