nt,pseudo_r2,pred_obs_r2,pred_obs_r2_exp
7450,0.49467562991906966,0.7434955790824976,0.5947724056611494
