var,rel.inf
MAP,38.127127354662356
PDQ,14.255132366764553
rough_MAP,12.20624971765856
Elevation,9.867827634291132
CEC,6.043810714618174
rough_PDQ,3.968963955755918
pH,2.8474720271588514
Clay,2.4655227897940937
rough_Elevation,2.285693295577477
rough_CEC,2.0127542852585423
rough_Soil.C,1.8868277337589423
rough_NDVI,1.5581878910890647
Surface.T,1.3548252167961938
rough_Surface.T,1.1196050168161362
