nt,pseudo_r2,pred_obs_r2,pred_obs_r2_exp
8800,0.5005350468701416,0.7623685182923555,0.6099075084364668
