nt,pseudo_r2,pred_obs_r2,pred_obs_r2_exp
7850,0.4960913713493973,0.7490910220266875,0.5990710423165169
