var,rel.inf
MAP,38.17402578996453
PDQ,14.221811760943062
rough_MAP,12.223871057391774
Elevation,9.76030414388349
CEC,6.001476155580801
rough_PDQ,3.791338527692415
pH,2.78832384774914
Clay,2.445099608130888
rough_Elevation,2.4067641679607874
rough_Soil.C,2.097292747324625
rough_CEC,2.018611949429793
rough_NDVI,1.582704250442808
Surface.T,1.3285447088375244
rough_Surface.T,1.1598312846683656
