nt,pseudo_r2,pred_obs_r2,pred_obs_r2_exp
7150,0.4981290058043192,0.7382879679436025,0.589067587730282
