nt,pseudo_r2,pred_obs_r2,pred_obs_r2_exp
6800,0.4772347941728686,0.7316820373668192,0.5846279614111426
