nt,pseudo_r2,pred_obs_r2,pred_obs_r2_exp
7600,0.4964402883845196,0.7450601612741995,0.5948093549676262
