var,rel.inf
MAP,37.793536063476445
PDQ,14.103695983710208
rough_MAP,12.235382299518259
Elevation,9.869466076296519
CEC,6.060721773109
rough_PDQ,4.019935744217495
pH,2.832994664220385
Clay,2.557873733886669
rough_Elevation,2.341425155124939
rough_CEC,2.198515784093183
rough_Soil.C,1.86896861839302
rough_NDVI,1.5687782224865545
Surface.T,1.3557837317243182
rough_Surface.T,1.1929221497430036
