nt,pseudo_r2,pred_obs_r2,pred_obs_r2_exp
7850,0.49463745184784025,0.748191102667627,0.5991947844403974
