nt,pseudo_r2,pred_obs_r2,pred_obs_r2_exp
6700,0.494178199957376,0.7310093559623637,0.5835896802933075
