var,rel.inf
MAP,37.18696605834846
PDQ,14.099600255342239
rough_MAP,12.300558837722704
Elevation,9.720948250693061
CEC,6.09764737622587
rough_PDQ,4.027544103646644
pH,2.8508814192614484
rough_Elevation,2.5083027022187716
Clay,2.4705414291823162
rough_CEC,2.3260332345164203
rough_Soil.C,2.068073706309366
rough_NDVI,1.618648527685776
Surface.T,1.4734355753976085
rough_Surface.T,1.250818523449313
