nt,pseudo_r2,pred_obs_r2,pred_obs_r2_exp
8100,0.5092220067531257,0.7532456866262806,0.6030655509444113
