var,rel.inf
MAP,37.53729778857426
PDQ,14.18584434425346
rough_MAP,12.11943119726025
Elevation,9.89523510894874
CEC,5.956309198214429
rough_PDQ,3.8934162371271075
pH,2.9272582480548675
Clay,2.4825048828162646
rough_Elevation,2.316649494003783
rough_CEC,2.287657272743322
rough_Soil.C,2.1052896554130895
rough_NDVI,1.6236690814921442
Surface.T,1.436073653264564
rough_Surface.T,1.2333638378337246
