var,rel.inf
MAP,37.06588320629272
PDQ,14.137956455452025
rough_MAP,12.15912848620426
Elevation,9.434847315789018
CEC,6.178604305369065
rough_PDQ,4.016682934759463
pH,3.0571725234246796
Clay,2.6088942980951924
rough_Elevation,2.3998345199228863
rough_CEC,2.3341800448192953
rough_Soil.C,2.0233233811050817
rough_NDVI,1.6971384382160861
Surface.T,1.6083145756939652
rough_Surface.T,1.2780395148562667
