var,rel.inf
MAP,38.104241313781046
PDQ,14.050292574489633
rough_MAP,12.300521567709485
Elevation,9.862229881163518
CEC,6.011897008681283
rough_PDQ,3.888787827132251
pH,2.827206598540007
rough_Elevation,2.4419077666238955
Clay,2.4098152873804106
rough_CEC,2.111043685137393
rough_Soil.C,2.0266167850831454
rough_NDVI,1.5179483743750843
Surface.T,1.3308771047816013
rough_Surface.T,1.1166142251212439
