nt,pseudo_r2,pred_obs_r2,pred_obs_r2_exp
6700,0.4776282617465135,0.7297136301562598,0.5821992627098741
