nt,pseudo_r2,pred_obs_r2,pred_obs_r2_exp
8700,0.5136283751990534,0.7608960411919864,0.6109394159058145
