nt,pseudo_r2,pred_obs_r2,pred_obs_r2_exp
7e3,0.476183600070505,0.7354322527074166,0.5875736047884711
