nt,pseudo_r2,pred_obs_r2,pred_obs_r2_exp
7350,0.49452472591695784,0.7407724769101677,0.5914503550818596
