nt,pseudo_r2,pred_obs_r2,pred_obs_r2_exp
7600,0.49896199330126956,0.744208665159329,0.5956845390820082
