var,rel.inf
MAP,37.92777503492987
PDQ,14.184311753513986
rough_MAP,11.984665075623951
Elevation,9.655692362493655
CEC,6.119794176808018
rough_PDQ,3.8694828901951124
pH,2.8441284213173557
Clay,2.5510769832345623
rough_Elevation,2.330548486782854
rough_CEC,2.1677567330930705
rough_Soil.C,2.1137845322163797
rough_NDVI,1.5711952085431677
Surface.T,1.4049537495114068
rough_Surface.T,1.274834591736606
