var,rel.inf
MAP,37.822898162207956
PDQ,14.22080533385173
rough_MAP,12.194422033676823
Elevation,9.859701117296417
CEC,6.1660075867871456
rough_PDQ,3.868056214552672
pH,2.7900048888346864
Clay,2.5635849130246204
rough_Elevation,2.337516633278365
rough_CEC,2.0791589004053708
rough_Soil.C,2.003729806952389
rough_NDVI,1.4804303413242939
Surface.T,1.4390924943240415
rough_Surface.T,1.174591573483484
