nt,pseudo_r2,pred_obs_r2,pred_obs_r2_exp
7200,0.506115973161952,0.7396134949481498,0.5900466452094203
