var,rel.inf
MAP,37.31671964314141
PDQ,14.186301039008418
rough_MAP,12.472876974881691
Elevation,9.76071073560572
CEC,6.118893453466364
rough_PDQ,3.903855135004007
pH,2.841230557387519
Clay,2.5759571626063353
rough_Elevation,2.4264271239829243
rough_CEC,2.147961944049553
rough_Soil.C,2.0618967379266175
rough_NDVI,1.614431977955131
Surface.T,1.4136958723273827
rough_Surface.T,1.1590416426569214
