var,rel.inf
MAP,38.5155067616315
PDQ,14.437666684896355
rough_MAP,12.14763895003913
Elevation,9.784504062160876
CEC,6.0533653885358545
rough_PDQ,3.823220446212448
pH,2.6837822698937672
rough_Elevation,2.338630200163448
Clay,2.3082710239753492
rough_Soil.C,2.0411436618746
rough_CEC,1.99091435948021
rough_NDVI,1.3791559464558645
Surface.T,1.3722526022585948
rough_Surface.T,1.1239476424219925
