var,rel.inf
MAP,37.60377377275827
PDQ,14.44431163998177
rough_MAP,12.144497710965794
Elevation,9.897433267491694
CEC,5.969895084090682
rough_PDQ,3.94742116359652
pH,2.8519041091994892
Clay,2.447520831190485
rough_Elevation,2.355042981997493
rough_CEC,2.0877163698866497
rough_Soil.C,2.0183336202045794
rough_NDVI,1.5914678575590406
Surface.T,1.4870811426289448
rough_Surface.T,1.1536004484485896
