nt,pseudo_r2,pred_obs_r2,pred_obs_r2_exp
7450,0.49747949922688695,0.7435607856998805,0.5940686654926027
