nt,pseudo_r2,pred_obs_r2,pred_obs_r2_exp
7650,0.48792363257904114,0.7467317818901699,0.597583676249531
