nt,pseudo_r2,pred_obs_r2,pred_obs_r2_exp
8150,0.5085842057605964,0.7537522732037428,0.6035126563776235
