var,rel.inf
MAP,37.80538630621709
PDQ,14.253788096271101
rough_MAP,12.293539042816606
Elevation,10.004650290984781
CEC,5.896067219717067
rough_PDQ,3.85276830970141
pH,2.741305907603485
rough_Elevation,2.4493631213244886
Clay,2.4403758615283837
rough_CEC,2.1277816589459935
rough_Soil.C,2.1051924655058762
rough_NDVI,1.4815782288312664
Surface.T,1.3350523522571012
rough_Surface.T,1.2131511382953561
