var,rel.inf
MAP,38.164936179789024
PDQ,14.317756345879554
rough_MAP,12.179279550397805
Elevation,9.847791714980074
CEC,5.967609766364346
rough_PDQ,3.8763582274787387
pH,2.8551697738963027
Clay,2.3723251001013854
rough_Elevation,2.2908653477849508
rough_Soil.C,2.084938479768241
rough_CEC,1.993491299324522
rough_NDVI,1.5553550735641366
Surface.T,1.2512782950822396
rough_Surface.T,1.2428448455886703
