nt,pseudo_r2,pred_obs_r2,pred_obs_r2_exp
8300,0.49682586259994466,0.7547696357829319,0.6060871954648981
