var,rel.inf
MAP,37.64745055464186
PDQ,13.987206365574904
rough_MAP,11.973285730443182
Elevation,9.756254828093363
CEC,6.020621086429837
rough_PDQ,3.929389844299596
pH,2.969105500834315
Clay,2.612542563671989
rough_Elevation,2.3871612197195824
rough_CEC,2.333698420176841
rough_Soil.C,2.0687130003699945
rough_NDVI,1.6408273575414003
Surface.T,1.5129074517498278
rough_Surface.T,1.1608360764533088
