var,rel.inf
MAP,37.45560214612056
PDQ,14.159966209528461
rough_MAP,12.205279539818928
Elevation,9.954019362149525
CEC,6.002650462867829
rough_PDQ,3.972684201028489
pH,2.865555098871185
Clay,2.491846069590501
rough_Elevation,2.3354773199095855
rough_CEC,2.156758660627109
rough_Soil.C,2.1453413131562096
rough_NDVI,1.6291746288421753
Surface.T,1.4360793619974077
rough_Surface.T,1.1895656254920286
