var,rel.inf
MAP,37.71524040420348
PDQ,13.987518261835506
rough_MAP,12.208034080674867
Elevation,9.891676714442466
CEC,6.112010984596349
rough_PDQ,3.9969489638963536
pH,2.8424246950875354
Clay,2.5890595884035235
rough_Elevation,2.441855687397943
rough_CEC,2.1393441169265652
rough_Soil.C,1.9014885210589625
rough_NDVI,1.6175761083787656
Surface.T,1.41557701682358
rough_Surface.T,1.1412448562741033
