var,rel.inf
MAP,37.56675901737129
PDQ,14.244232651776159
rough_MAP,12.080266061975347
Elevation,9.962889093804387
CEC,5.974279286739398
rough_PDQ,3.9748816193753216
pH,2.9390250290535787
Clay,2.4954229737719578
rough_Elevation,2.3959293222423796
rough_CEC,2.108954134959454
rough_Soil.C,2.008082482166319
rough_NDVI,1.6100629265873467
Surface.T,1.3893034968273723
rough_Surface.T,1.2499119033496868
