nt,pseudo_r2,pred_obs_r2,pred_obs_r2_exp
8950,0.5048938641680563,0.7646110452813791,0.6136019419625869
