nt,pseudo_r2,pred_obs_r2,pred_obs_r2_exp
8100,0.48411931280229226,0.7524515832678187,0.6028513225742013
