nt,pseudo_r2,pred_obs_r2,pred_obs_r2_exp
7950,0.4963247079877524,0.7510394182108621,0.6005763451354091
