nt,pseudo_r2,pred_obs_r2,pred_obs_r2_exp
6850,0.48894531955839493,0.7324672435461471,0.5860699712943975
