var,rel.inf
MAP,37.64595761350252
PDQ,13.917877118812296
rough_MAP,11.76431047206758
Elevation,9.663616004845174
CEC,6.089904550841966
rough_PDQ,4.07503920663912
pH,2.8994435477622544
Clay,2.688511753737955
rough_Elevation,2.499470673872329
rough_CEC,2.314618351451119
rough_Soil.C,1.9775890011931343
rough_NDVI,1.648478654947727
Surface.T,1.5695550798752462
rough_Surface.T,1.2456279704515891
