nt,pseudo_r2,pred_obs_r2,pred_obs_r2_exp
8300,0.5006440262933414,0.7553943832526057,0.6046124753928247
