nt,pseudo_r2,pred_obs_r2,pred_obs_r2_exp
8400,0.4969376791854845,0.75684236353517,0.6056857931454739
