nt,pseudo_r2,pred_obs_r2,pred_obs_r2_exp
7750,0.4894613329130214,0.7480403583706438,0.5972847044218538
