nt,pseudo_r2,pred_obs_r2,pred_obs_r2_exp
7700,0.49676510625076375,0.7468488654108161,0.5964161651920359
