nt,pseudo_r2,pred_obs_r2,pred_obs_r2_exp
7400,0.5045664613635814,0.7417349390271245,0.5936834278167971
