nt,pseudo_r2,pred_obs_r2,pred_obs_r2_exp
7400,0.49298289997631306,0.7419175641459141,0.5938975009202709
