nt,pseudo_r2,pred_obs_r2,pred_obs_r2_exp
6900,0.49009612234772837,0.7331110600422014,0.5858437615687664
