var,rel.inf
MAP,38.3827704884836
PDQ,14.318419648227627
rough_MAP,12.210208468827062
Elevation,9.764220828429572
CEC,6.045046306330108
rough_PDQ,3.8333542905867826
pH,2.7386831571822468
rough_Elevation,2.3733112772031255
Clay,2.3353100078193463
rough_CEC,2.0278865951030194
rough_Soil.C,1.9903686658633293
rough_NDVI,1.4743765119974517
Surface.T,1.3199316368909124
rough_Surface.T,1.186112117055819
