var,rel.inf
MAP,38.338291340489405
PDQ,14.433217693242081
rough_MAP,12.119316901388888
Elevation,9.696686260422487
CEC,5.92425343040564
rough_PDQ,3.7881969172221743
pH,2.891718314115171
rough_Elevation,2.423815343098014
Clay,2.42367014705031
rough_CEC,2.1126273339385264
rough_Soil.C,1.9817301869640749
rough_NDVI,1.4686487394102408
Surface.T,1.277789700048752
rough_Surface.T,1.1200376922042397
