nt,pseudo_r2,pred_obs_r2,pred_obs_r2_exp
7250,0.5091913978180156,0.7397723737945069,0.5898044599399697
