nt,pseudo_r2,pred_obs_r2,pred_obs_r2_exp
7450,0.4870382895913119,0.742213770353586,0.5948567181196988
