nt,pseudo_r2,pred_obs_r2,pred_obs_r2_exp
7e3,0.4914875250651458,0.7361451048788439,0.5862142553606032
