nt,pseudo_r2,pred_obs_r2,pred_obs_r2_exp
7600,0.49981102252963205,0.7453836418725333,0.5958675230216551
