var,rel.inf
MAP,37.50603655967217
PDQ,14.30518354414513
rough_MAP,12.245442358923961
Elevation,9.910887480506778
CEC,6.188653444500712
rough_PDQ,4.001633892969676
pH,2.904466054928078
Clay,2.540706943646831
rough_Elevation,2.209920312036626
rough_CEC,2.170996391427415
rough_Soil.C,1.9472167710625135
rough_NDVI,1.487559452672027
Surface.T,1.4091453203777362
rough_Surface.T,1.1721514731303488
