nt,pseudo_r2,pred_obs_r2,pred_obs_r2_exp
7850,0.5059825937413093,0.7487043891233182,0.5985097824809669
