nt,pseudo_r2,pred_obs_r2,pred_obs_r2_exp
7650,0.4976504347974402,0.7449127683360477,0.5961453194340299
