nt,pseudo_r2,pred_obs_r2,pred_obs_r2_exp
7800,0.49262714994720425,0.7487452554044417,0.599993916316498
