nt,pseudo_r2,pred_obs_r2,pred_obs_r2_exp
8050,0.5018672051413307,0.7525901542268217,0.6023692571854126
