nt,pseudo_r2,pred_obs_r2,pred_obs_r2_exp
7650,0.49856762975244195,0.7457641013727575,0.59617621868613635
