nt,pseudo_r2,pred_obs_r2,pred_obs_r2_exp
8e3,0.5005989886554076,0.7522560800376367,0.6009484290745293
