var,rel.inf
MAP,37.7438288726277
PDQ,14.12350069715894
rough_MAP,12.205258929385193
Elevation,9.778406037882972
CEC,6.037251767586996
rough_PDQ,4.066873676030215
pH,2.70821011088161
Clay,2.4531328780980997
rough_Elevation,2.3631515140058243
rough_CEC,2.2057858010567823
rough_Soil.C,1.9680483278737777
rough_NDVI,1.7370028708752872
Surface.T,1.381655464288926
rough_Surface.T,1.2278930522476734
