nt,pseudo_r2,pred_obs_r2,pred_obs_r2_exp
6900,0.49802622673577635,0.7348674803131015,0.5862311069695351
