var,rel.inf
MAP,38.025678630361966
PDQ,14.158594425152966
rough_MAP,12.301125068861547
Elevation,9.814641025278132
CEC,6.070533059055196
rough_PDQ,3.7495017066663783
pH,2.6200536070792873
Clay,2.591724588724983
rough_Elevation,2.4151117031513154
rough_CEC,2.177948325950582
rough_Soil.C,2.0678122649077486
rough_NDVI,1.4662485782894321
Surface.T,1.36590951107584
rough_Surface.T,1.1751175054446261
