nt,pseudo_r2,pred_obs_r2,pred_obs_r2_exp
7500,0.4987346045269384,0.7433583357112411,0.5953403625703524
