nt,pseudo_r2,pred_obs_r2,pred_obs_r2_exp
7700,0.5062496680924434,0.7471721981642958,0.598162294082898
