nt,pseudo_r2,pred_obs_r2,pred_obs_r2_exp
7650,0.5010788154906819,0.7460115644856982,0.5965526924278557
