nt,pseudo_r2,pred_obs_r2,pred_obs_r2_exp
8150,0.5042221887983334,0.753214568701437,0.6035092133700923
