var,rel.inf
MAP,38.20126702674757
PDQ,14.086384650829025
rough_MAP,12.061753637885673
Elevation,9.773058537190453
CEC,5.922497254288734
rough_PDQ,3.9731892158976247
pH,2.769348212199137
rough_Elevation,2.417138157738032
Clay,2.3986940792725173
rough_CEC,2.2747262878630323
rough_Soil.C,2.050920921069976
rough_NDVI,1.49200734135731
Surface.T,1.373846696384313
rough_Surface.T,1.2051679812766
