var,rel.inf
MAP,37.66374811454433
PDQ,14.192186688216822
rough_MAP,12.390202881663772
Elevation,9.824095013991757
CEC,6.225539679285955
rough_PDQ,3.8134187661146277
pH,2.810883732964618
Clay,2.471749360852038
rough_Elevation,2.423778693919028
rough_Soil.C,2.1178490794647087
rough_CEC,2.007396746321924
rough_NDVI,1.4891696393011638
Surface.T,1.4403627514759378
rough_Surface.T,1.1296188518833172
