nt,pseudo_r2,pred_obs_r2,pred_obs_r2_exp
7800,0.5074634822699917,0.7480320777532351,0.5995128167151701
