nt,pseudo_r2,pred_obs_r2,pred_obs_r2_exp
7300,0.49827659986094297,0.7399051987576598,0.5905242191665353
