var,rel.inf
MAP,38.365576504423366
PDQ,14.166624211993396
rough_MAP,12.088567343548704
Elevation,9.882821011261237
CEC,5.9636748594168765
rough_PDQ,3.8216782407882866
pH,2.8367683347272132
Clay,2.5124841583523114
rough_Elevation,2.3877132917981454
rough_Soil.C,2.1211618473663183
rough_CEC,1.9258653782114532
rough_NDVI,1.4530371074184674
Surface.T,1.367429456977393
rough_Surface.T,1.1065982537168269
