var,rel.inf
MAP,37.582061290487744
PDQ,14.141282915840602
rough_MAP,12.377038362480032
Elevation,9.680652257951527
CEC,6.122826535306441
rough_PDQ,3.8323980658221886
pH,2.733637685429278
Clay,2.49606890893774
rough_Elevation,2.465218365908368
rough_CEC,2.1271125169487197
rough_Soil.C,2.0820005209821484
rough_NDVI,1.6295014760423765
Surface.T,1.4913084318170564
rough_Surface.T,1.2388926660457893
