var,rel.inf
MAP,38.10274724711297
PDQ,14.297118989682584
rough_MAP,12.307924308769357
Elevation,9.899365951676
CEC,6.061947684171285
rough_PDQ,3.8525639482163907
pH,2.747562794270156
Clay,2.493444066996573
rough_Elevation,2.373877660204844
rough_CEC,2.058461310736819
rough_Soil.C,1.9013768584546413
rough_NDVI,1.463900552420598
Surface.T,1.2800704517783343
rough_Surface.T,1.1596381755094438
