nt,pseudo_r2,pred_obs_r2,pred_obs_r2_exp
8500,0.4972916129936278,0.7590854888497979,0.6084138236855021
