nt,pseudo_r2,pred_obs_r2,pred_obs_r2_exp
8400,0.4958700144193502,0.75631523493083,0.6072371491795362
