var,rel.inf
MAP,37.91683703239868
PDQ,14.15885196893002
rough_MAP,11.878386151446088
Elevation,9.944156310966612
CEC,6.039504605049835
rough_PDQ,3.88797976974309
pH,2.848334060555519
rough_Elevation,2.4593919013014505
Clay,2.4162092682412024
rough_CEC,2.2675316830365397
rough_Soil.C,1.958387569481982
rough_NDVI,1.6226381251984627
Surface.T,1.422274451507706
rough_Surface.T,1.1795171021428066
