var,rel.inf
MAP,37.37863973818743
PDQ,14.268927807535274
rough_MAP,11.911821053739661
Elevation,9.717470385875862
CEC,5.994928756079922
rough_PDQ,4.044593085005152
pH,2.782293551258571
Clay,2.581333174625568
rough_Elevation,2.3928814549381854
rough_CEC,2.3782194303296316
rough_Soil.C,2.026756401991906
rough_NDVI,1.6941915492614057
Surface.T,1.5645401615395589
rough_Surface.T,1.2634034496318653
