nt,pseudo_r2,pred_obs_r2,pred_obs_r2_exp
7850,0.5031121817688853,0.7493634666448858,0.6003560836478564
