var,rel.inf
MAP,37.365706571908305
PDQ,14.324000677673713
rough_MAP,12.46185905412502
Elevation,9.865151416534406
CEC,5.886314066047872
rough_PDQ,3.931266100091068
pH,2.928503043354714
Clay,2.51454584140312
rough_Elevation,2.4290569533010062
rough_CEC,2.1765603702723038
rough_Soil.C,1.9457521674606926
rough_NDVI,1.5860989532601912
Surface.T,1.4539843044953031
rough_Surface.T,1.1312004800722817
