nt,pseudo_r2,pred_obs_r2,pred_obs_r2_exp
8050,0.48245501004994085,0.7516245329438935,0.6015639942585381
