var,rel.inf
MAP,37.733107804761474
PDQ,14.021945830575692
rough_MAP,12.09589376617319
Elevation,9.714738321598064
CEC,6.08838572339103
rough_PDQ,3.9721783477825383
pH,2.933799155696831
Clay,2.486005414667781
rough_Elevation,2.45292057843037
rough_CEC,2.1148928731696475
rough_Soil.C,2.0989808711073046
rough_NDVI,1.6013241131122093
Surface.T,1.4353036610846712
rough_Surface.T,1.2505235384491988
