var,rel.inf
MAP,38.46511946365749
PDQ,14.058170237251193
rough_MAP,12.103658541653305
Elevation,9.749017820134261
CEC,5.946705928950607
rough_PDQ,3.8150476213994704
pH,2.7980158386829554
Clay,2.467050855884151
rough_Elevation,2.4275820741104495
rough_CEC,2.0741104683989935
rough_Soil.C,2.015760363632675
rough_NDVI,1.5412023080651807
Surface.T,1.3592187950262475
rough_Surface.T,1.1793396831530258
