var,rel.inf
MAP,38.36946311552634
PDQ,14.446859116468358
rough_MAP,12.027662043479848
Elevation,9.810162765525881
CEC,5.992864400677748
rough_PDQ,3.787506343614887
pH,2.8811184579732387
Clay,2.3522195476558654
rough_Elevation,2.3228411526291235
rough_CEC,2.053360852696578
rough_Soil.C,1.9454162173347784
rough_NDVI,1.4829476942944266
Surface.T,1.3830435527869274
rough_Surface.T,1.144534739336005
