nt,pseudo_r2,pred_obs_r2,pred_obs_r2_exp
7600,0.5056764239696124,0.7452780303793982,0.5952724179656133
