nt,pseudo_r2,pred_obs_r2,pred_obs_r2_exp
8250,0.5210656627318576,0.7543615038663263,0.6047910822858968
