var,rel.inf
MAP,37.89809943896627
PDQ,14.150384595448275
rough_MAP,12.35454570273039
Elevation,9.715913365755341
CEC,5.9876049423115445
rough_PDQ,3.902893189431014
pH,2.874352228868414
Clay,2.4010416091678297
rough_Elevation,2.282388132832154
rough_Soil.C,2.2295366004255066
rough_CEC,2.0530824104559553
rough_NDVI,1.5960480009378617
Surface.T,1.4215330056714983
rough_Surface.T,1.1325767769979416
