var,rel.inf
MAP,37.833148515552836
PDQ,14.192012349684793
rough_MAP,12.498751273079128
Elevation,9.849449277912488
CEC,5.971540730691105
rough_PDQ,3.8163294654610156
pH,2.7403232751986297
Clay,2.3841421963220113
rough_Elevation,2.3413564204481716
rough_CEC,2.248506372394108
rough_Soil.C,2.015747551896852
rough_NDVI,1.5109541245446487
Surface.T,1.471781963230029
rough_Surface.T,1.1259564835841835
