var,rel.inf
MAP,38.02545988541524
PDQ,14.303159922329797
rough_MAP,12.157383861408102
Elevation,9.872553060162005
CEC,5.935681720759046
rough_PDQ,3.766061673800509
pH,2.827572718396397
Clay,2.3835105113883035
rough_Elevation,2.3380104630869054
rough_CEC,2.083920392985258
rough_Soil.C,2.0434390479104985
rough_NDVI,1.6414540367013442
Surface.T,1.4246957870384405
rough_Surface.T,1.1970969186181477
