nt,pseudo_r2,pred_obs_r2,pred_obs_r2_exp
7250,0.4873703614335225,0.7389748807809328,0.5909460371105314
