nt,pseudo_r2,pred_obs_r2,pred_obs_r2_exp
7150,0.5072503817178657,0.7381403856165794,0.5903252333756768
