nt,pseudo_r2,pred_obs_r2,pred_obs_r2_exp
7350,0.4991397131316614,0.7410498422267794,0.5927773524063524
