var,rel.inf
MAP,37.67141159118876
PDQ,14.234673622146126
rough_MAP,12.071986587199685
Elevation,9.758504089801566
CEC,6.035600255103331
rough_PDQ,3.9589291781098006
pH,2.7604394814605704
Clay,2.5764021513328688
rough_Elevation,2.411737049655842
rough_CEC,2.225096379331458
rough_Soil.C,2.091663456009879
rough_NDVI,1.568675559441248
Surface.T,1.4355760145645424
rough_Surface.T,1.1993045846543182
