var,rel.inf
MAP,37.67430219591929
PDQ,14.288065473796904
rough_MAP,12.205383667862304
Elevation,9.739158545573892
CEC,6.014605681065526
rough_PDQ,3.9359875341924395
pH,2.914584254742647
Clay,2.54381566851513
rough_Elevation,2.3361262910386977
rough_CEC,2.1260922966841007
rough_Soil.C,2.1040469303947402
rough_NDVI,1.5235341442875512
Surface.T,1.3989678739505114
rough_Surface.T,1.1953294419762637
