nt,pseudo_r2,pred_obs_r2,pred_obs_r2_exp
7050,0.4898116032235207,0.7366143900969633,0.5893819932548604
