nt,pseudo_r2,pred_obs_r2,pred_obs_r2_exp
7200,0.4859000060915787,0.7391142731607524,0.5912847527313446
