var,rel.inf
MAP,38.09074779761952
PDQ,14.412480899172138
rough_MAP,12.578630159731835
Elevation,10.013672569241832
CEC,5.966678881599659
rough_PDQ,3.77567252664879
pH,2.7091009742431984
Clay,2.436052903225346
rough_Elevation,2.3865860588229646
rough_CEC,1.9768629231641761
rough_Soil.C,1.9741488774040161
rough_NDVI,1.3515248880045563
Surface.T,1.2768343173164443
rough_Surface.T,1.051006223805526
