var,rel.inf
MAP,37.387952729188534
PDQ,14.253630615240267
rough_MAP,12.34119827959785
Elevation,9.941130478293369
CEC,6.003346213482614
rough_PDQ,3.888096171645577
pH,2.7270567589977963
rough_Elevation,2.4553429316584165
Clay,2.4318359699701193
rough_CEC,2.37788563948456
rough_Soil.C,1.9217461993412357
rough_NDVI,1.702712038489269
Surface.T,1.385626120240664
rough_Surface.T,1.1824398543697345
