nt,pseudo_r2,pred_obs_r2,pred_obs_r2_exp
7050,0.4842417532755845,0.7369306401466089,0.5876620968561486
