var,rel.inf
MAP,38.295781855082986
PDQ,14.121054671281428
rough_MAP,12.38137280099366
Elevation,9.879212633579602
CEC,6.1232717174127105
rough_PDQ,3.817503512048466
pH,2.668574727702801
Clay,2.400373883517331
rough_Elevation,2.3581274348787353
rough_CEC,2.111864422576162
rough_Soil.C,1.9655143904449635
rough_NDVI,1.390948366788872
Surface.T,1.3553708006448129
rough_Surface.T,1.1310287830474661
