var,rel.inf
MAP,38.96519010725767
PDQ,14.41466539441163
rough_MAP,12.608180180213994
Elevation,9.771698880133934
CEC,6.054377186850867
rough_PDQ,3.7845482825467633
pH,2.6548664887332496
rough_Elevation,2.4463202453344723
Clay,2.254241065671825
rough_Soil.C,1.8961620082823856
rough_CEC,1.7816376962022662
rough_NDVI,1.1936672023582875
Surface.T,1.1703178213149044
rough_Surface.T,1.0041274406877532
