nt,pseudo_r2,pred_obs_r2,pred_obs_r2_exp
7600,0.49345671045406136,0.7451834915549759,0.5963459583979696
