var,rel.inf
MAP,37.240592791576844
PDQ,14.166324781061371
rough_MAP,12.089464232121207
Elevation,9.99567982545472
CEC,5.948518921781339
rough_PDQ,4.085847409217765
pH,2.8043500227367533
Clay,2.6858902574579733
rough_Elevation,2.36936152470997
rough_CEC,2.1601598158342985
rough_Soil.C,2.077141718629368
rough_NDVI,1.6838561482618624
Surface.T,1.4805198128065336
rough_Surface.T,1.2122927383499873
