var,rel.inf
MAP,38.1596351742255
PDQ,14.030439094076756
rough_MAP,12.142262556279205
Elevation,9.741758286641657
CEC,6.137554511304901
rough_PDQ,3.869351645540519
pH,2.7892431603511523
rough_Elevation,2.4326383202297635
Clay,2.413821009937295
rough_CEC,2.192440466313549
rough_Soil.C,1.991611696443048
rough_NDVI,1.5126602735628278
Surface.T,1.4983562654544318
rough_Surface.T,1.0882275396393977
