var,rel.inf
MAP,37.40947584425271
PDQ,14.19067716164052
rough_MAP,12.230843072702777
Elevation,9.728497401155366
CEC,6.196595640449167
rough_PDQ,3.889870947304796
pH,2.8839558108715218
Clay,2.4485103741159717
rough_Elevation,2.341317038261683
rough_CEC,2.2695354002851764
rough_Soil.C,1.9759805108956028
rough_NDVI,1.5968331314363502
Surface.T,1.576277002666838
rough_Surface.T,1.2616306639615134
