nt,pseudo_r2,pred_obs_r2,pred_obs_r2_exp
6400,0.4818444775641364,0.7251562600615784,0.5781811813328755
