nt,pseudo_r2,pred_obs_r2,pred_obs_r2_exp
8650,0.5147838575860928,0.7602423229327945,0.6084802756990286
