nt,pseudo_r2,pred_obs_r2,pred_obs_r2_exp
8200,0.49075195496399515,0.7540624513319376,0.6047187854893764
