var,rel.inf
MAP,38.005166097623416
PDQ,14.108128872954765
rough_MAP,12.09176963070603
Elevation,9.787177311564038
CEC,6.049888109694163
rough_PDQ,3.935466016230292
pH,2.766963280043404
Clay,2.5136788167770514
rough_Elevation,2.454709479387892
rough_CEC,2.193418122631689
rough_Soil.C,2.0093563016219234
rough_NDVI,1.5655970517376796
Surface.T,1.3494904333852773
rough_Surface.T,1.1691904756423808
