var,rel.inf
MAP,37.816795747254574
PDQ,14.300121786938986
rough_MAP,12.040593926335335
Elevation,9.765946697474492
CEC,6.104352890394424
rough_PDQ,3.8334114766537155
pH,2.891361361640918
Clay,2.520528481507434
rough_Elevation,2.3841073404186752
rough_CEC,2.0954859913429793
rough_Soil.C,2.083651377132812
rough_NDVI,1.508016920354843
Surface.T,1.4807334877316192
rough_Surface.T,1.1748925148191844
