nt,pseudo_r2,pred_obs_r2,pred_obs_r2_exp
6450,0.48697682440372725,0.7263939574557018,0.5808944124594114
