nt,pseudo_r2,pred_obs_r2,pred_obs_r2_exp
7650,0.4803521039840356,0.7457753540772206,0.5960503412887483
