nt,pseudo_r2,pred_obs_r2,pred_obs_r2_exp
8250,0.5029698863809715,0.7552186910100811,0.6041128224231476
