nt,pseudo_r2,pred_obs_r2,pred_obs_r2_exp
7900,0.4945026182118323,0.748368333135812,0.600803841894753
