var,rel.inf
MAP,37.387352192118364
PDQ,14.228501537498122
rough_MAP,12.084707503937446
Elevation,9.857274084668822
CEC,6.075689413960855
rough_PDQ,3.9499301968573515
pH,2.9241651201208287
Clay,2.507577335658504
rough_CEC,2.3429177472928497
rough_Elevation,2.317650084015112
rough_Soil.C,1.9889400189726087
rough_NDVI,1.6148755354927025
Surface.T,1.543080676658897
rough_Surface.T,1.177338552747535
