nt,pseudo_r2,pred_obs_r2,pred_obs_r2_exp
8050,0.505025894286077,0.7516825664737646,0.6007422278523851
