var,rel.inf
MAP,37.62398908997896
PDQ,14.029519381705688
rough_MAP,12.289898753000452
Elevation,9.655276126515613
CEC,6.103363543095214
rough_PDQ,3.8548153736725697
pH,3.014184550701642
Clay,2.5287818909201527
rough_Elevation,2.4522060035866597
rough_CEC,2.1758507982572217
rough_Soil.C,2.062986892533063
rough_NDVI,1.58094997455956
Surface.T,1.4164649513207854
rough_Surface.T,1.211712670152415
