nt,pseudo_r2,pred_obs_r2,pred_obs_r2_exp
7650,0.4971004277266058,0.7455075596224058,0.5966200217834237
