nt,pseudo_r2,pred_obs_r2,pred_obs_r2_exp
7700,0.4971720990379713,0.7463306991466019,0.5973995207605113
