var,rel.inf
MAP,37.466807874112966
PDQ,14.219328136584457
rough_MAP,12.099332963555742
Elevation,9.763712629491263
CEC,5.948061280630425
rough_PDQ,3.9231613888519057
pH,2.969955559668259
Clay,2.5935630660297484
rough_Elevation,2.5180969098571713
rough_CEC,2.1923271484008664
rough_Soil.C,1.9413469133483723
rough_NDVI,1.6470305188143568
Surface.T,1.4894040107361892
rough_Surface.T,1.227871599918282
