nt,pseudo_r2,pred_obs_r2,pred_obs_r2_exp
8300,0.4979724816825035,0.7559048271424037,0.6034161162886316
