nt,pseudo_r2,pred_obs_r2,pred_obs_r2_exp
7850,0.48584876756018636,0.749834777461553,0.5980873741077664
