nt,pseudo_r2,pred_obs_r2,pred_obs_r2_exp
7100,0.48972066001949766,0.7366655127083463,0.5881639839266454
