nt,pseudo_r2,pred_obs_r2,pred_obs_r2_exp
8850,0.5030017912782051,0.7627370502216984,0.6108593266734148
