nt,pseudo_r2,pred_obs_r2,pred_obs_r2_exp
8250,0.49081187942388105,0.7554369864947607,0.6041501478055982
