nt,pseudo_r2,pred_obs_r2,pred_obs_r2_exp
6700,0.47979993116692066,0.7302999039613102,0.5836770114865394
