var,rel.inf
MAP,37.36699989073461
PDQ,14.370984188249048
rough_MAP,12.145654422764974
Elevation,9.741981366714432
CEC,5.948569090599189
rough_PDQ,4.006553895554101
pH,2.7741804147906306
Clay,2.5628713222762793
rough_Elevation,2.371518189418319
rough_CEC,2.2055725073229318
rough_Soil.C,2.0277033777800946
rough_NDVI,1.6341793215641778
Surface.T,1.5701814467529602
rough_Surface.T,1.2730505654782405
