nt,pseudo_r2,pred_obs_r2,pred_obs_r2_exp
7600,0.5119093441415491,0.7456600297724257,0.5964627128361982
