nt,pseudo_r2,pred_obs_r2,pred_obs_r2_exp
7150,0.49625733313193454,0.7381477955359769,0.591374791252519
