nt,pseudo_r2,pred_obs_r2,pred_obs_r2_exp
7850,0.49029117360768504,0.7495787608701919,0.599235387476601
