var,rel.inf
MAP,38.631350588649305
PDQ,14.125961812916902
rough_MAP,12.066177561198575
Elevation,9.9298911288799
CEC,6.107823069748124
rough_PDQ,3.77620171973702
pH,2.7726986201735566
Clay,2.4561291363970774
rough_Elevation,2.299102440305461
rough_CEC,2.0873457226298577
rough_Soil.C,1.83268016322865
rough_NDVI,1.4493134786918216
Surface.T,1.2819442693755392
rough_Surface.T,1.1833802880682127
