var,rel.inf
MAP,37.68830467471479
PDQ,14.219982802018016
rough_MAP,12.512147450384562
Elevation,9.709813869065648
CEC,5.980428088375017
rough_PDQ,3.928796080380092
pH,2.7971033041591817
Clay,2.44040701974998
rough_Elevation,2.3809723929034936
rough_CEC,2.113791589828473
rough_Soil.C,2.0167070402066654
rough_NDVI,1.6219635476520686
Surface.T,1.3962566738641498
rough_Surface.T,1.1933254666978532
