var,rel.inf
MAP,39.38068390330824
PDQ,14.361740775645014
rough_MAP,12.324016058890681
Elevation,10.10500752778591
CEC,5.913630991462083
rough_PDQ,3.80227896362315
pH,2.589432743454925
rough_Elevation,2.317604823678955
Clay,2.0744411065620425
rough_CEC,1.8244860393859836
rough_Soil.C,1.8083186468695505
rough_NDVI,1.2915748707047205
Surface.T,1.136461079105266
rough_Surface.T,1.0703224695234843
