nt,pseudo_r2,pred_obs_r2,pred_obs_r2_exp
7800,0.49196614054123755,0.7485021707632673,0.5981429257057276
