nt,pseudo_r2,pred_obs_r2,pred_obs_r2_exp
7700,0.4963843417983316,0.746723917970063,0.5962864861242887
