var,rel.inf
MAP,37.53080272971433
PDQ,14.137542540798641
rough_MAP,11.974847255796208
Elevation,9.781704104826234
CEC,5.998790598803173
rough_PDQ,3.9616080663343807
pH,2.8871503698741345
Clay,2.591619993111534
rough_Elevation,2.476494127544585
rough_CEC,2.26852278988172
rough_Soil.C,1.9959240896805093
rough_NDVI,1.6555521490780336
Surface.T,1.475828118403087
rough_Surface.T,1.2636130661534206
