nt,pseudo_r2,pred_obs_r2,pred_obs_r2_exp
7450,0.5028593791799298,0.7427443125872811,0.5923357923667318
