nt,pseudo_r2,pred_obs_r2,pred_obs_r2_exp
8950,0.5222439655447679,0.764720882509655,0.6127298453865931
