var,rel.inf
MAP,37.80131032809573
PDQ,14.114524700313428
rough_MAP,12.091059797011615
Elevation,9.871339917953122
CEC,5.897953033768132
rough_PDQ,3.9633242723332587
pH,2.8723990897369545
Clay,2.6207947797059608
rough_Elevation,2.4204484947640452
rough_Soil.C,2.123130130064863
rough_CEC,2.0748417883361445
rough_NDVI,1.5439008973182862
Surface.T,1.459562041179977
rough_Surface.T,1.1454107294184814
