var,rel.inf
MAP,38.687169488377705
PDQ,14.2350411947484
rough_MAP,12.582875269237629
Elevation,10.161029885023583
CEC,6.0405731456584135
rough_PDQ,3.7581063633384875
pH,2.6377774231574396
rough_Elevation,2.3871540349422475
rough_Soil.C,2.1036435429096487
Clay,2.0868870067507292
rough_CEC,1.7651914459968439
rough_NDVI,1.3091509223974638
Surface.T,1.2013990269761397
rough_Surface.T,1.044001250485278
