var,rel.inf
MAP,38.26432606931949
PDQ,14.185023726866573
rough_MAP,12.256672664053243
Elevation,9.9089833172002
CEC,6.019745691574783
rough_PDQ,3.8495354605026244
pH,2.7497661072594166
Clay,2.492180735833272
rough_Elevation,2.309631316445587
rough_CEC,2.121594498846242
rough_Soil.C,1.9363625776271165
rough_NDVI,1.479462819720388
Surface.T,1.3025174236602368
rough_Surface.T,1.124197591090842
