var,rel.inf
MAP,37.98862537219265
PDQ,14.095545061127016
rough_MAP,12.348856608617597
Elevation,9.873117381481736
CEC,6.07795671131584
rough_PDQ,3.833588313809226
pH,2.7300810712994834
Clay,2.3809943422566935
rough_Elevation,2.348672624189981
rough_CEC,2.220003286107999
rough_Soil.C,1.9285284922920822
rough_NDVI,1.5385146011389679
Surface.T,1.4137327966947948
rough_Surface.T,1.2217833374759335
