var,rel.inf
MAP,37.979141431551646
PDQ,14.336591921689596
rough_MAP,12.221921104744712
Elevation,9.689873223313489
CEC,6.09819364920509
rough_PDQ,3.9661080620497806
pH,2.683500858362752
Clay,2.446191575782519
rough_Elevation,2.3832822269940093
rough_CEC,2.148784100298338
rough_Soil.C,1.9525121221950776
rough_NDVI,1.5241782939004682
Surface.T,1.4107605771627063
rough_Surface.T,1.1589608527498128
