nt,pseudo_r2,pred_obs_r2,pred_obs_r2_exp
7300,0.48728391436968344,0.7398103731196748,0.5917621227044592
