nt,pseudo_r2,pred_obs_r2,pred_obs_r2_exp
6850,0.49100544776625843,0.7321222568019936,0.5842947227418995
