var,rel.inf
MAP,38.066993712672456
PDQ,14.284100384069774
rough_MAP,12.356165918454318
Elevation,9.920346532080933
CEC,6.169360551064595
rough_PDQ,3.9204442139372495
pH,2.7272774527020913
rough_Elevation,2.431065148087642
Clay,2.315678737460817
rough_CEC,1.9460664915776493
rough_Soil.C,1.933041450148657
rough_NDVI,1.4848531514996923
Surface.T,1.3837862528404354
rough_Surface.T,1.060820003403693
