nt,pseudo_r2,pred_obs_r2,pred_obs_r2_exp
7200,0.4863274930353708,0.7383554232505061,0.5900699636770022
