nt,pseudo_r2,pred_obs_r2,pred_obs_r2_exp
7500,0.4998039440906654,0.7428847902580664,0.5935860602416911
