nt,pseudo_r2,pred_obs_r2,pred_obs_r2_exp
6900,0.48376915020499345,0.7343610326975819,0.5861872824319657
