var,rel.inf
MAP,37.19463074342237
PDQ,14.134845882708037
rough_MAP,12.445555905130027
Elevation,9.890003728378948
CEC,5.999848828208327
rough_PDQ,3.960802061963172
pH,2.698106267279279
Clay,2.6377157393183994
rough_Elevation,2.3369089662727216
rough_CEC,2.1763214122596075
rough_Soil.C,2.09297838968865
rough_NDVI,1.7219291245743718
Surface.T,1.4365737166494725
rough_Surface.T,1.2737792341466045
