nt,pseudo_r2,pred_obs_r2,pred_obs_r2_exp
7e3,0.46842166149971365,0.7356375814116537,0.586756626426218
