nt,pseudo_r2,pred_obs_r2,pred_obs_r2_exp
8300,0.4969554632929827,0.7554084465434753,0.6039368521540088
