var,rel.inf
MAP,37.78395314374813
PDQ,14.017529405327272
rough_MAP,11.980206765940979
Elevation,9.78125128451746
CEC,6.158608045924719
rough_PDQ,3.88993329124823
pH,2.827940754190569
Clay,2.6106833870793076
rough_Elevation,2.3993551510693494
rough_CEC,2.246234342461782
rough_Soil.C,2.0651332505151325
rough_NDVI,1.6148609038044626
Surface.T,1.4406826463357636
rough_Surface.T,1.1836276278368403
