nt,pseudo_r2,pred_obs_r2,pred_obs_r2_exp
8150,0.49208567590566155,0.7537993351016294,0.6034155380740676
