nt,pseudo_r2,pred_obs_r2,pred_obs_r2_exp
8500,0.502416036943605,0.7578056131514087,0.6083051900010319
