var,rel.inf
MAP,38.425023299096026
PDQ,14.033056800495675
rough_MAP,12.158820020886452
Elevation,9.853608906983943
CEC,6.025186669364302
rough_PDQ,3.831013767966452
pH,2.740074336751531
Clay,2.4321701956538218
rough_Elevation,2.364174003617236
rough_Soil.C,2.1239911161605805
rough_CEC,2.1223874830444265
rough_NDVI,1.4226616371221024
Surface.T,1.3000644079759784
rough_Surface.T,1.1677673548814647
