var,rel.inf
MAP,38.23732902502434
PDQ,14.018071986910318
rough_MAP,12.204305149235621
Elevation,10.060038487768603
CEC,6.0448420487138
rough_PDQ,3.9051443441510103
pH,2.903109331626954
Clay,2.4074455142414557
rough_Elevation,2.25927859269538
rough_CEC,2.185583295024688
rough_Soil.C,1.8633582260026418
rough_NDVI,1.5305339941503817
Surface.T,1.273889442641692
rough_Surface.T,1.107070561813107
