var,rel.inf
MAP,37.49952985433327
PDQ,14.302598142921818
rough_MAP,12.452131861338442
Elevation,9.938096277194116
CEC,6.055768607392275
rough_PDQ,3.985388104512675
pH,2.8488366769646274
Clay,2.4897432595006443
rough_Elevation,2.344731324821285
rough_CEC,2.1578879591302593
rough_Soil.C,1.9275135518606672
rough_NDVI,1.4960976442343072
Surface.T,1.4156333187905665
rough_Surface.T,1.0860434170050457
