var,rel.inf
MAP,37.230883431560756
PDQ,13.974300114909532
rough_MAP,12.203686484030543
Elevation,9.809029853293717
CEC,6.0464274560221005
rough_PDQ,4.029632147507538
pH,2.8801887228368024
Clay,2.515386565913374
rough_Elevation,2.3853512610529912
rough_CEC,2.3495728278484607
rough_Soil.C,2.0399798524119817
rough_NDVI,1.6588192873719834
Surface.T,1.5684493595257138
rough_Surface.T,1.3082926357145048
