nt,pseudo_r2,pred_obs_r2,pred_obs_r2_exp
6750,0.5041264797545404,0.7310124205111139,0.585162442009425
