nt,pseudo_r2,pred_obs_r2,pred_obs_r2_exp
6750,0.479783976798662,0.7309595717475199,0.5830525304015355
