nt,pseudo_r2,pred_obs_r2,pred_obs_r2_exp
7500,0.48236976675968657,0.7434598497683794,0.596219120894126
