var,rel.inf
MAP,37.900455010446265
PDQ,14.394544529135894
rough_MAP,12.426455398736033
Elevation,9.794716392248937
CEC,6.018099359751564
rough_PDQ,3.8475005962862205
pH,2.6923965898852695
Clay,2.573649772956967
rough_Elevation,2.3348152011867738
rough_CEC,2.0200171511264653
rough_Soil.C,1.9708834949318896
rough_NDVI,1.5621718574730075
Surface.T,1.2509726612906746
rough_Surface.T,1.2133219845440328
