nt,pseudo_r2,pred_obs_r2,pred_obs_r2_exp
7900,0.5071912707329438,0.7496329871272691,0.600199501138366
