nt,pseudo_r2,pred_obs_r2,pred_obs_r2_exp
7850,0.4774665670548398,0.7484368894660693,0.5995990316025934
