nt,pseudo_r2,pred_obs_r2,pred_obs_r2_exp
7550,0.502593455614969,0.7442283429102982,0.5959342762331828
