nt,pseudo_r2,pred_obs_r2,pred_obs_r2_exp
8500,0.507460883261863,0.7591294579447191,0.608150741563934
