nt,pseudo_r2,pred_obs_r2,pred_obs_r2_exp
7700,0.5070600868086665,0.7467168403856264,0.5964958679390704
