nt,pseudo_r2,pred_obs_r2,pred_obs_r2_exp
6800,0.4912622930682756,0.732689629659059,0.5856807289910683
