nt,pseudo_r2,pred_obs_r2,pred_obs_r2_exp
7700,0.5009555303753632,0.7467689606605948,0.5963752932595207
