nt,pseudo_r2,pred_obs_r2,pred_obs_r2_exp
7400,0.48690745243458555,0.7414089497616655,0.5922831335899
