var,rel.inf
MAP,38.785577980078095
PDQ,14.17944364892627
rough_MAP,12.478988932585802
Elevation,9.934001490867047
CEC,6.035940424853647
rough_PDQ,3.7687383638462584
pH,2.6131635204313732
rough_Elevation,2.333696684088919
Clay,2.310605791262405
rough_CEC,2.032694058060641
rough_Soil.C,1.8636578940142212
rough_NDVI,1.3190274436348484
Surface.T,1.2789058851990196
rough_Surface.T,1.065557882151455
