var,rel.inf
MAP,36.77224379900084
PDQ,13.960648127991117
rough_MAP,12.029803887893406
Elevation,9.776590616341215
CEC,6.0352055537859055
rough_PDQ,4.115456297326916
pH,3.074753499847994
Clay,2.6359929034083933
rough_Elevation,2.4766836193368147
rough_CEC,2.3599244637153123
rough_Soil.C,1.9645303741396025
rough_NDVI,1.803431966303029
Surface.T,1.601418602862081
rough_Surface.T,1.393316288047374
