var,rel.inf
MAP,36.948103432774175
PDQ,14.072887393578034
rough_MAP,12.15648333747056
Elevation,9.684170661160692
CEC,6.070792856317232
rough_PDQ,4.011181219675412
pH,2.9219357622474096
Clay,2.9118510491097296
rough_CEC,2.3474646023470402
rough_Elevation,2.344698464759526
rough_Soil.C,1.9881212719882366
rough_NDVI,1.712578597131812
Surface.T,1.5105219897563114
rough_Surface.T,1.3192093616838345
