nt,pseudo_r2,pred_obs_r2,pred_obs_r2_exp
7450,0.49953421528415975,0.7440710822889792,0.5934520913768071
