nt,pseudo_r2,pred_obs_r2,pred_obs_r2_exp
7850,0.5118277565307101,0.7479600983340462,0.5988490550568021
