var,rel.inf
MAP,37.87078489193334
PDQ,14.140699132570548
rough_MAP,12.439929439727795
Elevation,10.0556143415357
CEC,6.073405195072806
rough_PDQ,3.8838817461911868
pH,2.8518652550563925
Clay,2.3856175011378915
rough_Elevation,2.358925051072917
rough_CEC,2.103394250506035
rough_Soil.C,1.9288735488463409
rough_NDVI,1.4490028442138614
Surface.T,1.400015987654335
rough_Surface.T,1.0579908144808499
