var,rel.inf
MAP,37.99103474386865
PDQ,14.435420948153649
rough_MAP,12.56328298532195
Elevation,9.773004000391145
CEC,6.017368020961356
rough_PDQ,3.805071074104795
pH,2.645878279847464
Clay,2.43543431616367
rough_Elevation,2.3026073091089523
rough_Soil.C,2.1304084631082274
rough_CEC,1.9920750666288793
rough_NDVI,1.528786418965649
Surface.T,1.2477959933338756
rough_Surface.T,1.131832380041737
