nt,pseudo_r2,pred_obs_r2,pred_obs_r2_exp
7850,0.4922336670969949,0.7487706793539316,0.5988983691281484
