nt,pseudo_r2,pred_obs_r2,pred_obs_r2_exp
8e3,0.4781039689440095,0.7514622397352879,0.6008439653649009
