var,rel.inf
MAP,37.84629447267558
PDQ,13.998510723355272
rough_MAP,12.525341901233173
Elevation,10.04279302691041
CEC,5.943323370103082
rough_PDQ,3.8721672499682773
pH,2.7400325709988103
Clay,2.6584484577859535
rough_Elevation,2.3011799318535804
rough_CEC,2.119290034814061
rough_Soil.C,1.8331091316580395
Surface.T,1.5026164688176809
rough_NDVI,1.440674158024222
rough_Surface.T,1.1762185018018603
