var,rel.inf
MAP,37.03958095096051
PDQ,14.52678945156492
rough_MAP,12.352971144652377
Elevation,9.659690904112908
CEC,5.945133084661193
rough_PDQ,3.9360536483447865
pH,2.7257052600898413
Clay,2.509817263185263
rough_Elevation,2.443296764885629
rough_CEC,2.3126498153910506
rough_Soil.C,2.1003192884136146
rough_NDVI,1.7380083813833531
Surface.T,1.5257244211427508
rough_Surface.T,1.1842596212117995
