nt,pseudo_r2,pred_obs_r2,pred_obs_r2_exp
8150,0.5010868126480155,0.7533614036021933,0.6020969802663361
