nt,pseudo_r2,pred_obs_r2,pred_obs_r2_exp
7850,0.4935184883804967,0.7494184976005506,0.5982376084304083
