nt,pseudo_r2,pred_obs_r2,pred_obs_r2_exp
7050,0.4943263287339218,0.7371914010223236,0.5885843305451784
