var,rel.inf
MAP,37.81878978294992
PDQ,14.277179741523799
rough_MAP,12.205366956104664
Elevation,9.70126395290441
CEC,6.05672383933696
rough_PDQ,3.9261559893943425
pH,2.7425202519677976
Clay,2.4782582424290283
rough_Elevation,2.4066016103145396
rough_CEC,2.1713623961630644
rough_Soil.C,2.0158024906704393
rough_NDVI,1.539231205852652
Surface.T,1.4876117814983991
rough_Surface.T,1.173131758889987
