var,rel.inf
MAP,37.895555779339006
PDQ,14.208394045322311
rough_MAP,11.766433625379172
Elevation,9.843669997224488
CEC,6.053354233522005
rough_PDQ,3.855300431595694
pH,3.0410617129629256
Clay,2.5209716627684546
rough_Elevation,2.409055750474903
rough_CEC,2.148225756078311
rough_Soil.C,1.9440811473731918
rough_NDVI,1.584152635594897
Surface.T,1.47275258903398
rough_Surface.T,1.2569906333306584
