nt,pseudo_r2,pred_obs_r2,pred_obs_r2_exp
8150,0.5028684099885228,0.7529400162039602,0.602961601344069
