nt,pseudo_r2,pred_obs_r2,pred_obs_r2_exp
7250,0.49446879300680047,0.7398635626218073,0.5907358348016837
