nt,pseudo_r2,pred_obs_r2,pred_obs_r2_exp
8150,0.5080281053476761,0.7531243661734311,0.6033761815090375
