nt,pseudo_r2,pred_obs_r2,pred_obs_r2_exp
7500,0.49902917713770534,0.7446060636770943,0.5957801152105692
