var,rel.inf
MAP,37.40472138278145
PDQ,14.224421328260812
rough_MAP,11.9907564997995
Elevation,9.715867690384622
CEC,6.002982551277846
rough_PDQ,3.9882704596662584
pH,3.0132432304846537
Clay,2.6142585466609147
rough_Elevation,2.359558855058608
rough_CEC,2.2175708513173635
rough_Soil.C,2.080727019296557
rough_NDVI,1.6442485991160123
Surface.T,1.4692675683708118
rough_Surface.T,1.2741054175245843
