nt,pseudo_r2,pred_obs_r2,pred_obs_r2_exp
7500,0.4914564903641988,0.7432970702402373,0.5944089107616426
