var,rel.inf
MAP,37.04722789000867
PDQ,14.086766422409765
rough_MAP,12.070324076501752
Elevation,9.83097751511756
CEC,6.075081052876674
rough_PDQ,4.0086353760695825
pH,2.8736077033178447
Clay,2.7860547038693757
rough_Elevation,2.4288987068494325
rough_CEC,2.2902404974575865
rough_Soil.C,2.086102494955315
rough_NDVI,1.650180131397538
Surface.T,1.4682740173964253
rough_Surface.T,1.2976294117724756
