nt,pseudo_r2,pred_obs_r2,pred_obs_r2_exp
8e3,0.49909482807613814,0.7499212909011698,0.6002657132356914
