nt,pseudo_r2,pred_obs_r2,pred_obs_r2_exp
8100,0.4975884445574208,0.7527769767826251,0.6034098889965066
