var,rel.inf
MAP,38.205025017492446
PDQ,14.213256748036981
rough_MAP,12.456026341553182
Elevation,9.847083798670091
CEC,6.001990946281449
rough_PDQ,3.7869653548706745
pH,2.6900803175166437
Clay,2.491940727323846
rough_Elevation,2.3457388912439665
rough_CEC,2.0551721779316834
rough_Soil.C,1.9977115738715825
rough_NDVI,1.4517699656526823
Surface.T,1.30625179847886
rough_Surface.T,1.1509863410759145
