var,rel.inf
MAP,36.94086313990499
PDQ,14.085017763405858
rough_MAP,12.163677792344588
Elevation,9.826662705284058
CEC,6.060434418795737
rough_PDQ,3.9670067179024273
pH,3.046769627800565
Clay,2.797303786276825
rough_Elevation,2.462378577774193
rough_CEC,2.221393689405854
rough_Soil.C,2.039493407840069
rough_NDVI,1.7188977441638749
Surface.T,1.5177544765065558
rough_Surface.T,1.1523461525944003
