nt,pseudo_r2,pred_obs_r2,pred_obs_r2_exp
7950,0.501957723721882,0.7506996089303359,0.6007903079314059
