var,rel.inf
MAP,37.9682698971289
PDQ,14.285190938034964
rough_MAP,12.386258908358963
Elevation,9.775197836216593
CEC,6.012316212114268
rough_PDQ,3.8975385025920897
pH,2.7854500219659486
Clay,2.465146466027735
rough_Elevation,2.236890907404117
rough_CEC,2.1895125656601477
rough_Soil.C,2.076910025979352
rough_NDVI,1.489913691378788
Surface.T,1.2644864224087669
rough_Surface.T,1.166917604729377
