nt,pseudo_r2,pred_obs_r2,pred_obs_r2_exp
7850,0.4966129356658797,0.7485695675373474,0.5989573431441807
