var,rel.inf
MAP,37.252283714358626
PDQ,14.228627819116047
rough_MAP,12.007475313417295
Elevation,9.73804674115654
CEC,6.032403730823428
rough_PDQ,3.972552829070594
pH,3.006849138177575
Clay,2.5801776019707185
rough_Elevation,2.4630530083863764
rough_CEC,2.1913531315696044
rough_Soil.C,2.0981783976586166
rough_NDVI,1.6584732794684074
Surface.T,1.550802159295068
rough_Surface.T,1.2197231355311096
