nt,pseudo_r2,pred_obs_r2,pred_obs_r2_exp
7800,0.49935183356545854,0.7476995166518887,0.5967001320787576
