nt,pseudo_r2,pred_obs_r2,pred_obs_r2_exp
7400,0.48988741873400365,0.7419389496109106,0.5910834094393024
