var,rel.inf
MAP,38.14591922494481
PDQ,14.3303952152105
rough_MAP,12.290990239629597
Elevation,9.767344849771142
CEC,6.038178443390808
rough_PDQ,3.8280673545311483
pH,2.9021745848990093
Clay,2.5172967577207177
rough_Elevation,2.303572056131139
rough_Soil.C,1.987793812490812
rough_CEC,1.9729039742513812
rough_NDVI,1.442168703494014
Surface.T,1.3264988384936256
rough_Surface.T,1.1466959450412901
