var,rel.inf
MAP,37.19407787682121
PDQ,14.169424741274861
rough_MAP,12.175911573538688
Elevation,9.76536788369331
CEC,6.023074734876772
rough_PDQ,3.9132772972650463
pH,3.035471841504055
Clay,2.6314186297404407
rough_Elevation,2.4059180447485775
rough_CEC,2.3809421304208906
rough_Soil.C,1.941923796923598
rough_NDVI,1.6359725581701854
Surface.T,1.512388151731152
rough_Surface.T,1.214830739291212
