nt,pseudo_r2,pred_obs_r2,pred_obs_r2_exp
7750,0.5049223117353134,0.7474114943584712,0.5979219643265357
