var,rel.inf
MAP,38.106334968423326
PDQ,14.204238344606592
rough_MAP,12.371314912685916
Elevation,10.044822192982116
CEC,5.98144608304556
rough_PDQ,3.8040152477997577
pH,2.912320495041927
Clay,2.423261867690511
rough_Elevation,2.3975771266757233
rough_CEC,2.0509154386796427
rough_Soil.C,1.9268384330384287
rough_NDVI,1.410475928717641
Surface.T,1.2769439263504172
rough_Surface.T,1.089495034262444
