var,rel.inf
MAP,38.40510756405926
PDQ,14.034958685236056
rough_MAP,12.302367059200332
Elevation,9.959098639090913
CEC,6.0595296496716715
rough_PDQ,3.9852351290486183
pH,2.6818177614474425
rough_Elevation,2.408169962832048
Clay,2.2924955546508086
rough_CEC,2.0483690917472352
rough_Soil.C,1.9998623108518683
rough_NDVI,1.3441127929778403
Surface.T,1.3265668647167255
rough_Surface.T,1.1523089344691837
