var,rel.inf
MAP,37.773670592677426
PDQ,14.10964582093005
rough_MAP,12.385809873498136
Elevation,9.956531786302882
CEC,6.04585004575339
rough_PDQ,3.8473572530816695
pH,2.8983553799837938
rough_Elevation,2.37094858803464
Clay,2.3034466920218084
rough_CEC,2.087211354749379
rough_Soil.C,1.9938144478747963
rough_NDVI,1.6053410239988255
Surface.T,1.4474822067682807
rough_Surface.T,1.174534934324921
