var,rel.inf
MAP,37.43530242453499
PDQ,14.135956649085168
rough_MAP,11.98150321352569
Elevation,9.834208152354622
CEC,6.007248159867565
rough_PDQ,3.9932540920430823
pH,3.020249004856211
Clay,2.5395530922446135
rough_Elevation,2.4149874926588466
rough_CEC,2.229577576075389
rough_Soil.C,2.0301201775453848
rough_NDVI,1.5869641993955792
Surface.T,1.517068291807698
rough_Surface.T,1.2740074740051663
