var,rel.inf
MAP,37.39283419650583
PDQ,14.25523422177138
rough_MAP,12.07440826525671
Elevation,9.878665992082487
CEC,5.959623139850668
rough_PDQ,3.949382026470401
pH,2.7661747938963566
Clay,2.5514128952904147
rough_Elevation,2.4569695934392257
rough_CEC,2.2670345142047315
rough_Soil.C,2.0075699881369586
rough_NDVI,1.6762744565925694
Surface.T,1.4726532347109622
rough_Surface.T,1.291762681791306
