var,rel.inf
MAP,37.33656748420255
PDQ,14.110163213861822
rough_MAP,12.306844522042656
Elevation,9.88257119597044
CEC,5.992394807402237
rough_PDQ,3.969251220614085
pH,2.9162859814054958
Clay,2.5347382144753876
rough_Elevation,2.501610219994914
rough_CEC,2.2058677864355065
rough_Soil.C,2.0767205084786693
rough_NDVI,1.5441455442814505
Surface.T,1.4195185167793385
rough_Surface.T,1.2033207840554467
