nt,pseudo_r2,pred_obs_r2,pred_obs_r2_exp
6500,0.4795883407575423,0.7277995100208462,0.5805457341611583
