var,rel.inf
MAP,37.288805954581974
PDQ,14.07785657917362
rough_MAP,12.146099889413831
Elevation,9.722968762566232
CEC,6.055509524474241
rough_PDQ,3.990262016538633
pH,2.996871591083855
Clay,2.5357107075274414
rough_CEC,2.3828377928471367
rough_Elevation,2.357785347079945
rough_Soil.C,2.0355543754688994
rough_NDVI,1.684823053449981
Surface.T,1.5150473704537
rough_Surface.T,1.209867035340509
