var,rel.inf
MAP,38.19407077045491
PDQ,14.056547183151254
rough_MAP,12.231358933810219
Elevation,9.825277015765753
CEC,6.1361107031976045
rough_PDQ,3.8093591502303266
pH,2.8143008989731766
Clay,2.386856260664837
rough_Elevation,2.3329947890549
rough_CEC,2.1089096754783343
rough_Soil.C,2.0361941824711356
rough_NDVI,1.5356502280621473
Surface.T,1.3835321476852822
rough_Surface.T,1.1488380610001228
