var,rel.inf
MAP,37.58278943029405
PDQ,14.125712735135199
rough_MAP,12.112265459517145
Elevation,9.708482118979333
CEC,6.187236614341883
rough_PDQ,3.9645610383887067
pH,2.8048651443701025
Clay,2.524496672665934
rough_Elevation,2.4499587360823423
rough_Soil.C,2.1351395210665336
rough_CEC,2.1350149611667866
rough_NDVI,1.645943757938006
Surface.T,1.4166255530361045
rough_Surface.T,1.206908257017874
