nt,pseudo_r2,pred_obs_r2,pred_obs_r2_exp
8e3,0.5000581734429996,0.7516612288493321,0.6004893786936519
