nt,pseudo_r2,pred_obs_r2,pred_obs_r2_exp
6150,0.4838837269551496,0.7187321125347076,0.5742608504987317
