nt,pseudo_r2,pred_obs_r2,pred_obs_r2_exp
7100,0.48991568966923815,0.737950719563382,0.5895109449253892
