nt,pseudo_r2,pred_obs_r2,pred_obs_r2_exp
7300,0.5025937945133214,0.7412536765648392,0.5922429151326618
