var,rel.inf
MAP,36.87162080132744
PDQ,14.096231290397967
rough_MAP,12.26772998774162
Elevation,9.599395442890374
CEC,6.065862095453861
rough_PDQ,3.9852549840955867
pH,3.0712319711606026
Clay,2.616881171878163
rough_Elevation,2.481381799334435
rough_CEC,2.357513140292195
rough_Soil.C,2.002390482504309
rough_NDVI,1.7864620393326929
Surface.T,1.5161989060873644
rough_Surface.T,1.2818458875033965
