nt,pseudo_r2,pred_obs_r2,pred_obs_r2_exp
6950,0.49415864266230136,0.7345324452230486,0.5877590214507021
