var,rel.inf
MAP,37.03651813291064
PDQ,14.122887662593758
rough_MAP,12.393434880039031
Elevation,9.8058450979216
CEC,5.973961556290712
rough_PDQ,3.986322327427146
pH,2.877602718969662
Clay,2.684420322614034
rough_Elevation,2.3847474536594886
rough_CEC,2.248112549015072
rough_Soil.C,2.156966298938251
rough_NDVI,1.6459189643815333
Surface.T,1.446297595305952
rough_Surface.T,1.2369644399331163
