nt,pseudo_r2,pred_obs_r2,pred_obs_r2_exp
7700,0.5014340094195744,0.7469005365095605,0.5975473954705904
