nt,pseudo_r2,pred_obs_r2,pred_obs_r2_exp
7450,0.49979900673193955,0.7431612322397729,0.5940105965182061
