var,rel.inf
MAP,38.176380945043114
PDQ,14.322825849441992
rough_MAP,12.091801295456413
Elevation,9.813952909147453
CEC,6.159715687604641
rough_PDQ,3.780605384746861
pH,2.7421629442257007
Clay,2.4586328696756925
rough_Elevation,2.365689926581599
rough_CEC,2.067053232279603
rough_Soil.C,1.9663018859171715
rough_NDVI,1.550431057785464
Surface.T,1.3391501791335298
rough_Surface.T,1.1652958329607674
