nt,pseudo_r2,pred_obs_r2,pred_obs_r2_exp
7450,0.4896150206976717,0.7427790905640774,0.5938084273219375
