nt,pseudo_r2,pred_obs_r2,pred_obs_r2_exp
6750,0.49442814151494174,0.7312813896149785,0.585377350846518
