nt,pseudo_r2,pred_obs_r2,pred_obs_r2_exp
8500,0.5128611060715622,0.7579038753424204,0.6078274673258135
