nt,pseudo_r2,pred_obs_r2,pred_obs_r2_exp
6750,0.48695538628086554,0.7310778154428935,0.5837030667347469
