nt,pseudo_r2,pred_obs_r2,pred_obs_r2_exp
7700,0.5035720460459525,0.7465566548781727,0.5970496835778726
