var,rel.inf
MAP,37.7694551737699
PDQ,14.258158417893803
rough_MAP,12.023490338749065
Elevation,9.980530214454234
CEC,6.181511894869227
rough_PDQ,3.8162036191203037
pH,2.872660562183388
Clay,2.481976861526894
rough_Elevation,2.402932476938721
rough_CEC,2.067475978986176
rough_Soil.C,2.0477557247089977
rough_NDVI,1.5356332655715415
Surface.T,1.3719145562915869
rough_Surface.T,1.1903009149361603
