var,rel.inf
MAP,38.214674409311186
PDQ,14.031037003779682
rough_MAP,12.213954540327064
Elevation,9.815256627985974
CEC,6.148237341734069
rough_PDQ,3.932249825366364
pH,2.6030164197582186
rough_Elevation,2.4043812419742108
Clay,2.3647162073172288
rough_CEC,2.1656275433610097
rough_Soil.C,2.016755299061346
rough_NDVI,1.4607682322166986
Surface.T,1.4244714306553063
rough_Surface.T,1.2048538771516422
