var,rel.inf
MAP,37.58407613623817
PDQ,13.97398454658079
rough_MAP,12.57842381321904
Elevation,9.865582538521348
CEC,6.026293243713711
rough_PDQ,3.9698142992889536
pH,2.8749977680605854
Clay,2.421854095088786
rough_Elevation,2.4211870487548137
rough_Soil.C,2.0734633703040757
rough_CEC,2.0611698894760493
rough_NDVI,1.5541766801842032
Surface.T,1.3806217632980184
rough_Surface.T,1.2143548072714605
