var,rel.inf
MAP,37.51753121570488
PDQ,14.196539342375255
rough_MAP,12.230941615236672
Elevation,9.719979907221523
CEC,6.124336172376031
rough_PDQ,3.8813503960920133
pH,2.8672743862069576
Clay,2.569672083241742
rough_Elevation,2.420198395242642
rough_CEC,2.1953731754811687
rough_Soil.C,2.0529795446009533
rough_NDVI,1.5476487889650068
Surface.T,1.4636622204575571
rough_Surface.T,1.212512756797602
