var,rel.inf
MAP,37.6491951566656
PDQ,14.058716951698623
rough_MAP,12.126523388133949
Elevation,9.901062843562014
CEC,6.1184386722960165
rough_PDQ,3.857715249475261
pH,2.7465615718805725
Clay,2.677369985309872
rough_Elevation,2.4263653990997867
rough_CEC,2.2993789905648256
rough_Soil.C,1.8792295772799492
rough_NDVI,1.6268430469939978
Surface.T,1.440024573705078
rough_Surface.T,1.1925745933344625
