nt,pseudo_r2,pred_obs_r2,pred_obs_r2_exp
7350,0.4894550850689916,0.7402518869061085,0.5919260586336329
