var,rel.inf
MAP,37.645243234239224
PDQ,14.120765972365149
rough_MAP,11.876821963432448
Elevation,9.734429534931607
CEC,6.025522188476975
rough_PDQ,3.98649885491387
pH,2.7389741512273766
Clay,2.5790106251817626
rough_Elevation,2.4465600223988595
rough_CEC,2.2330572014252015
rough_Soil.C,2.165985335793651
rough_NDVI,1.6639546429568288
Surface.T,1.5343929866519816
rough_Surface.T,1.248783286005067
