var,rel.inf
MAP,37.487043146053864
PDQ,14.251759313703134
rough_MAP,12.482301011186745
Elevation,9.675902107791785
CEC,6.146507368810367
rough_PDQ,3.920657032144827
pH,2.7982124260871633
Clay,2.525385912499764
rough_Elevation,2.3579989425426335
rough_Soil.C,2.1311210356874706
rough_CEC,2.1031424033144566
rough_NDVI,1.5481420600327034
Surface.T,1.3215272744439905
rough_Surface.T,1.2502999657010923
