nt,pseudo_r2,pred_obs_r2,pred_obs_r2_exp
8e3,0.5010825338137039,0.7506300252439764,0.6006121695752592
