var,rel.inf
MAP,37.891070330393404
PDQ,14.160481327033063
rough_MAP,11.896414335035438
Elevation,9.87519170427813
CEC,6.077961737234567
rough_PDQ,3.9642930791743756
pH,2.812131193811961
Clay,2.499063922169016
rough_Elevation,2.490676082124743
rough_Soil.C,2.121598031931399
rough_CEC,2.0600844569932093
rough_NDVI,1.474598307358215
Surface.T,1.4733340598276734
rough_Surface.T,1.203101432634805
