nt,pseudo_r2,pred_obs_r2,pred_obs_r2_exp
7900,0.4946499235492132,0.7495063485354186,0.6000795692630436
