var,rel.inf
MAP,38.02405745298347
PDQ,14.285204317858152
rough_MAP,12.2040918604147
Elevation,9.723160677475418
CEC,6.006520291048408
rough_PDQ,3.9507124284884174
pH,2.899456457855038
Clay,2.413039051182256
rough_Elevation,2.3100622104180437
rough_CEC,2.104283286523784
rough_Soil.C,1.942373880211887
rough_NDVI,1.5352402848088216
Surface.T,1.3515649006118455
rough_Surface.T,1.250232900119749
