nt,pseudo_r2,pred_obs_r2,pred_obs_r2_exp
9450,0.49862687413176,0.7718971485870473,0.6186256463205883
