var,rel.inf
MAP,38.22212868866918
PDQ,14.160513444816191
rough_MAP,12.600363479067763
Elevation,9.866478139663641
CEC,5.948532022642678
rough_PDQ,3.7794704300108632
pH,2.8286964257314064
rough_Elevation,2.376602676926732
Clay,2.344187304582676
rough_CEC,2.085228242736508
rough_Soil.C,2.0403121017565202
rough_NDVI,1.4130179418960482
Surface.T,1.2326360662375855
rough_Surface.T,1.1018330352622068
