nt,pseudo_r2,pred_obs_r2,pred_obs_r2_exp
7450,0.4989750731459849,0.7427280437044563,0.59335590862348
