nt,pseudo_r2,pred_obs_r2,pred_obs_r2_exp
7550,0.494711542874253,0.7454890803558218,0.5952756958662367
