nt,pseudo_r2,pred_obs_r2,pred_obs_r2_exp
6950,0.4920191125086484,0.7342742902405845,0.5873779920255044
