var,rel.inf
MAP,37.76942383958615
PDQ,14.423168713293661
rough_MAP,12.04896618324427
Elevation,9.864280202245357
CEC,5.939582929427274
rough_PDQ,3.915654885494691
pH,2.8795737318357832
Clay,2.500540228860467
rough_Elevation,2.3732184504635065
rough_CEC,2.106491346007497
rough_Soil.C,1.9361393402736784
rough_NDVI,1.6431258664120731
Surface.T,1.4628077340059642
rough_Surface.T,1.1370265488496225
