nt,pseudo_r2,pred_obs_r2,pred_obs_r2_exp
7550,0.508712623059535,0.7437372373385159,0.5939066917127019
