var,rel.inf
MAP,37.65433751089875
PDQ,13.95932407029056
rough_MAP,12.638496209046245
Elevation,9.824790663687073
CEC,6.019824411430171
rough_PDQ,3.825319988581597
pH,2.9370086377334816
Clay,2.404495671538462
rough_Elevation,2.402804962280644
rough_CEC,2.24181479564374
rough_Soil.C,1.9623068844691165
rough_NDVI,1.5966254679968646
Surface.T,1.3983366226420528
rough_Surface.T,1.134514103761243
