nt,pseudo_r2,pred_obs_r2,pred_obs_r2_exp
7800,0.49531950834964844,0.7490138919911578,0.5995923117234158
