nt,pseudo_r2,pred_obs_r2,pred_obs_r2_exp
7600,0.49665347905038415,0.7448245619333879,0.5952557445644355
