nt,pseudo_r2,pred_obs_r2,pred_obs_r2_exp
9100,0.5070415017125658,0.7658297501761802,0.6147564850527761
