var,rel.inf
MAP,37.177071776502316
PDQ,14.05969557405345
rough_MAP,12.183986258570844
Elevation,9.744086044994233
CEC,6.0268843820722315
rough_PDQ,4.094935855145672
pH,2.9270859243120726
Clay,2.502576872892768
rough_Elevation,2.405371535520178
rough_CEC,2.3089379800518297
rough_Soil.C,2.088926384303001
rough_NDVI,1.6618117641506636
Surface.T,1.5722702086223685
rough_Surface.T,1.2463594388083712
