nt,pseudo_r2,pred_obs_r2,pred_obs_r2_exp
7050,0.48896449978557033,0.7359043060043147,0.587466011748987
