var,rel.inf
MAP,37.5977405892577
PDQ,14.261440264011712
rough_MAP,12.172065658164227
Elevation,9.671800518734406
CEC,6.044227463163666
rough_PDQ,3.9181454417927823
pH,2.939974625568446
Clay,2.585735518579963
rough_Elevation,2.4558095846058743
rough_CEC,2.291345620939472
rough_Soil.C,1.931563970285995
rough_NDVI,1.5278386104111388
Surface.T,1.4496390659773073
rough_Surface.T,1.1526730685073079
