var,rel.inf
MAP,37.739557391584846
PDQ,14.470183153094485
rough_MAP,12.055281818693846
Elevation,9.753394932307312
CEC,5.913258380513151
rough_PDQ,3.7684960576489117
pH,2.907379182417138
rough_Elevation,2.4460984713065654
Clay,2.4401550105929815
rough_CEC,2.146482823865923
rough_Soil.C,2.145610778904035
rough_NDVI,1.5786746722552596
Surface.T,1.453859628005448
rough_Surface.T,1.1815676988101012
