var,rel.inf
MAP,37.95473475555047
PDQ,14.166715433182926
rough_MAP,12.310719099105832
Elevation,9.870876679215595
CEC,6.07976625237471
rough_PDQ,3.7751824605227142
pH,2.7249368909231193
Clay,2.507660262311092
rough_Elevation,2.35410673066272
rough_CEC,2.131703447757545
rough_Soil.C,1.96660371030675
rough_NDVI,1.5212967895875427
Surface.T,1.4048312061610397
rough_Surface.T,1.2308662823379486
