var,rel.inf
MAP,37.977069723530896
PDQ,14.289778378330405
rough_MAP,11.92506193228052
Elevation,9.847499067074953
CEC,6.1174525049848985
rough_PDQ,3.8758571106865394
pH,2.8820114351910484
Clay,2.375577778870968
rough_Elevation,2.35544405237985
rough_CEC,2.1954671314281153
rough_Soil.C,2.101083610365071
rough_NDVI,1.5304363821932967
Surface.T,1.4183501672393166
rough_Surface.T,1.1089107254441175
