var,rel.inf
MAP,38.6396529492916
PDQ,14.356597703744384
rough_MAP,12.052204237442403
Elevation,9.910732051469932
CEC,6.040930870290253
rough_PDQ,3.759290754870169
pH,2.6674613699114165
rough_Elevation,2.335628041841876
Clay,2.3212174554107143
rough_Soil.C,2.0134033108330724
rough_CEC,2.0040444127881267
rough_NDVI,1.4965850335544157
Surface.T,1.3253106350926802
rough_Surface.T,1.0769411734589538
