nt,pseudo_r2,pred_obs_r2,pred_obs_r2_exp
7450,0.49797523019431733,0.7420514813529496,0.5939380978249609
