nt,pseudo_r2,pred_obs_r2,pred_obs_r2_exp
8550,0.49761622719944254,0.7583981176546739,0.6074497096726881
