var,rel.inf
MAP,38.28909827140446
PDQ,14.308192782301512
rough_MAP,12.220734544346021
Elevation,9.917373195796161
CEC,6.0561403179562205
rough_PDQ,3.836774406096551
pH,2.5725019669821036
Clay,2.5210199990117217
rough_Elevation,2.4280726412214886
rough_CEC,2.026938499625442
rough_Soil.C,1.93525284215138
rough_NDVI,1.4217106048255088
Surface.T,1.3410326303526507
rough_Surface.T,1.1251572979287712
