nt,pseudo_r2,pred_obs_r2,pred_obs_r2_exp
7650,0.48934973549739025,0.7460628715820835,0.5970001858977029
