nt,pseudo_r2,pred_obs_r2,pred_obs_r2_exp
8100,0.4947824648202389,0.7534697170010978,0.6018588915521471
