nt,pseudo_r2,pred_obs_r2,pred_obs_r2_exp
7550,0.49180351523159527,0.7442389750199339,0.5962966596096472
