nt,pseudo_r2,pred_obs_r2,pred_obs_r2_exp
7500,0.4916861021198474,0.7445081528053062,0.5948524935283765
