nt,pseudo_r2,pred_obs_r2,pred_obs_r2_exp
7250,0.491942934822579,0.7400259033737508,0.5928032900602428
