nt,pseudo_r2,pred_obs_r2,pred_obs_r2_exp
7500,0.5030017348416613,0.7434548502261907,0.5927529895716788
