nt,pseudo_r2,pred_obs_r2,pred_obs_r2_exp
7400,0.4855838316943437,0.7420962204642226,0.5948401497861466
