nt,pseudo_r2,pred_obs_r2,pred_obs_r2_exp
6750,0.48634264641133507,0.7308614472848023,0.5835080754870087
