var,rel.inf
MAP,37.91558312021154
PDQ,14.299048484150601
rough_MAP,12.366173115638704
Elevation,9.967061755100254
CEC,6.0876331013570235
rough_PDQ,3.8076828824785265
pH,2.7382315406771873
Clay,2.6107749968179217
rough_Elevation,2.3581319152569713
rough_CEC,2.0785863844699235
rough_Soil.C,1.808997386419743
rough_NDVI,1.540736820541797
Surface.T,1.3320918030058453
rough_Surface.T,1.0892666938739572
