var,rel.inf
MAP,38.1314798746053
PDQ,14.225108873855902
rough_MAP,12.203708561094107
Elevation,9.824443908788476
CEC,6.0473859383185316
rough_PDQ,3.7787096303536303
pH,2.853386620825369
Clay,2.432668263968646
rough_Elevation,2.273062092857021
rough_CEC,2.1054988526662965
rough_Soil.C,1.8763128349764195
rough_NDVI,1.622727072002639
Surface.T,1.4359235489132283
rough_Surface.T,1.1895839267744348
