nt,pseudo_r2,pred_obs_r2,pred_obs_r2_exp
6950,0.4970381536961983,0.7356494932343975,0.586593223418497
