var,rel.inf
MAP,36.77111539359209
PDQ,14.243833736045639
rough_MAP,11.851166491844825
Elevation,9.652360421328401
CEC,6.12589789889729
rough_PDQ,4.046546359672725
pH,2.9156508404005668
Clay,2.701563800987988
rough_CEC,2.495586016740944
rough_Elevation,2.4469213189506633
rough_Soil.C,2.1065034706642276
rough_NDVI,1.7486304318980115
Surface.T,1.6276294990721547
rough_Surface.T,1.266594319904463
