var,rel.inf
MAP,37.84415952528792
PDQ,14.224373637758065
rough_MAP,12.559377685080749
Elevation,9.942908315397123
CEC,6.011534610859361
rough_PDQ,3.800920923253598
pH,2.8824264961956483
Clay,2.3866497599229195
rough_Elevation,2.320797046872051
rough_CEC,2.0417469790242095
rough_Soil.C,2.0251658526601433
rough_NDVI,1.4982920531933188
Surface.T,1.3132905159363082
rough_Surface.T,1.1483565985585849
