nt,pseudo_r2,pred_obs_r2,pred_obs_r2_exp
7450,0.47888014188724604,0.7423831130148423,0.5946563255222288
