nt,pseudo_r2,pred_obs_r2,pred_obs_r2_exp
7200,0.49461526180939075,0.7386686075121036,0.589808419684062
