var,rel.inf
MAP,37.84344644186645
PDQ,14.10817294533637
rough_MAP,12.304178277779373
Elevation,9.945905603891354
CEC,6.07172816175636
rough_PDQ,3.869817271752518
pH,2.7603919779793613
Clay,2.5561943049284093
rough_Elevation,2.408187730740577
rough_CEC,2.0745765425856773
rough_Soil.C,2.0724936894266706
rough_NDVI,1.4620918765557838
Surface.T,1.3565561328564508
rough_Surface.T,1.166259042544639
