nt,pseudo_r2,pred_obs_r2,pred_obs_r2_exp
7850,0.495072746095498,0.749213035351486,0.5985979513541229
