var,rel.inf
MAP,36.866826790778276
PDQ,14.022910492231249
rough_MAP,12.18677849822428
Elevation,9.89862164245927
CEC,6.125639296524507
rough_PDQ,4.066059714667424
pH,2.9055033961466834
Clay,2.6019367899805546
rough_Elevation,2.4038262597533406
rough_CEC,2.3366205269714686
rough_Soil.C,2.074897499897702
rough_NDVI,1.7564579179691826
Surface.T,1.5045957471367557
rough_Surface.T,1.2493254272593017
