var,rel.inf
MAP,38.41706191390357
PDQ,14.414706188823653
rough_MAP,12.192759495820907
Elevation,9.877778802894422
CEC,6.018804460634577
rough_PDQ,3.7688818070200996
pH,2.7582706653400715
rough_Elevation,2.330777580765411
Clay,2.278283920633073
rough_Soil.C,2.004779959637491
rough_CEC,2.0015628619836043
rough_NDVI,1.4669415775780672
Surface.T,1.3127615900303575
rough_Surface.T,1.1566291749346969
