var,rel.inf
MAP,37.23535069877943
PDQ,14.083864529800163
rough_MAP,12.07068358860916
Elevation,9.844501809345385
CEC,6.00314763711417
rough_PDQ,3.993553850386339
pH,2.890356999863815
Clay,2.6477833862427205
rough_Elevation,2.431458058760904
rough_CEC,2.2763109610981354
rough_Soil.C,2.0202195670030885
rough_NDVI,1.7390063688480661
Surface.T,1.4690755932611372
rough_Surface.T,1.2946869508874852
