var,rel.inf
MAP,37.86771454074231
PDQ,14.066225950550486
rough_MAP,12.076895046534004
Elevation,9.82077447586748
CEC,6.156667863635637
rough_PDQ,3.9234337362008365
pH,2.8306394338716716
Clay,2.484020031612451
rough_Elevation,2.3685689289233904
rough_CEC,2.147546803513039
rough_Soil.C,2.128099581393132
rough_NDVI,1.6145144638321927
Surface.T,1.3610140645574087
rough_Surface.T,1.1538850787659596
