nt,pseudo_r2,pred_obs_r2,pred_obs_r2_exp
7750,0.48630073641407257,0.7477185347789209,0.5969706808947848
