nt,pseudo_r2,pred_obs_r2,pred_obs_r2_exp
8050,0.5065761876193371,0.7516066513047606,0.6008677056699573
