nt,pseudo_r2,pred_obs_r2,pred_obs_r2_exp
8500,0.5023821958338973,0.7581794919394933,0.607229546291267
