nt,pseudo_r2,pred_obs_r2,pred_obs_r2_exp
6850,0.48591020553442343,0.7323107234515676,0.5873406996949742
