nt,pseudo_r2,pred_obs_r2,pred_obs_r2_exp
8350,0.4992233409781933,0.7564430684597264,0.6052456827860284
