var,rel.inf
MAP,38.155333257488586
PDQ,14.111057407720237
rough_MAP,12.236223297301196
Elevation,9.882944932750517
CEC,6.182666603832663
rough_PDQ,3.799192959116958
pH,2.8276516290832974
Clay,2.461521024366206
rough_Elevation,2.351859498004406
rough_CEC,2.1247524275061287
rough_Soil.C,1.9076854023748242
rough_NDVI,1.5218972923609888
Surface.T,1.314810345083434
rough_Surface.T,1.122403923010549
