var,rel.inf
MAP,38.23654086337899
PDQ,14.277914016073636
rough_MAP,12.269075304459534
Elevation,9.810427370295042
CEC,5.919521149961684
rough_PDQ,3.901907444382843
pH,2.745190972051433
rough_Elevation,2.42675857828472
Clay,2.356998931735005
rough_CEC,2.1113694619145664
rough_Soil.C,1.9274857713754594
rough_NDVI,1.5328836715193845
Surface.T,1.3782850876359876
rough_Surface.T,1.1056413769317153
