var,rel.inf
MAP,37.09542608237541
PDQ,14.38098856463753
rough_MAP,11.906410272420748
Elevation,9.445831032485609
CEC,6.076332916635449
rough_PDQ,3.942848501003987
pH,2.9701858062948814
Clay,2.730497095029819
rough_Elevation,2.454073445252339
rough_CEC,2.3370935275108655
rough_Soil.C,2.141035283036764
rough_NDVI,1.738675882177714
Surface.T,1.5679626549592258
rough_Surface.T,1.212638936179656
