nt,pseudo_r2,pred_obs_r2,pred_obs_r2_exp
7050,0.4916578535580486,0.7369966323114178,0.5877653890541191
