var,rel.inf
MAP,38.35143932667047
PDQ,14.243136505682452
rough_MAP,12.26991721778881
Elevation,9.88118378721092
CEC,5.8252285600436835
rough_PDQ,3.8490384162414415
pH,2.7264640422448614
Clay,2.4714424479486583
rough_Elevation,2.442826572182519
rough_Soil.C,2.071173940090275
rough_CEC,1.9578851998725522
rough_NDVI,1.4058600566924317
Surface.T,1.3485515981460134
rough_Surface.T,1.1558523291849068
