nt,pseudo_r2,pred_obs_r2,pred_obs_r2_exp
7250,0.4893550028043493,0.7394231037222845,0.592453938975085
