nt,pseudo_r2,pred_obs_r2,pred_obs_r2_exp
7050,0.49643154960505076,0.7366656845623952,0.5895415148200642
