var,rel.inf
MAP,37.74300407429043
PDQ,14.05048452742427
rough_MAP,11.923190423589114
Elevation,9.651579909318656
CEC,6.0782977135833
rough_PDQ,4.0227460874579855
pH,2.9396850250798745
Clay,2.529466666663045
rough_Elevation,2.4075124337424634
rough_CEC,2.1697034046163677
rough_Soil.C,1.9827125134440857
rough_NDVI,1.6819945655901418
Surface.T,1.5621179209562186
rough_Surface.T,1.2575047342440484
