var,rel.inf
MAP,39.23329220202147
PDQ,14.27340824186886
rough_MAP,12.486824761685078
Elevation,9.978022525322068
CEC,6.165485959080202
rough_PDQ,3.686370591540078
pH,2.6492611856762527
rough_Elevation,2.372244409102014
Clay,2.1340737410723873
rough_Soil.C,1.9457314958384908
rough_CEC,1.7896184343321517
rough_NDVI,1.1919137086440652
Surface.T,1.1715943574879244
rough_Surface.T,0.9221583863289574
