nt,pseudo_r2,pred_obs_r2,pred_obs_r2_exp
7e3,0.49673411186422745,0.7362327694339152,0.5882475101404375
