var,rel.inf
MAP,38.20370136891062
PDQ,14.124542465059186
rough_MAP,12.307348277376006
Elevation,9.909014178350123
CEC,6.149741561693
rough_PDQ,3.7545051734751373
pH,2.944086085714953
rough_Elevation,2.338688891458684
rough_Soil.C,2.1928962790789535
Clay,2.161798721849681
rough_CEC,2.0067906183947772
Surface.T,1.4266483900693332
rough_NDVI,1.388643294976424
rough_Surface.T,1.0915946935931287
