nt,pseudo_r2,pred_obs_r2,pred_obs_r2_exp
7300,0.49626981925901403,0.7405195803713445,0.5921060287038807
