nt,pseudo_r2,pred_obs_r2,pred_obs_r2_exp
7500,0.5082088039285857,0.7427319518770723,0.5940046237427415
