var,rel.inf
MAP,38.44899434607849
PDQ,14.351519238779382
rough_MAP,12.348527222266
Elevation,9.84091902756818
CEC,6.053215678157029
rough_PDQ,3.790804778313416
pH,2.7136029858847195
rough_Elevation,2.3490826453512414
Clay,2.308106346514129
rough_Soil.C,2.0405434604241344
rough_CEC,1.9309375055870595
rough_NDVI,1.4675212496539685
Surface.T,1.2468340676490683
rough_Surface.T,1.10939144777318
