nt,pseudo_r2,pred_obs_r2,pred_obs_r2_exp
8150,0.50612011178548455,0.7534463915500513,0.6037757030424423
