var,rel.inf
MAP,37.55272768869327
PDQ,14.1600208627108
rough_MAP,12.392544486414835
Elevation,9.841096803911109
CEC,6.12506932716727
rough_PDQ,3.86054422786641
pH,2.9464949575590946
Clay,2.4029978326581647
rough_Elevation,2.3838503480431856
rough_CEC,2.20931341646291
rough_Soil.C,2.0273438485572175
rough_NDVI,1.4791449599133624
Surface.T,1.435936606778343
rough_Surface.T,1.1829146332640337
