var,rel.inf
MAP,37.482543999778606
PDQ,14.063900146770592
rough_MAP,12.176504247556107
Elevation,9.753743780615897
CEC,6.060360820399796
rough_PDQ,3.910141164686523
pH,2.979505867049772
Clay,2.6103190430816525
rough_Elevation,2.3539818644280546
rough_CEC,2.199828988357847
rough_Soil.C,2.0636356591871605
rough_NDVI,1.5881074930081662
Surface.T,1.5431889151234197
rough_Surface.T,1.214238009956396
