nt,pseudo_r2,pred_obs_r2,pred_obs_r2_exp
7650,0.4912332585060184,0.7459677371229346,0.597580324927191
