nt,pseudo_r2,pred_obs_r2,pred_obs_r2_exp
7600,0.49514772398350926,0.7452296776541513,0.59560069596423
