nt,pseudo_r2,pred_obs_r2,pred_obs_r2_exp
7550,0.5030313641845119,0.7443135473112336,0.5959778794671426
