var,rel.inf
MAP,37.54194286072513
PDQ,14.014173943713539
rough_MAP,12.329854178090287
Elevation,9.803149641221768
CEC,6.143328960899153
rough_PDQ,3.910077416979151
pH,2.8883240883639334
Clay,2.480300196792204
rough_Elevation,2.336094753621285
rough_CEC,2.2419752844422507
rough_Soil.C,2.106530724160263
rough_NDVI,1.5783711699046352
Surface.T,1.4375207565551298
rough_Surface.T,1.1883560245312623
