var,rel.inf
MAP,37.755358765873964
PDQ,14.114225189697482
rough_MAP,12.174932177310804
Elevation,9.906974096815995
CEC,6.039197313261573
rough_PDQ,3.860650505699004
pH,2.782288432004548
Clay,2.5397748447528423
rough_Elevation,2.4399144421370353
rough_CEC,2.1751446441651
rough_Soil.C,1.960786793394018
rough_NDVI,1.5837642643863148
Surface.T,1.4716541638943743
rough_Surface.T,1.1953343666069454
