var,rel.inf
MAP,38.00969356593802
PDQ,14.151917981150234
rough_MAP,12.154306500409705
Elevation,9.697962436237528
CEC,5.9853419551084635
rough_PDQ,3.887576672007081
pH,2.7227076459367754
Clay,2.4267004611232332
rough_Elevation,2.419796881620935
rough_Soil.C,2.1570109385856444
rough_CEC,2.1089074797750893
rough_NDVI,1.6251691101075874
Surface.T,1.4851092517044042
rough_Surface.T,1.1677991202952969
