var,rel.inf
MAP,37.0436516616125
PDQ,14.084203997391205
rough_MAP,12.209425619609283
Elevation,9.713042434082361
CEC,6.080149671490734
rough_PDQ,4.069534618017606
pH,2.909388258658617
Clay,2.693382921089791
rough_Elevation,2.3940920885444466
rough_CEC,2.3295800628770187
rough_Soil.C,2.130772368621293
rough_NDVI,1.6118357577968323
Surface.T,1.4066207649795441
rough_Surface.T,1.3243197752287708
