var,rel.inf
MAP,38.52935175823456
PDQ,14.420706815707012
rough_MAP,12.329076589358829
Elevation,9.842959948779438
CEC,5.994944083603281
rough_PDQ,3.807743062945992
pH,2.7023484961268913
Clay,2.4062360029394183
rough_Elevation,2.35658679857894
rough_Soil.C,2.0018184486736277
rough_CEC,1.9249015187197789
rough_NDVI,1.35206225490168
Surface.T,1.2742132470303165
rough_Surface.T,1.0570509744002312
