nt,pseudo_r2,pred_obs_r2,pred_obs_r2_exp
7350,0.47864245029962726,0.7404980888302651,0.5931246775390319
