var,rel.inf
MAP,37.73037498794757
PDQ,14.202889193405698
rough_MAP,12.265673122331771
Elevation,9.635391517695016
CEC,5.9907595043078326
rough_PDQ,3.8692633248940522
pH,2.929163474923374
Clay,2.5384758665905625
rough_Elevation,2.326710759459118
rough_CEC,2.280962424543882
rough_Soil.C,2.0330051232461277
rough_NDVI,1.5372332329694844
Surface.T,1.4548231855033293
rough_Surface.T,1.2052742821821834
