var,rel.inf
MAP,38.309013153455034
PDQ,14.307307653712384
rough_MAP,11.889282402934747
Elevation,9.657899176624563
CEC,6.077251206321808
rough_PDQ,3.8663550519497054
pH,2.723665904438867
Clay,2.4663231710950764
rough_Elevation,2.4159767868816027
rough_CEC,2.049498084363022
rough_Soil.C,2.037262563096873
rough_NDVI,1.543060931521817
Surface.T,1.5034926140726566
rough_Surface.T,1.1536112995318462
