var,rel.inf
MAP,37.451633349000964
PDQ,14.274872493948408
rough_MAP,12.04864617077068
Elevation,9.740878644771279
CEC,6.133219128356575
rough_PDQ,3.874975459363256
pH,2.8469154174855333
Clay,2.5207213434881774
rough_CEC,2.346726158498932
rough_Elevation,2.3198246342025697
rough_Soil.C,1.9521692778940767
rough_NDVI,1.7497109342183814
Surface.T,1.4617362998914893
rough_Surface.T,1.277970688109681
