nt,pseudo_r2,pred_obs_r2,pred_obs_r2_exp
8150,0.4943386938005667,0.7532540474402771,0.6033598919888294
