var,rel.inf
MAP,38.14875982289127
PDQ,14.219939378923062
rough_MAP,12.085263160905981
Elevation,10.022743879962345
CEC,6.1274466098737594
rough_PDQ,3.924142360950778
pH,2.753705386944964
Clay,2.4552328781062704
rough_Elevation,2.4091902319941862
rough_CEC,2.017527392244419
rough_Soil.C,1.973255329195726
rough_NDVI,1.5248596829903835
Surface.T,1.2581829490157417
rough_Surface.T,1.0797509360011028
