var,rel.inf
MAP,37.80556374065561
PDQ,14.011995306078076
rough_MAP,12.321963994841438
Elevation,9.686476137893179
CEC,6.175514443517533
rough_PDQ,3.9848129401773535
pH,2.9264996596669537
Clay,2.5306510964044127
rough_Elevation,2.393480776864528
rough_CEC,2.095548109544324
rough_Soil.C,1.8554957423522451
rough_NDVI,1.5845633762920532
Surface.T,1.4235098026324575
rough_Surface.T,1.2039248730798298
