var,rel.inf
MAP,37.98290598167245
PDQ,14.407542314036977
rough_MAP,12.3670257281299
Elevation,9.872673576173908
CEC,6.044301361702435
rough_PDQ,3.85690178024013
pH,2.8197345266317657
Clay,2.3989928057754524
rough_Elevation,2.279502832457408
rough_CEC,2.0825271912850223
rough_Soil.C,1.9667734950514808
rough_NDVI,1.4350327978766733
Surface.T,1.3485002806490225
rough_Surface.T,1.1375853283173802
