nt,pseudo_r2,pred_obs_r2,pred_obs_r2_exp
7200,0.4945084802483958,0.7393553793076844,0.5905915655012766
