nt,pseudo_r2,pred_obs_r2,pred_obs_r2_exp
7400,0.48835259792758956,0.7423147413230008,0.5934762693916601
