var,rel.inf
MAP,37.73805796304197
PDQ,14.11098385667294
rough_MAP,12.395356833222058
Elevation,9.863440666372147
CEC,6.04774208226042
rough_PDQ,3.787368598620714
pH,2.7488394365329945
rough_Elevation,2.48383398422855
Clay,2.4592318002432614
rough_CEC,2.2306755142231043
rough_Soil.C,1.9390721714458163
rough_NDVI,1.5867687338165186
Surface.T,1.3923261902656832
rough_Surface.T,1.216302169053824
