nt,pseudo_r2,pred_obs_r2,pred_obs_r2_exp
7750,0.5023847562898139,0.7477777923455078,0.5996052912217618
