var,rel.inf
MAP,37.743326899501774
PDQ,14.154107289956633
rough_MAP,12.209383030059241
Elevation,9.778373186076289
CEC,5.932601664478878
rough_PDQ,3.9329863931200273
pH,2.957666742799783
Clay,2.4531270813678723
rough_Elevation,2.4109726968208185
rough_CEC,2.289231413176723
rough_Soil.C,2.1417188839512993
rough_NDVI,1.5232800211542172
Surface.T,1.3092950595914865
rough_Surface.T,1.1639296379449633
