nt,pseudo_r2,pred_obs_r2,pred_obs_r2_exp
7800,0.4847496089058101,0.7477025313010318,0.5978778349657682
