var,rel.inf
MAP,38.4709461266525
PDQ,14.065480942963418
rough_MAP,12.15161943398829
Elevation,10.019166558619421
CEC,5.9369909116340995
rough_PDQ,3.822924088365479
pH,2.6809707643265215
Clay,2.407041750189314
rough_Elevation,2.3466897140721383
rough_Soil.C,2.1525523695771915
rough_CEC,2.0591354618331223
rough_NDVI,1.3989306165060025
Surface.T,1.2802495376156677
rough_Surface.T,1.2073017236568404
