var,rel.inf
MAP,37.66716546449681
PDQ,14.201366945206162
rough_MAP,12.391881891175151
Elevation,9.796743708835402
CEC,6.1525678900947725
rough_PDQ,4.000005897452336
pH,2.8667600988254063
Clay,2.4809511031631972
rough_Elevation,2.341611428337315
rough_CEC,2.144142306974314
rough_Soil.C,1.9006539883414624
rough_NDVI,1.4758981681404295
Surface.T,1.4134265129953094
rough_Surface.T,1.166824595961928
