nt,pseudo_r2,pred_obs_r2,pred_obs_r2_exp
7850,0.5080652224381936,0.7488341226912916,0.598137466524922
