nt,pseudo_r2,pred_obs_r2,pred_obs_r2_exp
8050,0.503233639941799,0.7514950881989737,0.6017321383827693
