nt,pseudo_r2,pred_obs_r2,pred_obs_r2_exp
7200,0.49230164913964924,0.7393784851806529,0.592250912996295
