nt,pseudo_r2,pred_obs_r2,pred_obs_r2_exp
7150,0.49968474498903726,0.7384030828298335,0.5902590991033212
