var,rel.inf
MAP,37.43856077319914
PDQ,14.328184630225456
rough_MAP,11.97057579126494
Elevation,9.614230942132473
CEC,6.112585447527162
rough_PDQ,3.9968581772901968
pH,2.7280548730738943
Clay,2.516139700347442
rough_Elevation,2.4628278141802995
rough_CEC,2.23661263856414
rough_Soil.C,2.042815766404116
rough_NDVI,1.700405304926619
Surface.T,1.553080417981025
rough_Surface.T,1.2990677228830982
