var,rel.inf
MAP,38.145829474012515
PDQ,14.358976598466501
rough_MAP,12.462796595076918
Elevation,9.817367120671546
CEC,5.950831060580011
rough_PDQ,3.890903104104129
pH,2.6647339444246985
Clay,2.460860859478534
rough_Elevation,2.3711000483251667
rough_CEC,2.0283023575830947
rough_Soil.C,2.014900825220832
rough_NDVI,1.3731084619358154
Surface.T,1.315403908960946
rough_Surface.T,1.1448856411592885
