nt,pseudo_r2,pred_obs_r2,pred_obs_r2_exp
7500,0.5023755488155854,0.7431788180182963,0.5947797476860731
