var,rel.inf
MAP,37.670481168101205
PDQ,14.081754060429484
rough_MAP,12.45057711705626
Elevation,9.801544670107955
CEC,6.0548463500491305
rough_PDQ,3.988988432554275
pH,2.792236467297739
Clay,2.5500018636374855
rough_Elevation,2.267384843112741
rough_CEC,2.136325680954322
rough_Soil.C,2.041738746461481
rough_NDVI,1.5917567266499664
Surface.T,1.4078089352175025
rough_Surface.T,1.1645549383704605
