var,rel.inf
MAP,37.880780495591246
PDQ,14.098471733735801
rough_MAP,12.427644333411044
Elevation,9.776969974985656
CEC,6.131555023384451
rough_PDQ,3.7515593860581555
pH,2.9030899011569438
rough_Elevation,2.4247113315644793
Clay,2.3315624770387964
rough_CEC,2.166528843364728
rough_Soil.C,1.876894305389728
rough_NDVI,1.5564720018227922
Surface.T,1.4297221189216573
rough_Surface.T,1.2440380735745284
