nt,pseudo_r2,pred_obs_r2,pred_obs_r2_exp
7400,0.4887014118524725,0.7420563596459898,0.5933617843736508
