var,rel.inf
MAP,38.50143164288994
PDQ,14.081494157472996
rough_MAP,12.549940562224256
Elevation,9.967298710186055
CEC,6.117501994254951
rough_PDQ,3.8153613438204093
pH,2.6832870596562493
Clay,2.416024261852283
rough_Elevation,2.2844583814415644
rough_CEC,1.9679898954779855
rough_Soil.C,1.749625069832572
rough_NDVI,1.3810412360062265
Surface.T,1.3160007193988872
rough_Surface.T,1.168544965485628
