nt,pseudo_r2,pred_obs_r2,pred_obs_r2_exp
6750,0.48723339008940336,0.7312929665314115,0.584208910037914
