var,rel.inf
MAP,38.33564686655389
PDQ,14.105343168619425
rough_MAP,12.198712868367963
Elevation,9.811598692881493
CEC,6.1212511439441775
rough_PDQ,3.7955375653074057
pH,2.762043254655195
Clay,2.4511726036184887
rough_Elevation,2.359897644368821
rough_CEC,2.066212027350903
rough_Soil.C,2.0442295343278394
rough_NDVI,1.4729023042393008
Surface.T,1.3972450299442416
rough_Surface.T,1.078207295820856
