nt,pseudo_r2,pred_obs_r2,pred_obs_r2_exp
7900,0.5002538396412339,0.7498821164387856,0.5999515462713629
