var,rel.inf
MAP,37.91434105486649
PDQ,13.949963165770077
rough_MAP,12.041579531727553
Elevation,9.861284548841212
CEC,6.191371852340232
rough_PDQ,3.9703840801647696
pH,2.7164195925010812
Clay,2.501569010884138
rough_Elevation,2.4287809634393374
rough_CEC,2.1553668228570873
rough_Soil.C,2.0259708105518452
rough_NDVI,1.6394482710624592
Surface.T,1.4553533522702315
rough_Surface.T,1.1481669427234846
