var,rel.inf
MAP,38.18958695131543
PDQ,14.162424358319793
rough_MAP,12.40947296902742
Elevation,9.949928091962834
CEC,5.9389860073384115
rough_PDQ,3.7329364201166277
pH,2.8649924585189828
rough_Elevation,2.38779241982245
Clay,2.3269166266126273
rough_CEC,2.103330323390041
rough_Soil.C,2.020878529148405
rough_NDVI,1.4362795691485803
Surface.T,1.360907329742195
rough_Surface.T,1.1155679455362084
