var,rel.inf
MAP,37.19428209546193
PDQ,14.10409001874505
rough_MAP,12.204876636251353
Elevation,9.781020778174227
CEC,6.079073069330302
rough_PDQ,3.970018509751142
pH,2.8433074359285877
Clay,2.633124155338557
rough_Elevation,2.3726714191775775
rough_CEC,2.2317056376337328
rough_Soil.C,2.211945043591075
rough_NDVI,1.6795397518929347
Surface.T,1.4673094350733462
rough_Surface.T,1.2270360136501806
