nt,pseudo_r2,pred_obs_r2,pred_obs_r2_exp
8650,0.5081418465094956,0.7614351194930428,0.609438310486464
