nt,pseudo_r2,pred_obs_r2,pred_obs_r2_exp
7650,0.5051091072922214,0.7462786317075928,0.5978959866360235
