nt,pseudo_r2,pred_obs_r2,pred_obs_r2_exp
7950,0.4870077401495324,0.7502848172450374,0.5997586260750206
