var,rel.inf
MAP,38.202375873088286
PDQ,14.262431926512797
rough_MAP,12.076245835808175
Elevation,10.030503074700603
CEC,6.030722630629654
rough_PDQ,3.8311649926423814
pH,2.80891735724019
Clay,2.4275581173559946
rough_Elevation,2.3258260096999304
rough_Soil.C,2.0596967746614574
rough_CEC,2.0126093816838195
rough_NDVI,1.4606678315495913
Surface.T,1.347158542251624
rough_Surface.T,1.1241216521755004
