var,rel.inf
MAP,38.556974829729
PDQ,14.27152636063608
rough_MAP,12.259467197627911
Elevation,9.943860907733221
CEC,6.038147981180655
rough_PDQ,3.7951718446213967
pH,2.637105157196836
rough_Elevation,2.3486611494324676
Clay,2.3484340165474236
rough_CEC,2.1349146432401214
rough_Soil.C,1.833611985374267
rough_NDVI,1.518101582489129
Surface.T,1.1781242090989374
rough_Surface.T,1.1358981350925526
