nt,pseudo_r2,pred_obs_r2,pred_obs_r2_exp
7700,0.5059209790931212,0.7465424176016983,0.5971092215510176
