var,rel.inf
MAP,37.34644964001078
PDQ,14.20386031728288
rough_MAP,12.52600234084255
Elevation,9.774418560296875
CEC,5.998922815879355
rough_PDQ,3.922227492339279
pH,2.7370612809162362
Clay,2.5787480336724995
rough_Elevation,2.4209060003706124
rough_CEC,2.2343505434615922
rough_Soil.C,2.0892461409585006
rough_NDVI,1.603780434496467
Surface.T,1.333085609771812
rough_Surface.T,1.2309407897005638
