var,rel.inf
MAP,37.269694461168434
PDQ,13.933269797255742
rough_MAP,12.11445115320725
Elevation,9.805889502759495
CEC,6.017788812967789
rough_PDQ,3.964628123318672
pH,3.0459489883253994
Clay,2.6112681303705534
rough_Elevation,2.423121873303503
rough_CEC,2.3735484862211633
rough_Soil.C,2.142033473448961
rough_NDVI,1.590453939036343
Surface.T,1.576589679903538
rough_Surface.T,1.1313135787131618
