nt,pseudo_r2,pred_obs_r2,pred_obs_r2_exp
7250,0.49115696249447394,0.7394589883535292,0.5919645746186958
