var,rel.inf
MAP,38.904349092529564
PDQ,14.364995273012294
rough_MAP,12.314957618860946
Elevation,9.896354177877397
CEC,6.087892727764071
rough_PDQ,3.5765107333273116
pH,2.807477119979102
rough_Elevation,2.3074901067916858
Clay,2.202668587474036
rough_CEC,1.9620309373252578
rough_Soil.C,1.903125719634314
rough_NDVI,1.359717535276427
Surface.T,1.2166774209933289
rough_Surface.T,1.0957529491542635
