var,rel.inf
MAP,37.47232226254769
PDQ,14.465794484302547
rough_MAP,12.088455893530906
Elevation,9.805515315719473
CEC,5.9931152684322555
rough_PDQ,3.9435078032597777
pH,2.823385730674361
Clay,2.5658326324514604
rough_Elevation,2.431010755901923
rough_CEC,2.3369348638951255
rough_Soil.C,1.8914987541814734
rough_NDVI,1.652055819433527
Surface.T,1.3887306184204018
rough_Surface.T,1.1418397972490766
