nt,pseudo_r2,pred_obs_r2,pred_obs_r2_exp
7500,0.49948714055218235,0.7444169161250855,0.5946012155549559
