var,rel.inf
MAP,37.95064565299137
PDQ,14.344214582927755
rough_MAP,12.478146053348636
Elevation,9.815385624115224
CEC,6.009242090663449
rough_PDQ,3.7795642767473963
pH,2.8966866262621527
Clay,2.4699483818217494
rough_Elevation,2.3448347694279357
rough_CEC,2.1265339825322864
rough_Soil.C,2.0243293790416392
rough_NDVI,1.4435084649570378
Surface.T,1.2646071495492366
rough_Surface.T,1.0523529656141326
