var,rel.inf
MAP,37.812279045412915
PDQ,14.14246362899908
rough_MAP,12.328482698234911
Elevation,9.975242014136406
CEC,6.041140646398734
rough_PDQ,3.923037578351686
pH,2.819068547610202
Clay,2.3630365789289587
rough_Elevation,2.357738763073262
rough_Soil.C,2.037987911113286
rough_CEC,2.028167973557477
rough_NDVI,1.544350259904842
Surface.T,1.4106867394918905
rough_Surface.T,1.216317614786345
