var,rel.inf
MAP,37.59709655548718
PDQ,14.111569913522862
rough_MAP,12.107472681802221
Elevation,9.818157844588825
CEC,6.115152335327086
rough_PDQ,3.999371843022999
pH,2.8217108267683706
Clay,2.547658330719211
rough_Elevation,2.4150225022730547
rough_CEC,2.174265762703129
rough_Soil.C,1.971063515645154
rough_NDVI,1.6906476516730946
Surface.T,1.3978737206960434
rough_Surface.T,1.2329365157707706
