var,rel.inf
MAP,37.543165149420496
PDQ,14.246580829895631
rough_MAP,12.286350843004367
Elevation,9.90845024954111
CEC,6.140286639920061
rough_PDQ,3.7956667844960363
pH,2.7530512062813437
Clay,2.4500351662327633
rough_Elevation,2.430017735735837
rough_CEC,2.261367190194621
rough_Soil.C,1.9560420658944904
Surface.T,1.5216468129113585
rough_NDVI,1.5110455172862152
rough_Surface.T,1.19629380918567
