nt,pseudo_r2,pred_obs_r2,pred_obs_r2_exp
7650,0.4903145031148558,0.745335637497551,0.5956706149813393
