nt,pseudo_r2,pred_obs_r2,pred_obs_r2_exp
7650,0.5045158540605453,0.7462422995515909,0.5962061262140782
