var,rel.inf
MAP,38.07273411111247
PDQ,14.373472886106725
rough_MAP,12.201615928658695
Elevation,9.8521730258673
CEC,6.0507952500333655
rough_PDQ,3.849733381927855
pH,2.8266101908034456
Clay,2.413311907296924
rough_Elevation,2.3140540443051463
rough_CEC,2.058174339630194
rough_Soil.C,2.0419242021995614
rough_NDVI,1.4840844800232071
Surface.T,1.2873284520818624
rough_Surface.T,1.1739877999532498
