var,rel.inf
MAP,38.39545896584311
PDQ,14.17891190640268
rough_MAP,12.029429268149729
Elevation,9.996945397057152
CEC,6.020925381407339
rough_PDQ,3.7282648105661815
pH,2.813637779701659
rough_Elevation,2.4107981236596396
Clay,2.391988023830169
rough_CEC,2.0433162136424996
rough_Soil.C,2.006794043234354
rough_NDVI,1.5121398723836454
Surface.T,1.3920316040873122
rough_Surface.T,1.0793586100345252
