var,rel.inf
MAP,37.76554537087839
PDQ,13.895349456495353
rough_MAP,12.309218460592152
Elevation,9.821360024297551
CEC,6.1277734197469425
rough_PDQ,3.9059631378163377
pH,2.8472935429221873
Clay,2.5684616210037774
rough_Elevation,2.4369249696759243
rough_CEC,2.1666385789892497
rough_Soil.C,2.0070851053565093
rough_NDVI,1.5250487468443243
Surface.T,1.4211215467209901
rough_Surface.T,1.202216018660298
