nt,pseudo_r2,pred_obs_r2,pred_obs_r2_exp
7600,0.4987861682938305,0.7451915875200187,0.596081705511198
