nt,pseudo_r2,pred_obs_r2,pred_obs_r2_exp
7550,0.49440456017992285,0.7445273543790865,0.595060968449918
