nt,pseudo_r2,pred_obs_r2,pred_obs_r2_exp
7200,0.48403170302622545,0.7390391979535849,0.5902040663879572
