var,rel.inf
MAP,37.86526851492654
PDQ,14.360001821533345
rough_MAP,12.216149447866055
Elevation,9.78725168208323
CEC,6.003806216198906
rough_PDQ,3.8813280028509287
pH,2.7133992595805605
Clay,2.527536719847365
rough_Elevation,2.366698669369081
rough_CEC,2.1002631150411015
rough_Soil.C,1.9802273439069
rough_NDVI,1.6004783422104256
Surface.T,1.4308310623452352
rough_Surface.T,1.1667598022403305
