nt,pseudo_r2,pred_obs_r2,pred_obs_r2_exp
6950,0.5040574093436685,0.7342889293057331,0.587592723186754
