nt,pseudo_r2,pred_obs_r2,pred_obs_r2_exp
5850,0.4821893890461416,0.7139580517580498,0.571017416250619
