nt,pseudo_r2,pred_obs_r2,pred_obs_r2_exp
7550,0.498607277886968,0.7439925184991218,0.5973030438168364
