nt,pseudo_r2,pred_obs_r2,pred_obs_r2_exp
6500,0.48328150779233225,0.7262757327828377,0.5805794609644183
