var,rel.inf
MAP,37.452069724944856
PDQ,14.117285867884
rough_MAP,12.285290739187905
Elevation,9.93673998093936
CEC,6.094049454482729
rough_PDQ,3.997607369802297
pH,2.8163910881938996
Clay,2.493908030788162
rough_Elevation,2.442122809063945
rough_CEC,2.1716339422031963
rough_Soil.C,2.0069919262991185
rough_NDVI,1.5470761494916614
Surface.T,1.38914683098868
rough_Surface.T,1.249686085730189
