var,rel.inf
MAP,38.98430331190714
PDQ,14.201201361985577
rough_MAP,12.376617967756482
Elevation,9.987787142101665
CEC,6.082249731335786
rough_PDQ,3.7709438965318935
pH,2.7876389156428747
rough_Elevation,2.2755170778473457
Clay,2.234834307184397
rough_Soil.C,1.9934196043781867
rough_CEC,1.8722670965845245
rough_NDVI,1.2028654251066107
Surface.T,1.173183598132413
rough_Surface.T,1.0571705635051105
