var,rel.inf
MAP,37.82674066124732
PDQ,14.235116475693015
rough_MAP,12.002945347654657
Elevation,9.798904876018726
CEC,5.965363721719333
rough_PDQ,3.971089014521129
pH,2.935580374872233
Clay,2.511720638731341
rough_Elevation,2.368629464210619
rough_Soil.C,2.120626177600893
rough_CEC,2.1026290074078555
rough_NDVI,1.5544222506878362
Surface.T,1.4570881730961827
rough_Surface.T,1.1491438165388566
