nt,pseudo_r2,pred_obs_r2,pred_obs_r2_exp
7400,0.4836209066791617,0.7414035566500987,0.593081458142421
