var,rel.inf
MAP,37.33700974123741
PDQ,14.12747303007085
rough_MAP,12.13825512066777
Elevation,9.698572538595037
CEC,6.08529311047935
rough_PDQ,3.9281850909401097
pH,2.9117544738828993
Clay,2.5683933824792446
rough_Elevation,2.438746473757534
rough_CEC,2.221460119535952
rough_Soil.C,2.0903805687716877
rough_NDVI,1.7396324970131296
Surface.T,1.4383756342220757
rough_Surface.T,1.2764682183469431
