nt,pseudo_r2,pred_obs_r2,pred_obs_r2_exp
7350,0.4941774771330958,0.7415692892084518,0.5926507576344369
