nt,pseudo_r2,pred_obs_r2,pred_obs_r2_exp
7750,0.4914886429408364,0.7477515396147869,0.5979704496238193
