nt,pseudo_r2,pred_obs_r2,pred_obs_r2_exp
6450,0.47672883424855084,0.7261422809921366,0.5786767133962358
