nt,pseudo_r2,pred_obs_r2,pred_obs_r2_exp
7550,0.5061137722300675,0.7449356960175817,0.5944837420196485
