var,rel.inf
MAP,38.139864858129755
PDQ,14.435651441874985
rough_MAP,11.932832258087315
Elevation,9.804433986532748
CEC,5.933507322952883
rough_PDQ,3.8741960895405962
pH,2.9809257926853943
rough_Elevation,2.410772900866176
Clay,2.270043028969773
rough_CEC,2.1294282943197316
rough_Soil.C,2.061551837172407
Surface.T,1.4406108996477331
rough_NDVI,1.3717335003644173
rough_Surface.T,1.214447788856094
