var,rel.inf
MAP,37.721490661543235
PDQ,13.985040736559878
rough_MAP,12.30497919567621
Elevation,9.764206033458475
CEC,6.026585567963713
rough_PDQ,3.957572859574385
pH,2.9452073387069286
Clay,2.5735876119752885
rough_Elevation,2.3465109457177387
rough_Soil.C,2.1482431977016647
rough_CEC,2.1232574570250993
rough_NDVI,1.6165738549400088
Surface.T,1.4047833131070135
rough_Surface.T,1.0819612260503568
