var,rel.inf
MAP,37.14605886074384
PDQ,14.310451498658027
rough_MAP,12.273731278478872
Elevation,9.659203775808034
CEC,5.964619578282896
rough_PDQ,3.9287421412943364
pH,2.9220156848572643
Clay,2.669057229444775
rough_Elevation,2.513674297200562
rough_CEC,2.299258663848637
rough_Soil.C,2.0183343645739167
rough_NDVI,1.574460865100834
Surface.T,1.4230943423403652
rough_Surface.T,1.297297419367637
