nt,pseudo_r2,pred_obs_r2,pred_obs_r2_exp
7400,0.5018267573970066,0.741306996123871,0.592571531519451
