var,rel.inf
MAP,37.12226473484228
PDQ,14.025624504421478
rough_MAP,12.326606071879702
Elevation,9.868166384587038
CEC,6.054127507497763
rough_PDQ,4.0555565754471345
pH,2.917911325498451
Clay,2.62303003313286
rough_Elevation,2.371274121967443
rough_CEC,2.196791691124527
rough_Soil.C,1.8976972165358637
rough_NDVI,1.6031955867222052
Surface.T,1.5645057607206259
rough_Surface.T,1.373248485622631
