nt,pseudo_r2,pred_obs_r2,pred_obs_r2_exp
7650,0.5011925201080124,0.7458138630189045,0.5977847748352838
