var,rel.inf
MAP,37.88427328886646
PDQ,13.972309162907846
rough_MAP,12.08355909629461
Elevation,9.642178119290328
CEC,6.040136199512079
rough_PDQ,3.946115369870245
pH,3.10089265252282
rough_Elevation,2.4074408630373143
Clay,2.3933067120714715
rough_CEC,2.3516686696738227
rough_Soil.C,1.9114856874082071
rough_NDVI,1.6308081704138124
Surface.T,1.4485247997684871
rough_Surface.T,1.1873012083624943
