var,rel.inf
MAP,38.11086436640223
PDQ,14.111686078975225
rough_MAP,12.601339888126564
Elevation,9.822154482451353
CEC,6.076103817040429
rough_PDQ,3.857805285025738
pH,2.7499450333766844
Clay,2.5631901281990217
rough_Elevation,2.3675566475535925
rough_Soil.C,1.9685449050536206
rough_CEC,1.9580852288339687
rough_NDVI,1.3527728337313099
Surface.T,1.319999663130161
rough_Surface.T,1.1399516421001015
