nt,pseudo_r2,pred_obs_r2,pred_obs_r2_exp
7500,0.4860321053242195,0.7433769818056687,0.5941551801181887
