var,rel.inf
MAP,37.535981159871604
PDQ,14.073124248902245
rough_MAP,12.051875399488528
Elevation,9.818841147801736
CEC,5.945635693647895
rough_PDQ,3.9476508178927694
pH,2.87280078278154
Clay,2.624029262795376
rough_Elevation,2.3881500792044537
rough_CEC,2.323875050680891
rough_Soil.C,2.0514503494042184
rough_NDVI,1.6540107881422463
Surface.T,1.5275061999440245
rough_Surface.T,1.1850690194424676
