var,rel.inf
MAP,37.37531202219086
PDQ,14.42093739777991
rough_MAP,12.35043937821579
Elevation,9.727606989059844
CEC,5.908829237147946
rough_PDQ,3.9298383207979746
pH,2.8501125672438854
Clay,2.5627888658364055
rough_Elevation,2.396200576682461
rough_CEC,2.1927346166455863
rough_Soil.C,2.1318599415160087
rough_NDVI,1.5247415659989711
Surface.T,1.3460320266983161
rough_Surface.T,1.282566494186043
