var,rel.inf
MAP,38.064167495000504
PDQ,14.270348627339978
rough_MAP,12.060673319316537
Elevation,9.858048826290638
CEC,6.063944791501582
rough_PDQ,3.882997864716772
pH,2.8091637192243857
Clay,2.43563004101164
rough_Elevation,2.394762644295436
rough_CEC,2.096609442059692
rough_Soil.C,1.9926163936538726
rough_NDVI,1.5226779743393033
Surface.T,1.3613855660983536
rough_Surface.T,1.186973295151303
