nt,pseudo_r2,pred_obs_r2,pred_obs_r2_exp
7250,0.5004554529612923,0.7395883047606573,0.5900750274925716
