nt,pseudo_r2,pred_obs_r2,pred_obs_r2_exp
6200,0.4881636192887865,0.7217982687205596,0.5767915593794846
