nt,pseudo_r2,pred_obs_r2,pred_obs_r2_exp
7200,0.4978069826985554,0.7389721234224443,0.5908735554599647
