var,rel.inf
MAP,37.84390411402491
PDQ,14.274973643700863
rough_MAP,12.324918504147464
Elevation,9.855592189588288
CEC,6.065414616815632
rough_PDQ,3.9062199739226897
pH,2.766579571622617
Clay,2.5150125554877785
rough_Elevation,2.4493025023644055
rough_CEC,2.062259639648114
rough_Soil.C,1.9393867569168508
rough_NDVI,1.4740803174267478
Surface.T,1.384713935270816
rough_Surface.T,1.1376416790628205
