nt,pseudo_r2,pred_obs_r2,pred_obs_r2_exp
8e3,0.4865930578789086,0.7502890590953484,0.6015085591569805
