nt,pseudo_r2,pred_obs_r2,pred_obs_r2_exp
7850,0.5025687128224894,0.7495274405761335,0.5992786853699607
