nt,pseudo_r2,pred_obs_r2,pred_obs_r2_exp
8400,0.5153032472986356,0.7577708474044169,0.6069900454084304
