var,rel.inf
MAP,37.45401516638773
PDQ,14.16048213999707
rough_MAP,12.314802726195339
Elevation,9.809237948582968
CEC,5.9522719036609475
rough_PDQ,3.953082547701484
pH,3.0165753706491203
Clay,2.615214109537138
rough_Elevation,2.517705250700169
rough_CEC,2.112965006225505
rough_Soil.C,1.9006712682357398
rough_NDVI,1.5885705666282985
Surface.T,1.442831694613096
rough_Surface.T,1.161574300885408
