var,rel.inf
MAP,37.505360573477404
PDQ,14.130992811737181
rough_MAP,12.0966258357227
Elevation,9.658796261157121
CEC,6.0431320556770105
rough_PDQ,3.897567091395285
pH,3.001779904652046
Clay,2.541881642393299
rough_Elevation,2.355481548346513
rough_CEC,2.2784056026147446
rough_Soil.C,2.077606383482272
rough_NDVI,1.6828136739473198
Surface.T,1.4909432069878448
rough_Surface.T,1.2386134084092657
