nt,pseudo_r2,pred_obs_r2,pred_obs_r2_exp
8050,0.5139926850165843,0.7510726087105842,0.6000179818975281
