nt,pseudo_r2,pred_obs_r2,pred_obs_r2_exp
7900,0.496680304991852,0.7492040517795907,0.6026528565629602
