var,rel.inf
MAP,37.924368992598474
PDQ,13.954074348953101
rough_MAP,12.335121641772588
Elevation,9.804358533187294
CEC,6.04256443643641
rough_PDQ,3.974203678868965
pH,2.858967793979467
Clay,2.580970883334099
rough_Elevation,2.4479170167473496
rough_CEC,2.139890597343336
rough_Soil.C,1.8626087999872127
rough_NDVI,1.532064463995733
Surface.T,1.3726640336167573
rough_Surface.T,1.1702247791792202
