var,rel.inf
MAP,37.76398877690976
PDQ,14.331283916406937
rough_MAP,12.116108885378322
Elevation,9.840650879639758
CEC,5.942102195958736
rough_PDQ,3.9581727336914363
pH,2.927233929779052
Clay,2.590495597315678
rough_Elevation,2.406303881908001
rough_CEC,2.1019621344069286
rough_Soil.C,2.02609208486688
rough_NDVI,1.4898426549103048
Surface.T,1.3635852000570305
rough_Surface.T,1.1421771287711728
