var,rel.inf
MAP,38.19070900104906
PDQ,14.103008809668987
rough_MAP,12.06798842551068
Elevation,9.857975596073203
CEC,6.131685635437258
rough_PDQ,3.849714136260528
pH,2.769590301323626
rough_Elevation,2.4351274459704975
Clay,2.386288078914434
rough_CEC,2.128350301294776
rough_Soil.C,2.035342891755113
rough_NDVI,1.5665839495546274
Surface.T,1.3471855618844417
rough_Surface.T,1.1304498653027688
