var,rel.inf
MAP,37.66717029097692
PDQ,14.067653944634516
rough_MAP,12.299487848968804
Elevation,9.861323869827512
CEC,6.017526129791026
rough_PDQ,3.9491346048081835
pH,2.9172229193383616
Clay,2.554784544382837
rough_Elevation,2.3091395546987252
rough_CEC,2.1196273954955775
rough_Soil.C,1.9639356032401827
rough_NDVI,1.6040646032329087
Surface.T,1.4937067875348446
rough_Surface.T,1.1752219030695976
