nt,pseudo_r2,pred_obs_r2,pred_obs_r2_exp
7350,0.4931158912738708,0.7418513440084509,0.5928243917064722
