nt,pseudo_r2,pred_obs_r2,pred_obs_r2_exp
7850,0.5021146067004592,0.7476253706882955,0.5995964819319745
