var,rel.inf
MAP,37.86691951306478
PDQ,14.220195335792845
rough_MAP,11.906045629835255
Elevation,9.659551237701264
CEC,5.900249364706362
rough_PDQ,3.838285379809302
pH,3.0255410780727274
Clay,2.626034556337444
rough_Elevation,2.38638230235904
rough_Soil.C,2.169923034990948
rough_CEC,2.0900320338788596
rough_NDVI,1.690548006364405
Surface.T,1.4251934963059147
rough_Surface.T,1.1950990307808513
