nt,pseudo_r2,pred_obs_r2,pred_obs_r2_exp
7700,0.5129042506485424,0.7466057632905158,0.5967884302414606
