var,rel.inf
MAP,38.15018449594752
PDQ,14.175824040666175
rough_MAP,12.509512921182614
Elevation,9.675429281196504
CEC,6.009068040107392
rough_PDQ,3.791504303969617
pH,2.9640392901081043
rough_Elevation,2.436351975329783
Clay,2.335971546875193
rough_Soil.C,2.1106449343354767
rough_CEC,2.0240003665852337
rough_NDVI,1.3825675206473798
Surface.T,1.303117958662007
rough_Surface.T,1.1317833243869981
