nt,pseudo_r2,pred_obs_r2,pred_obs_r2_exp
7250,0.49673630162441906,0.739830519659731,0.5914650705741566
