var,rel.inf
MAP,37.860985173082064
PDQ,14.284602153293763
rough_MAP,12.203322931377553
Elevation,9.77601968481617
CEC,6.0705682230994675
rough_PDQ,3.8989824141428575
pH,2.6865208426122855
rough_Elevation,2.4974917120719446
Clay,2.456941504032275
rough_CEC,2.2097231995102664
rough_Soil.C,1.93529681350988
rough_NDVI,1.5238187780661174
Surface.T,1.4521987354226116
rough_Surface.T,1.143527834962751
