var,rel.inf
MAP,37.488241306599235
PDQ,14.17538255171196
rough_MAP,12.446721502106953
Elevation,9.70080005333154
CEC,5.959563002857581
rough_PDQ,3.9061750110781417
pH,2.783662655273237
Clay,2.5405551748909057
rough_Elevation,2.4122951774909738
rough_CEC,2.2470561539288423
rough_Soil.C,2.1497405700760543
rough_NDVI,1.5031551817389222
Surface.T,1.4791632363039935
rough_Surface.T,1.2074884226116556
