nt,pseudo_r2,pred_obs_r2,pred_obs_r2_exp
8400,0.5086672644101902,0.756333799720812,0.6067033100308262
