nt,pseudo_r2,pred_obs_r2,pred_obs_r2_exp
7350,0.5044208925406395,0.7411189083112744,0.5916497385715734
