nt,pseudo_r2,pred_obs_r2,pred_obs_r2_exp
7100,0.4976746115615597,0.7372969402613017,0.5875382079371471
