nt,pseudo_r2,pred_obs_r2,pred_obs_r2_exp
7200,0.4969046928093602,0.738185891648952,0.5892027397814119
