nt,pseudo_r2,pred_obs_r2,pred_obs_r2_exp
7700,0.495972579402015,0.7459314852473484,0.5981675414116898
